{"type":"FeatureCollection","features":[{"type":"Feature","id":1635661887,"properties":{"addr:city":"Kuala Lumpur","addr:housenumber":"2","addr:postcode":"50470","addr:street":"Jalan Stesen Sentral","air_conditioning":"yes","brand":"Le Méridien","brand:wikidata":"Q261077","brand:wikipedia":"en:Le Méridien","contact:facebook":"https://de-de.facebook.com/lemeridienkualalumpur/","contact:phone":"+60322637434","contact:website":"https://www.marriott.com/hotels/travel/kulmd-le-meridien-kuala-lumpur/","name":"Le Méridien Kuala Lumpur","name:en":"Le Méridien Kuala Lumpur","rooms":"420","tourism":"hotel"},"geometry":{"type":"Point","coordinates":[101.6864422,3.135628]}},{"type":"Feature","id":4698078696,"properties":{"access":"customers","amenity":"shower","level":"8"},"geometry":{"type":"Point","coordinates":[101.6860068,3.1356086]}},{"type":"Feature","id":6195302606,"properties":{"amenity":"bar","level":"8","name":"Pool Bar & Grill@8","name:en":"Pool Bar & Grill@8","opening_hours":"Mo-Su 10:00-22:00","outdoor_seating":"yes","smoking":"outside","website":"https://www.dining.lemeridienkualalumpur.com/en/poolbargrill8"},"geometry":{"type":"Point","coordinates":[101.6864158,3.1358171]}},{"type":"Feature","id":6195355861,"properties":{"access":"customers","amenity":"toilets","check_date":"2026-03-12","fee":"no","level":"8","unisex":"yes"},"geometry":{"type":"Point","coordinates":[101.6860188,3.135641]}},{"type":"Feature","id":7234305477,"properties":{"access":"customers","amenity":"shower","check_date":"2026-03-11","level":"8"},"geometry":{"type":"Point","coordinates":[101.68606,3.1356347]}},{"type":"Feature","id":7242802263,"properties":{"amenity":"parking_entrance"},"geometry":{"type":"Point","coordinates":[101.6865501,3.1354825]}},{"type":"Feature","id":12188364335,"properties":{"brand":"7-Eleven","brand:wikidata":"Q259340","level":"3","name":"7-Eleven","shop":"convenience"},"geometry":{"type":"Point","coordinates":[101.6882732,3.1357346]}},{"type":"Feature","id":12188375615,"properties":{"amenity":"restaurant","level":"3","name":"Gurney's Flavour","opening_hours":"Mo-Su 08:00-15:00"},"geometry":{"type":"Point","coordinates":[101.688066,3.1357288]}},{"type":"Feature","id":12188384244,"properties":{"amenity":"restaurant","level":"3","name":"La Rica"},"geometry":{"type":"Point","coordinates":[101.6880967,3.1357844]}},{"type":"Feature","id":12188386659,"properties":{"amenity":"restaurant","cuisine":"japanese","level":"3","name":"Karak Kare","opening_hours":"Mo-Fr 08:00-16:00","phone":"+601126424133"},"geometry":{"type":"Point","coordinates":[101.6880107,3.1357554]}},{"type":"Feature","id":7530870752,"properties":{"amenity":"fountain"},"geometry":{"type":"Point","coordinates":[101.6847844,3.1418318]}},{"type":"Feature","id":7530870753,"properties":{"amenity":"fountain"},"geometry":{"type":"Point","coordinates":[101.6852726,3.1409936]}},{"type":"Feature","id":7530870754,"properties":{"amenity":"fountain"},"geometry":{"type":"Point","coordinates":[101.6853412,3.1408135]}},{"type":"Feature","id":7530870755,"properties":{"amenity":"fountain"},"geometry":{"type":"Point","coordinates":[101.6853525,3.1406581]}},{"type":"Feature","id":7530870756,"properties":{"amenity":"fountain"},"geometry":{"type":"Point","coordinates":[101.6853412,3.1404404]}},{"type":"Feature","id":7530870757,"properties":{"amenity":"fountain"},"geometry":{"type":"Point","coordinates":[101.6853192,3.1400807]}},{"type":"Feature","id":13597925447,"properties":{"amenity":"community_centre","community_centre":"youth_centre","name":"Gerakan Belia 4B Malaysia","phone":"+60322014623","website":"https://admin.belia4b.com.my/index.php/register/member/86b20716fbd5b253d27cec43127089bc"},"geometry":{"type":"Point","coordinates":[101.6842081,3.1380037]}},{"type":"Feature","id":3488152895,"properties":{"amenity":"cafe","level":"1","source":"survey"},"geometry":{"type":"Point","coordinates":[101.6869907,3.1417375]}},{"type":"Feature","id":3830067862,"properties":{"amenity":"toilets","fee":"20 sen"},"geometry":{"type":"Point","coordinates":[101.6894598,3.137762]}},{"type":"Feature","id":4329258589,"properties":{"addr:city":"Kuala Lumpur","addr:housenumber":"5","addr:postcode":"50480","addr:street":"Jalan Perdana","facebook":"https://www.facebook.com/RoyalMalaysiaPoliceMuseum/","fee":"no","instagram":"https://instagram.com/royalmalaysiapolicemuseum","name":"Muzium Polis Diraja Malaysia","name:en":"Royal Malaysia Police Museum","name:ja":"警察博物館","name:zh":"马来西亚皇家警察博物馆","opening_hours":"Tu-Su 10:00-18:00; Fr 12:30-14:30 off \"Friday's prayer\"","tourism":"museum","wikidata":"Q3015254","wikimedia_commons":"Category:Royal Malaysia Police Museum","wikipedia":"en:Royal Malaysian Police Museum"},"geometry":{"type":"Point","coordinates":[101.6889136,3.1409386]}},{"type":"Feature","id":4619851015,"properties":{"addr:city":"Kuala Lumpur","addr:housenumber":"6","addr:postcode":"50470","addr:street":"Jalan Stesen Sentral 2","internet_access":"wlan","internet_access:fee":"no","name":"The St. Regis Kuala Lumpur","name:en":"The St. Regis Kuala Lumpur","name:zh":"吉隆坡瑞吉酒店","name:zh-Hans":"吉隆坡瑞吉酒店","name:zh-Hant":"吉隆坡瑞吉酒店","phone":"+60 32727 1111","rooms":"208","stars":"5","tourism":"hotel","website":"http://www.stregiskualalumpur.com/"},"geometry":{"type":"Point","coordinates":[101.6887576,3.1366351]}},{"type":"Feature","id":4665199486,"properties":{"amenity":"atm","brand":"Euronet","brand:wikidata":"Q5412010","cash_in":"no","check_date":"2024-09-01","operator":"Euronet","operator:wikidata":"Q5412010"},"geometry":{"type":"Point","coordinates":[101.6876901,3.1378538]}},{"type":"Feature","id":4665202901,"properties":{"check_date:opening_hours":"2026-03-08","name":"Kaunter Tiket","name:en":"Ticket Counter","name:ms":"Kaunter Tiket","opening_hours":"Mo-Su,PH 09:00-16:30","payment:cash":"yes","shop":"ticket"},"geometry":{"type":"Point","coordinates":[101.6873822,3.1375784]}},{"type":"Feature","id":4665202902,"properties":{"access":"yes","amenity":"toilets","changing_table":"yes","changing_table:location":"room","fee":"no","female":"yes","male":"yes","toilets:disposal":"flush","wheelchair":"limited"},"geometry":{"type":"Point","coordinates":[101.6875828,3.1380841]}},{"type":"Feature","id":4665202908,"properties":{"amenity":"food_court","cuisine":"cafeteria"},"geometry":{"type":"Point","coordinates":[101.6874033,3.1381608]}},{"type":"Feature","id":6117496119,"properties":{"amenity":"cafe","indoor_seating":"yes","name":"Station Cafe","name:en":"Station Cafe","outdoor_seating":"yes"},"geometry":{"type":"Point","coordinates":[101.6875075,3.1379878]}},{"type":"Feature","id":7192886087,"properties":{"name":"Mini Stonehenge","name:en":"Mini Stone Henge","tourism":"attraction"},"geometry":{"type":"Point","coordinates":[101.6877368,3.1404039]}},{"type":"Feature","id":7217517474,"properties":{"email":"pr.mskoa@jmm.gov.my","fee":"RM5","name":"Muzium Seni Kraf Orang Asli","name:en":"Orang Asli Craft Museum","name:ms":"Muzium Seni Kraf Orang Asli","opening_hours":"Mo-Su 09:00-18:00","tourism":"museum","website":"https://www.jmm.gov.my/en/museum/orang-asli-crafts-museum"},"geometry":{"type":"Point","coordinates":[101.6885316,3.1377468]}},{"type":"Feature","id":7221496859,"properties":{"addr:city":"Kuala Lumpur","addr:housenumber":"53","addr:postcode":"50480","addr:street":"Jalan Perdana","amenity":"planetarium","description":"The National Planetarium is the national planetarium of Malaysia. Entrance fee: RM12 (RM 6 for children)","email":"webmaster@angkasa.gov.my","facebook":"https://www.facebook.com/planetariumnegara/","fee":"yes","name":"Planetarium Negara","name:en":"National Planetarium","name:ms":"Planetarium Negara","name:zh":"国家天文馆","name:zh-Hans":"国家天文馆","name:zh-Hant":"國家天文館","opening_hours":"09:00-16:30; Mo off","phone":"+603 2273 4301","tourism":"museum","website":"https://www.planetariumnegara.gov.my/","wikidata":"Q924297","wikimedia_commons":"Category:Planetarium Negara","wikipedia":"en:National Planetarium"},"geometry":{"type":"Point","coordinates":[101.6893032,3.139486]}},{"type":"Feature","id":7221530660,"properties":{"tourism":"picnic_site"},"geometry":{"type":"Point","coordinates":[101.6877721,3.1401892]}},{"type":"Feature","id":7538387756,"properties":{"level":"5","name":"Perdana Global Peace Foundation","name:en":"Perdana Global Peace Foundation","office":"foundation","website":"http://perdana4peace.org/"},"geometry":{"type":"Point","coordinates":[101.6900974,3.1406386]}},{"type":"Feature","id":7605329493,"properties":{"amenity":"drinking_water","fee":"no"},"geometry":{"type":"Point","coordinates":[101.6892462,3.1393367]}},{"type":"Feature","id":7605329504,"properties":{"amenity":"cafe","name":"Planet Cafe @ Planetarium Negara","name:en":"Planet Cafe @ Planetarium Negara"},"geometry":{"type":"Point","coordinates":[101.6894688,3.139208]}},{"type":"Feature","id":8384928042,"properties":{"direction":"270","information":"board","tourism":"information"},"geometry":{"type":"Point","coordinates":[101.6859711,3.1390503]}},{"type":"Feature","id":9728526645,"properties":{"addr:city":"Kuala Lumpur","addr:postcode":"50470","air_conditioning":"yes","email":"hr20223399@gmail.com","internet_access":"yes","internet_access:fee":"customers","name":"JLS Advisory Sdn Bhd","name:en":"JLS Advisory Sdn Bhd","name:zh":"大马绿洲房产咨询有限公司","name:zh-Hans":"大马绿洲房产咨询有限公司","name:zh-Hant":"大馬綠洲房產諮詢有限公司","office":"company","phone":"+60173319258","wheelchair":"yes"},"geometry":{"type":"Point","coordinates":[101.6877135,3.1366473]}},{"type":"Feature","id":9954469562,"properties":{"amenity":"clock","display":"sundial"},"geometry":{"type":"Point","coordinates":[101.6886811,3.1395255]}},{"type":"Feature","id":9954469566,"properties":{"tourism":"information"},"geometry":{"type":"Point","coordinates":[101.687553,3.1378374]}},{"type":"Feature","id":9954469567,"properties":{"amenity":"conference_centre","wheelchair":"yes"},"geometry":{"type":"Point","coordinates":[101.6863564,3.1379425]}},{"type":"Feature","id":10720695605,"properties":{"brand":"Spaces","brand:wikidata":"Q87629680","name":"Spaces","name:en":"Spaces","office":"coworking"},"geometry":{"type":"Point","coordinates":[101.6877038,3.1360246]}},{"type":"Feature","id":11899742357,"properties":{"amenity":"bench"},"geometry":{"type":"Point","coordinates":[101.6860112,3.1390729]}},{"type":"Feature","id":11900023016,"properties":{"amenity":"security_booth"},"geometry":{"type":"Point","coordinates":[101.6860718,3.1384217]}},{"type":"Feature","id":12149445250,"properties":{"payment:cash":"yes","shop":"gift"},"geometry":{"type":"Point","coordinates":[101.6873935,3.1378091]}},{"type":"Feature","id":12152852523,"properties":{"amenity":"recycling","opening_hours":"24/7","recycling:aluminium":"yes","recycling:glass_bottles":"yes","recycling:paper":"yes","recycling:plastic":"yes","recycling_type":"container"},"geometry":{"type":"Point","coordinates":[101.6877551,3.1378644]}},{"type":"Feature","id":12152852524,"properties":{"artwork_type":"totem_pole","material":"wood","tourism":"artwork"},"geometry":{"type":"Point","coordinates":[101.6879425,3.1377692]}},{"type":"Feature","id":12152852525,"properties":{"artwork_type":"totem_pole","material":"wood","tourism":"artwork"},"geometry":{"type":"Point","coordinates":[101.6879373,3.1378064]}},{"type":"Feature","id":13329817249,"properties":{"amenity":"bench","backrest":"yes"},"geometry":{"type":"Point","coordinates":[101.6873362,3.1396544]}},{"type":"Feature","id":13329817257,"properties":{"amenity":"bench","backrest":"yes"},"geometry":{"type":"Point","coordinates":[101.6873448,3.1396553]}},{"type":"Feature","id":13329817258,"properties":{"amenity":"waste_basket"},"geometry":{"type":"Point","coordinates":[101.6871503,3.139567]}},{"type":"Feature","id":13329921826,"properties":{"amenity":"shelter","bench":"yes","bin":"yes"},"geometry":{"type":"Point","coordinates":[101.6880184,3.1392652]}},{"type":"Feature","id":13329921827,"properties":{"amenity":"shelter","bench":"yes","bin":"yes"},"geometry":{"type":"Point","coordinates":[101.6879684,3.1391566]}},{"type":"Feature","id":13629917779,"properties":{"amenity":"vending_machine","indoor":"no","vending":"drinks"},"geometry":{"type":"Point","coordinates":[101.6857423,3.1405101]}},{"type":"Feature","id":13688056293,"properties":{"amenity":"shelter"},"geometry":{"type":"Point","coordinates":[101.6860259,3.1390739]}},{"type":"Feature","id":14118473786,"properties":{"amenity":"parking_entrance","description":"visitor parking only"},"geometry":{"type":"Point","coordinates":[101.6880006,3.1365707]}},{"type":"Feature","id":14118473788,"properties":{"amenity":"parking_entrance","description":"season parking only"},"geometry":{"type":"Point","coordinates":[101.6879198,3.1365573]}},{"type":"Feature","id":382544240,"properties":{"electrified":"rail","frequency":"0","gauge":"1435","layer":"-2","level":"-2","name":"Laluan Kajang","name:en":"Kajang Line","name:ms":"Laluan Kajang","name:zh":"加影线","name:zh-Hans":"加影线","name:zh-Hant":"加影線","railway":"subway","ref":"9","tunnel":"yes","usage":"main","voltage":"750","wikidata":"Q6717618","wikipedia":"en:Kajang line"},"geometry":{"type":"LineString","coordinates":[[101.6776268,3.1457413],[101.6778693,3.1448487],[101.6781043,3.1442405],[101.6783755,3.1433053],[101.6790206,3.142024],[101.6796627,3.1412445],[101.6806711,3.1401396],[101.6815645,3.1393843],[101.682376,3.1389332],[101.6835496,3.1383989],[101.6857425,3.1370239],[101.6863695,3.1370264],[101.6873589,3.137188],[101.6883028,3.1373436],[101.6897806,3.1376255],[101.6915595,3.1380423],[101.6918959,3.1381425],[101.6921441,3.1382821],[101.6923415,3.1384204],[101.6925088,3.1386005],[101.6927291,3.1390207],[101.6928803,3.1393951],[101.6932994,3.1408142],[101.6934932,3.1411874],[101.6941422,3.1418372],[101.6948307,3.142168],[101.6951411,3.1422611],[101.6958007,3.1424376],[101.6963621,3.1424869],[101.6969735,3.1425419],[101.6976068,3.1425679],[101.6989058,3.1427318],[101.7002843,3.1427614],[101.7017748,3.1424554],[101.7022688,3.1421759],[101.703125,3.1416917],[101.7043814,3.1410689],[101.7048801,3.1411096],[101.7053464,3.1415283],[101.706107,3.1430495],[101.7071759,3.1440029],[101.7081109,3.1443452]]}},{"type":"Feature","id":828927366,"properties":{"electrified":"rail","frequency":"0","gauge":"1435","layer":"-2","level":"-2","name":"Laluan Kajang","name:en":"Kajang Line","name:ms":"Laluan Kajang","name:zh":"加影线","name:zh-Hans":"加影线","name:zh-Hant":"加影線","railway":"subway","ref":"9","tunnel":"yes","usage":"main","voltage":"750","wikidata":"Q6717618","wikipedia":"en:Kajang line"},"geometry":{"type":"LineString","coordinates":[[101.7081222,3.144317],[101.7072069,3.1439217],[101.706152,3.1430235],[101.7053642,3.1414557],[101.7048817,3.1410501],[101.7043747,3.1409821],[101.7030823,3.1415944],[101.7022083,3.1420586],[101.7017191,3.1423184],[101.7005708,3.1425708],[101.7002796,3.1426343],[101.6989409,3.1426182],[101.697646,3.1423787],[101.6969935,3.1423629],[101.6963644,3.1423104],[101.6958176,3.1422647],[101.6951248,3.1421209],[101.6948278,3.1420525],[101.6941566,3.1417756],[101.6935441,3.1411462],[101.6933117,3.1406914],[101.693112,3.1399634],[101.6929572,3.1393831],[101.69277,3.1387541],[101.6927072,3.1386153],[101.692616,3.1384563],[101.692401,3.1383129],[101.6921994,3.1381779],[101.6919442,3.1380581],[101.6915895,3.1379231],[101.6898058,3.1375256],[101.6883142,3.1372214],[101.6873773,3.1370538],[101.6863699,3.1368926],[101.6857275,3.1369735],[101.6835335,3.1383564],[101.6823556,3.1388971],[101.6815423,3.1393387],[101.6806146,3.1400926],[101.6796266,3.1412127],[101.6789988,3.1420033],[101.6783257,3.1433065],[101.678028,3.1442189],[101.6778072,3.1448131],[101.6774975,3.1456969]]}},{"type":"Feature","id":52322082,"properties":{"bridge":"yes","destination":"Jalan Bangsar;Jalan Rakyat","foot":"no","highway":"primary_link","lanes":"2","layer":"1","maxspeed":"50","oneway":"yes","surface":"asphalt"},"geometry":{"type":"LineString","coordinates":[[101.6856563,3.1366133],[101.6856646,3.1365257],[101.6857452,3.1361501],[101.6857406,3.1360938],[101.6857203,3.1360172],[101.6850814,3.135098],[101.6847086,3.1346733]]}},{"type":"Feature","id":145078938,"properties":{"bridge":"yes","foot":"no","highway":"tertiary_link","lanes":"1","layer":"1","oneway":"yes"},"geometry":{"type":"LineString","coordinates":[[101.6856563,3.1366133],[101.6858152,3.1362707],[101.6858537,3.1361267],[101.6858425,3.1360454],[101.6858161,3.1359633],[101.6857653,3.1358948],[101.6856787,3.1357781],[101.6853127,3.1352846]]}},{"type":"Feature","id":150677372,"properties":{"access":"customers","leisure":"swimming_pool","level":"6"},"geometry":{"type":"LineString","coordinates":[[101.6856888,3.1354732],[101.6857516,3.1355322],[101.6857615,3.1355476],[101.6857707,3.1355609],[101.6857802,3.1355733],[101.6857904,3.1355849],[101.6858016,3.1355982],[101.6857944,3.1356086],[101.6857904,3.1356189],[101.6857898,3.1356296],[101.6857912,3.1356399],[101.6857945,3.1356486],[101.6857994,3.1356566],[101.6858066,3.1356653],[101.6858166,3.1356728],[101.6858947,3.135713],[101.6859012,3.1357164],[101.685905,3.1357171],[101.6859085,3.1357168],[101.6859114,3.1357154],[101.6859342,3.1356924],[101.6859349,3.1356868],[101.6859343,3.1356824],[101.6859306,3.1356772],[101.6859243,3.135673],[101.6859147,3.1356741],[101.6859019,3.1356838],[101.6858973,3.1356848],[101.6858926,3.1356845],[101.6858888,3.1356837],[101.6858853,3.135682],[101.6858824,3.1356799],[101.6858801,3.1356775],[101.6858778,3.1356744],[101.6858762,3.1356708],[101.6858753,3.1356668],[101.6858753,3.1356629],[101.6858757,3.1356593],[101.6858767,3.1356562],[101.6858779,3.1356531],[101.6858799,3.1356499],[101.685886,3.1356454],[101.6858929,3.1356425],[101.6858992,3.1356406],[101.6859032,3.1356378],[101.685906,3.1356338],[101.6859101,3.1356262],[101.6859248,3.1355813],[101.6859389,3.1355431],[101.6859273,3.1355101],[101.6859403,3.1355034],[101.6859524,3.1354971],[101.6859767,3.1355237],[101.6859886,3.1355574],[101.6859951,3.1355893],[101.6859687,3.1356431],[101.6859678,3.135649],[101.6859677,3.1356549],[101.6859685,3.1356613],[101.6859702,3.1356673],[101.6859723,3.135672],[101.6859759,3.135676],[101.6859801,3.1356786],[101.6859847,3.1356794],[101.6859961,3.1356797],[101.6859966,3.1356953],[101.6859841,3.1356951],[101.6859747,3.1356957],[101.6859669,3.1356984],[101.6859616,3.1357032],[101.6859572,3.13571],[101.6859552,3.1357169],[101.6859551,3.1357242],[101.6859564,3.1357303],[101.6859594,3.1357375],[101.6859697,3.1357503],[101.6859815,3.1357625],[101.6859952,3.135774],[101.6860101,3.1357851],[101.6860252,3.1357941],[101.6860365,3.1357987],[101.6860495,3.1357971],[101.6860583,3.1357888],[101.686061,3.1357781],[101.6860607,3.1357686],[101.6860599,3.1357579],[101.6860575,3.1357478],[101.6860568,3.1357365],[101.6860579,3.1357259],[101.6860615,3.1357161],[101.6860673,3.1357066],[101.6860745,3.1356983],[101.6860849,3.1356904],[101.686097,3.1356864],[101.6861124,3.1356854],[101.6861276,3.1356877],[101.6861435,3.1356933],[101.6861561,3.1357013],[101.6861657,3.1357114],[101.6861728,3.1357225],[101.6861759,3.1357335],[101.6861762,3.1357441],[101.6861739,3.1357565],[101.6861728,3.1357679],[101.6861758,3.1357778],[101.6861808,3.135787],[101.6861888,3.1357954],[101.6862001,3.1358004],[101.686218,3.1357998],[101.6862381,3.1357982],[101.686257,3.1357959],[101.6862753,3.1357931],[101.6862999,3.1357883],[101.6863145,3.1357825],[101.6863303,3.1357734],[101.6863752,3.1357889],[101.6863738,3.1358135],[101.6863729,3.1358402],[101.686375,3.1358516],[101.6863795,3.1358633],[101.6863887,3.1358685],[101.6863998,3.135868],[101.6864033,3.1358854],[101.6863916,3.1358878],[101.6863792,3.1358882],[101.6863655,3.1358854],[101.6863523,3.1358788],[101.6863399,3.1358713],[101.6863296,3.1358641],[101.6863156,3.1358595],[101.6862962,3.1358631],[101.6862866,3.1358692],[101.6862776,3.1358787],[101.6862654,3.135886],[101.6862526,3.1358869],[101.6862413,3.135884],[101.6862334,3.1358774],[101.6862264,3.1358665],[101.6862213,3.1358585],[101.6862112,3.1358511],[101.686199,3.1358495],[101.686186,3.1358512],[101.6861752,3.1358465],[101.6861658,3.1358381],[101.6861592,3.1358299],[101.6861546,3.1358217],[101.6861505,3.1358136],[101.6861478,3.1358054],[101.6861434,3.1357967],[101.6861378,3.13579],[101.686131,3.1357871],[101.6861228,3.1357852],[101.6861132,3.135787],[101.6861053,3.1357906],[101.6860996,3.1357961],[101.6860939,3.1358023],[101.6860882,3.1358087],[101.686081,3.1358149],[101.6860691,3.1358226],[101.6860562,3.1358283],[101.686041,3.1358315],[101.6860269,3.1358309],[101.6860129,3.1358276],[101.6860008,3.1358215],[101.6859912,3.1358139],[101.6859831,3.135806],[101.6859692,3.1357906],[101.6859566,3.1357738],[101.6859463,3.135759],[101.6859398,3.1357509],[101.6859346,3.1357453],[101.6859289,3.1357432],[101.6859225,3.1357425],[101.6859168,3.1357445],[101.6859125,3.1357483],[101.6859092,3.1357506],[101.6859053,3.1357513],[101.6859012,3.1357503],[101.6858975,3.1357482],[101.6858873,3.1357599],[101.685881,3.1357486],[101.6858746,3.135738],[101.6858692,3.1357325],[101.6858632,3.1357277],[101.6858563,3.1357241],[101.6858467,3.1357206],[101.6858292,3.1357147],[101.6858125,3.1357088],[101.6857976,3.1357026],[101.6857858,3.135696],[101.6857756,3.1356886],[101.6857669,3.1356797],[101.6857595,3.1356704],[101.6857528,3.1356595],[101.6857475,3.1356483],[101.6857438,3.1356386],[101.685738,3.1356209],[101.6857323,3.135607],[101.6857243,3.135595],[101.6857147,3.1355852],[101.6857033,3.1355771],[101.6856893,3.1355694],[101.6856675,3.1355839],[101.6856566,3.1355748],[101.6856509,3.1355689],[101.6856461,3.1355622],[101.6856416,3.1355538],[101.6856382,3.1355463],[101.6856357,3.1355381],[101.6856339,3.13553],[101.6856319,3.1355113],[101.6856888,3.1354732]]}},{"type":"Feature","id":169071763,"properties":{"access":"private","highway":"service","name":"Jalan Persekutuan","service":"driveway"},"geometry":{"type":"LineString","coordinates":[[101.6820235,3.1353878],[101.6825931,3.1349478],[101.682989,3.1347207],[101.6830866,3.1347228],[101.6832116,3.1347714],[101.6837101,3.1355099],[101.6837833,3.1356184],[101.6839492,3.1358641],[101.6839396,3.1360994],[101.6838526,3.1366383],[101.6837733,3.1367583],[101.6836756,3.1368204],[101.6834568,3.136844],[101.6833894,3.1368856],[101.6833484,3.1369329],[101.6833528,3.137273],[101.6834128,3.137431],[101.6835093,3.1375114],[101.6836471,3.1375343]]}},{"type":"Feature","id":188705049,"properties":{"access":"private","highway":"service","oneway":"yes","surface":"asphalt"},"geometry":{"type":"LineString","coordinates":[[101.6868998,3.1355453],[101.6867749,3.135381],[101.6864712,3.1351863],[101.6863889,3.135143],[101.685774,3.1348088],[101.6856683,3.1347671],[101.6856012,3.1347727],[101.6854459,3.1347956]]}},{"type":"Feature","id":436312101,"properties":{"highway":"tertiary","lanes":"3","name":"Jalan Stesen Sentral","name:ms":"Jalan Stesen Sentral","oneway":"yes","sidewalk:left":"separate","sidewalk:right":"no","surface":"asphalt"},"geometry":{"type":"LineString","coordinates":[[101.6868027,3.1355003],[101.6865107,3.1353478],[101.6864266,3.1353038],[101.6863359,3.1352566],[101.686239,3.1352078],[101.6859618,3.1350638],[101.6857489,3.1349531],[101.6854459,3.1347956],[101.6851449,3.1346385],[101.6851003,3.1346057],[101.6850676,3.13456],[101.6850492,3.1345058],[101.6850526,3.1344506],[101.6850584,3.1343975],[101.6850742,3.1343464],[101.6851068,3.1342369],[101.6851193,3.1342078],[101.68515,3.1341364],[101.6852069,3.134034],[101.6852346,3.1338948]]}},{"type":"Feature","id":436312102,"properties":{"bridge":"yes","foot":"no","highway":"primary_link","lanes":"2","layer":"1","oneway":"yes","surface":"asphalt"},"geometry":{"type":"LineString","coordinates":[[101.684293,3.133862],[101.6843369,3.1341527],[101.6843633,3.1342568],[101.6844341,3.1344014],[101.6845742,3.1345768],[101.684699,3.1347627],[101.6847352,3.1348731],[101.6847774,3.1349997],[101.685355,3.1359368]]}},{"type":"Feature","id":480014254,"properties":{"highway":"secondary","lanes":"3","maxspeed":"50","name":"Jalan Travers","name:ms":"Jalan Travers","name:zh":"孟沙路","name:zh-Hans":"孟沙路","name:zh-Hant":"孟沙路","oneway":"yes","surface":"asphalt"},"geometry":{"type":"LineString","coordinates":[[101.6858971,3.1365769],[101.6847086,3.1346733]]}},{"type":"Feature","id":765380141,"properties":{"highway":"service"},"geometry":{"type":"LineString","coordinates":[[101.6837807,3.1347446],[101.6840456,3.1351181],[101.6842598,3.1354489],[101.6844434,3.1356875],[101.6845281,3.1358341],[101.6845873,3.13591],[101.6846279,3.1359665],[101.6847341,3.1360343],[101.6848263,3.1361027],[101.6848899,3.1362119],[101.6850889,3.1365452]]}},{"type":"Feature","id":773020153,"properties":{"highway":"service","oneway":"yes","surface":"asphalt","tunnel":"building_passage"},"geometry":{"type":"LineString","coordinates":[[101.6865501,3.1354825],[101.6863317,3.1353555],[101.6862986,3.1353361],[101.6862016,3.1352813],[101.6861378,3.1352457],[101.6853221,3.1348127],[101.6852496,3.1347988]]}},{"type":"Feature","id":776266196,"properties":{"highway":"service","oneway":"yes","surface":"asphalt"},"geometry":{"type":"LineString","coordinates":[[101.6852496,3.1347988],[101.6862884,3.1353561],[101.6868036,3.1356325],[101.6868124,3.1357048],[101.6867513,3.1358536],[101.6866465,3.1359505],[101.6859703,3.1359382],[101.685903,3.1359083],[101.6858008,3.1358628],[101.685698,3.1357602],[101.6856614,3.1357121],[101.6852911,3.1351635],[101.685216,3.1350462],[101.6852496,3.1347988]]}},{"type":"Feature","id":776563582,"properties":{"highway":"primary_link","lanes":"2","oneway":"yes","surface":"asphalt"},"geometry":{"type":"LineString","coordinates":[[101.6852525,3.1358883],[101.6854284,3.1362183],[101.6854539,3.1362946],[101.6854714,3.1364305],[101.6854754,3.1366093]]}},{"type":"Feature","id":776563584,"properties":{"destination":"Pusat Bandaraya;Cheras;Muzium Negara;Masjid Negara","foot":"no","highway":"secondary","lanes":"2","maxspeed":"50","name":"Jalan Travers","name:ms":"Jalan Travers","name:zh":"孟沙路","name:zh-Hans":"孟沙路","name:zh-Hant":"孟沙路","oneway":"yes","surface":"asphalt"},"geometry":{"type":"LineString","coordinates":[[101.6845852,3.1346681],[101.6847163,3.1348397],[101.684997,3.1352562],[101.6854688,3.136059],[101.6855229,3.1361544]]}},{"type":"Feature","id":914938543,"properties":{"highway":"service","oneway":"yes"},"geometry":{"type":"LineString","coordinates":[[101.6850544,3.1359474],[101.6850068,3.1358717],[101.6849974,3.1358662],[101.6849822,3.135867],[101.6847341,3.1360343]]}},{"type":"Feature","id":776563583,"properties":{"highway":"primary_link","lanes":"3","oneway":"yes","surface":"asphalt","turn:lanes":"merge_to_right|none|none"},"geometry":{"type":"LineString","coordinates":[[101.6851515,3.1357076],[101.6852525,3.1358883]]}},{"type":"Feature","id":138175478,"properties":{"highway":"tertiary_link","lanes":"2","oneway":"yes","surface":"asphalt"},"geometry":{"type":"LineString","coordinates":[[101.686582,3.1360997],[101.6867375,3.1360489],[101.6868148,3.1360106],[101.6868754,3.1359356],[101.6869157,3.1358466],[101.6869199,3.1357777],[101.6869118,3.1357095],[101.6868981,3.1356618],[101.6868741,3.1356013],[101.6868027,3.1355003]]}},{"type":"Feature","id":436312100,"properties":{"highway":"tertiary_link","lanes":"3","oneway":"yes","surface":"asphalt"},"geometry":{"type":"LineString","coordinates":[[101.6873659,3.1355791],[101.6873144,3.1356676],[101.6871609,3.1359353],[101.687143,3.1360029],[101.6871485,3.1360731],[101.6871776,3.1361335],[101.687542,3.1363949]]}},{"type":"Feature","id":491904515,"properties":{"building":"yes","building:levels":"3","building:min_level":"2","layer":"2"},"geometry":{"type":"LineString","coordinates":[[101.6869705,3.1351207],[101.6870749,3.1351745],[101.6869578,3.1353816],[101.6874515,3.1356446],[101.6874246,3.1356924],[101.6874594,3.1357119],[101.6874282,3.1357315],[101.6874012,3.1357523],[101.6873772,3.1357799],[101.6873569,3.1358081],[101.6872979,3.1357763],[101.6871763,3.1356649],[101.6870976,3.135765],[101.6869558,3.1362771],[101.6869931,3.1362856],[101.6872572,3.1363433],[101.6872451,3.1364461],[101.6870108,3.1364052],[101.6868361,3.1363751],[101.6868505,3.1362895],[101.6868838,3.1362662],[101.6869242,3.1360697],[101.6868577,3.136059],[101.6869369,3.1356039],[101.686887,3.1355671],[101.6868566,3.1355986],[101.6867334,3.1355307],[101.6867212,3.1355492],[101.686642,3.1355064],[101.6866881,3.135426],[101.6867666,3.1354717],[101.6868445,3.1353522],[101.6868499,3.1353428],[101.6869705,3.1351207]]}},{"type":"Feature","id":1078760451,"properties":{"electrified":"contact_line","frequency":"50","gauge":"1000","layer":"-4","name":"KTM","name:en":"KTM","name:ms":"KTM","name:zh":"马来亚铁道","name:zh-Hans":"马来亚铁道","name:zh-Hant":"馬來亞鐵道","railway":"rail","tunnel":"yes","usage":"main","voltage":"25000"},"geometry":{"type":"LineString","coordinates":[[101.6894392,3.1363048],[101.6879143,3.1356949],[101.6874602,3.135497],[101.6871362,3.1353434],[101.6867281,3.1351419],[101.6861526,3.1348342]]}},{"type":"Feature","id":1087546659,"properties":{"electrified":"contact_line","frequency":"50","gauge":"1000","highspeed":"no","layer":"-1","maxspeed":"160","name":"KTM","name:en":"KTM","name:ms":"KTM","name:zh":"马来亚铁道","name:zh-Hans":"马来亚铁道","name:zh-Hant":"馬來亞鐵道","operator":"KTMB","railway":"rail","tunnel":"yes","usage":"main","voltage":"25000"},"geometry":{"type":"LineString","coordinates":[[101.6895696,3.1362907],[101.6879435,3.1355258]]}},{"type":"Feature","id":1102307421,"properties":{"electrified":"contact_line","frequency":"50","gauge":"1000","highspeed":"no","layer":"-1","name":"KTM","name:en":"KTM","name:ms":"KTM","name:zh":"马来亚铁道","name:zh-Hans":"马来亚铁道","name:zh-Hant":"馬來亞鐵道","railway":"rail","tunnel":"yes","usage":"main","voltage":"25000"},"geometry":{"type":"LineString","coordinates":[[101.6862285,3.1347009],[101.6871859,3.1352198],[101.6873292,3.1352904],[101.6875328,3.1353906],[101.6879297,3.1355842],[101.689457,3.1362726]]}},{"type":"Feature","id":145078933,"properties":{"highway":"tertiary_link","lanes":"2","oneway":"yes","surface":"asphalt"},"geometry":{"type":"LineString","coordinates":[[101.6873659,3.1355791],[101.6871669,3.1356376],[101.687082,3.1356317],[101.6870018,3.1355937],[101.6868998,3.1355453],[101.6868027,3.1355003]]}},{"type":"Feature","id":436312099,"properties":{"highway":"tertiary","lanes":"4","name":"Jalan Stesen Sentral","name:ms":"Jalan Stesen Sentral","oneway":"yes","sidewalk":"no","surface":"asphalt","turn:lanes":"left|left|through|through"},"geometry":{"type":"LineString","coordinates":[[101.6877387,3.1349435],[101.6873659,3.1355791]]}},{"type":"Feature","id":476162839,"properties":{"building":"yes"},"geometry":{"type":"LineString","coordinates":[[101.6860166,3.1355768],[101.686074,3.1356037],[101.6860439,3.1356679],[101.6859865,3.135641],[101.6860166,3.1355768]]}},{"type":"Feature","id":590906087,"properties":{"layer":"1","leisure":"park"},"geometry":{"type":"LineString","coordinates":[[101.6877955,3.1357895],[101.6876518,3.1357107],[101.687923,3.1352179],[101.6879395,3.1351922],[101.6885504,3.1355411],[101.6885582,3.1355484],[101.6885635,3.1355564],[101.6885669,3.1355699],[101.6885656,3.1355767],[101.6885552,3.1355996],[101.6884103,3.1355227],[101.6883065,3.1355674],[101.6883057,3.1356061],[101.6879541,3.1357656],[101.6878424,3.1357043],[101.6877955,3.1357895]]}},{"type":"Feature","id":590933594,"properties":{"building":"yes","building:levels":"28","height":"104"},"geometry":{"type":"LineString","coordinates":[[101.6862569,3.1355746],[101.6862837,3.1355624],[101.6862788,3.1355346],[101.6863013,3.1355194],[101.686302,3.1354947],[101.6863155,3.1354962],[101.6863279,3.1354976],[101.6863404,3.1354994],[101.6863533,3.1355014],[101.6863664,3.1355042],[101.6863794,3.1355073],[101.6863917,3.1355109],[101.6864044,3.1355151],[101.6864074,3.1355098],[101.6863192,3.1354609],[101.6863162,3.1354662],[101.6863029,3.1354609],[101.6862903,3.1354566],[101.6862755,3.1354522],[101.6862615,3.1354489],[101.6862469,3.135446],[101.6862338,3.1354437],[101.686219,3.1354414],[101.6862043,3.1354397],[101.6862075,3.1354685],[101.686181,3.1354796],[101.686186,3.1355073],[101.6861592,3.1355196],[101.6861672,3.1355328],[101.6861759,3.1355454],[101.6861852,3.1355583],[101.6861951,3.1355703],[101.686205,3.1355813],[101.6862159,3.1355921],[101.6862261,3.1356017],[101.6862371,3.1356109],[101.6862345,3.1356157],[101.6863225,3.135664],[101.6863252,3.1356591],[101.6863158,3.1356501],[101.6863066,3.1356404],[101.6862974,3.1356303],[101.6862887,3.1356202],[101.6862803,3.1356095],[101.6862719,3.1355982],[101.6862645,3.1355871],[101.6862569,3.1355746]]}},{"type":"Feature","id":590933600,"properties":{"building":"yes","building:levels":"29","height":"108"},"geometry":{"type":"LineString","coordinates":[[101.6865222,3.1355719],[101.6864074,3.1355098],[101.6864044,3.1355151],[101.6863917,3.1355109],[101.6863794,3.1355073],[101.6863664,3.1355042],[101.6863533,3.1355014],[101.6863404,3.1354994],[101.6863279,3.1354976],[101.6863155,3.1354962],[101.686302,3.1354947],[101.6863013,3.1355194],[101.6862788,3.1355346],[101.6862837,3.1355624],[101.6862569,3.1355746],[101.6862645,3.1355871],[101.6862719,3.1355982],[101.6862803,3.1356095],[101.6862887,3.1356202],[101.6862974,3.1356303],[101.6863066,3.1356404],[101.6863158,3.1356501],[101.6863252,3.1356591],[101.6863225,3.135664],[101.6864374,3.1357266],[101.6864401,3.1357219],[101.6864273,3.1357112],[101.6864143,3.1356999],[101.6864019,3.1356885],[101.68639,3.1356768],[101.6863779,3.1356647],[101.6863663,3.135652],[101.6863444,3.1356251],[101.6863765,3.1356156],[101.686367,3.135584],[101.6863991,3.1355744],[101.6863897,3.135543],[101.6864238,3.1355474],[101.6864401,3.135551],[101.6864558,3.1355549],[101.6864716,3.1355593],[101.6864883,3.1355649],[101.686504,3.1355707],[101.6865197,3.1355772],[101.6865222,3.1355719]]}},{"type":"Feature","id":590933603,"properties":{"building":"yes","building:levels":"30","height":"120"},"geometry":{"type":"LineString","coordinates":[[101.6866522,3.1356434],[101.6866493,3.1356495],[101.6866632,3.1356605],[101.6866759,3.1356708],[101.6866884,3.1356814],[101.6867006,3.1356925],[101.6867132,3.1357046],[101.6867248,3.1357163],[101.6867364,3.1357287],[101.6867475,3.1357414],[101.6867144,3.1357505],[101.6867239,3.1357818],[101.6866919,3.1357917],[101.6867014,3.135823],[101.6866841,3.1358219],[101.686668,3.1358197],[101.6866506,3.1358163],[101.6866325,3.1358121],[101.686617,3.1358075],[101.6866023,3.1358031],[101.686587,3.1357977],[101.6865711,3.1357915],[101.6865675,3.1357981],[101.6864374,3.1357266],[101.6864401,3.1357219],[101.6864273,3.1357112],[101.6864143,3.1356999],[101.6864019,3.1356885],[101.68639,3.1356768],[101.6863779,3.1356647],[101.6863663,3.135652],[101.6863444,3.1356251],[101.6863765,3.1356156],[101.686367,3.135584],[101.6863991,3.1355744],[101.6863897,3.135543],[101.6864238,3.1355474],[101.6864401,3.135551],[101.6864558,3.1355549],[101.6864716,3.1355593],[101.6864883,3.1355649],[101.686504,3.1355707],[101.6865197,3.1355772],[101.6865222,3.1355719],[101.6866522,3.1356434]]}},{"type":"Feature","id":776266195,"properties":{"highway":"service","level":"0","oneway":"yes","surface":"asphalt","tunnel":"building_passage"},"geometry":{"type":"LineString","coordinates":[[101.6861378,3.1352457],[101.6860729,3.1353686],[101.685924,3.1356506],[101.6861104,3.1357628],[101.6862381,3.1355279],[101.6862694,3.1354702],[101.6863317,3.1353555]]}},{"type":"Feature","id":776266197,"properties":{"highway":"service","oneway":"yes","tunnel":"building_passage"},"geometry":{"type":"LineString","coordinates":[[101.6861104,3.1357628],[101.6860519,3.1358813],[101.685998,3.1359028]]}},{"type":"Feature","id":776266198,"properties":{"highway":"service","oneway":"yes"},"geometry":{"type":"LineString","coordinates":[[101.685998,3.1359028],[101.685903,3.1359083]]}},{"type":"Feature","id":776266199,"properties":{"highway":"service","oneway":"yes"},"geometry":{"type":"LineString","coordinates":[[101.6857653,3.1358948],[101.6858008,3.1358628]]}},{"type":"Feature","id":776266200,"properties":{"highway":"service","oneway":"yes"},"geometry":{"type":"LineString","coordinates":[[101.685698,3.1357602],[101.6856787,3.1357781]]}},{"type":"Feature","id":39904628,"properties":{"destination":"Carcosa Seri Negara","highway":"unclassified","lanes":"1","name":"Persiaran Tuanku Ja'afar","oneway":"yes","surface":"asphalt"},"geometry":{"type":"LineString","coordinates":[[101.683806,3.1392447],[101.6839843,3.1392851],[101.6841008,3.1392932],[101.6841973,3.1393196],[101.6842778,3.1393457],[101.6843462,3.1393779],[101.6843834,3.1394118],[101.6844364,3.1395202],[101.6844428,3.1396604],[101.684415,3.1397877],[101.6843998,3.1398653],[101.6843516,3.1399765],[101.6843347,3.1400982]]}},{"type":"Feature","id":52322078,"properties":{"bicycle":"no","bridge":"yes","foot":"no","highway":"primary_link","lanes":"4","layer":"1","maxspeed":"50","oneway":"yes","source":"Bing","surface":"asphalt"},"geometry":{"type":"LineString","coordinates":[[101.6845212,3.138826],[101.6847824,3.1383256]]}},{"type":"Feature","id":52322085,"properties":{"foot":"no","highway":"primary_link","lanes":"5","maxspeed":"50","oneway":"yes","source":"Bing","surface":"asphalt"},"geometry":{"type":"LineString","coordinates":[[101.6847824,3.1383256],[101.6856048,3.1367141]]}},{"type":"Feature","id":52322097,"properties":{"foot":"no","highway":"primary_link","lanes":"1","oneway":"yes","surface":"asphalt"},"geometry":{"type":"LineString","coordinates":[[101.6847824,3.1383256],[101.6849385,3.1381382],[101.6850444,3.1380423],[101.6851111,3.1380023],[101.6851869,3.1379901],[101.6852434,3.1380039],[101.685297,3.1380381],[101.6853319,3.1380835],[101.6853527,3.1381325],[101.6853628,3.1381955],[101.685358,3.1382455],[101.6853373,3.1382945],[101.6852938,3.1383453],[101.6852409,3.1383822],[101.6851695,3.1384172],[101.6850812,3.1384441],[101.6849974,3.1384584],[101.6848829,3.1384885]]}},{"type":"Feature","id":52322108,"properties":{"bicycle":"no","foot":"no","highway":"primary_link","lanes":"4","maxspeed":"50","oneway":"yes","source":"Bing","surface":"asphalt"},"geometry":{"type":"LineString","coordinates":[[101.6818715,3.1397949],[101.6822811,3.1395913],[101.6829655,3.1393951],[101.683806,3.1392447],[101.6841175,3.1391811],[101.6842743,3.1390972],[101.6844091,3.1389727],[101.6845212,3.138826]]}},{"type":"Feature","id":169071761,"properties":{"access":"private","highway":"service","service":"driveway"},"geometry":{"type":"LineString","coordinates":[[101.6849414,3.1368411],[101.6845108,3.1367672]]}},{"type":"Feature","id":169071767,"properties":{"access":"private","highway":"service","service":"driveway"},"geometry":{"type":"LineString","coordinates":[[101.6848075,3.1373935],[101.6843952,3.1373006],[101.6838097,3.1371686],[101.6835469,3.1372275],[101.6833528,3.137273]]}},{"type":"Feature","id":169071770,"properties":{"access":"private","highway":"service","oneway":"yes","service":"driveway"},"geometry":{"type":"LineString","coordinates":[[101.684627,3.1366092],[101.6846593,3.136581],[101.6846727,3.1365524],[101.6846749,3.1365151],[101.6846648,3.1364852],[101.6846341,3.1364522],[101.6846049,3.13644],[101.6845628,3.1364404],[101.6845339,3.1364533],[101.6845168,3.1364683],[101.6845002,3.1364952],[101.684494,3.1365219],[101.6844972,3.1365533],[101.6845193,3.1365918],[101.6845448,3.1366103],[101.6845652,3.1366174],[101.6845968,3.1366188],[101.684627,3.1366092]]}},{"type":"Feature","id":169071772,"properties":{"access":"private","highway":"service","service":"driveway"},"geometry":{"type":"LineString","coordinates":[[101.6843952,3.1373006],[101.6845108,3.1367672],[101.6845448,3.1366103]]}},{"type":"Feature","id":382094925,"properties":{"highway":"residential","name":"Persiaran Persekutuan","name:ms":"Persiaran Persekutuan","surface":"asphalt"},"geometry":{"type":"LineString","coordinates":[[101.6836471,3.1375343],[101.6846681,3.1377389]]}},{"type":"Feature","id":436312103,"properties":{"foot":"no","highway":"primary_link","lanes":"1","oneway":"yes","surface":"asphalt"},"geometry":{"type":"LineString","coordinates":[[101.6853932,3.1360211],[101.6854942,3.1362571],[101.6855144,3.1363436],[101.6855157,3.1364225],[101.6855123,3.1365001],[101.6854989,3.1365537],[101.6854754,3.1366093]]}},{"type":"Feature","id":436312104,"properties":{"highway":"primary_link","lanes":"2","maxspeed":"50","oneway":"yes","surface":"asphalt"},"geometry":{"type":"LineString","coordinates":[[101.6849806,3.1375092],[101.6848455,3.1378004],[101.6847709,3.1379658],[101.684735,3.1380409],[101.6846989,3.1380991],[101.6846581,3.1381487]]}},{"type":"Feature","id":436312105,"properties":{"foot":"no","highway":"primary_link","lanes":"1","oneway":"yes","surface":"asphalt"},"geometry":{"type":"LineString","coordinates":[[101.685355,3.1359368],[101.6853932,3.1360211],[101.6855229,3.1361544]]}},{"type":"Feature","id":447055415,"properties":{"building":"yes"},"geometry":{"type":"LineString","coordinates":[[101.6836218,3.137787],[101.6836477,3.137661],[101.6839532,3.1377236],[101.6839273,3.1378496],[101.6836218,3.137787]]}},{"type":"Feature","id":466673832,"properties":{"highway":"residential","oneway":"yes","sidewalk:left":"separate","surface":"asphalt"},"geometry":{"type":"LineString","coordinates":[[101.6849806,3.1375092],[101.6848652,3.1376585],[101.6847998,3.1377012]]}},{"type":"Feature","id":480089334,"properties":{"building":"yes"},"geometry":{"type":"LineString","coordinates":[[101.6839972,3.1364691],[101.6839505,3.13664],[101.6841116,3.1366838],[101.6841226,3.1366436],[101.6842013,3.1366651],[101.684239,3.1365272],[101.6841673,3.1365077],[101.6841484,3.1365767],[101.6840314,3.1365448],[101.6840483,3.136483],[101.6839972,3.1364691]]}},{"type":"Feature","id":480089335,"properties":{"building":"yes"},"geometry":{"type":"LineString","coordinates":[[101.6838923,3.1368499],[101.683939,3.136679],[101.6841001,3.1367229],[101.6840891,3.1367631],[101.6841678,3.1367845],[101.6841302,3.1369224],[101.6840585,3.1369029],[101.6840773,3.1368338],[101.6839603,3.136802],[101.6839434,3.1368638],[101.6838923,3.1368499]]}},{"type":"Feature","id":547336000,"properties":{"building":"yes"},"geometry":{"type":"LineString","coordinates":[[101.6849874,3.1362174],[101.6850545,3.1363214],[101.6850222,3.1363421],[101.6850698,3.1364161],[101.685099,3.1363974],[101.685169,3.1365061],[101.6853296,3.1364029],[101.6851448,3.1361163],[101.6849874,3.1362174]]}},{"type":"Feature","id":604435378,"properties":{"access":"private","highway":"service","service":"driveway"},"geometry":{"type":"LineString","coordinates":[[101.6835429,3.1407705],[101.6835898,3.1407223],[101.6836528,3.1406406],[101.6836797,3.1405871],[101.6836515,3.1405]]}},{"type":"Feature","id":604468836,"properties":{"highway":"service","service":"driveway","surface":"asphalt"},"geometry":{"type":"LineString","coordinates":[[101.68408,3.1383348],[101.6841142,3.1382235],[101.6841477,3.1381258],[101.6841171,3.1380594],[101.6840069,3.1379839],[101.6837548,3.1379504]]}},{"type":"Feature","id":764324712,"properties":{"highway":"residential","name":"Jalan Persekutuan","name:ms":"Jalan Persekutuan","surface":"asphalt"},"geometry":{"type":"LineString","coordinates":[[101.684718,3.1378068],[101.6846272,3.1379751],[101.6845581,3.1380816],[101.6844769,3.1381594],[101.6843896,3.1382211],[101.6843063,3.1382723],[101.6842011,3.1383258],[101.68408,3.1383348],[101.6839656,3.1382902],[101.6838889,3.1382624],[101.6838289,3.1382293],[101.6837592,3.1381824],[101.6836694,3.1381569],[101.6835416,3.1381366],[101.6833953,3.1381486],[101.6832522,3.1381985],[101.6831007,3.13825],[101.6813797,3.1389212],[101.6812322,3.1389641],[101.6811302,3.1389695],[101.6810189,3.13894],[101.6809226,3.1388312],[101.6807332,3.1386103],[101.6806672,3.1385714],[101.68061,3.1385625],[101.6805623,3.1385704],[101.6804556,3.1386253],[101.6803658,3.1386782],[101.6802757,3.1387134]]}},{"type":"Feature","id":776563581,"properties":{"highway":"primary_link","lanes":"3","oneway":"yes","sidewalk:left":"separate","surface":"asphalt"},"geometry":{"type":"LineString","coordinates":[[101.6854754,3.1366093],[101.6854534,3.1366621],[101.6854089,3.1367605],[101.6853422,3.1368757],[101.6852715,3.1370004]]}},{"type":"Feature","id":776581355,"properties":{"access":"private","highway":"service","surface":"asphalt"},"geometry":{"type":"LineString","coordinates":[[101.6839656,3.1382902],[101.6838292,3.13834],[101.6834225,3.1385042],[101.6834156,3.138504],[101.6834101,3.1385004],[101.6833692,3.1384174]]}},{"type":"Feature","id":777821675,"properties":{"highway":"primary_link","lanes":"1","maxspeed":"80","oneway":"yes","surface":"asphalt"},"geometry":{"type":"LineString","coordinates":[[101.6838925,3.1385189],[101.6834439,3.1386062],[101.6830608,3.1387415],[101.6828766,3.1388534]]}},{"type":"Feature","id":778094013,"properties":{"highway":"primary_link","lanes":"2","maxspeed":"80","oneway":"yes","surface":"asphalt","turn:lanes":"merge_to_right|"},"geometry":{"type":"LineString","coordinates":[[101.6843576,3.1383668],[101.6843019,3.1383903],[101.6838925,3.1385189]]}},{"type":"Feature","id":778094014,"properties":{"highway":"primary_link","lanes":"3","maxspeed":"50","oneway":"yes","surface":"asphalt"},"geometry":{"type":"LineString","coordinates":[[101.6846581,3.1381487],[101.6845977,3.1382216],[101.6845141,3.1382937]]}},{"type":"Feature","id":781853797,"properties":{"bridge":"yes","foot":"no","highway":"primary_link","lanes":"5","layer":"1","oneway":"yes","source":"Bing","surface":"asphalt","turn:lanes":"left|left|through|right|right"},"geometry":{"type":"LineString","coordinates":[[101.6856048,3.1367141],[101.6856563,3.1366133]]}},{"type":"Feature","id":815890053,"properties":{"building":"yes"},"geometry":{"type":"LineString","coordinates":[[101.6842912,3.1378105],[101.6844117,3.1379334],[101.6842817,3.1380603],[101.6842362,3.1380139],[101.6842153,3.1380343],[101.6841833,3.1380016],[101.6842046,3.1379808],[101.6841617,3.137937],[101.6842912,3.1378105]]}},{"type":"Feature","id":871862109,"properties":{"highway":"residential","oneway":"yes","surface":"asphalt"},"geometry":{"type":"LineString","coordinates":[[101.6846681,3.1377389],[101.6846931,3.1377685],[101.684718,3.1378068]]}},{"type":"Feature","id":914938544,"properties":{"highway":"service","oneway":"yes"},"geometry":{"type":"LineString","coordinates":[[101.6848899,3.1362119],[101.6850862,3.1360852],[101.6851017,3.1360704],[101.685097,3.1360435],[101.6850544,3.1359474]]}},{"type":"Feature","id":997155366,"properties":{"highway":"service","oneway":"yes"},"geometry":{"type":"LineString","coordinates":[[101.6850544,3.1359474],[101.6848263,3.1361027]]}},{"type":"Feature","id":1108916209,"properties":{"highway":"residential","oneway":"yes","surface":"asphalt"},"geometry":{"type":"LineString","coordinates":[[101.6847998,3.1377012],[101.6847324,3.137729],[101.6846681,3.1377389]]}},{"type":"Feature","id":1141862252,"properties":{"building":"yes","source":"microsoft/BuildingFootprints"},"geometry":{"type":"LineString","coordinates":[[101.6836567,3.1400571],[101.6837478,3.1403233],[101.6836829,3.1403454],[101.6837092,3.1404222],[101.6836299,3.1404492],[101.6836049,3.140376],[101.6835304,3.1404014],[101.6834849,3.1402683],[101.6834393,3.1402839],[101.6834167,3.1402179],[101.6832927,3.1402602],[101.6832439,3.1401175],[101.6834856,3.1400351],[101.6834708,3.1399919],[101.6837038,3.1399125],[101.6837432,3.1400276],[101.6836567,3.1400571]]}},{"type":"Feature","id":1141862263,"properties":{"highway":"service","service":"driveway"},"geometry":{"type":"LineString","coordinates":[[101.6836077,3.1408186],[101.6836992,3.1408617],[101.6838735,3.141016],[101.6838976,3.1410292],[101.6840095,3.14109],[101.68403,3.1411581],[101.6840054,3.141239],[101.6839368,3.1413566],[101.6838491,3.1414134],[101.6837859,3.1414353],[101.6837135,3.1414134]]}},{"type":"Feature","id":1167115680,"properties":{"building":"yes"},"geometry":{"type":"LineString","coordinates":[[101.6842389,3.136606],[101.6841508,3.1368777],[101.6842916,3.1369233],[101.6843797,3.1366515],[101.6842389,3.136606]]}},{"type":"Feature","id":1167115681,"properties":{"building":"yes"},"geometry":{"type":"LineString","coordinates":[[101.6842593,3.1364752],[101.6843948,3.136532],[101.684518,3.1362392],[101.6843825,3.1361823],[101.6842593,3.1364752]]}},{"type":"Feature","id":1167115682,"properties":{"building":"yes"},"geometry":{"type":"LineString","coordinates":[[101.6848399,3.1364221],[101.6846989,3.1361788],[101.684542,3.1362695],[101.6846568,3.1364676],[101.6847251,3.1364281],[101.6847513,3.1364733],[101.6848399,3.1364221]]}},{"type":"Feature","id":1167115683,"properties":{"building":"yes"},"geometry":{"type":"LineString","coordinates":[[101.6846536,3.1366659],[101.6849304,3.1367241],[101.6849647,3.1365613],[101.684688,3.1365031],[101.6846536,3.1366659]]}},{"type":"Feature","id":1167115684,"properties":{"building":"yes"},"geometry":{"type":"LineString","coordinates":[[101.6845404,3.1370068],[101.6848171,3.137065],[101.6848494,3.1369121],[101.6845726,3.1368539],[101.6845404,3.1370068]]}},{"type":"Feature","id":1167115685,"properties":{"building":"yes"},"geometry":{"type":"LineString","coordinates":[[101.6844763,3.1372099],[101.6847531,3.1372681],[101.6847853,3.1371151],[101.6845085,3.137057],[101.6844763,3.1372099]]}},{"type":"Feature","id":1167115687,"properties":{"building":"yes"},"geometry":{"type":"LineString","coordinates":[[101.6837534,3.1370559],[101.6842389,3.1371579],[101.6842711,3.137005],[101.6837857,3.136903],[101.6837534,3.1370559]]}},{"type":"Feature","id":1167115689,"properties":{"building":"yes"},"geometry":{"type":"LineString","coordinates":[[101.6843397,3.1373898],[101.6843044,3.1375576],[101.6847025,3.1376413],[101.6847378,3.1374735],[101.6843397,3.1373898]]}},{"type":"Feature","id":1167115690,"properties":{"building":"yes"},"geometry":{"type":"LineString","coordinates":[[101.6837803,3.1372809],[101.6837449,3.1374486],[101.6842545,3.1375558],[101.6842899,3.137388],[101.6837803,3.1372809]]}},{"type":"Feature","id":1315481336,"properties":{"building":"service"},"geometry":{"type":"LineString","coordinates":[[101.6834085,3.1382868],[101.6835594,3.1382333],[101.6836117,3.1383803],[101.6834608,3.1384338],[101.6834085,3.1382868]]}},{"type":"Feature","id":1373263279,"properties":{"highway":"primary_link","lanes":"3","maxspeed":"80","oneway":"yes","surface":"asphalt"},"geometry":{"type":"LineString","coordinates":[[101.6845141,3.1382937],[101.6844394,3.1383322],[101.6843576,3.1383668]]}},{"type":"Feature","id":1373263280,"properties":{"highway":"primary_link","lanes":"3","maxspeed":"50","oneway":"yes","sidewalk:left":"separate","surface":"asphalt"},"geometry":{"type":"LineString","coordinates":[[101.6852715,3.1370004],[101.6850507,3.1373808],[101.6849806,3.1375092]]}},{"type":"Feature","id":1431407678,"properties":{"building":"yes"},"geometry":{"type":"LineString","coordinates":[[101.685185,3.1365643],[101.6852148,3.1366075],[101.6851539,3.1366494],[101.6851241,3.1366062],[101.685185,3.1365643]]}},{"type":"Feature","id":1456259606,"properties":{"highway":"residential","oneway":"yes","surface":"asphalt"},"geometry":{"type":"LineString","coordinates":[[101.684718,3.1378068],[101.6847433,3.1378606],[101.6847494,3.1379316],[101.6846761,3.138087],[101.6846581,3.1381487]]}},{"type":"Feature","id":39924785,"properties":{"highway":"unclassified","lanes":"1","name":"Persiaran Tuanku Ja'afar","name:ms":"Persiaran Tuanku Ja'Afar","oneway":"yes","surface":"asphalt"},"geometry":{"type":"LineString","coordinates":[[101.6843347,3.1400982],[101.6844133,3.1399965],[101.6844604,3.1398838],[101.6845044,3.1397542],[101.6845272,3.1396132],[101.6845152,3.1395011],[101.6844925,3.1393959],[101.6844611,3.1392759],[101.6844602,3.1391623],[101.6844908,3.1390526],[101.684542,3.1389762],[101.6846072,3.1389158],[101.6847076,3.1388422],[101.6849262,3.1387798],[101.6854047,3.1387698],[101.6861259,3.1386922]]}},{"type":"Feature","id":52322098,"properties":{"highway":"primary_link","lanes":"2","maxspeed":"40","oneway":"yes","surface":"asphalt"},"geometry":{"type":"LineString","coordinates":[[101.6866803,3.1385893],[101.6864826,3.138561],[101.6863603,3.1385367],[101.686147,3.1385222],[101.6859082,3.1385059],[101.6857337,3.1384112],[101.6855904,3.1383193],[101.6854853,3.1381882],[101.6854236,3.138024],[101.6854036,3.1378715],[101.6854076,3.1377208],[101.6854401,3.1375322],[101.6854644,3.137434],[101.6855071,3.1373359],[101.6855711,3.1372418],[101.6856573,3.1371737],[101.6857338,3.1371335],[101.6858177,3.1371156],[101.6860308,3.1371],[101.6860785,3.1370912],[101.6861074,3.1370949],[101.6870006,3.1371877],[101.6874811,3.137206]]}},{"type":"Feature","id":52322099,"properties":{"highway":"primary_link","lanes":"1","oneway":"yes","surface":"asphalt"},"geometry":{"type":"LineString","coordinates":[[101.6849385,3.1381382],[101.6852395,3.1376628],[101.685377,3.1373863],[101.6854457,3.1372628],[101.6855496,3.1371708],[101.6857228,3.1370691],[101.6859114,3.1370518],[101.6860353,3.1370661],[101.6860785,3.1370912]]}},{"type":"Feature","id":52322100,"properties":{"bridge":"yes","foot":"no","highway":"tertiary","lanes":"2","layer":"1","name":"Jalan Stesen Sentral 2","name:ms":"Jalan Stesen Sentral 2","oneway":"yes","surface":"asphalt"},"geometry":{"type":"LineString","coordinates":[[101.6856563,3.1366133],[101.6857218,3.1365413],[101.6859161,3.1362129],[101.6859374,3.13618]]}},{"type":"Feature","id":52322102,"properties":{"bicycle":"no","foot":"no","highway":"primary","lanes":"3","maxspeed":"80","name":"Jalan Damansara","name:ms":"Jalan Damansara","name:zh":"白沙罗路","name:zh-Hans":"白沙罗路","name:zh-Hant":"白沙羅路","oneway":"yes","surface":"asphalt"},"geometry":{"type":"LineString","coordinates":[[101.6810199,3.1404001],[101.6813728,3.1400337],[101.6817122,3.1397672],[101.6820155,3.1395237],[101.6822687,3.1393689],[101.6824204,3.1392761],[101.682748,3.1391146],[101.6829575,3.1390248],[101.6833923,3.1388768],[101.6840145,3.1387552],[101.6844084,3.1386747],[101.6847527,3.1386324],[101.6851229,3.1386307],[101.6855846,3.1386513],[101.6861259,3.1386922],[101.6867514,3.1387127],[101.6871404,3.1387331],[101.6875146,3.1387388],[101.687758,3.1387265],[101.6879868,3.1387069],[101.6881808,3.138685],[101.6883749,3.138652],[101.688572,3.1386084],[101.6887765,3.1385463],[101.6890468,3.1384541],[101.6893074,3.1383581],[101.689524,3.1382633],[101.6896371,3.1382138],[101.6899446,3.1380547]]}},{"type":"Feature","id":111547419,"properties":{"alt_name":"Lake Gardens","email":"klbotanicalgarden@dbkl.gov.my","leisure":"park","name":"Taman Botani Perdana","name:en":"Perdana Botanical Gardens","name:ms":"Taman Botani Perdana","name:zh":"吉隆坡湖滨公园","name:zh-Hans":"吉隆坡湖滨公园","name:zh-Hant":"吉隆坡湖濱公園","old_name":"Taman Tasik Perdana","opening_hours":"07:00-20:00","phone":"+60 3 26176404","website":"http://www.klbotanicalgarden.gov.my/","wikidata":"Q12061078","wikimedia_commons":"Category:Lake Gardens, Kuala Lumpur","wikipedia":"en:Perdana Botanical Gardens"},"geometry":{"type":"LineString","coordinates":[[101.6873116,3.1406621],[101.6874223,3.1409854],[101.6870827,3.1409944],[101.6863581,3.1421919],[101.6863315,3.1427306],[101.6869225,3.1429428],[101.6869509,3.1428337],[101.6881247,3.1435007],[101.6883002,3.1437318],[101.6883378,3.1440012],[101.6882771,3.1441952],[101.6881205,3.1444092],[101.6878674,3.1446323],[101.687521,3.1449331],[101.6873881,3.1449933],[101.6870445,3.1449619],[101.6869244,3.1449996],[101.6868487,3.145061],[101.6868326,3.1451052],[101.6868092,3.1451632],[101.6868111,3.1452311],[101.6869811,3.1461873],[101.6871071,3.1462529],[101.6873087,3.1462862],[101.6876692,3.1465308],[101.6880175,3.1467773],[101.6881134,3.1468674],[101.6881924,3.1469884],[101.688197,3.1472507],[101.6881529,3.1473615],[101.6880805,3.1474666],[101.688027,3.1475603],[101.6879887,3.1477322],[101.6878068,3.1479224],[101.6867913,3.1480484],[101.6863546,3.1480711],[101.6860079,3.1480569],[101.6859624,3.1481357],[101.6858636,3.1484284],[101.6857097,3.1487682],[101.6856636,3.1487463],[101.6851347,3.1482812],[101.684754,3.1480058],[101.6845215,3.1479125],[101.6845949,3.1477584],[101.6842957,3.1471104],[101.6839224,3.1470185],[101.6837185,3.1466221],[101.6830372,3.1464292],[101.6825759,3.1467024],[101.6823559,3.147538],[101.6820785,3.1475439],[101.6817984,3.1475135],[101.6814157,3.1474427],[101.6813499,3.1473897],[101.6811695,3.1471518],[101.6806444,3.1464208],[101.6803561,3.1462209],[101.6803552,3.1461454],[101.6808159,3.1460594],[101.6812638,3.1458041],[101.6814898,3.1455539],[101.6817531,3.1450995],[101.6819483,3.1446197],[101.6820133,3.1442697],[101.681867,3.1440895],[101.6813628,3.1438589],[101.6812327,3.1436412],[101.6813206,3.1431686],[101.6812547,3.1425156],[101.6812666,3.142223],[101.6813873,3.1420775],[101.68152,3.1420574],[101.6818686,3.1425434],[101.6822431,3.1429041],[101.6823893,3.1429997],[101.6826095,3.1430212],[101.6829561,3.1427672],[101.6830447,3.1426064],[101.6830245,3.1423436],[101.6826822,3.1420202],[101.6825494,3.141853],[101.6825697,3.1416591],[101.6826866,3.1414759],[101.6829935,3.1412159],[101.683641,3.1409881],[101.6838182,3.1406889],[101.6841339,3.1403987],[101.6844299,3.1400335],[101.6845263,3.1397716],[101.6845465,3.1395986],[101.6844843,3.1392273],[101.684507,3.1391116],[101.6845647,3.1389866],[101.6847345,3.1388657],[101.6857921,3.1387855],[101.6866351,3.1387964],[101.6878169,3.1388663],[101.6877793,3.1390914],[101.6869332,3.1391725],[101.6869806,3.1397212],[101.6873116,3.1406621]]}},{"type":"Feature","id":323394982,"properties":{"name":"Sungai Bras Bras","name:en":"Bras Bras River","name:ms":"Sungai Bras Bras","source:geometry":"HIND 1035 Sheet B/15 2nd Ed Selangor Kuala Lumpur (1943)","source:name":"The Public Gardens (22 Sept 1893) The Selangor Journal Vol II Pg 9","waterway":"river"},"geometry":{"type":"LineString","coordinates":[[101.6811597,3.1463773],[101.681326,3.1462969],[101.6819116,3.1458629],[101.6820795,3.1456686],[101.6822514,3.1450683],[101.6823169,3.1448412],[101.6823676,3.1447682],[101.6824105,3.1447261],[101.6824923,3.1446836],[101.6825711,3.1446522],[101.6826293,3.1446241],[101.6826809,3.1445899],[101.6828104,3.1444445],[101.682998,3.144307],[101.6831674,3.1441653],[101.6832711,3.1440512],[101.6832738,3.1439212],[101.6833109,3.1437714],[101.6834128,3.143517],[101.6835067,3.1434112],[101.6835677,3.1432733],[101.6837333,3.1428408],[101.6838037,3.1427142],[101.6838849,3.1426017],[101.6839184,3.1425207],[101.6840069,3.1422998],[101.6841933,3.1420507],[101.6844401,3.141807],[101.6847995,3.1414374],[101.6850945,3.1409607],[101.6852099,3.140409],[101.6853091,3.1398104],[101.6854727,3.1394555],[101.6857187,3.1391894]]}},{"type":"Feature","id":436312106,"properties":{"foot":"no","highway":"secondary","lanes":"1","maxspeed":"50","name":"Jalan Travers","name:ms":"Jalan Travers","name:zh":"孟沙路","name:zh-Hans":"孟沙路","name:zh-Hant":"孟沙路","oneway":"yes","surface":"asphalt"},"geometry":{"type":"LineString","coordinates":[[101.6855229,3.1361544],[101.6856719,3.1364284],[101.6858154,3.1366324]]}},{"type":"Feature","id":754810217,"properties":{"highway":"pedestrian","motor_vehicle":"no"},"geometry":{"type":"LineString","coordinates":[[101.6850608,3.1424151],[101.6851923,3.1423432],[101.6853727,3.1421712],[101.6854677,3.1420762],[101.6855847,3.1419529],[101.6856366,3.1418786],[101.6856687,3.1418273],[101.6857079,3.1417207],[101.6857347,3.1415828],[101.6857417,3.141446],[101.6857507,3.1413241],[101.6857681,3.1411724],[101.6857853,3.1409468],[101.6857977,3.1407891]]}},{"type":"Feature","id":777103621,"properties":{"bicycle":"no","foot":"no","highway":"primary","lanes":"4","maxspeed":"80","name":"Jalan Damansara","name:ms":"Jalan Damansara","name:zh":"白沙罗路","name:zh-Hans":"白沙罗路","name:zh-Hant":"白沙羅路","oneway":"yes","surface":"asphalt"},"geometry":{"type":"LineString","coordinates":[[101.6866803,3.1385893],[101.685265,3.1385214],[101.6848829,3.1384885],[101.6845134,3.1385117],[101.6842001,3.1385504],[101.6836903,3.1386402],[101.683468,3.1386726],[101.6831612,3.1387491],[101.6828766,3.1388534]]}},{"type":"Feature","id":1464316062,"properties":{"highway":"unclassified","lanes":"2","name":"Persiaran Tuanku Ja'afar","name:ms":"Persiaran Tuanku Ja'Afar","source":"gps","surface":"asphalt"},"geometry":{"type":"LineString","coordinates":[[101.6826966,3.1429115],[101.6827576,3.1428709],[101.6828786,3.1427745],[101.6829394,3.1427136],[101.6829812,3.1426654],[101.6830119,3.1425782],[101.6829992,3.1424663],[101.682938,3.142366],[101.6829,3.142304],[101.682775,3.142164],[101.682591,3.141997],[101.6825051,3.1418621],[101.6824965,3.1417526],[101.6825149,3.1416603],[101.6825627,3.1415681],[101.6826418,3.1414664],[101.6827967,3.1413201],[101.6828929,3.1412117],[101.6830832,3.141132],[101.6833865,3.1410021],[101.6834951,3.1409491],[101.6836077,3.1408186],[101.6837368,3.1407118],[101.6838161,3.1406381],[101.6840015,3.1404759],[101.6841498,3.1403347],[101.6843347,3.1400982]]}},{"type":"Feature","id":52322043,"properties":{"highway":"tertiary","lanes":"2","name":"Jalan Stesen Sentral 2","name:ms":"Jalan Stesen Sentral 2","oneway":"yes","surface":"asphalt"},"geometry":{"type":"LineString","coordinates":[[101.6889995,3.136526],[101.6891782,3.1364975],[101.6893045,3.1364603]]}},{"type":"Feature","id":52322046,"properties":{"bridge":"yes","highway":"tertiary","lanes":"2","layer":"1","name":"Jalan Stesen Sentral 2","name:ms":"Jalan Stesen Sentral 2","oneway":"yes","surface":"asphalt"},"geometry":{"type":"LineString","coordinates":[[101.6893045,3.1364603],[101.6894118,3.1364031],[101.6894816,3.13628],[101.6894905,3.1361774],[101.6894482,3.1361044]]}},{"type":"Feature","id":52322084,"properties":{"bridge":"yes","foot":"no","highway":"tertiary","lanes":"2","layer":"1","name":"Jalan Stesen Sentral 2","name:ms":"Jalan Stesen Sentral 2","oneway":"yes","surface":"asphalt"},"geometry":{"type":"LineString","coordinates":[[101.6859374,3.13618],[101.6860832,3.1360911],[101.686318,3.136054]]}},{"type":"Feature","id":52322086,"properties":{"highway":"primary_link","lanes":"1","oneway":"yes","surface":"asphalt"},"geometry":{"type":"LineString","coordinates":[[101.6898417,3.1378397],[101.6896361,3.1380791]]}},{"type":"Feature","id":52322087,"properties":{"highway":"secondary_link","lanes":"2","layer":"1","oneway":"yes","ramp":"yes","surface":"asphalt"},"geometry":{"type":"LineString","coordinates":[[101.6905415,3.1371567],[101.6903633,3.1372772],[101.6902074,3.1373555],[101.6900376,3.1374064],[101.6898571,3.137421],[101.6896728,3.137413],[101.6893677,3.1373748]]}},{"type":"Feature","id":52322090,"properties":{"bridge":"yes","foot":"no","highway":"primary","lanes":"3","layer":"1","maxspeed":"80","name":"Jalan Damansara","name:ms":"Jalan Damansara","name:zh":"白沙罗路","name:zh-Hans":"白沙罗路","name:zh-Hant":"白沙羅路","oneway":"yes","surface":"asphalt"},"geometry":{"type":"LineString","coordinates":[[101.6899446,3.1380547],[101.6900302,3.1379943],[101.6902421,3.137845],[101.6905012,3.1376289]]}},{"type":"Feature","id":52322091,"properties":{"highway":"secondary_link","lanes":"2","oneway":"yes","surface":"asphalt"},"geometry":{"type":"LineString","coordinates":[[101.6868041,3.1369988],[101.6866963,3.1368663],[101.6865806,3.1368419],[101.6864112,3.1367837]]}},{"type":"Feature","id":52322093,"properties":{"highway":"service","oneway":"yes"},"geometry":{"type":"LineString","coordinates":[[101.6889366,3.1374965],[101.6889394,3.1375539],[101.688942,3.1375865],[101.6889497,3.1376857],[101.6889393,3.1377378],[101.6888565,3.137853]]}},{"type":"Feature","id":52322094,"properties":{"highway":"service"},"geometry":{"type":"LineString","coordinates":[[101.6881378,3.1381847],[101.6880521,3.1382341]]}},{"type":"Feature","id":52322095,"properties":{"bridge":"yes","destination":"Jalan Bangsar;Jalan Pantai Baharu | Lebuhraya Mahameru;Jalan Duta;Jalan Kuching","highway":"primary_link","lanes":"3","layer":"1","oneway":"yes","surface":"asphalt"},"geometry":{"type":"LineString","coordinates":[[101.6894856,3.1365136],[101.6895121,3.1365038],[101.6895584,3.1364818],[101.6895909,3.1364643],[101.689663,3.1364279],[101.6897538,3.136385],[101.689838,3.1363636],[101.6899151,3.1363609],[101.6899783,3.1363646],[101.6900318,3.1363783],[101.6903923,3.1365508],[101.6906329,3.1367138]]}},{"type":"Feature","id":53635322,"properties":{"highway":"primary_link","lanes":"1","oneway":"yes","sidewalk":"no","surface":"asphalt"},"geometry":{"type":"LineString","coordinates":[[101.6896078,3.1376285],[101.6899566,3.1377632],[101.6904979,3.1378836],[101.6906425,3.1379463],[101.6907539,3.1380267],[101.6908492,3.1381306],[101.6908904,3.1382655],[101.6908767,3.1384116],[101.6908315,3.1385493],[101.6907206,3.1386444],[101.6905904,3.1386989],[101.690427,3.1387068],[101.6902739,3.1386617],[101.6901368,3.1385493],[101.6900535,3.138413],[101.6900547,3.1382515],[101.6900657,3.1381543],[101.6901284,3.1380404]]}},{"type":"Feature","id":53635323,"properties":{"bridge":"yes","highway":"primary_link","lanes":"1","layer":"1","oneway":"yes","surface":"asphalt"},"geometry":{"type":"LineString","coordinates":[[101.6901284,3.1380404],[101.6905012,3.1376289]]}},{"type":"Feature","id":148715754,"properties":{"highway":"service","surface":"asphalt"},"geometry":{"type":"LineString","coordinates":[[101.6882282,3.1396056],[101.6880055,3.1396484],[101.687925,3.1396491],[101.687848,3.1396561],[101.6877605,3.1396745],[101.6876764,3.139701],[101.6875939,3.1397382],[101.6875211,3.139803],[101.6874882,3.1398675],[101.6874644,3.1399745],[101.687451,3.1400912],[101.6874423,3.1401669],[101.6874353,3.1402361],[101.6874246,3.1403414],[101.6874319,3.1404636],[101.6874507,3.1405729],[101.6874693,3.1406886]]}},{"type":"Feature","id":148960534,"properties":{"building":"public","email":"webmaster@angkasa.gov.my","name":"National Space Agency","name:en":"National Space Agency","office":"government","short_name":"ANGKASA","website":"http://www.angkasa.gov.my/"},"geometry":{"type":"LineString","coordinates":[[101.6879714,3.1401034],[101.6879987,3.1402675],[101.6885136,3.1401818],[101.6884863,3.1400179],[101.6879714,3.1401034]]}},{"type":"Feature","id":148960983,"properties":{"highway":"service","oneway":"yes"},"geometry":{"type":"LineString","coordinates":[[101.6884325,3.1396999],[101.688465,3.139801],[101.6884918,3.1398974],[101.688465,3.1399483],[101.6884154,3.1399898],[101.6883376,3.1400021],[101.6881259,3.1400436],[101.6880561,3.1400302],[101.6880126,3.1399974],[101.6880125,3.1399557],[101.6880121,3.1398803],[101.6880071,3.1397031],[101.6880055,3.1396484]]}},{"type":"Feature","id":148960986,"properties":{"highway":"service","oneway":"yes"},"geometry":{"type":"LineString","coordinates":[[101.6899375,3.139726],[101.689979,3.1396232],[101.6899991,3.1395124],[101.6899796,3.1393763],[101.6899387,3.1392724],[101.689868,3.1391554],[101.6897708,3.139055],[101.6896459,3.1389788],[101.6894927,3.1389499],[101.6893441,3.1389616],[101.6892293,3.1390173],[101.6891553,3.1390999],[101.6890982,3.1392103],[101.6890287,3.1392831],[101.6889605,3.1393337],[101.6888159,3.1393919],[101.6886959,3.1394201],[101.6885601,3.1394422],[101.6883822,3.1394689],[101.6883192,3.1394865],[101.6882654,3.1395195],[101.6882378,3.139561],[101.6882282,3.1396056],[101.6882514,3.1396475],[101.6882999,3.1396769],[101.6883632,3.139693],[101.6884325,3.1396999],[101.688782,3.1396831],[101.6890235,3.1396757],[101.6891785,3.139706],[101.6892603,3.1397648],[101.6893515,3.1398318],[101.6894642,3.1398934],[101.6895996,3.1399108],[101.6897096,3.1398987],[101.6898008,3.1398599],[101.6898772,3.1398023],[101.6899375,3.139726]]}},{"type":"Feature","id":169064495,"properties":{"alt_name":"Jalan Venning;Venning Road","highway":"unclassified","junction":"roundabout","lanes":"1","oneway":"yes","surface":"asphalt"},"geometry":{"type":"LineString","coordinates":[[101.6876006,3.1407893],[101.687603,3.140759],[101.6875951,3.1407297],[101.6875785,3.1407052],[101.6875549,3.1406874],[101.6875268,3.1406783],[101.6874972,3.1406787],[101.6874693,3.1406886],[101.6874533,3.1407],[101.68744,3.1407146],[101.6874277,3.1407385],[101.6874231,3.140765],[101.6874264,3.1407917],[101.6874383,3.1408174],[101.6874577,3.1408382],[101.6874825,3.1408519],[101.6875104,3.1408572],[101.6875405,3.1408531],[101.6875675,3.1408391]]}},{"type":"Feature","id":169070154,"properties":{"highway":"service","service":"parking_aisle"},"geometry":{"type":"LineString","coordinates":[[101.6888565,3.137853],[101.6888416,3.1381693],[101.6888349,3.1381868],[101.6888215,3.1381975],[101.6886739,3.1382597],[101.6885841,3.1382865],[101.6884829,3.1383113],[101.6883655,3.138324],[101.68833,3.1383046]]}},{"type":"Feature","id":169070157,"properties":{"highway":"service","service":"parking_aisle"},"geometry":{"type":"LineString","coordinates":[[101.688509,3.1378399],[101.6884829,3.1383113]]}},{"type":"Feature","id":169070158,"properties":{"highway":"service","service":"parking_aisle"},"geometry":{"type":"LineString","coordinates":[[101.6886847,3.1378436],[101.6886739,3.1382597]]}},{"type":"Feature","id":169070159,"properties":{"highway":"service","service":"parking_aisle"},"geometry":{"type":"LineString","coordinates":[[101.6883514,3.1378714],[101.6883266,3.1382611],[101.68833,3.1383046]]}},{"type":"Feature","id":180163650,"properties":{"building":"office","building:levels":"40","layer":"1"},"geometry":{"type":"LineString","coordinates":[[101.6863973,3.1362127],[101.6863401,3.1365521],[101.6867934,3.1366283],[101.6867883,3.1366586],[101.68618,3.1365563],[101.6862468,3.1361604],[101.6866692,3.1362315],[101.6866648,3.1362577],[101.6863973,3.1362127]]}},{"type":"Feature","id":188705040,"properties":{"highway":"secondary_link","lanes":"2","oneway":"yes","surface":"asphalt"},"geometry":{"type":"LineString","coordinates":[[101.6893677,3.1373748],[101.6891131,3.1373458],[101.6885265,3.1373252]]}},{"type":"Feature","id":188705048,"properties":{"highway":"tertiary","lanes":"5","name":"Jalan Stesen Sentral 2","name:ms":"Jalan Stesen Sentral 2","oneway":"yes","surface":"asphalt","turn:lanes":"left|through|through|through|right"},"geometry":{"type":"LineString","coordinates":[[101.6876931,3.1364572],[101.6878188,3.1364747],[101.6878974,3.1364856],[101.6879789,3.1364969],[101.6883283,3.1365188]]}},{"type":"Feature","id":199924700,"properties":{"highway":"service","service":"parking_aisle"},"geometry":{"type":"LineString","coordinates":[[101.6870935,3.1396258],[101.6872684,3.1395884],[101.6873445,3.1395705],[101.6876143,3.1395071],[101.6879392,3.1394306]]}},{"type":"Feature","id":244861158,"properties":{"waterway":"stream"},"geometry":{"type":"LineString","coordinates":[[101.6876122,3.1424047],[101.6877128,3.1423947],[101.6878878,3.1424375],[101.687941,3.1424183],[101.6880289,3.1423292],[101.6881455,3.1422154],[101.68834,3.1421163],[101.6885935,3.1420668],[101.6887839,3.1420922],[101.6888467,3.1420505]]}},{"type":"Feature","id":244861161,"properties":{"waterway":"stream"},"geometry":{"type":"LineString","coordinates":[[101.6881704,3.1412452],[101.6882419,3.1413596],[101.6882575,3.1414492],[101.6884434,3.1417739],[101.6888121,3.1419757],[101.6888467,3.1420505],[101.6889167,3.1420547]]}},{"type":"Feature","id":258714783,"properties":{"highway":"service","service":"parking_aisle"},"geometry":{"type":"LineString","coordinates":[[101.6888565,3.137853],[101.6890482,3.1378854]]}},{"type":"Feature","id":258714819,"properties":{"highway":"service"},"geometry":{"type":"LineString","coordinates":[[101.6882123,3.1380004],[101.6882945,3.1379187],[101.6883253,3.1378881],[101.6883514,3.1378714],[101.6883713,3.137863],[101.6883829,3.137858],[101.688509,3.1378399],[101.6886847,3.1378436],[101.6888565,3.137853]]}},{"type":"Feature","id":258714828,"properties":{"highway":"service","oneway":"yes","surface":"asphalt"},"geometry":{"type":"LineString","coordinates":[[101.6882123,3.1380004],[101.6881538,3.1380429],[101.6880954,3.1380853],[101.6880837,3.138113],[101.6880594,3.1381702],[101.6880521,3.1382341],[101.6880621,3.1384362],[101.6880814,3.1385096],[101.6880254,3.1385799]]}},{"type":"Feature","id":258714835,"properties":{"highway":"service","oneway":"yes","surface":"asphalt"},"geometry":{"type":"LineString","coordinates":[[101.6883062,3.1385394],[101.6882551,3.1385281],[101.6882217,3.1385011],[101.6881984,3.138463],[101.688176,3.1384198],[101.6881539,3.138352],[101.6881425,3.1383062],[101.6881349,3.1382535],[101.6881378,3.1381847],[101.6881725,3.1380749],[101.6882123,3.1380004]]}},{"type":"Feature","id":323295030,"properties":{"highway":"service","surface":"asphalt"},"geometry":{"type":"LineString","coordinates":[[101.6861699,3.1375271],[101.6861582,3.138294],[101.6862077,3.1383642],[101.6862835,3.1384149],[101.6865869,3.1384198],[101.6866595,3.1384408],[101.6870744,3.138446],[101.6872711,3.1384652],[101.6873527,3.1384532],[101.6874293,3.1384008]]}},{"type":"Feature","id":323295036,"properties":{"addr:city":"Kuala Lumpur","addr:housenumber":"2","addr:postcode":"50470","addr:street":"Jalan Stesen Sentral 2","building":"office","building:levels":"49","height":"208","layer":"1","name":"Q Sentral","name:en":"Q Sentral","name:ms":"Q Sentral","website":"https://www.qsentral.my/"},"geometry":{"type":"LineString","coordinates":[[101.6869612,3.1366823],[101.6873008,3.1367413],[101.6875314,3.1367813],[101.687537,3.1367802],[101.6875421,3.1367787],[101.6875461,3.1367769],[101.6875498,3.1367748],[101.6875534,3.136772],[101.6875563,3.1367687],[101.6875833,3.1367735],[101.6875838,3.1367765],[101.6875848,3.1367795],[101.6875864,3.1367835],[101.6875892,3.1367873],[101.687593,3.1367906],[101.6875984,3.1367929],[101.688008,3.1368641],[101.6880175,3.1368117],[101.6875797,3.1367347],[101.687582,3.1367215],[101.6879967,3.1367945],[101.6880107,3.1367174],[101.6880389,3.1367223],[101.688062,3.136589],[101.6876845,3.1365238],[101.6876492,3.1365174],[101.6876432,3.1365504],[101.6876032,3.1365431],[101.6874976,3.1365241],[101.687421,3.1365107],[101.6874267,3.1364778],[101.6872451,3.1364461],[101.6870108,3.1364052],[101.6869892,3.1365283],[101.6870134,3.1365325],[101.6870051,3.1365795],[101.6869979,3.1366209],[101.6874035,3.1366923],[101.6874012,3.1367055],[101.6869702,3.1366296],[101.6869612,3.1366823]]}},{"type":"Feature","id":323295037,"properties":{"addr:city":"Kuala Lumpur","addr:housenumber":"6","addr:postcode":"50470","addr:street":"Jalan Stesen Sentral 2","building":"hotel"},"geometry":{"type":"LineString","coordinates":[[101.6881972,3.1369006],[101.688445,3.136957],[101.6884477,3.1368375],[101.6886168,3.1368416],[101.6886135,3.1369898],[101.6887267,3.1369925],[101.6887289,3.1368848],[101.6887448,3.1368851],[101.6887474,3.1367558],[101.6887309,3.1367553],[101.6887316,3.1367168],[101.6886196,3.1367142],[101.6885031,3.1367123],[101.6885045,3.1366425],[101.6883032,3.1366371],[101.6882002,3.1366341],[101.6882002,3.1366996],[101.6882511,3.1367003],[101.6882516,3.136643],[101.6884904,3.1366499],[101.688488,3.1367426],[101.6884077,3.1367405],[101.688406,3.1369387],[101.6882462,3.1369016],[101.6882502,3.1367805],[101.6881991,3.1367798],[101.6881972,3.1369006]]}},{"type":"Feature","id":323394984,"properties":{"addr:city":"Kuala Lumpur","addr:postcode":"50566","addr:street":"Jalan Damansara","air_conditioning":"yes","building":"public","building:levels":"3","email":"prmuziumnegara@jmm.gov.my","fee":"yes","museum":"history","name":"Muzium Negara","name:de":"Nationalmuseum","name:en":"National Museum","name:es":"Museo Nacional de Malasia","name:ms":"Muzium Negara","name:pl":"Muzeum Narodowe","name:zh":"国家博物馆","name:zh-Hans":"国家博物馆","name:zh-Hant":"國家博物館","opening_hours":"09:00-17:00","phone":"+60 3-2267 1000","start_date":"1963","tourism":"museum","website":"https://www.muziumnegara.gov.my/","wikidata":"Q917630","wikimedia_commons":"Category:National Museum (Malaysia)","wikipedia":"en:National Museum (Malaysia)"},"geometry":{"type":"LineString","coordinates":[[101.6878697,3.1376023],[101.6878652,3.1378284],[101.6874493,3.1378202],[101.6874486,3.1378551],[101.6873921,3.137854],[101.687335,3.1378529],[101.6873357,3.137816],[101.6871131,3.1378116],[101.6868923,3.1378071],[101.686894,3.1377216],[101.6868968,3.1375865],[101.6873328,3.1375953],[101.6873334,3.137563],[101.6873844,3.1375641],[101.6874552,3.1375655],[101.6874546,3.1375941],[101.6878697,3.1376023]]}},{"type":"Feature","id":379679364,"properties":{"building":"roof","layer":"1"},"geometry":{"type":"LineString","coordinates":[[101.6885556,3.1381691],[101.6886301,3.138171],[101.6886284,3.1382378],[101.6885539,3.1382359],[101.6885556,3.1381691]]}},{"type":"Feature","id":386523804,"properties":{"building":"yes","name":"Museum Management","name:en":"Museum Management"},"geometry":{"type":"LineString","coordinates":[[101.6887485,3.1376884],[101.6887463,3.1377683],[101.6888366,3.1377708],[101.6888389,3.1376909],[101.6887485,3.1376884]]}},{"type":"Feature","id":386523809,"properties":{"building":"yes","government":"public_service","name":"Jabatan Muzium Negara","office":"government","wikidata":"Q118439604"},"geometry":{"type":"LineString","coordinates":[[101.6870553,3.1379135],[101.6870562,3.1378742],[101.6869722,3.1378724],[101.6866677,3.1378649],[101.6866701,3.1377663],[101.68619,3.1377549],[101.6861769,3.138306],[101.6862635,3.1383081],[101.6872234,3.1383308],[101.6872332,3.1379177],[101.6871121,3.1379148],[101.6870553,3.1379135]]}},{"type":"Feature","id":386523811,"properties":{"building":"mosque"},"geometry":{"type":"LineString","coordinates":[[101.6879746,3.1376563],[101.6879746,3.1376903],[101.6880125,3.1376903],[101.6880125,3.1376563],[101.6879746,3.1376563]]}},{"type":"Feature","id":386523813,"properties":{"building":"yes","museum":"art","name":"Istana 1","name:ms":"Istana 1","tourism":"museum"},"geometry":{"type":"LineString","coordinates":[[101.6880231,3.1376645],[101.6880254,3.1377293],[101.6881511,3.1377249],[101.6881488,3.1376601],[101.6880231,3.1376645]]}},{"type":"Feature","id":386523816,"properties":{"alt_name:en":"Malay World Ethnology Museum","building":"public","fee":"no","name":"Muzium Etnologi Dunia Melayu","name:en":"Malay World Gallery","name:ms":"Muzium Etnologi Dunia Melayu","old_name:en":"Malay World Ethnological Museum","opening_hours":"09:00-17:30","phone":"+603 2282 7399","tourism":"museum","website":"https://www.jmm.gov.my/ms/muzium-etnologi-dunia-melayu","wikidata":"Q20454718","wikipedia":"ms:Muzium Etnologi Dunia Melayu"},"geometry":{"type":"LineString","coordinates":[[101.6882455,3.1375753],[101.688242,3.13775],[101.6884037,3.1377533],[101.688403,3.1377897],[101.6884318,3.1377903],[101.6884607,3.1377909],[101.6884613,3.1377575],[101.6886286,3.1377609],[101.6886322,3.1375831],[101.6882455,3.1375753]]}},{"type":"Feature","id":386523819,"properties":{"building":"yes"},"geometry":{"type":"LineString","coordinates":[[101.688655,3.1376209],[101.688655,3.1376745],[101.6887523,3.1376745],[101.6887523,3.1376209],[101.688655,3.1376209]]}},{"type":"Feature","id":436312095,"properties":{"highway":"secondary","lanes":"3","maxspeed":"50","name":"Jalan Sultan Hishamuddin","name:ms":"Jalan Sultan Hishamuddin","oneway":"yes","surface":"asphalt"},"geometry":{"type":"LineString","coordinates":[[101.6868041,3.1369988],[101.6865344,3.1369513],[101.6862795,3.1368599],[101.6860573,3.1367258],[101.6858971,3.1365769]]}},{"type":"Feature","id":436312096,"properties":{"highway":"tertiary","lanes":"2","layer":"1","name":"Jalan Stesen Sentral 2","name:ms":"Jalan Stesen Sentral 2","oneway":"yes","surface":"asphalt"},"geometry":{"type":"LineString","coordinates":[[101.686582,3.1360997],[101.6867949,3.1361366],[101.6868926,3.136155],[101.6870445,3.1361942],[101.6870681,3.1362042],[101.6871643,3.1362449],[101.687542,3.1363949]]}},{"type":"Feature","id":436312097,"properties":{"highway":"primary_link","lanes":"2","oneway":"yes","surface":"asphalt"},"geometry":{"type":"LineString","coordinates":[[101.6889995,3.136526],[101.6891634,3.1365413],[101.6892788,3.1365443],[101.6893583,3.1365377],[101.6893964,3.1365305],[101.6894379,3.1365226],[101.6894856,3.1365136]]}},{"type":"Feature","id":438896989,"properties":{"building":"public"},"geometry":{"type":"LineString","coordinates":[[101.6887044,3.140946],[101.6887252,3.1410441],[101.6887105,3.1410786],[101.6886717,3.141211],[101.6886656,3.1412279],[101.6886776,3.1412322],[101.6887838,3.1412675],[101.6888077,3.1412752],[101.6888965,3.1410037],[101.6889807,3.1409903],[101.688966,3.1408985],[101.6888777,3.1409126],[101.6886561,3.1407147],[101.6885623,3.1408092],[101.6885745,3.140826],[101.688673,3.1409197],[101.6887044,3.140946]]}},{"type":"Feature","id":438896990,"properties":{"building":"yes"},"geometry":{"type":"LineString","coordinates":[[101.6888189,3.1406879],[101.6889087,3.140686],[101.6889109,3.1407878],[101.6888211,3.1407897],[101.6888189,3.1406879]]}},{"type":"Feature","id":467347907,"properties":{"building":"apartments","layer":"1","name":"The Sentral Residences","name:en":"The Sentral Residences","website":"http://www.sentralresidences.com"},"geometry":{"type":"LineString","coordinates":[[101.6892148,3.1371903],[101.6892518,3.1372423],[101.6897161,3.1373122],[101.689739,3.1371646],[101.6899308,3.1371899],[101.6899985,3.137315],[101.6900685,3.1372757],[101.6900851,3.1373061],[101.6903843,3.1371519],[101.690366,3.1371173],[101.6904381,3.1370804],[101.6904221,3.1370516],[101.6904976,3.1370095],[101.6905797,3.1369368],[101.6905149,3.1368023],[101.6904699,3.1367761],[101.6902233,3.1367062],[101.6901516,3.1367237],[101.6900711,3.1367323],[101.6899986,3.1367314],[101.6899199,3.1367189],[101.6898433,3.1366952],[101.6897662,3.1366579],[101.6894055,3.1366102],[101.6893712,3.1368698],[101.6893155,3.1369214],[101.6892384,3.1369925],[101.6892148,3.1371903]]}},{"type":"Feature","id":472304339,"properties":{"building":"yes"},"geometry":{"type":"LineString","coordinates":[[101.6873205,3.1382807],[101.6874736,3.138313],[101.6874863,3.1382531],[101.6875625,3.1382692],[101.6875369,3.1383898],[101.6877572,3.1384364],[101.6877938,3.1382638],[101.6874672,3.1381948],[101.6874753,3.1381565],[101.6874861,3.1381057],[101.6876201,3.138134],[101.6877418,3.1381598],[101.6877543,3.1381007],[101.6876251,3.1380734],[101.6874555,3.1380376],[101.6874456,3.1380841],[101.687442,3.1381013],[101.6873621,3.1380844],[101.6873205,3.1382807]]}},{"type":"Feature","id":472304345,"properties":{"building":"yes"},"geometry":{"type":"LineString","coordinates":[[101.6872613,3.1379535],[101.6872593,3.1380159],[101.6873663,3.1380193],[101.6873683,3.1379569],[101.6872613,3.1379535]]}},{"type":"Feature","id":472304346,"properties":{"building":"yes"},"geometry":{"type":"LineString","coordinates":[[101.6873989,3.138019],[101.6876126,3.1380293],[101.6876156,3.1379677],[101.6874019,3.1379574],[101.6873989,3.138019]]}},{"type":"Feature","id":472304357,"properties":{"building":"yes"},"geometry":{"type":"LineString","coordinates":[[101.68767,3.1380583],[101.6876699,3.1379994],[101.687729,3.1379993],[101.6877291,3.1380582],[101.68767,3.1380583]]}},{"type":"Feature","id":472304359,"properties":{"building":"yes"},"geometry":{"type":"LineString","coordinates":[[101.6861998,3.1374283],[101.6864209,3.1374269],[101.6864202,3.1373291],[101.6861992,3.1373306],[101.6861998,3.1374283]]}},{"type":"Feature","id":472493969,"properties":{"highway":"unclassified","lanes":"2","name":"Jalan Perdana","name:ms":"Jalan Perdana","old_name":"Jalan Venning;Venning Road","oneway":"no","surface":"asphalt"},"geometry":{"type":"LineString","coordinates":[[101.6877286,3.1406914],[101.6882923,3.1405259],[101.6885009,3.1404438],[101.6887249,3.1403327],[101.6888157,3.1402686],[101.6889937,3.1401469],[101.6890548,3.1401356],[101.6891019,3.1401434],[101.6891493,3.1401732],[101.6891878,3.1402235],[101.6894757,3.1407324],[101.6895336,3.1408429],[101.6896623,3.1410062],[101.6897441,3.1410477],[101.6899205,3.1411004],[101.6899983,3.1411167],[101.6901009,3.1411274],[101.6901965,3.1411203],[101.6902216,3.1411123],[101.6902705,3.1410966],[101.6903333,3.1410593],[101.6903792,3.1410116],[101.6904094,3.1409674],[101.6904366,3.1409067],[101.6904616,3.1408529],[101.6904891,3.140812],[101.6905206,3.1407749],[101.6905575,3.1407471],[101.6906085,3.1407197],[101.6906638,3.1407016],[101.6907206,3.1406908],[101.6907525,3.1406897],[101.6907862,3.1406922],[101.6908147,3.1406975],[101.6908563,3.1407105],[101.6908953,3.1407295],[101.6909302,3.1407531],[101.691049,3.140883],[101.6911746,3.1410217]]}},{"type":"Feature","id":472493971,"properties":{"highway":"service","oneway":"no","service":"driveway","surface":"asphalt"},"geometry":{"type":"LineString","coordinates":[[101.6888157,3.1402686],[101.6888297,3.1403335],[101.6888332,3.1403701],[101.6888266,3.1404088],[101.6887898,3.1404678],[101.6887413,3.1405575],[101.6887182,3.1406277],[101.6887457,3.1407213],[101.6887907,3.1407969],[101.6888738,3.1408482],[101.6889542,3.1408696],[101.6890146,3.1409245],[101.6889998,3.1409915],[101.6889341,3.1410932],[101.6888603,3.1412942]]}},{"type":"Feature","id":472493972,"properties":{"highway":"service","motor_vehicle":"designated","oneway":"no","service":"driveway"},"geometry":{"type":"LineString","coordinates":[[101.6868844,3.14224],[101.6869824,3.1421652],[101.6870399,3.1421317],[101.687084,3.1420983],[101.6871511,3.1419785],[101.687208,3.1419196]]}},{"type":"Feature","id":472493975,"properties":{"highway":"service","motor_vehicle":"designated","oneway":"no","service":"driveway","surface":"asphalt"},"geometry":{"type":"LineString","coordinates":[[101.687208,3.1419196],[101.6872681,3.1419583],[101.6873185,3.1419902]]}},{"type":"Feature","id":484132578,"properties":{"bridge":"yes","foot":"no","highway":"primary_link","lanes":"2","layer":"1","oneway":"yes","surface":"asphalt"},"geometry":{"type":"LineString","coordinates":[[101.6905415,3.1371567],[101.6902411,3.13748],[101.6898417,3.1378397]]}},{"type":"Feature","id":498127493,"properties":{"building":"yes"},"geometry":{"type":"LineString","coordinates":[[101.6871862,3.1410623],[101.6873599,3.1410585],[101.6873675,3.1414091],[101.6873926,3.1414085],[101.6873967,3.1415961],[101.6873696,3.1415967],[101.6873701,3.1416203],[101.6873026,3.1416217],[101.6873019,3.1415914],[101.6872737,3.141592],[101.6872717,3.1415016],[101.6872465,3.1415022],[101.6872455,3.141456],[101.6872636,3.1414556],[101.6872617,3.1413687],[101.6871754,3.1413706],[101.68718,3.1415811],[101.6870485,3.141584],[101.6870406,3.1412207],[101.6871693,3.1412179],[101.6871704,3.1412677],[101.6872692,3.1412656],[101.6872679,3.1412038],[101.6871893,3.1412055],[101.6871862,3.1410623]]}},{"type":"Feature","id":498127494,"properties":{"building":"yes"},"geometry":{"type":"LineString","coordinates":[[101.687091,3.1417195],[101.6870658,3.1417022],[101.6870362,3.1416945],[101.6870058,3.1416973],[101.686978,3.1417101],[101.6869563,3.1417315],[101.6869431,3.1417591],[101.68694,3.1417894],[101.6869473,3.1418191],[101.6869642,3.1418445],[101.6869888,3.1418627],[101.6870147,3.141871],[101.6870419,3.1418712],[101.6870679,3.1418632],[101.6870902,3.1418477],[101.6871068,3.1418262],[101.6871162,3.1418007],[101.6871174,3.1417735],[101.6871089,3.1417442],[101.687091,3.1417195]]}},{"type":"Feature","id":498127495,"properties":{"building":"yes"},"geometry":{"type":"LineString","coordinates":[[101.6869888,3.1418627],[101.6869795,3.1420965],[101.6870473,3.1420965],[101.6870419,3.1418712],[101.6870147,3.141871],[101.6869888,3.1418627]]}},{"type":"Feature","id":498127496,"properties":{"building":"yes"},"geometry":{"type":"LineString","coordinates":[[101.6871434,3.1418169],[101.6872179,3.1418536],[101.6871874,3.1419152],[101.6871129,3.1418785],[101.6871434,3.1418169]]}},{"type":"Feature","id":507674152,"properties":{"bridge":"yes","highway":"secondary_link","lanes":"2","layer":"1","oneway":"yes","surface":"asphalt"},"geometry":{"type":"LineString","coordinates":[[101.6864112,3.1367837],[101.6861617,3.1366829],[101.6860437,3.1365436],[101.68599,3.1364365],[101.6860008,3.136308],[101.6860651,3.1362008],[101.6861975,3.1361251],[101.686318,3.136054]]}},{"type":"Feature","id":546288784,"properties":{"building":"yes","height":"205"},"geometry":{"type":"LineString","coordinates":[[101.6887267,3.1369925],[101.6891957,3.1370024],[101.689198,3.1368943],[101.6891812,3.1368939],[101.6887448,3.1368851],[101.6887289,3.1368848],[101.6887267,3.1369925]]}},{"type":"Feature","id":586040378,"properties":{"building":"roof","layer":"1"},"geometry":{"type":"LineString","coordinates":[[101.6887105,3.1410786],[101.6886023,3.141047],[101.6885937,3.1410029],[101.688673,3.1409197],[101.6887044,3.140946],[101.6887252,3.1410441],[101.6887105,3.1410786]]}},{"type":"Feature","id":586040379,"properties":{"building":"roof","layer":"1"},"geometry":{"type":"LineString","coordinates":[[101.6886717,3.141211],[101.6884964,3.1411598],[101.6884885,3.1411177],[101.6885356,3.1410411],[101.688462,3.140996],[101.6884536,3.1409528],[101.6885745,3.140826],[101.688673,3.1409197],[101.6885937,3.1410029],[101.6886023,3.141047],[101.6887105,3.1410786],[101.6886717,3.141211]]}},{"type":"Feature","id":586040380,"properties":{"building":"roof","layer":"1"},"geometry":{"type":"LineString","coordinates":[[101.6884885,3.1411177],[101.688467,3.1411222],[101.688453,3.1410592],[101.6885356,3.1410411],[101.6884885,3.1411177]]}},{"type":"Feature","id":586040381,"properties":{"building":"roof","layer":"1"},"geometry":{"type":"LineString","coordinates":[[101.688453,3.1410592],[101.6884402,3.1410008],[101.688462,3.140996],[101.6885356,3.1410411],[101.688453,3.1410592]]}},{"type":"Feature","id":588168488,"properties":{"addr:city":"Kuala Lumpur","addr:postcode":"50470","addr:street":"Jalan Damansara","air_conditioning":"yes","full_name":"Muzium Negara MRT Station","layer":"-2","name":"KG15 Muzium Negara","name:en":"National Museum","name:ms":"Muzium Negara","name:ta":"தேசிய அருங்காட்சியகம்","name:zh":"国家博物馆","name:zh-Hans":"国家博物馆","name:zh-Hant":"國家博物館","network":"Kajang Line","operator":"Rapid KL","public_transport":"station","railway":"station","ref":"KG15","station":"subway","subway":"yes","website":"https://www.mymrt.com.my/projects/kajang-line/stations/muzium-negara-kl-sentral/","wheelchair":"yes","wikidata":"Q22087864","wikipedia":"en:Muzium Negara MRT station"},"geometry":{"type":"LineString","coordinates":[[101.6866142,3.1373968],[101.6880211,3.1374632],[101.6880579,3.1370035],[101.6867602,3.1368063],[101.6867005,3.1372074],[101.6866265,3.1371977],[101.6866142,3.1373968]]}},{"type":"Feature","id":588531572,"properties":{"amenity":"fountain","natural":"water","water":"pool"},"geometry":{"type":"LineString","coordinates":[[101.6883268,3.139593],[101.6883179,3.1395749],[101.6883019,3.1395695],[101.6883075,3.1395529],[101.6882997,3.1395372],[101.6883155,3.1395293],[101.6883216,3.1395115],[101.6883397,3.1395177],[101.6883549,3.1395103],[101.6883624,3.1395256],[101.6883798,3.1395314],[101.6883739,3.1395492],[101.688382,3.1395655],[101.6883656,3.1395737],[101.6883603,3.1395893],[101.6883449,3.1395841],[101.6883268,3.139593]]}},{"type":"Feature","id":588536399,"properties":{"building":"roof","layer":"1"},"geometry":{"type":"LineString","coordinates":[[101.6862635,3.1383081],[101.6862629,3.1383351],[101.6863321,3.1383367],[101.6863311,3.1383823],[101.6866181,3.1383888],[101.6866177,3.1384053],[101.6872205,3.138419],[101.6872234,3.1383308],[101.6862635,3.1383081]]}},{"type":"Feature","id":588536400,"properties":{"building":"roof","layer":"1"},"geometry":{"type":"LineString","coordinates":[[101.6866677,3.1378649],[101.6866701,3.1377663],[101.6866711,3.1377155],[101.6867528,3.1377176],[101.686894,3.1377216],[101.6868923,3.1378071],[101.6871131,3.1378116],[101.6871121,3.1379148],[101.6870553,3.1379135],[101.6870562,3.1378742],[101.6869722,3.1378724],[101.6866677,3.1378649]]}},{"type":"Feature","id":590906078,"properties":{"building":"office","building:levels":"41","name":"CIMB Bank Building","name:en":"CIMB Bank Building","name:zh":"联昌银行大厦","name:zh-Hans":"联昌银行大厦","name:zh-Hant":"聯昌銀行大廈"},"geometry":{"type":"LineString","coordinates":[[101.6867934,3.1366283],[101.6863401,3.1365521],[101.6863973,3.1362127],[101.6866648,3.1362577],[101.686842,3.1362701],[101.6868505,3.1362895],[101.6868361,3.1363751],[101.686805,3.1365599],[101.6867934,3.1366283]]}},{"type":"Feature","id":591508968,"properties":{"building":"yes","building:levels":"48"},"geometry":{"type":"LineString","coordinates":[[101.6874267,3.1364778],[101.6875033,3.1364909],[101.6874976,3.1365241],[101.687421,3.1365107],[101.6874267,3.1364778]]}},{"type":"Feature","id":591508969,"properties":{"building":"yes","building:levels":"48"},"geometry":{"type":"LineString","coordinates":[[101.6876492,3.1365174],[101.6876096,3.1365107],[101.6876032,3.1365431],[101.6876432,3.1365504],[101.6876492,3.1365174]]}},{"type":"Feature","id":591508971,"properties":{"building":"roof","layer":"1"},"geometry":{"type":"LineString","coordinates":[[101.6883032,3.1366371],[101.6883046,3.1365805],[101.6892028,3.1366023],[101.6892015,3.136659],[101.688733,3.136647],[101.6885045,3.1366425],[101.6883032,3.1366371]]}},{"type":"Feature","id":591508972,"properties":{"building":"roof","layer":"1"},"geometry":{"type":"LineString","coordinates":[[101.6869401,3.1366243],[101.6869702,3.1366296],[101.6874012,3.1367055],[101.6874035,3.1366923],[101.6869979,3.1366209],[101.6869425,3.1366112],[101.6869401,3.1366243]]}},{"type":"Feature","id":591508973,"properties":{"building":"roof","layer":"1"},"geometry":{"type":"LineString","coordinates":[[101.6875797,3.1367347],[101.6880175,3.1368117],[101.6880407,3.1368158],[101.6880431,3.1368027],[101.6879967,3.1367945],[101.687582,3.1367215],[101.6875797,3.1367347]]}},{"type":"Feature","id":591508974,"properties":{"building":"roof","layer":"1"},"geometry":{"type":"LineString","coordinates":[[101.6875506,3.1366216],[101.6875621,3.1366378],[101.6875679,3.1366567],[101.6875677,3.1366765],[101.6875613,3.1366952],[101.6875494,3.1367111],[101.6875332,3.1367225],[101.6875143,3.1367284],[101.6874944,3.1367281],[101.6874737,3.1367207],[101.6874568,3.1367066],[101.6874457,3.1366877],[101.6874418,3.136666],[101.6874455,3.1366443],[101.6874564,3.1366253],[101.6874733,3.1366111],[101.6874939,3.1366034],[101.6875159,3.1366034],[101.6875347,3.1366097],[101.6875506,3.1366216]]}},{"type":"Feature","id":591510238,"properties":{"building":"yes","height":"205"},"geometry":{"type":"LineString","coordinates":[[101.6887309,3.1367553],[101.6887474,3.1367558],[101.6891838,3.1367645],[101.6891995,3.1367653],[101.6892015,3.136659],[101.688733,3.136647],[101.6887316,3.1367168],[101.6887309,3.1367553]]}},{"type":"Feature","id":591510239,"properties":{"building":"yes","height":"207"},"geometry":{"type":"LineString","coordinates":[[101.6887448,3.1368851],[101.6887474,3.1367558],[101.6891838,3.1367645],[101.6891812,3.1368939],[101.6887448,3.1368851]]}},{"type":"Feature","id":591510826,"properties":{"building":"yes"},"geometry":{"type":"LineString","coordinates":[[101.688406,3.1369387],[101.6882462,3.1369016],[101.6882502,3.1367805],[101.6882601,3.1367807],[101.6882611,3.1367151],[101.6882509,3.136715],[101.6882511,3.1367003],[101.6882516,3.136643],[101.6884904,3.1366499],[101.688488,3.1367426],[101.6884077,3.1367405],[101.688406,3.1369387]]}},{"type":"Feature","id":591510834,"properties":{"building":"roof","layer":"1"},"geometry":{"type":"LineString","coordinates":[[101.6882601,3.1367807],[101.6882502,3.1367805],[101.6881991,3.1367798],[101.6882002,3.1366996],[101.6882511,3.1367003],[101.6882509,3.136715],[101.6882611,3.1367151],[101.6882601,3.1367807]]}},{"type":"Feature","id":591510837,"properties":{"leisure":"swimming_pool"},"geometry":{"type":"LineString","coordinates":[[101.6885031,3.1367123],[101.6885045,3.1366425],[101.688733,3.136647],[101.6887316,3.1367168],[101.6885031,3.1367123]]}},{"type":"Feature","id":591965264,"properties":{"building":"roof","layer":"1"},"geometry":{"type":"LineString","coordinates":[[101.6893155,3.1369214],[101.6893508,3.1366476],[101.6893646,3.1365411],[101.6893791,3.1365432],[101.6896902,3.1365873],[101.6897226,3.1366234],[101.6897662,3.1366579],[101.6894055,3.1366102],[101.6893712,3.1368698],[101.6893155,3.1369214]]}},{"type":"Feature","id":597121293,"properties":{"leisure":"swimming_pool"},"geometry":{"type":"LineString","coordinates":[[101.6886135,3.1369898],[101.688445,3.136957],[101.6884477,3.1368375],[101.6886168,3.1368416],[101.6886135,3.1369898]]}},{"type":"Feature","id":603264970,"properties":{"highway":"service"},"geometry":{"type":"LineString","coordinates":[[101.6889679,3.1417992],[101.6891903,3.1416758],[101.6891474,3.1415204]]}},{"type":"Feature","id":603264971,"properties":{"highway":"service"},"geometry":{"type":"LineString","coordinates":[[101.689531,3.1421813],[101.6893834,3.1420748],[101.6892986,3.1420526],[101.6890347,3.1418606],[101.6889679,3.1417992],[101.6887705,3.1415941],[101.688399,3.141045]]}},{"type":"Feature","id":603281931,"properties":{"highway":"service","oneway":"yes"},"geometry":{"type":"LineString","coordinates":[[101.6893442,3.1408083],[101.6891902,3.1405884]]}},{"type":"Feature","id":603281933,"properties":{"highway":"service","oneway":"yes","surface":"asphalt"},"geometry":{"type":"LineString","coordinates":[[101.6891902,3.1405884],[101.6891655,3.1405764],[101.68914,3.1405723],[101.6891111,3.1405864],[101.6890877,3.1406052],[101.6890729,3.140636],[101.6890756,3.1406815],[101.6891742,3.1408643],[101.6892144,3.1408803],[101.6892559,3.1408784],[101.6893442,3.1408083]]}},{"type":"Feature","id":604097123,"properties":{"building":"roof","layer":"1"},"geometry":{"type":"LineString","coordinates":[[101.6888076,3.1415583],[101.6888448,3.1415545],[101.6888711,3.1415518],[101.6888602,3.141445],[101.6887966,3.1414516],[101.6888076,3.1415583]]}},{"type":"Feature","id":604097126,"properties":{"building":"roof","layer":"1"},"geometry":{"type":"LineString","coordinates":[[101.6886776,3.1412322],[101.6886558,3.1412973],[101.6887621,3.1413326],[101.6887838,3.1412675],[101.6886776,3.1412322]]}},{"type":"Feature","id":604906269,"properties":{"building":"roof","layer":"1"},"geometry":{"type":"LineString","coordinates":[[101.689038,3.1413552],[101.6889703,3.1412773],[101.6890463,3.1412115],[101.689114,3.1412894],[101.689038,3.1413552]]}},{"type":"Feature","id":604906270,"properties":{"building":"roof","layer":"1"},"geometry":{"type":"LineString","coordinates":[[101.6889612,3.1415231],[101.6889049,3.1415312],[101.6888946,3.1414425],[101.6890217,3.1413864],[101.6890877,3.1413573],[101.6890603,3.1414283],[101.6890483,3.1414592],[101.6890162,3.1415416],[101.6889612,3.1415231]]}},{"type":"Feature","id":604906271,"properties":{"building":"roof","layer":"1"},"geometry":{"type":"LineString","coordinates":[[101.6888448,3.1415545],[101.688852,3.1415604],[101.6889008,3.1416005],[101.6888952,3.1416164],[101.6888957,3.141633],[101.6888994,3.1416452],[101.6889059,3.1416574],[101.6889135,3.141667],[101.6889252,3.1416766],[101.6889501,3.1416893],[101.6889801,3.1416954],[101.6890106,3.1416944],[101.6890385,3.1416873],[101.6890606,3.1416732],[101.6890763,3.1416561],[101.6890891,3.141636],[101.6890995,3.1416111],[101.6890714,3.1416043],[101.6890327,3.1415948],[101.6889627,3.1416376],[101.6889546,3.1416405],[101.6889455,3.1416415],[101.6889363,3.1416407],[101.6889284,3.141638],[101.6889217,3.1416339],[101.6889171,3.1416287],[101.6889137,3.1416224],[101.688912,3.1416153],[101.6889123,3.141604],[101.6889168,3.1415881],[101.688875,3.1415549],[101.6888711,3.1415518],[101.6888448,3.1415545]]}},{"type":"Feature","id":604906272,"properties":{"building":"roof","layer":"1"},"geometry":{"type":"LineString","coordinates":[[101.6890327,3.1415948],[101.6890714,3.1416043],[101.6890763,3.14158],[101.6890763,3.1415374],[101.6890691,3.1415029],[101.689059,3.1414744],[101.6890483,3.1414592],[101.6890162,3.1415416],[101.6889612,3.1415231],[101.6889049,3.1415312],[101.6888946,3.1414425],[101.6890217,3.1413864],[101.6890132,3.1413679],[101.688938,3.1413973],[101.6889228,3.1412684],[101.688871,3.1412847],[101.6888971,3.1415439],[101.688875,3.1415549],[101.6889168,3.1415881],[101.6889242,3.1415744],[101.6889348,3.1415657],[101.688951,3.1415592],[101.6889746,3.1415559],[101.6890008,3.1415563],[101.6890146,3.1415617],[101.6890258,3.1415697],[101.6890315,3.1415807],[101.6890327,3.1415948]]}},{"type":"Feature","id":604906273,"properties":{"building":"roof","layer":"1"},"geometry":{"type":"LineString","coordinates":[[101.6888952,3.1416164],[101.6888367,3.1416141],[101.688852,3.1415604],[101.6889008,3.1416005],[101.6888952,3.1416164]]}},{"type":"Feature","id":604906274,"properties":{"building":"roof","layer":"1"},"geometry":{"type":"LineString","coordinates":[[101.6892127,3.1419379],[101.6891697,3.1419178],[101.6891581,3.1418892],[101.6891321,3.1418997],[101.6890977,3.1418152],[101.6891939,3.1417761],[101.6891683,3.1417133],[101.6892202,3.1416922],[101.6892479,3.1417601],[101.6893116,3.1417341],[101.689353,3.1418355],[101.6893091,3.1418534],[101.6893209,3.1418823],[101.689362,3.1418656],[101.6893881,3.1419295],[101.6893529,3.1419439],[101.6893801,3.1420103],[101.6893036,3.1420415],[101.6892542,3.1419209],[101.6892127,3.1419379]]}},{"type":"Feature","id":624121147,"properties":{"building":"yes","height":"205","min_height":"203"},"geometry":{"type":"LineString","coordinates":[[101.689739,3.1371646],[101.6894037,3.1371172],[101.6892991,3.1370664],[101.68932,3.1369199],[101.6894346,3.1368995],[101.6897698,3.1369469],[101.6898792,3.1369994],[101.6898583,3.137146],[101.689739,3.1371646]]}},{"type":"Feature","id":627094402,"properties":{"highway":"service","oneway":"no","service":"driveway"},"geometry":{"type":"LineString","coordinates":[[101.6868926,3.136155],[101.686842,3.1362701]]}},{"type":"Feature","id":659878359,"properties":{"addr:city":"Kuala Lumpur","addr:housenumber":"88","addr:postcode":"50480","addr:street":"Jalan Perdana","building":"yes"},"geometry":{"type":"LineString","coordinates":[[101.6897297,3.1408769],[101.6899588,3.1407905],[101.6899515,3.1407724],[101.6902706,3.1406508],[101.6902767,3.140667],[101.6905044,3.1405819],[101.690398,3.1402979],[101.6901687,3.1403835],[101.6901759,3.1404027],[101.6898566,3.1405244],[101.6898498,3.1405075],[101.6896224,3.1405932],[101.6897297,3.1408769]]}},{"type":"Feature","id":659878360,"properties":{"addr:city":"Kuala Lumpur","addr:street":"Jalan Lembah","building":"yes","email":"info@iamm.org.my","facebook":"https://www.facebook.com/islamicartsmuseummalaysia/","fee":"yes","name":"Muzium Kesenian Islam Malaysia","name:en":"Islamic Arts Museum Malaysia","name:pl":"Muzeum Sztuki Islamskiej","name:zh":"伊斯兰艺术博物馆","opening_hours":"Mo-Su 10:00-18:00","phone":"+60 3 20927070","short_name":"IAMM","start_date":"1998","tourism":"museum","website":"https://www.iamm.org.my/","wikidata":"Q3330187","wikimedia_commons":"Category:Islamic Arts Museum Malaysia","wikipedia":"en:Islamic Arts Museum Malaysia"},"geometry":{"type":"LineString","coordinates":[[101.6893921,3.1408278],[101.6896856,3.1412139],[101.6898188,3.1413893],[101.6900355,3.1412254],[101.6900701,3.1412709],[101.6901643,3.1411996],[101.6903451,3.1414378],[101.6899936,3.1417037],[101.6900102,3.1417257],[101.6899733,3.1417536],[101.6900526,3.1418603],[101.6899031,3.141984],[101.6898752,3.1419472],[101.6896998,3.1420757],[101.6896664,3.1420302],[101.6896276,3.1420586],[101.6895468,3.1419487],[101.6895834,3.1419218],[101.6895513,3.1418781],[101.6895622,3.1418706],[101.6894681,3.1417473],[101.6895585,3.1416785],[101.6893971,3.1414671],[101.6894678,3.1414134],[101.6891596,3.141003],[101.6893921,3.1408278]]}},{"type":"Feature","id":716013739,"properties":{"access":"destination","highway":"service","oneway":"yes","surface":"asphalt"},"geometry":{"type":"LineString","coordinates":[[101.6883283,3.1365188],[101.6884589,3.1366111],[101.6890809,3.1366116],[101.6891634,3.1365413]]}},{"type":"Feature","id":732544733,"properties":{"highway":"unclassified","lanes":"1","name":"Jalan Perdana","old_name":"Jalan Venning;Venning Road","oneway":"yes","surface":"asphalt"},"geometry":{"type":"LineString","coordinates":[[101.6877286,3.1406914],[101.6876426,3.1406969],[101.6875984,3.1406976],[101.6875549,3.1406874]]}},{"type":"Feature","id":732544734,"properties":{"highway":"unclassified","lanes":"1","name":"Jalan Perdana","old_name":"Jalan Venning;Venning Road","oneway":"yes","surface":"asphalt"},"geometry":{"type":"LineString","coordinates":[[101.6876006,3.1407893],[101.6876272,3.1407551],[101.6876547,3.140727],[101.6877286,3.1406914]]}},{"type":"Feature","id":732544735,"properties":{"alt_name":"Jalan Venning;Venning Road","highway":"unclassified","lanes":"1","name":"Jalan Perdana","oneway":"yes","surface":"asphalt"},"geometry":{"type":"LineString","coordinates":[[101.6875074,3.1410812],[101.68753,3.1409352],[101.6875675,3.1408391]]}},{"type":"Feature","id":732544736,"properties":{"alt_name":"Jalan Venning;Venning Road","highway":"unclassified","lanes":"1","name":"Jalan Perdana","oneway":"yes","surface":"asphalt"},"geometry":{"type":"LineString","coordinates":[[101.6874577,3.1408382],[101.6874763,3.1409004],[101.6875074,3.1410812]]}},{"type":"Feature","id":754160570,"properties":{"highway":"service","oneway":"no","service":"driveway","tunnel":"building_passage"},"geometry":{"type":"LineString","coordinates":[[101.686842,3.1362701],[101.6867968,3.1364382]]}},{"type":"Feature","id":773020135,"properties":{"amenity":"fountain","natural":"water","water":"reservoir"},"geometry":{"type":"LineString","coordinates":[[101.6875114,3.1375874],[101.6878644,3.1375908],[101.687865,3.1375166],[101.687512,3.1375087],[101.6875114,3.1375874]]}},{"type":"Feature","id":773020139,"properties":{"building":"yes","layer":"1"},"geometry":{"type":"LineString","coordinates":[[101.6874684,3.1374371],[101.6880419,3.1374664],[101.6880472,3.1374019],[101.6876943,3.1373471],[101.6875445,3.1373303],[101.687502,3.1373595],[101.6874702,3.1374024],[101.6874684,3.1374371]]}},{"type":"Feature","id":773020140,"properties":{"building":"yes","layer":"1"},"geometry":{"type":"LineString","coordinates":[[101.6877615,3.1369644],[101.6878956,3.1369849],[101.6878993,3.1369611],[101.6879601,3.1369704],[101.6879546,3.1369929],[101.6880572,3.1370095],[101.6880481,3.1370702],[101.6877524,3.137024],[101.6877615,3.1369644]]}},{"type":"Feature","id":773020141,"properties":{"amenity":"fountain","natural":"water","water":"reservoir"},"geometry":{"type":"LineString","coordinates":[[101.687246,3.1375035],[101.686971,3.1374981],[101.6869402,3.1375169],[101.686916,3.1375423],[101.686912,3.1375745],[101.6872433,3.1375812],[101.687246,3.1375035]]}},{"type":"Feature","id":773660232,"properties":{"area":"yes","building":"yes","historic":"locomotive","name":"321.01"},"geometry":{"type":"LineString","coordinates":[[101.6880294,3.1380007],[101.6880779,3.1379594],[101.6880927,3.1379768],[101.6880442,3.1380181],[101.6880294,3.1380007]]}},{"type":"Feature","id":773660233,"properties":{"area":"yes","building":"yes","historic":"locomotive","name":"531.01"},"geometry":{"type":"LineString","coordinates":[[101.6879787,3.1383296],[101.6879588,3.1382692],[101.6879805,3.1382621],[101.6880004,3.1383225],[101.6879787,3.1383296]]}},{"type":"Feature","id":773660234,"properties":{"building":"yes","historic":"locomotive","name":"Seri Menanti 22102"},"geometry":{"type":"LineString","coordinates":[[101.6882217,3.1382375],[101.6882252,3.1381002],[101.6882507,3.1380983],[101.6882445,3.1382383],[101.6882217,3.1382375]]}},{"type":"Feature","id":773660235,"properties":{"building":"yes"},"geometry":{"type":"LineString","coordinates":[[101.6894326,3.1377561],[101.68949,3.1377628],[101.6894837,3.1378169],[101.6894262,3.1378102],[101.6894326,3.1377561]]}},{"type":"Feature","id":773663259,"properties":{"access":"yes","amenity":"toilets","building":"yes","charge":"0.20 MYR","fee":"yes","name":"Tandas Awam Teratai","toilets:disposal":"flush","unisex":"yes"},"geometry":{"type":"LineString","coordinates":[[101.6857397,3.140499],[101.6858327,3.1404989],[101.6858329,3.1405997],[101.6857398,3.1405999],[101.6857397,3.140499]]}},{"type":"Feature","id":773663261,"properties":{"highway":"service","service":"parking_aisle"},"geometry":{"type":"LineString","coordinates":[[101.6878999,3.1392163],[101.6876828,3.1392647],[101.6876308,3.1392574],[101.6875631,3.1392478],[101.6871901,3.139325],[101.6870678,3.1394817]]}},{"type":"Feature","id":773663267,"properties":{"amenity":"fountain","leisure":"swimming_pool"},"geometry":{"type":"LineString","coordinates":[[101.6891533,3.1395087],[101.689171,3.1395149],[101.6891842,3.1395025],[101.6891887,3.1394858],[101.6891692,3.1394752],[101.6891453,3.139484],[101.6891444,3.1394972],[101.6891533,3.1395087]]}},{"type":"Feature","id":773663273,"properties":{"building":"public","name":"Planetarium Negara","wikidata":"Q924297","wikimedia_commons":"Category:Planetarium Negara","wikipedia":"en:National Planetarium"},"geometry":{"type":"LineString","coordinates":[[101.6883944,3.1395845],[101.6886172,3.1395698],[101.6886372,3.1395856],[101.6889763,3.1395616],[101.6889976,3.1395826],[101.6892384,3.1395694],[101.6892402,3.139604],[101.6893502,3.139598],[101.6893521,3.1396315],[101.689406,3.1396283],[101.6894025,3.1396324],[101.6893975,3.1396447],[101.6893965,3.139658],[101.6893997,3.1396709],[101.6894068,3.1396822],[101.689417,3.1396907],[101.6894293,3.1396957],[101.6894426,3.1396967],[101.6894569,3.1396929],[101.689469,3.1396844],[101.6894775,3.1396723],[101.6896295,3.1396643],[101.6896274,3.1396252],[101.6896644,3.1396234],[101.689662,3.1395754],[101.6897174,3.1395726],[101.6897158,3.1395416],[101.6897561,3.1395395],[101.6897479,3.1393761],[101.6897056,3.1393782],[101.6897042,3.1393504],[101.6896506,3.139353],[101.6896481,3.1393027],[101.6896232,3.1393041],[101.6896207,3.1392577],[101.6894585,3.1392663],[101.689461,3.1393127],[101.6894354,3.1393142],[101.6894359,3.1393238],[101.6893428,3.1393292],[101.6893452,3.1393701],[101.6892326,3.1393767],[101.6892349,3.1394141],[101.6889866,3.1394286],[101.6889653,3.1394551],[101.6886295,3.139479],[101.6886103,3.1394959],[101.6883895,3.1395105],[101.6883944,3.1395845]]}},{"type":"Feature","id":773666124,"properties":{"building":"yes","name":"Stesen Satelit","name:en":"Micro Satellite Station","name:ms":"Stesen Satelit"},"geometry":{"type":"LineString","coordinates":[[101.6878209,3.1400562],[101.6879026,3.1400374],[101.6878772,3.1399276],[101.6877956,3.1399464],[101.6878209,3.1400562]]}},{"type":"Feature","id":776871993,"properties":{"highway":"tertiary","lanes":"4","name":"Jalan Stesen Sentral 2","name:ms":"Jalan Stesen Sentral 2","oneway":"yes","surface":"asphalt","turn:lanes":"through|through|through|right"},"geometry":{"type":"LineString","coordinates":[[101.6883283,3.1365188],[101.6889995,3.136526]]}},{"type":"Feature","id":776871994,"properties":{"highway":"tertiary","lanes":"4","name":"Jalan Stesen Sentral 2","name:ms":"Jalan Stesen Sentral 2","oneway":"yes","surface":"asphalt"},"geometry":{"type":"LineString","coordinates":[[101.687542,3.1363949],[101.6875947,3.1364166],[101.6876931,3.1364572]]}},{"type":"Feature","id":776875344,"properties":{"bicycle":"no","foot":"no","highway":"primary","lanes":"3","maxspeed":"80","name":"Jalan Damansara","name:ms":"Jalan Damansara","name:zh":"白沙罗路","name:zh-Hans":"白沙罗路","name:zh-Hant":"白沙羅路","oneway":"yes","placement":"right_of:1","surface":"asphalt"},"geometry":{"type":"LineString","coordinates":[[101.6883062,3.1385394],[101.6880254,3.1385799]]}},{"type":"Feature","id":776875345,"properties":{"bicycle":"no","foot":"no","highway":"primary","lanes":"5","maxspeed":"80","name":"Jalan Damansara","name:ms":"Jalan Damansara","name:zh":"白沙罗路","name:zh-Hans":"白沙罗路","name:zh-Hant":"白沙羅路","oneway":"yes","surface":"asphalt"},"geometry":{"type":"LineString","coordinates":[[101.6880254,3.1385799],[101.6878384,3.1386002],[101.6876828,3.1386064],[101.6874491,3.1386106]]}},{"type":"Feature","id":776875346,"properties":{"bicycle":"no","foot":"no","highway":"primary","lanes":"4","maxspeed":"80","name":"Jalan Damansara","name:ms":"Jalan Damansara","name:zh":"白沙罗路","name:zh-Hans":"白沙罗路","name:zh-Hant":"白沙羅路","oneway":"yes","surface":"asphalt"},"geometry":{"type":"LineString","coordinates":[[101.6896361,3.1380791],[101.6893871,3.138185],[101.6890453,3.1383287],[101.6887511,3.1384365],[101.6884126,3.1385185],[101.6883062,3.1385394]]}},{"type":"Feature","id":776877115,"properties":{"bicycle":"no","foot":"no","highway":"primary","lanes":"4","maxspeed":"80","name":"Jalan Damansara","name:ms":"Jalan Damansara","name:zh":"白沙罗路","name:zh-Hans":"白沙罗路","name:zh-Hant":"白沙羅路","oneway":"yes","surface":"asphalt"},"geometry":{"type":"LineString","coordinates":[[101.6874491,3.1386106],[101.6873347,3.1386087],[101.687144,3.1386087],[101.6866803,3.1385893]]}},{"type":"Feature","id":777124786,"properties":{"highway":"secondary","lanes":"3","maxspeed":"50","name":"Jalan Sultan Hishamuddin","name:ms":"Jalan Sultan Hishamuddin","oneway":"yes","surface":"asphalt"},"geometry":{"type":"LineString","coordinates":[[101.6920345,3.138099],[101.6917884,3.1379928],[101.6915687,3.1379216],[101.6908933,3.1377783],[101.6896054,3.1375343],[101.6885265,3.1373252]]}},{"type":"Feature","id":778041327,"properties":{"highway":"service","oneway":"yes","surface":"asphalt"},"geometry":{"type":"LineString","coordinates":[[101.6874293,3.1384008],[101.6874209,3.1385015],[101.6873976,3.1385593],[101.6873347,3.1386087]]}},{"type":"Feature","id":778041328,"properties":{"highway":"service","oneway":"yes","surface":"asphalt"},"geometry":{"type":"LineString","coordinates":[[101.6876828,3.1386064],[101.6874293,3.1384008]]}},{"type":"Feature","id":778051129,"properties":{"bridge":"yes","foot":"no","highway":"primary","lanes":"4","layer":"1","maxspeed":"80","name":"Jalan Damansara","name:ms":"Jalan Damansara","name:zh":"白沙罗路","name:zh-Hans":"白沙罗路","name:zh-Hant":"白沙羅路","oneway":"yes","surface":"asphalt"},"geometry":{"type":"LineString","coordinates":[[101.6903591,3.1375376],[101.6900895,3.1377869],[101.6898782,3.1379305]]}},{"type":"Feature","id":778097555,"properties":{"highway":"secondary","lanes":"4","maxspeed":"50","name":"Jalan Sultan Hishamuddin","name:ms":"Jalan Sultan Hishamuddin","oneway":"yes","surface":"asphalt"},"geometry":{"type":"LineString","coordinates":[[101.6885265,3.1373252],[101.6882534,3.1372724]]}},{"type":"Feature","id":778097556,"properties":{"highway":"secondary","lanes":"5","maxspeed":"50","name":"Jalan Sultan Hishamuddin","name:ms":"Jalan Sultan Hishamuddin","oneway":"yes","surface":"asphalt"},"geometry":{"type":"LineString","coordinates":[[101.6882534,3.1372724],[101.6872777,3.1370888],[101.6872097,3.137076],[101.6868668,3.1370115],[101.6868041,3.1369988]]}},{"type":"Feature","id":805219419,"properties":{"amenity":"shelter","building":"roof","layer":"1"},"geometry":{"type":"LineString","coordinates":[[101.6856628,3.1397244],[101.6857067,3.1397237],[101.6857058,3.1396661],[101.6856618,3.1396669],[101.6856628,3.1397244]]}},{"type":"Feature","id":805219421,"properties":{"highway":"service","surface":"asphalt"},"geometry":{"type":"LineString","coordinates":[[101.6870678,3.1394817],[101.6870935,3.1396258],[101.6873162,3.1404883],[101.6873792,3.1406526],[101.68744,3.1407146]]}},{"type":"Feature","id":805219423,"properties":{"highway":"service","service":"parking_aisle"},"geometry":{"type":"LineString","coordinates":[[101.6872684,3.1395884],[101.6872629,3.1395607],[101.6872559,3.1395258],[101.687604,3.1394485]]}},{"type":"Feature","id":805998061,"properties":{"highway":"unclassified","junction":"roundabout","lanes":"1","oneway":"yes","surface":"asphalt"},"geometry":{"type":"LineString","coordinates":[[101.6875675,3.1408391],[101.6875883,3.140817],[101.6876006,3.1407893]]}},{"type":"Feature","id":806052204,"properties":{"foot":"no","highway":"primary","lanes":"4","maxspeed":"80","name":"Jalan Damansara","name:ms":"Jalan Damansara","name:zh":"白沙罗路","name:zh-Hans":"白沙罗路","name:zh-Hant":"白沙羅路","oneway":"yes","surface":"asphalt"},"geometry":{"type":"LineString","coordinates":[[101.6898782,3.1379305],[101.6897334,3.1380194],[101.6896361,3.1380791]]}},{"type":"Feature","id":806858592,"properties":{"building":"yes"},"geometry":{"type":"LineString","coordinates":[[101.6859376,3.1395411],[101.6859889,3.1395407],[101.6859893,3.1395902],[101.685938,3.1395906],[101.6859376,3.1395411]]}},{"type":"Feature","id":813846074,"properties":{"natural":"wood"},"geometry":{"type":"LineString","coordinates":[[101.687951,3.1388829],[101.6886889,3.138729],[101.6895202,3.1384073],[101.6900105,3.1381088],[101.6899591,3.1383187],[101.6900946,3.1385985],[101.6903001,3.1387943],[101.6905616,3.1388036],[101.6907951,3.1386824],[101.6909445,3.1384119],[101.690899,3.1381286],[101.6907758,3.1379705],[101.6910994,3.1380458],[101.6911148,3.1381621],[101.6913413,3.1382326],[101.6912486,3.1384641],[101.6911509,3.1384235],[101.6911241,3.1386143],[101.6917049,3.1387675],[101.6916402,3.1388699],[101.6918196,3.1391472],[101.6919488,3.1394538],[101.6920247,3.1394378],[101.6920866,3.1395943],[101.6918695,3.1396228],[101.6916915,3.1392585],[101.6915956,3.1390792],[101.6914921,3.1388485],[101.6912387,3.138785],[101.6911687,3.1390554],[101.6910192,3.1389155],[101.6906272,3.1390498],[101.6905728,3.1401559],[101.6894595,3.1405383],[101.6891596,3.1400834],[101.6889563,3.1400509],[101.6885782,3.1403716],[101.6882133,3.1404721],[101.6876062,3.1406353],[101.6874941,3.1405864],[101.6873143,3.1402786],[101.6871415,3.1396817],[101.6876692,3.1395255],[101.6876902,3.1396188],[101.6874194,3.1397727],[101.6873937,3.1398986],[101.6875081,3.1399009],[101.6877369,3.139712],[101.6878747,3.1396841],[101.687856,3.139775],[101.6876949,3.1399615],[101.687765,3.1400758],[101.6878864,3.1401061],[101.6879564,3.1403019],[101.6885285,3.140197],[101.6884935,3.1397167],[101.6888437,3.139719],[101.6890655,3.139726],[101.6894975,3.1399429],[101.6897357,3.1399592],[101.6899202,3.1398216],[101.6900439,3.1395955],[101.6900089,3.139297],[101.6900299,3.1391035],[101.6896656,3.1388797],[101.6892126,3.1389123],[101.6890609,3.1391502],[101.6888507,3.139339],[101.6884188,3.139402],[101.6879518,3.1395698],[101.6879074,3.1390546],[101.687951,3.1388829]]}},{"type":"Feature","id":813846075,"properties":{"natural":"wood"},"geometry":{"type":"LineString","coordinates":[[101.6880615,3.1399854],[101.6882903,3.1399411],[101.6882343,3.139694],[101.6881222,3.139694],[101.6880451,3.1398035],[101.6880615,3.1399854]]}},{"type":"Feature","id":814143081,"properties":{"highway":"service","motor_vehicle":"private","service":"driveway"},"geometry":{"type":"LineString","coordinates":[[101.6898294,3.1395324],[101.6898307,3.139578],[101.6898772,3.1398023]]}},{"type":"Feature","id":823997346,"properties":{"access":"private","highway":"service","layer":"-1","oneway":"yes"},"geometry":{"type":"LineString","coordinates":[[101.6893964,3.1365305],[101.6893877,3.1366147],[101.689328,3.137188],[101.6898124,3.1372529],[101.6901154,3.1372579],[101.6903151,3.1371698],[101.6905182,3.1370268],[101.6905612,3.1369695],[101.6905515,3.1369086],[101.6904903,3.1368108],[101.690117,3.1367027],[101.6900022,3.1367177],[101.6896959,3.1366396],[101.6896456,3.136624],[101.6895819,3.1366006],[101.6895249,3.1365912],[101.6894773,3.1365725],[101.6894379,3.1365226]]}},{"type":"Feature","id":915059454,"properties":{"highway":"service"},"geometry":{"type":"LineString","coordinates":[[101.6882904,3.1408067],[101.6883615,3.1408388],[101.6883688,3.1409178],[101.6883796,3.1409741],[101.6883856,3.1409995],[101.688399,3.141045]]}},{"type":"Feature","id":933230063,"properties":{"highway":"service"},"geometry":{"type":"LineString","coordinates":[[101.6875947,3.1364166],[101.6876779,3.1363686],[101.6878948,3.1364072],[101.6882134,3.1364057],[101.6883051,3.1364093],[101.6883135,3.136183]]}},{"type":"Feature","id":1070248077,"properties":{"area":"yes","bench":"yes","bin":"yes","indoor":"yes","layer":"-3","lit":"yes","public_transport":"platform","railway":"platform","ref":"1","shelter":"yes","tunnel":"yes","wheelchair":"yes"},"geometry":{"type":"LineString","coordinates":[[101.6879065,3.1372658],[101.6879147,3.1372184],[101.6868144,3.1370295],[101.6868063,3.1370769],[101.6879065,3.1372658]]}},{"type":"Feature","id":1070248078,"properties":{"area":"yes","bench":"yes","bin":"yes","indoor":"yes","layer":"-3","lit":"yes","public_transport":"platform","railway":"platform","ref":"2","shelter":"yes","tunnel":"yes","wheelchair":"yes"},"geometry":{"type":"LineString","coordinates":[[101.6879147,3.1372184],[101.6879227,3.1371715],[101.6868225,3.1369826],[101.6868144,3.1370295],[101.6879147,3.1372184]]}},{"type":"Feature","id":1070248080,"properties":{"highway":"service","oneway":"yes"},"geometry":{"type":"LineString","coordinates":[[101.6868668,3.1370115],[101.6868895,3.1368352],[101.6869017,3.1367853],[101.6872301,3.1368378],[101.6872842,3.1368465],[101.6876942,3.1369121],[101.6876429,3.13697],[101.687523,3.1370278],[101.6872777,3.1370888]]}},{"type":"Feature","id":1238273100,"properties":{"access":"private","highway":"service","layer":"-1","oneway":"yes"},"geometry":{"type":"LineString","coordinates":[[101.6890809,3.1366116],[101.6892075,3.1366158],[101.6891655,3.1372337],[101.6883779,3.1371038],[101.6883958,3.1366105],[101.6884589,3.1366111]]}},{"type":"Feature","id":1362896620,"properties":{"highway":"tertiary","lanes":"3","layer":"1","name":"Jalan Stesen Sentral 2","name:ms":"Jalan Stesen Sentral 2","oneway":"yes","surface":"asphalt","turn:lanes":"through|through|right"},"geometry":{"type":"LineString","coordinates":[[101.686318,3.136054],[101.686582,3.1360997]]}},{"type":"Feature","id":1453508349,"properties":{"amenity":"shelter","building":"yes","shelter_type":"gazebo"},"geometry":{"type":"LineString","coordinates":[[101.6873664,3.1396437],[101.6873491,3.139643],[101.6873482,3.1396666],[101.6873655,3.1396673],[101.6873664,3.1396437]]}},{"type":"Feature","id":1462539157,"properties":{"highway":"service","service":"parking_aisle"},"geometry":{"type":"LineString","coordinates":[[101.6890482,3.1378854],[101.689309,3.137931],[101.689323,3.137933],[101.6893371,3.1379256],[101.689372,3.1378044],[101.689148,3.1377495],[101.6891256,3.1377515],[101.6891071,3.1377603],[101.6890482,3.1378854]]}},{"type":"Feature","id":1462818507,"properties":{"highway":"service"},"geometry":{"type":"LineString","coordinates":[[101.6874293,3.1384008],[101.6873499,3.1383745],[101.6872396,3.1383683],[101.6863754,3.1383194]]}},{"type":"Feature","id":1463563659,"properties":{"highway":"service","surface":"asphalt"},"geometry":{"type":"LineString","coordinates":[[101.6894757,3.1407324],[101.6893442,3.1408083]]}},{"type":"Feature","id":1470899773,"properties":{"building":"yes"},"geometry":{"type":"LineString","coordinates":[[101.6880214,3.1375494],[101.6881456,3.1374997],[101.6881752,3.1375734],[101.688051,3.1376231],[101.6880214,3.1375494]]}},{"type":"Feature","id":1470899788,"properties":{"highway":"service"},"geometry":{"type":"LineString","coordinates":[[101.6872097,3.137076],[101.687222,3.1368907],[101.6872301,3.1368378]]}},{"type":"Feature","id":1493873615,"properties":{"highway":"service","motor_vehicle":"designated","oneway":"no","service":"parking_aisle"},"geometry":{"type":"LineString","coordinates":[[101.687208,3.1419196],[101.6872873,3.1417796],[101.6873462,3.1416314]]}},{"type":"Feature","id":1493873617,"properties":{"highway":"service","service":"driveway"},"geometry":{"type":"LineString","coordinates":[[101.6868844,3.14224],[101.6868456,3.1423007],[101.6868408,3.142433]]}},{"type":"Feature","id":1495571244,"properties":{"layer":"-1","name":"Sungai Bras Bras","name:en":"Bras Bras River","name:ms":"Sungai Bras Bras","source:geometry":"HIND 1035 Sheet B/15 2nd Ed Selangor Kuala Lumpur (1943)","source:name":"The Public Gardens (22 Sept 1893) The Selangor Journal Vol II Pg 9","tunnel":"culvert","waterway":"river"},"geometry":{"type":"LineString","coordinates":[[101.6857187,3.1391894],[101.6856819,3.1380897]]}},{"type":"Feature","id":1515133830,"properties":{"amenity":"shelter","bench":"yes","bin":"yes","building":"yes","shelter_type":"weather_shelter"},"geometry":{"type":"LineString","coordinates":[[101.6859934,3.1390456],[101.6859954,3.1389798],[101.6860546,3.1389816],[101.6860525,3.1390474],[101.6859934,3.1390456]]}},{"type":"Feature","id":1551951494,"properties":{"highway":"service","oneway":"yes"},"geometry":{"type":"LineString","coordinates":[[101.6879789,3.1364969],[101.6880006,3.1365707]]}},{"type":"Feature","id":1551951495,"properties":{"highway":"service","oneway":"yes"},"geometry":{"type":"LineString","coordinates":[[101.6878974,3.1364856],[101.6879198,3.1365573]]}},{"type":"Feature","id":1551951496,"properties":{"highway":"service","oneway":"yes"},"geometry":{"type":"LineString","coordinates":[[101.6878188,3.1364747],[101.6878468,3.1365434]]}},{"type":"Feature","id":1559953889,"properties":{"amenity":"shelter","building":"roof"},"geometry":{"type":"LineString","coordinates":[[101.6877739,3.142062],[101.6877968,3.1420689],[101.6878037,3.1420461],[101.6877808,3.1420392],[101.6877739,3.142062]]}},{"type":"Feature","id":1559953890,"properties":{"amenity":"shelter","building":"roof"},"geometry":{"type":"LineString","coordinates":[[101.6878358,3.142158],[101.6878556,3.1421714],[101.687869,3.1421516],[101.6878492,3.1421383],[101.6878358,3.142158]]}},{"type":"Feature","id":1559953899,"properties":{"amenity":"shelter","building":"roof"},"geometry":{"type":"LineString","coordinates":[[101.6880771,3.141061],[101.6880968,3.1410862],[101.688122,3.1410666],[101.6881023,3.1410414],[101.6880771,3.141061]]}},{"type":"Feature","id":472468170,"properties":{"alt_name":"Jalan Venning;Venning Road","highway":"unclassified","lanes":"2","name":"Jalan Perdana","oneway":"no","surface":"asphalt"},"geometry":{"type":"LineString","coordinates":[[101.6870236,3.1428182],[101.687084,3.1425413],[101.6871319,3.1423739],[101.687145,3.142328],[101.6871987,3.142194],[101.6873185,3.1419902],[101.6874584,3.1417547],[101.687493,3.1416633],[101.6875166,3.1415606],[101.6875074,3.1410812]]}},{"type":"Feature","id":480014256,"properties":{"highway":"secondary","lanes":"3","maxheight":"5.5","maxspeed":"50","name":"Jalan Sultan Hishamuddin","name:ms":"Jalan Sultan Hishamuddin","oneway":"yes","sidewalk:left":"separate","sidewalk:right":"no","surface":"asphalt"},"geometry":{"type":"LineString","coordinates":[[101.6858154,3.1366324],[101.6860106,3.136805],[101.6860592,3.1368372],[101.6861968,3.1369195],[101.6863353,3.1369795],[101.6864574,3.1370217],[101.6866623,3.1370633],[101.6874811,3.137206],[101.6882417,3.1373587],[101.6889366,3.1374965],[101.6894365,3.1375965],[101.6896078,3.1376285],[101.6910687,3.1379279],[101.6914955,3.1380276],[101.6916646,3.1380783],[101.6918249,3.1381281],[101.6919475,3.1381834],[101.6920523,3.138243],[101.6921601,3.138326],[101.6922574,3.1384078],[101.6923774,3.1385273],[101.6924507,3.1386169],[101.6925308,3.1387131],[101.6925571,3.138776],[101.6926616,3.1389797],[101.6926902,3.1390381]]}},{"type":"Feature","id":498127497,"properties":{"building":"yes","historic":"memorial","memorial":"building"},"geometry":{"type":"LineString","coordinates":[[101.6867316,3.14225],[101.6867297,3.1423318],[101.6867291,3.1423555],[101.6866414,3.1423534],[101.6865257,3.1423506],[101.6865222,3.1424974],[101.6866343,3.1425001],[101.6867266,3.1425023],[101.6867261,3.1425227],[101.686724,3.142612],[101.6865522,3.1426079],[101.6865506,3.1426722],[101.6865717,3.1426727],[101.6865692,3.1427772],[101.6865024,3.1427756],[101.6865038,3.1427174],[101.6864375,3.1427159],[101.6864429,3.1424937],[101.6864113,3.142493],[101.6864146,3.1423566],[101.6864524,3.1423575],[101.6864551,3.1422434],[101.6867316,3.14225]]}},{"type":"Feature","id":804326761,"properties":{"highway":"service","service":"driveway"},"geometry":{"type":"LineString","coordinates":[[101.6868408,3.142433],[101.6868354,3.1425823],[101.6868385,3.1426568],[101.6868573,3.1427147]]}},{"type":"Feature","id":813284965,"properties":{"building":"yes"},"geometry":{"type":"LineString","coordinates":[[101.6866343,3.1425001],[101.6866414,3.1423534],[101.6867291,3.1423555],[101.6867297,3.1423318],[101.6867715,3.1423288],[101.6867699,3.1424303],[101.6867685,3.1425206],[101.6867261,3.1425227],[101.6867266,3.1425023],[101.6866343,3.1425001]]}},{"type":"Feature","id":813846079,"properties":{"natural":"wood"},"geometry":{"type":"LineString","coordinates":[[101.6887071,3.1403884],[101.6883128,3.1405571],[101.6877576,3.140766],[101.6875832,3.1410178],[101.6876047,3.1415239],[101.6875483,3.141765],[101.6873928,3.1419685],[101.6871742,3.1423743],[101.687079,3.142768],[101.6874525,3.1429967],[101.6876619,3.1425987],[101.6874512,3.1425864],[101.6874169,3.1422658],[101.6876851,3.141848],[101.6878495,3.141115],[101.6879882,3.1408705],[101.6881867,3.1407232],[101.6885139,3.1406294],[101.6887151,3.1404821],[101.6887071,3.1403884]]}}]}