{"type":"FeatureCollection","features":[{"type":"Feature","id":842924350,"properties":{"check_date":"2026-09-25","email":"co.borsparken@choice.no","name":"Comfort Hotel Boersparken","phone":"+4722471717","tourism":"hotel","wheelchair":"limited"},"geometry":{"type":"Point","coordinates":[10.747428,59.909369]}},{"type":"Feature","id":315230164,"properties":{"amenity":"restaurant","check_date":"2026-09-25","cuisine":"italian","diet:vegetarian":"yes","email":"baltazar@baltazar.no","fax":"+47 23357061","indoor_seating":"yes","name":"Baltazar","opening_hours":"Mo-Sa 11:00-22:00","outdoor_seating":"yes","phone":"+47 23357060","toilets":"yes","website":"https://baltazar.no/","wheelchair":"no"},"geometry":{"type":"Point","coordinates":[10.747452,59.912017]}},{"type":"Feature","id":315230165,"properties":{"amenity":"pub","check_date":"2025-07-07","indoor_seating":"yes","name":"Sir Winston","outdoor_seating":"yes","payment:credit_cards":"yes","payment:debit_cards":"yes","smoking":"outside","wheelchair":"limited"},"geometry":{"type":"Point","coordinates":[10.746518,59.911778]}},{"type":"Feature","id":496107674,"properties":{"amenity":"bicycle_rental","bicycle_rental":"docking_station","brand":"Oslo Bysykkel","brand:wikidata":"Q7107010","brand:wikipedia":"en:Oslo Bysykkel","capacity":"12","description":"10-Kirkeristen Øst (mot Storgt.)","network":"Oslo Bysykkel","network:wikidata":"Q7107010","network:wikipedia":"en:Oslo Bysykkel","operator":"UIP Oslo Bysykkel AS","operator:type":"private","ref":"10","source":"survey"},"geometry":{"type":"Point","coordinates":[10.7468904,59.9130152]}},{"type":"Feature","id":667447334,"properties":{"brand":"Citybox","check_date":"2026-07-24","email":"oslo@cityboxhotels.com","internet_access":"yes","name":"Citybox Oslo","operator":"Citybox","phone":"+4721420480","rooms":"341","tourism":"hotel","website":"https://cityboxhotels.com/hotels/oslo/citybox-oslo"},"geometry":{"type":"Point","coordinates":[10.747243,59.910347]}},{"type":"Feature","id":836596664,"properties":{"air_conditioning":"no","check_date":"2026-09-25","internet_access":"wlan","internet_access:fee":"no","name":"Thon Hotel Astoria","tourism":"hotel","website":"https://www.thonhotels.no/hoteller/land/norge/oslo/thon-hotel-astoria/","wheelchair":"no"},"geometry":{"type":"Point","coordinates":[10.746797,59.911152]}},{"type":"Feature","id":1263212467,"properties":{"amenity":"cafe","cuisine":"cake;coffee_shop;french;tea","email":"tollbugata@pascal.no","name":"Pascal","opening_hours":"Mo-Sa 11:00-17:00","operator":"Pascal","phone":"+47 22421119","shop":"confectionery","website":"https://www.pascal.no/restauranter/tollbugata-11/","website:menu":"https://www.pascal.no/restauranter/tollbugata-11/lunsj-og-middagsmeny-u47-1/"},"geometry":{"type":"Point","coordinates":[10.7463081,59.9099938]}},{"type":"Feature","id":1319170994,"properties":{"amenity":"bicycle_parking","bicycle_parking":"stands","capacity":"5","covered":"no","operator":"Privat","oslokommune:Annet":"Løse","oslokommune:Bydel":"Sentrum","oslokommune:Regulering":"Byggeområde;bolig, forretning, kontor","oslokommune:Type_stativ":"Bøyle","oslokommune:iid":"340","source":"Bymiljøetaten","start_date":"0"},"geometry":{"type":"Point","coordinates":[10.746296,59.91025]}},{"type":"Feature","id":1319171219,"properties":{"amenity":"bicycle_parking","bicycle_parking":"stands","capacity":"4","covered":"no","description":"v Kirkeristen","operator":"Samferdselsetaten","oslokommune:Bydel":"Sentrum","oslokommune:Regulering":"Fortau","oslokommune:Type_stativ":"Cyclus","oslokommune:iid":"62","source":"Bymiljøetaten","start_date":"0"},"geometry":{"type":"Point","coordinates":[10.74701,59.91286]}},{"type":"Feature","id":1328761489,"properties":{"amenity":"cafe","check_date":"2024-06-15","name":"Cafe Bacchus","wheelchair":"no"},"geometry":{"type":"Point","coordinates":[10.747876,59.912617]}},{"type":"Feature","id":1883751170,"properties":{"amenity":"cafe","branch":"Karl Johans gate 7, Arkaden","brand":"Kaffebrenneriet","cuisine":"coffee_shop","diet:vegetarian":"yes","name":"Kaffebrenneriet avd Arkaden","opening_hours":"Mo-Fr 07:00-20:00; Sa 09:00-18:00","operator":"Kaffebrenneriet","phone":"+47 95262679","ref:kaffebrenneriet":"140","website":"https://kaffebrenneriet.no/butikkene/karl-johans-gate-7","wheelchair":"limited"},"geometry":{"type":"Point","coordinates":[10.747882,59.911668]}},{"type":"Feature","id":1883877606,"properties":{"amenity":"cafe","cuisine":"cake;coffee_shop;french;tea","email":"post@pascal.no","indoor_seating":"yes","name":"Pascal kaffebar","opening_hours":"Mo-Fr 07:30-17:00; Sa 09:00-17:00; Su 10:00-17:00","operator":"Pascal","outdoor_seating":"yes","phone":"+47 22 41 97 99","website":"https://www.pascal.no/restauranter/tollbugata-11-kaffebar/"},"geometry":{"type":"Point","coordinates":[10.746171,59.910029]}},{"type":"Feature","id":2785920497,"properties":{"amenity":"restaurant","check_date":"2026-09-25","cuisine":"thai","diet:vegan":"yes","diet:vegetarian":"yes","name":"Risbolle","opening_hours":"Mo-Sa 11:00-22:00; Su 13:30-21:00","website":"https://www.risbolle.no/"},"geometry":{"type":"Point","coordinates":[10.746947,59.910916]}},{"type":"Feature","id":2969227093,"properties":{"amenity":"restaurant","check_date:opening_hours":"2024-02-16","cuisine":"indian","diet:vegan":"yes","diet:vegetarian":"yes","diet:vegetarian:description:en":"Few choices with own menu chapter","name":"Mantra by Mr. India","opening_hours":"Mo-Sa 16:00-21:30","phone":"+4722414200","website":"https://mantra.no/"},"geometry":{"type":"Point","coordinates":[10.74671,59.911053]}},{"type":"Feature","id":4736654424,"properties":{"branch":"Storgata","brand":"Kid","brand:wikidata":"Q109628199","check_date":"2026-07-25","contact:phone":"+47 94 02 60 06","name":"Kid Storgata","opening_hours":"Mo-Fr 10:00-20:00; Sa 10:00-19:00","ref:kid":"19000","shop":"interior_decoration","website":"https://www.kid.no/finn-butikk/storgata","wheelchair":"yes"},"geometry":{"type":"Point","coordinates":[10.7474418,59.9129943]}},{"type":"Feature","id":4736654425,"properties":{"check_date":"2026-07-25","check_date:opening_hours":"2026-07-25","name":"Bagorama","opening_hours":"Mo-Fr 09:00-19:00; Sa 10:00-18:00; Su off","shop":"bag"},"geometry":{"type":"Point","coordinates":[10.7476756,59.9129392]}},{"type":"Feature","id":5834790615,"properties":{"access":"yes","amenity":"motorcycle_parking","capacity":"2","covered":"no","fee":"no","name":"MC Parking"},"geometry":{"type":"Point","coordinates":[10.7466996,59.9109704]}},{"type":"Feature","id":5865173838,"properties":{"name":"Befabulous","shop":"beauty"},"geometry":{"type":"Point","coordinates":[10.7469274,59.9108677]}},{"type":"Feature","id":6690837306,"properties":{"amenity":"fountain","covered":"no","drinking_water":"yes","drinking_water:seasonal":"yes","historic":"yes","image":"https://photos.app.goo.gl/6Vru5BQ79fUbZCQ66"},"geometry":{"type":"Point","coordinates":[10.7472929,59.9128307]}},{"type":"Feature","id":7073921227,"properties":{"female:signed":"no","male:signed":"no","name":"HOPE Hair","phone":"+47 22414140","shop":"hairdresser","website":"https://hopehair.no/"},"geometry":{"type":"Point","coordinates":[10.74587,59.910651]}},{"type":"Feature","id":7119960772,"properties":{"check_date":"2026-07-25","check_date:opening_hours":"2026-07-25","name":"Ambiente","opening_hours":"Mo-Fr 10:00-18:00; Sa 10:00-16:00","shop":"clothes","website":"https://ambiente.no/om-oss/karl-johan/"},"geometry":{"type":"Point","coordinates":[10.7466347,59.91197]}},{"type":"Feature","id":7119960773,"properties":{"name":"Carl Heftye","opening_hours":"Mo-Fr 09:00-17:00; Sa 10:00-16:00","phone":"+47 22 42 50 54","shop":"greengrocer","website":"https://m.facebook.com/CarlHeftye/about/"},"geometry":{"type":"Point","coordinates":[10.7470403,59.9118537]}},{"type":"Feature","id":7119960774,"properties":{"check_date":"2025-07-07","name":"Kondomeriet","opening_hours":"Mo-Fr 10:00-19:00; Sa 10:00-18:00","shop":"erotic"},"geometry":{"type":"Point","coordinates":[10.7468303,59.9117259]}},{"type":"Feature","id":7119960780,"properties":{"brand":"Flying Tiger Copenhagen","brand:wikidata":"Q2786319","brand:wikipedia":"en:Flying Tiger Copenhagen","check_date":"2026-05-08","name":"Flying Tiger Copenhagen","shop":"variety_store","short_name":"Flying Tiger"},"geometry":{"type":"Point","coordinates":[10.7478348,59.9117531]}},{"type":"Feature","id":7119960781,"properties":{"anime:costume":"yes","anime:gift":"yes","anime:manga":"yes","anime:video":"yes","check_date":"2026-05-08","facebook":"https://www.facebook.com/neotokyo.no/","name":"Neo Tokyo","opening_hours":"Mo-Fr 10:00-20:00; Sa 10:00-18:00; PH off","opening_hours:url":"https://www.neo-tokyo.no/","operator":"New Japan Trading AS","payment:apple_pay":"yes","payment:bankaxept":"yes","payment:cash":"yes","payment:google_pay":"yes","payment:maestro":"yes","payment:maestro_contactless":"yes","payment:mastercard":"yes","payment:mastercard_contactless":"yes","payment:mastercard_debit":"yes","payment:samsung_pay":"yes","payment:visa":"yes","payment:visa_contactless":"yes","payment:visa_debit":"yes","payment:visa_electron":"yes","phone":"+47 21 09 59 90","shop":"anime","website":"https://www.neo-tokyo.no/"},"geometry":{"type":"Point","coordinates":[10.747898,59.911716]}},{"type":"Feature","id":7575141341,"properties":{"artwork_type":"sculpture","image":"https://photos.app.goo.gl/orNBamFxnWpL7E1Y9","mapillary":"849967482258551","tourism":"artwork"},"geometry":{"type":"Point","coordinates":[10.7464045,59.9123422]}},{"type":"Feature","id":7575141349,"properties":{"artwork_type":"sculpture","image":"https://photos.app.goo.gl/BAV1SfWPxhi4BZ2s8","mapillary":"222084242682400","name":"Pomona","tourism":"artwork"},"geometry":{"type":"Point","coordinates":[10.7473709,59.9121254]}},{"type":"Feature","id":7575141354,"properties":{"amenity":"bbq","covered":"no","fuel":"wood","image":"https://photos.app.goo.gl/koFeDrnnan2EHPCXA","mapillary":"492173895535220","wood_provided":"no"},"geometry":{"type":"Point","coordinates":[10.7472076,59.91208]}},{"type":"Feature","id":8245857771,"properties":{"email":"kontakt@yne.no","name":"Yne","office":"it","phone":"+47 922 16 752","website":"https://yne.no/"},"geometry":{"type":"Point","coordinates":[10.746985,59.911716]}},{"type":"Feature","id":8936035283,"properties":{"amenity":"bar","check_date":"2025-07-07","indoor_seating":"yes","min_age":"20","name":"The Wild Rover","opening_hours":"Mo-Su 13:00-23:00","outdoor_seating":"yes","toilets:wheelchair":"yes","wheelchair":"limited"},"geometry":{"type":"Point","coordinates":[10.747298,59.911629]}},{"type":"Feature","id":9239012329,"properties":{"amenity":"community_centre","check_date:opening_hours":"2024-06-15","community_centre":"meeting_room","community_centre:for":"press","name":"Pressens Hus","opening_hours:signed":"no","website":"https://pressenshus.no/","wheelchair":"no"},"geometry":{"type":"Point","coordinates":[10.7478254,59.9105483]}},{"type":"Feature","id":9720937317,"properties":{"amenity":"restaurant","cuisine":"italian","indoor_seating":"yes","name":"Rent mel","opening_hours":"Tu-Sa 07:30-22:00; Su,Mo 07:30-21:00","outdoor_seating":"no","source":"survey","website":"https://www.rentmeloslo.no"},"geometry":{"type":"Point","coordinates":[10.7471673,59.9103814]}},{"type":"Feature","id":9775372795,"properties":{"air_conditioning":"yes","amenity":"restaurant","check_date":"2026-08-15","diet:halal":"yes","diet:kosher":"yes","diet:vegan":"yes","diet:vegetarian":"yes","indoor_seating":"yes","name":"Spor av Nord","opening_hours":"Mo-Su 08:00-19:00; PH 08:00-15:00","outdoor_seating":"no","payment:credit_cards":"yes","payment:debit_cards":"yes","smoking":"no","website":"https://www.sporavnord.no/","wheelchair":"yes"},"geometry":{"type":"Point","coordinates":[10.746587,59.909927]}},{"type":"Feature","id":9837867556,"properties":{"amenity":"restaurant","name":"Esaias Vinbar","website":"https://esaiasmatogvin.no/"},"geometry":{"type":"Point","coordinates":[10.747446,59.912788]}},{"type":"Feature","id":10858331889,"properties":{"check_date":"2026-05-08","name":"Scandinavian Diamond Exchange","phone":"+4722417474","shop":"jewelry","website":"https://sde.no/"},"geometry":{"type":"Point","coordinates":[10.7471286,59.9118367]}},{"type":"Feature","id":10990421622,"properties":{"amenity":"bicycle_rental","bicycle_rental":"docking_station","capacity":"18"},"geometry":{"type":"Point","coordinates":[10.7472683,59.9113673]}},{"type":"Feature","id":10990421623,"properties":{"amenity":"bicycle_rental","bicycle_rental":"docking_station","capacity":"39","check_date":"2025-07-07"},"geometry":{"type":"Point","coordinates":[10.7478439,59.9119459]}},{"type":"Feature","id":11182963738,"properties":{"amenity":"bench"},"geometry":{"type":"Point","coordinates":[10.7467416,59.9105133]}},{"type":"Feature","id":11182963739,"properties":{"amenity":"bench"},"geometry":{"type":"Point","coordinates":[10.7466946,59.9105225]}},{"type":"Feature","id":11182965837,"properties":{"amenity":"waste_basket"},"geometry":{"type":"Point","coordinates":[10.7469325,59.9105658]}},{"type":"Feature","id":11182965937,"properties":{"amenity":"waste_basket"},"geometry":{"type":"Point","coordinates":[10.7470503,59.9105309]}},{"type":"Feature","id":11182966037,"properties":{"amenity":"waste_basket"},"geometry":{"type":"Point","coordinates":[10.7463583,59.9106952]}},{"type":"Feature","id":11182966038,"properties":{"amenity":"waste_basket"},"geometry":{"type":"Point","coordinates":[10.7477637,59.9103585]}},{"type":"Feature","id":11182966137,"properties":{"amenity":"waste_basket"},"geometry":{"type":"Point","coordinates":[10.747225,59.9104235]}},{"type":"Feature","id":11244164210,"properties":{"check_date":"2023-10-06","name":"Livid","opening_hours":"Mo-Sa 10:00-18:00","shop":"clothes","wheelchair":"no"},"geometry":{"type":"Point","coordinates":[10.747328,59.9105527]}},{"type":"Feature","id":11378298577,"properties":{"name":"Vi Tre Kiosk","shop":"kiosk"},"geometry":{"type":"Point","coordinates":[10.7464115,59.909796]}},{"type":"Feature","id":11896718120,"properties":{"amenity":"pharmacy","branch":"Torggata","brand":"Apotek 1","brand:wikidata":"Q4581428","brand:wikipedia":"no:Apotek 1","check_date":"2026-07-27","check_date:opening_hours":"2026-07-27","email":"apotek1.torggata@apotek1.no","healthcare":"pharmacy","name":"Apotek 1 Torggata","opening_hours":"Mo-Fr 09:00-18:00; Sa 10:00-16:00","phone":"+47 24 15 50 50","ref:apotek1":"772","wheelchair":"yes"},"geometry":{"type":"Point","coordinates":[10.7470469,59.9131018]}},{"type":"Feature","id":11896721449,"properties":{"amenity":"bicycle_parking","bicycle_parking":"stands","capacity":"18","covered":"no"},"geometry":{"type":"Point","coordinates":[10.7470966,59.9128942]}},{"type":"Feature","id":12656859301,"properties":{"check_date":"2025-07-07","email":"bonjour@mendelsoslo.com","indoor_seating":"yes","name":"Mendel’s","opening_hours":"Su-Th 10:00-18:00; Fr-Sa 10:00-20:00","outdoor_seating":"no","phone":"+47 90 56 97 96","shop":"bakery","website":"https://www.mendelsoslo.com/"},"geometry":{"type":"Point","coordinates":[10.7468614,59.911727]}},{"type":"Feature","id":12974818630,"properties":{"amenity":"restaurant","name":"Nils Bar & Cafe","opening_hours":"Mo-Su 13:00-03:30","phone":"+47 22 33 42 20"},"geometry":{"type":"Point","coordinates":[10.7467687,59.9106897]}},{"type":"Feature","id":12986642178,"properties":{"amenity":"waste_basket"},"geometry":{"type":"Point","coordinates":[10.7476594,59.9123347]}},{"type":"Feature","id":12986681886,"properties":{"amenity":"bench","backrest":"yes"},"geometry":{"type":"Point","coordinates":[10.746154,59.912127]}},{"type":"Feature","id":12986709359,"properties":{"amenity":"waste_basket"},"geometry":{"type":"Point","coordinates":[10.7475924,59.9122678]}},{"type":"Feature","id":13641108001,"properties":{"email":"hello@hobohotel.no","internet_access":"wlan","name":"Hobo Hotel","phone":"+47 21 95 33 00","tourism":"hotel","website":"https://hobohotel.no/"},"geometry":{"type":"Point","coordinates":[10.7469561,59.9112809]}},{"type":"Feature","id":13734736463,"properties":{"access":"yes","amenity":"bicycle_parking","bicycle_parking":"stands","capacity":"12","check_date":"2026-04-15","covered":"no","fee":"no"},"geometry":{"type":"Point","coordinates":[10.7473454,59.9104987]}},{"type":"Feature","id":13734745110,"properties":{"amenity":"bicycle_parking","bicycle_parking":"stands","capacity":"20","covered":"no","fee":"no"},"geometry":{"type":"Point","coordinates":[10.7462279,59.9107409]}},{"type":"Feature","id":13889660658,"properties":{"artist:wikidata":"Q12716027","artist_name":"Kari-Lena Flåten","artwork_type":"sculpture","image":"https://photos.app.goo.gl/J93wZL4NX7dT31Bg6","material":"bronze","name":"MELTING THE FROST AWAY","panoramax":"56437ff1-65d9-4a87-a4e8-1f1451dcac40","start_date":"2026","tourism":"artwork"},"geometry":{"type":"Point","coordinates":[10.7469209,59.9117321]}},{"type":"Feature","id":13924380531,"properties":{"board_type":"notice","image":"https://photos.app.goo.gl/XTR34KbDtDwzVWqF9","information":"board","name":"Jernrosene","name:pl":"Żelazne Róże","tourism":"information","url":"https://www.kongehuset.no/nyheter/jernroser-ved-domkirken"},"geometry":{"type":"Point","coordinates":[10.7463031,59.9123932]}},{"type":"Feature","id":13924380539,"properties":{"artwork_type":"graffiti","covered":"yes","image":"https://photos.app.goo.gl/ZRLsaGcXJuY1oHZa6","name":"Eat Good Food Mood","tourism":"artwork","url":"https://streetartcities.com/cities/oslo/markers/6964"},"geometry":{"type":"Point","coordinates":[10.7463227,59.9118474]}},{"type":"Feature","id":13924380540,"properties":{"artwork_type":"graffiti","image":"https://photos.app.goo.gl/93LwFadggA8iaTbQA","name":"Rise & Shine","tourism":"artwork","url":"https://streetartcities.com/cities/oslo/markers/6962"},"geometry":{"type":"Point","coordinates":[10.746244,59.9117372]}},{"type":"Feature","id":14132607194,"properties":{"name":"GRIT OSLO","shop":"hairdresser","source":"survey"},"geometry":{"type":"Point","coordinates":[10.747139,59.9103883]}},{"type":"Feature","id":14132607195,"properties":{"amenity":"doctors","healthcare":"doctor","name":"Apotek Dronningen","source":"survey"},"geometry":{"type":"Point","coordinates":[10.7470429,59.9104177]}},{"type":"Feature","id":14214269351,"properties":{"amenity":"restaurant","cuisine":"italian","diet:vegan":"no","diet:vegetarian":"yes","name":"Posteria","opening_hours":"Tu-Sa 13:00-22:00; Su 12:00-20:00","website":"https://posteria.no/"},"geometry":{"type":"Point","coordinates":[10.7460338,59.9104639]}},{"type":"Feature","id":14214269352,"properties":{"amenity":"bench","backrest":"yes"},"geometry":{"type":"Point","coordinates":[10.7461893,59.9102331]}},{"type":"Feature","id":14214269353,"properties":{"amenity":"bench","backrest":"yes"},"geometry":{"type":"Point","coordinates":[10.7462079,59.9102545]}},{"type":"Feature","id":14214269354,"properties":{"amenity":"bench","backrest":"yes"},"geometry":{"type":"Point","coordinates":[10.7462909,59.9103378]}},{"type":"Feature","id":14214269355,"properties":{"beauty":"nails;waxing;cosmetics;eyelash;eyebrow","name":"Salong S&M","shop":"beauty","website":"https://sandm.no/"},"geometry":{"type":"Point","coordinates":[10.7463252,59.9102247]}},{"type":"Feature","id":14214269356,"properties":{"name":"La Luna lærverksted","shop":"leather"},"geometry":{"type":"Point","coordinates":[10.7464561,59.9099674]}},{"type":"Feature","id":441543699,"properties":{"artist_name":"Joseph Grimeland","artwork_type":"statue","description":"Kirsten Målfrid Flagstad (1895 – 1962) was a Norwegian opera singer and a highly regarded Wagnerian soprano. (wikiedia)","historic":"monument","image":"https://photos.app.goo.gl/2tuZvgAoPaiU6BpB8","mapillary":"1183546405420652","material":"metal","name":"Kirsten Flagstad","panoramax":"acdf25d8-888d-4358-8488-5982ae0765b0","start_date":"1932","subject:wikidata":"Q234380","subject:wikipedia":"en:Kirsten Flagstad","tourism":"artwork"},"geometry":{"type":"Point","coordinates":[10.7513208,59.9085356]}},{"type":"Feature","id":1276194642,"properties":{"artwork_type":"sculpture","image":"https://photos.app.goo.gl/qJ2HgKNEziJ66u8P6","name":"Bretagne","tourism":"artwork"},"geometry":{"type":"Point","coordinates":[10.748669,59.9093823]}},{"type":"Feature","id":1319170932,"properties":{"amenity":"bicycle_parking","bicycle_parking":"stands","capacity":"40","covered":"no","operator:type":"public","oslokommune:Bydel":"Sentrum","oslokommune:Regulering":"Parkering/møbleringssone","oslokommune:Type_stativ":"Eget design","oslokommune:iid":"358","source":"Bymiljøetaten"},"geometry":{"type":"Point","coordinates":[10.753322,59.908001]}},{"type":"Feature","id":1319170964,"properties":{"amenity":"bicycle_parking","bicycle_parking":"stands","capacity":"27","covered":"no","description":"Thon Hotell","operator":"Privat","oslokommune:Bydel":"Sentrum","oslokommune:Regulering":"felles avkjøring/ gangadkomst","oslokommune:Type_stativ":"Publicus","oslokommune:iid":"235","source":"Bymiljøetaten","start_date":"0"},"geometry":{"type":"Point","coordinates":[10.753617,59.909254]}},{"type":"Feature","id":1319170983,"properties":{"amenity":"bicycle_parking","bicycle_parking":"wall_loops","capacity":"9","covered":"no","operator":"Ansvar ikke kjent","oslokommune:Bydel":"Sentrum","oslokommune:Regulering":"Byggeomr. kontorer, forretn. hotell, bevertning","oslokommune:Type_stativ":"Publicus","oslokommune:iid":"328","source":"Bymiljøetaten","start_date":"0"},"geometry":{"type":"Point","coordinates":[10.752265,59.909632]}},{"type":"Feature","id":1770691728,"properties":{"access":"yes","amenity":"charging_station","brand":"Recharge","brand:wikidata":"Q126540050","capacity":"8","description":"Innkjøring til parkeringshus fra Havnegata ved siden av Thon Hotel Opera. Tilgang og betaling med SMS eller bruk av Recharges ladekort eller Elbilforeningens ladebrikke for faktura. Mer info: https://recharge.com/no/","fee":"yes","fixme":"Still there? Replaced by different brand?","name":"Recharge OnePark Oslo S","opening_hours":"24/7","operator":"Recharge","parking:fee":"yes","ref:nobil":"48","ref:recharge":"407","socket:type2":"8","socket:type2:output":"22kW","source":"nobil.no"},"geometry":{"type":"Point","coordinates":[10.7541024,59.9093724]}},{"type":"Feature","id":3531402632,"properties":{"amenity":"waste_basket"},"geometry":{"type":"Point","coordinates":[10.7517382,59.9078571]}},{"type":"Feature","id":3531402635,"properties":{"amenity":"bicycle_parking","bicycle_parking":"stands","capacity":"30","covered":"no"},"geometry":{"type":"Point","coordinates":[10.7490334,59.9081058]}},{"type":"Feature","id":3531404197,"properties":{"amenity":"waste_basket"},"geometry":{"type":"Point","coordinates":[10.7513952,59.9082369]}},{"type":"Feature","id":3548409599,"properties":{"access":"yes","amenity":"bicycle_parking","bicycle_parking":"stands","capacity":"40","covered":"no","fee":"no"},"geometry":{"type":"Point","coordinates":[10.7498971,59.9086294]}},{"type":"Feature","id":4338670109,"properties":{"artist:wikidata":"Q220136","artist_name":"Giambologna","artwork_type":"statue","image":"https://photos.app.goo.gl/Q4roYzTPrpM2secx9","material":"bronze","name":"Merkur","name:en":"Mercury","start_date":"1911","statue":"mythology","tourism":"artwork"},"geometry":{"type":"Point","coordinates":[10.7480951,59.9091502]}},{"type":"Feature","id":5879021386,"properties":{"name:en":"Fred. Olsen","office":"company"},"geometry":{"type":"Point","coordinates":[10.7481492,59.9096571]}},{"type":"Feature","id":6368904985,"properties":{"amenity":"restaurant","branch":"Bjørvika","brand":"Døgnvill Burger","check_date":"2026-03-07","contact:facebook":"https://www.facebook.com/Dognvillburger","contact:instagram":"https://www.instagram.com/dognvillburger","cuisine":"burger","diet:vegan":"yes","diet:vegetarian":"yes","email":"post@dognvillbjorvika.no","name":"Døgnvill Burger","opening_hours":"Aug 03-Jul 05: Mo-Th 11:30-22:00; Fr 11:30-23:00; Sa 12:00-23:00; Su 13:00-22:00; Jul 06 off; Jul 07-Aug 02: Mo-Th 12:00-22:30; Fr-Sa 12:00-23:00; Su 13:00-22:00","opening_hours:kitchen":"Aug 03-Jul 05: Mo-Th 11:30-21:00; Fr 11:30-22:00; Sa 12:00-22:00; Su 13:00-21:00; Jul 06 off; Jul 07-Aug 02: Mo-Th 12:00-21:30; Fr-Sa 12:00-22:00; Su 13:00-21:00","phone":"+47 22 17 60 00","website":"https://www.dognvillburger.no"},"geometry":{"type":"Point","coordinates":[10.7537186,59.9082267]}},{"type":"Feature","id":7247502541,"properties":{"amenity":"bench","backrest":"yes"},"geometry":{"type":"Point","coordinates":[10.7495233,59.9082695]}},{"type":"Feature","id":7247502542,"properties":{"amenity":"bench","backrest":"yes"},"geometry":{"type":"Point","coordinates":[10.7496559,59.9083138]}},{"type":"Feature","id":7247502543,"properties":{"amenity":"bench","backrest":"yes"},"geometry":{"type":"Point","coordinates":[10.7496994,59.9083337]}},{"type":"Feature","id":7247502544,"properties":{"amenity":"bench","backrest":"yes"},"geometry":{"type":"Point","coordinates":[10.749745,59.9083535]}},{"type":"Feature","id":7247502545,"properties":{"amenity":"bench","backrest":"yes"},"geometry":{"type":"Point","coordinates":[10.7499027,59.9084918]}},{"type":"Feature","id":7247502546,"properties":{"amenity":"bench","backrest":"yes"},"geometry":{"type":"Point","coordinates":[10.7499192,59.9085133]}},{"type":"Feature","id":7575141382,"properties":{"artist_name":"Martin Puryear","artwork_type":"sculpture","image":"https://photos.app.goo.gl/kGzKA1bgfeuDnLRr9","mapillary":"481244396444625","material":"granite","name":"Skapning fra Iddefjord","name:en":"Creature from Iddefjord","tourism":"artwork"},"geometry":{"type":"Point","coordinates":[10.7515555,59.9088529]}},{"type":"Feature","id":7725508978,"properties":{"amenity":"restaurant","bar":"yes","check_date":"2026-07-18","indoor_seating":"yes","name":"Centropa","opening_hours":"Mo-Fr 11:00-15:30, Sa 12:00-16:30, Tu-Sa 16:30-23:00","outdoor_seating":"yes"},"geometry":{"type":"Point","coordinates":[10.7519428,59.9086788]}},{"type":"Feature","id":7725508980,"properties":{"amenity":"bench","backrest":"yes"},"geometry":{"type":"Point","coordinates":[10.7520089,59.9087889]}},{"type":"Feature","id":7725508981,"properties":{"amenity":"bicycle_parking","bicycle_parking":"stands","capacity":"48","covered":"no"},"geometry":{"type":"Point","coordinates":[10.7519913,59.908831]}},{"type":"Feature","id":7725508982,"properties":{"access":"yes","amenity":"bicycle_parking","bicycle_parking":"stands","capacity":"20","covered":"no","fee":"no"},"geometry":{"type":"Point","coordinates":[10.7514227,59.9087824]}},{"type":"Feature","id":7725508983,"properties":{"access":"yes","amenity":"bicycle_parking","bicycle_parking":"stands","capacity":"20","covered":"no","fee":"no"},"geometry":{"type":"Point","coordinates":[10.7516862,59.909118]}},{"type":"Feature","id":9059988582,"properties":{"amenity":"doctors","check_date":"2026-03-07","healthcare":"doctor","name":"Dr. Dropin"},"geometry":{"type":"Point","coordinates":[10.7544047,59.9084551]}},{"type":"Feature","id":9280195090,"properties":{"amenity":"bench","backrest":"no"},"geometry":{"type":"Point","coordinates":[10.7505071,59.9089842]}},{"type":"Feature","id":9280195091,"properties":{"amenity":"bench","backrest":"no"},"geometry":{"type":"Point","coordinates":[10.7505851,59.9090576]}},{"type":"Feature","id":9280195092,"properties":{"amenity":"bench","backrest":"no"},"geometry":{"type":"Point","coordinates":[10.7506386,59.9091108]}},{"type":"Feature","id":9280195093,"properties":{"amenity":"bench","backrest":"no"},"geometry":{"type":"Point","coordinates":[10.750756,59.9092306]}},{"type":"Feature","id":9280195094,"properties":{"amenity":"bench","backrest":"no"},"geometry":{"type":"Point","coordinates":[10.7508085,59.909285]}},{"type":"Feature","id":9280195095,"properties":{"amenity":"bench","backrest":"no"},"geometry":{"type":"Point","coordinates":[10.7503707,59.9090242]}},{"type":"Feature","id":9280195096,"properties":{"amenity":"bench","backrest":"no"},"geometry":{"type":"Point","coordinates":[10.7504215,59.9090574]}},{"type":"Feature","id":9293404627,"properties":{"amenity":"bicycle_parking","bicycle_parking":"stands","capacity":"4","covered":"no"},"geometry":{"type":"Point","coordinates":[10.7525422,59.908985]}},{"type":"Feature","id":9293406960,"properties":{"amenity":"bicycle_parking","bicycle_parking":"stands","capacity":"12","covered":"no"},"geometry":{"type":"Point","coordinates":[10.7525719,59.9089431]}},{"type":"Feature","id":9293407935,"properties":{"amenity":"bicycle_parking","bicycle_parking":"stands","capacity":"4","covered":"no"},"geometry":{"type":"Point","coordinates":[10.7529297,59.9088943]}},{"type":"Feature","id":9293413280,"properties":{"amenity":"bicycle_parking","bicycle_parking":"stands","capacity":"12","covered":"no"},"geometry":{"type":"Point","coordinates":[10.7523482,59.9089986]}},{"type":"Feature","id":9293417583,"properties":{"amenity":"bicycle_parking","bicycle_parking":"stands","capacity":"4","covered":"no"},"geometry":{"type":"Point","coordinates":[10.7523503,59.9090327]}},{"type":"Feature","id":9946544245,"properties":{"amenity":"waste_basket","panoramax":"19d3086e-d9dd-42de-86b8-601ffba94cc5","waste":"trash"},"geometry":{"type":"Point","coordinates":[10.7509998,59.9096854]}},{"type":"Feature","id":9946556437,"properties":{"amenity":"waste_basket","panoramax":"e5ad7432-f546-478d-8cae-38f5d8c1724b","waste":"trash"},"geometry":{"type":"Point","coordinates":[10.7503413,59.9097217]}},{"type":"Feature","id":10069926290,"properties":{"amenity":"cafe","diet:vegetarian":"yes","indoor_seating":"yes","name":"Backstube","opening_hours":"Sa-Su 08:00-19:00; Mo-Fr 07:00-20:00","outdoor_seating":"yes","website":"https://www.backstube.no/"},"geometry":{"type":"Point","coordinates":[10.7523512,59.9095032]}},{"type":"Feature","id":10179005842,"properties":{"amenity":"bench","backrest":"no"},"geometry":{"type":"Point","coordinates":[10.750533,59.9092293]}},{"type":"Feature","id":11279788393,"properties":{"bicycle":"yes","information":"guidepost","name":"Oslo sentralstasjon","tourism":"information"},"geometry":{"type":"Point","coordinates":[10.7521262,59.9093916]}},{"type":"Feature","id":11279788394,"properties":{"bicycle":"yes","information":"guidepost","tourism":"information"},"geometry":{"type":"Point","coordinates":[10.7506181,59.9094082]}},{"type":"Feature","id":11279788395,"properties":{"bicycle":"yes","information":"guidepost","tourism":"information"},"geometry":{"type":"Point","coordinates":[10.7511565,59.909663]}},{"type":"Feature","id":11279788396,"properties":{"bicycle":"yes","information":"guidepost","tourism":"information"},"geometry":{"type":"Point","coordinates":[10.7508573,59.9088292]}},{"type":"Feature","id":11877211130,"properties":{"amenity":"cafe","check_date":"2026-07-03","check_date:opening_hours":"2026-07-03","cuisine":"coffee_shop","indoor_seating":"yes","name":"Kaffoteket","opening_hours":"Mo-Fr 08:00-22:00; Sa,Su 10:00-18:00","outdoor_seating":"no"},"geometry":{"type":"Point","coordinates":[10.7528331,59.9084681]}},{"type":"Feature","id":13624906503,"properties":{"check_date":"2026-03-07","name":"Operabutikken","shop":"gift","website":"https://www.operaen.no/ditt-besok/operabutikken/"},"geometry":{"type":"Point","coordinates":[10.7527255,59.9077037]}},{"type":"Feature","id":13758735694,"properties":{"amenity":"bicycle_parking","bicycle_parking":"stands","capacity":"8","covered":"no","fee":"no"},"geometry":{"type":"Point","coordinates":[10.7537661,59.9081848]}},{"type":"Feature","id":13786216345,"properties":{"amenity":"bicycle_parking","bicycle_parking":"stands","capacity":"14","covered":"no"},"geometry":{"type":"Point","coordinates":[10.749708,59.9082328]}},{"type":"Feature","id":13786305276,"properties":{"amenity":"waste_basket"},"geometry":{"type":"Point","coordinates":[10.7498369,59.9083457]}},{"type":"Feature","id":13786318555,"properties":{"amenity":"waste_basket"},"geometry":{"type":"Point","coordinates":[10.7501137,59.9086359]}},{"type":"Feature","id":13786349721,"properties":{"amenity":"waste_basket"},"geometry":{"type":"Point","coordinates":[10.7491874,59.9080411]}},{"type":"Feature","id":13935561877,"properties":{"access":"yes","amenity":"bicycle_parking","bicycle_parking":"stands","capacity":"26","covered":"no","fee":"no"},"geometry":{"type":"Point","coordinates":[10.7506492,59.9092989]}},{"type":"Feature","id":13986167029,"properties":{"board_type":"rules","information":"board","name":"Velkommen til Bjørvika","name:en":"Welcome to Bjørvika","operator":"Oslo Kommune","tourism":"information"},"geometry":{"type":"Point","coordinates":[10.7503566,59.9087667]}},{"type":"Feature","id":14019877386,"properties":{"amenity":"bicycle_parking","bicycle_parking":"stands","capacity":"48","covered":"no"},"geometry":{"type":"Point","coordinates":[10.7542318,59.9077973]}},{"type":"Feature","id":14065865001,"properties":{"check_date":"2026-08-01","name:signed":"no","shop":"gift"},"geometry":{"type":"Point","coordinates":[10.7527086,59.908843]}},{"type":"Feature","id":14120430141,"properties":{"amenity":"waste_basket"},"geometry":{"type":"Point","coordinates":[10.7543691,59.9078046]}},{"type":"Feature","id":3625525693,"properties":{"amenity":"restaurant","check_date":"2026-03-07","name":"Vaaghals"},"geometry":{"type":"Point","coordinates":[10.756768,59.908421]}},{"type":"Feature","id":3655173291,"properties":{"branch":"Operakvarteret","brand":"Narvesen","brand:wikidata":"Q6514414","brand:wikipedia":"en:Narvesen","check_date":"2026-03-07","name":"Narvesen","ref:narvesen":"252","shop":"kiosk"},"geometry":{"type":"Point","coordinates":[10.7570335,59.908304]}},{"type":"Feature","id":3729794425,"properties":{"name":"AmoRosa","shop":"florist"},"geometry":{"type":"Point","coordinates":[10.7579096,59.908761]}},{"type":"Feature","id":3729794625,"properties":{"amenity":"cafe","branch":"Trelastgata","brand":"Espresso House","brand:wikidata":"Q10489162","brand:wikipedia":"en:Espresso House","cuisine":"coffee_shop","name":"Espresso House Trelastgata","opening_hours":"Mo-Fr 07:00-18:00, Sa-Su 11:00-16:00","phone":"+47 45940516","ref:espressohouse":"962","takeaway":"yes","website":"https://no.espressohouse.com/coffee-shops/trelastgata/"},"geometry":{"type":"Point","coordinates":[10.7580777,59.9087145]}},{"type":"Feature","id":3729795025,"properties":{"name":"Lean","note":"Usikkert om den fortsatt er der","shop":"hairdresser"},"geometry":{"type":"Point","coordinates":[10.7573871,59.9084785]}},{"type":"Feature","id":5273893261,"properties":{"description":"Manmade litt waterfall. Akerselva exits the tunnel and surfaces for the last time before entering the ocean.","ele":"4","man_made":"yes","tourism":"attraction","waterway":"waterfall"},"geometry":{"type":"Point","coordinates":[10.7562155,59.9087591]}},{"type":"Feature","id":5278347781,"properties":{"artwork_type":"sculpture","tourism":"artwork"},"geometry":{"type":"Point","coordinates":[10.7569947,59.9086155]}},{"type":"Feature","id":5290493512,"properties":{"amenity":"bench","backrest":"no"},"geometry":{"type":"Point","coordinates":[10.7572664,59.9087023]}},{"type":"Feature","id":5290493513,"properties":{"amenity":"bench","backrest":"no"},"geometry":{"type":"Point","coordinates":[10.757292,59.9087324]}},{"type":"Feature","id":5290493514,"properties":{"amenity":"bench","backrest":"no"},"geometry":{"type":"Point","coordinates":[10.7572021,59.9086365]}},{"type":"Feature","id":5290493515,"properties":{"amenity":"bench","backrest":"no"},"geometry":{"type":"Point","coordinates":[10.7571707,59.9086086]}},{"type":"Feature","id":5290499761,"properties":{"amenity":"bench","backrest":"yes"},"geometry":{"type":"Point","coordinates":[10.7569086,59.9084172]}},{"type":"Feature","id":5290499762,"properties":{"amenity":"bench","backrest":"yes"},"geometry":{"type":"Point","coordinates":[10.7569463,59.9083502]}},{"type":"Feature","id":6779318294,"properties":{"check_date":"2026-03-07","name":"TV 2","office":"company"},"geometry":{"type":"Point","coordinates":[10.7550733,59.9080812]}},{"type":"Feature","id":6814733638,"properties":{"amenity":"bench","backrest":"no","check_date":"2026-05-26"},"geometry":{"type":"Point","coordinates":[10.7551046,59.9078738]}},{"type":"Feature","id":6814733639,"properties":{"amenity":"bench","backrest":"no"},"geometry":{"type":"Point","coordinates":[10.7551446,59.9079826]}},{"type":"Feature","id":6814733640,"properties":{"amenity":"bench","backrest":"no"},"geometry":{"type":"Point","coordinates":[10.7552601,59.9080403]}},{"type":"Feature","id":6814733641,"properties":{"amenity":"bench","backrest":"no"},"geometry":{"type":"Point","coordinates":[10.7552618,59.9081388]}},{"type":"Feature","id":6814733642,"properties":{"amenity":"bench","backrest":"no"},"geometry":{"type":"Point","coordinates":[10.7553918,59.9081928]}},{"type":"Feature","id":7055379632,"properties":{"amenity":"cafe","branch":"Dronning Eufemias gate 11, Bjørvika","brand":"Kaffebrenneriet","check_date":"2026-03-07","cuisine":"coffee_shop","indoor_seating":"yes","name":"Kaffebrenneriet","opening_hours":"Mo-Fr 06:30-19:00, Sa 09:00-18:00, Su 10:00-17:00","outdoor_seating":"yes","ref:kaffebrenneriet":"723","website":"https://kaffebrenneriet.no/butikkene/dronning-eufemias-gate-11-bjørvika"},"geometry":{"type":"Point","coordinates":[10.7552128,59.9082629]}},{"type":"Feature","id":7140763760,"properties":{"branch":"Barcode","brand":"Joker","brand:wikidata":"Q716328","check_date":"2026-03-07","email":"joker.barcode@joker.no","name":"Joker Barcode","opening_hours":"24/7","phone":"+47 91849329","ref:norgesgruppen":"4075894","shop":"supermarket"},"geometry":{"type":"Point","coordinates":[10.755462,59.908853]}},{"type":"Feature","id":8000127247,"properties":{"amenity":"bench","backrest":"yes"},"geometry":{"type":"Point","coordinates":[10.7564599,59.9087746]}},{"type":"Feature","id":8000127248,"properties":{"amenity":"bench","backrest":"yes"},"geometry":{"type":"Point","coordinates":[10.7563761,59.9085741]}},{"type":"Feature","id":9059988581,"properties":{"branch":"Diagonale","brand":"Cutters","brand:wikidata":"Q106940660","check_date":"2026-03-07","female":"yes","male":"yes","name":"Cutters","shop":"hairdresser","website":"https://www.cutters.no/salong/diagonale"},"geometry":{"type":"Point","coordinates":[10.7545597,59.9084231]}},{"type":"Feature","id":9059988583,"properties":{"amenity":"restaurant","check_date":"2026-03-07","cuisine":"mexican","indoor_seating":"yes","name":"El Camino","opening_hours":"Mo-Fr 11:00-21:00; Sa,Su 12:00-20:00","outdoor_seating":"yes","takeaway":"yes","website":"https://elcamino.no/nb/restauranter/bjorvika"},"geometry":{"type":"Point","coordinates":[10.7550812,59.908296]}},{"type":"Feature","id":9193111286,"properties":{"check_date":"2026-09-11","name":"Astrup Fearnley","office":"financial","phone":"+47 22 93 60 00","website":"https://astrupfearnley.com/"},"geometry":{"type":"Point","coordinates":[10.757016,59.908807]}},{"type":"Feature","id":12093453758,"properties":{"amenity":"bicycle_parking","bicycle_parking":"stands","capacity":"14","covered":"no"},"geometry":{"type":"Point","coordinates":[10.7548121,59.9083851]}},{"type":"Feature","id":13098115418,"properties":{"amenity":"restaurant","name":"Seven","phone":"+47 404 57 275","website":"https://www.sevenoslo.no/"},"geometry":{"type":"Point","coordinates":[10.754599,59.9089458]}},{"type":"Feature","id":13468421363,"properties":{"amenity":"restaurant","check_date":"2026-03-07","name":"Cru Vin & Kjøkken"},"geometry":{"type":"Point","coordinates":[10.7550201,59.9087906]}},{"type":"Feature","id":13625022057,"properties":{"amenity":"restaurant","check_date":"2026-03-07","name":"Jewel of India"},"geometry":{"type":"Point","coordinates":[10.7548882,59.9082597]}},{"type":"Feature","id":14019894538,"properties":{"amenity":"bicycle_parking","bicycle_parking":"stands","capacity":"8","covered":"no"},"geometry":{"type":"Point","coordinates":[10.7548145,59.9078658]}},{"type":"Feature","id":14120430138,"properties":{"amenity":"bicycle_parking","bicycle_parking":"stands","capacity":"48","covered":"no"},"geometry":{"type":"Point","coordinates":[10.754675,59.9077167]}},{"type":"Feature","id":14124396172,"properties":{"artwork_type":"statue","source":"survey","tourism":"artwork"},"geometry":{"type":"Point","coordinates":[10.7555885,59.9080268]}},{"type":"Feature","id":14124396173,"properties":{"artwork_type":"statue","source":"survey","tourism":"artwork"},"geometry":{"type":"Point","coordinates":[10.7555981,59.907991]}},{"type":"Feature","id":14124396174,"properties":{"artwork_type":"statue","source":"survey","tourism":"artwork"},"geometry":{"type":"Point","coordinates":[10.7555773,59.9079566]}},{"type":"Feature","id":14124396175,"properties":{"artwork_type":"statue","source":"survey","tourism":"artwork"},"geometry":{"type":"Point","coordinates":[10.7555689,59.9079818]}},{"type":"Feature","id":14124396176,"properties":{"artwork_type":"statue","source":"survey","tourism":"artwork"},"geometry":{"type":"Point","coordinates":[10.7555779,59.9079712]}},{"type":"Feature","id":25337471,"properties":{"amenity":"restaurant","brand":"Peppes Pizza","brand:wikidata":"Q911973","brand:wikipedia":"en:Peppes Pizza","check_date":"2025-08-10","check_date:opening_hours":"2025-08-10","cuisine":"pizza","diet:vegan":"yes","diet:vegetarian":"yes","indoor_seating":"yes","name":"Peppes Pizza","opening_hours":"Mo 11:00-22:30; Tu-Sa 11:00-23:30; Su 13:00-22:30","outdoor_seating":"yes","takeaway":"yes","wheelchair":"limited"},"geometry":{"type":"Point","coordinates":[10.749451,59.911368]}},{"type":"Feature","id":288229556,"properties":{"amenity":"pharmacy","branch":"Jernbanetorget (utenfor Oslo S)","brand":"Vitusapotek","brand:wikidata":"Q17047215","brand:wikipedia":"no:Vitusapotek","check_date":"2025-07-23","dispensing":"yes","drive_through":"no","email":"jernbanetorget@vitusapotek.no","healthcare":"pharmacy","name":"Vitusapotek Jernbanetorget (utenfor Oslo S)","opening_hours":"24/7","phone":"+47 23358100","ref:nmd":"1245","wheelchair":"yes"},"geometry":{"type":"Point","coordinates":[10.749894,59.911798]}},{"type":"Feature","id":311268456,"properties":{"amenity":"restaurant","branch":"Byporten","brand":"Egon","brand:wikidata":"Q1298438","brand:wikipedia":"en:Egon (restaurants)","check_date":"2022-11-20","cuisine":"pizza;burger;meat;pasta","diet:vegan":"yes","diet:vegetarian":"yes","email":"byporten@egon.no","fax":"+47 23362047","internet_access":"wlan","name":"Egon Byporten","opening_hours":"Mo-Th 11:00-23:00; Fr-Sa 11:00-23:30; Su 11:00-23:00","operator":"Egon","phone":"+47 23 362046","takeaway":"yes","toilets":"yes","toilets:access":"customers","toilets:wheelchair":"no","website":"https://www.egon.no/restauranter/oslo/byporten.html","wheelchair":"yes"},"geometry":{"type":"Point","coordinates":[10.751104,59.911853]}},{"type":"Feature","id":315230158,"properties":{"name":"Deli de Luca","ref:narvesen":"890","shop":"convenience"},"geometry":{"type":"Point","coordinates":[10.748684,59.911481]}},{"type":"Feature","id":315230159,"properties":{"brand":"Synsam","brand:wikidata":"Q12004589","brand:wikipedia":"sv:Synsam","check_date":"2026-05-08","name":"Synsam","opening_hours":"Mo-Fr 09:00-18:00; Sa 10:00-16:00","shop":"optician"},"geometry":{"type":"Point","coordinates":[10.7482292,59.9113971]}},{"type":"Feature","id":376577902,"properties":{"brand":"Scandic Hotels","brand:wikidata":"Q129391","check_date":"2026-09-01","internet_access":"yes","name":"Scandic Oslo City","tourism":"hotel","website":"https://www.scandichotels.no/hotell/norge/oslo/scandic-oslo-city","wheelchair":"no"},"geometry":{"type":"Point","coordinates":[10.749214,59.911937]}},{"type":"Feature","id":408457759,"properties":{"amenity":"bicycle_rental","bicycle_rental":"docking_station","brand":"Oslo Bysykkel","brand:wikidata":"Q7107010","brand:wikipedia":"en:Oslo Bysykkel","capacity":"30","description":"51-Havnegata S (Østbanehallen) v/Hotell Opera","network":"Oslo Bysykkel","network:wikidata":"Q7107010","network:wikipedia":"en:Oslo Bysykkel","operator":"UIP Oslo Bysykkel AS","operator:type":"private","ref":"51","source":"survey"},"geometry":{"type":"Point","coordinates":[10.7520002,59.9101213]}},{"type":"Feature","id":408457760,"properties":{"amenity":"bicycle_rental","bicycle_rental":"docking_station","brand":"Oslo Bysykkel","brand:wikidata":"Q7107010","brand:wikipedia":"en:Oslo Bysykkel","capacity":"30","description":"50-Havnegata N (Østbanehallen)","network":"Oslo Bysykkel","network:wikidata":"Q7107010","network:wikipedia":"en:Oslo Bysykkel","operator":"UIP Oslo Bysykkel AS","operator:type":"private","ref":"50","source":"survey"},"geometry":{"type":"Point","coordinates":[10.7516737,59.9101758]}},{"type":"Feature","id":441543696,"properties":{"artwork_type":"statue","name":"Fru Fortuna","note":"Per Ung (2005)","tourism":"artwork"},"geometry":{"type":"Point","coordinates":[10.749892,59.91186]}},{"type":"Feature","id":545743435,"properties":{"access":"yes","amenity":"parking","capacity":"149","capacity:disabled":"2","fee":"yes","name":"Gunerius kjøpesenter","opening_hours":"Mo-Fr 09:00-20:00; Sa 10:00-18:00","operator":"Time Park","parking":"multi-storey","ref:pregister":"1305","wheelchair":"yes"},"geometry":{"type":"Point","coordinates":[10.754409,59.9135898]}},{"type":"Feature","id":545743443,"properties":{"amenity":"pharmacy","branch":"Gunerius","brand":"Apotek 1","brand:wikidata":"Q4581428","brand:wikipedia":"no:Apotek 1","dispensing":"yes","email":"apotek1.gunerius@apotek1.no","healthcare":"pharmacy","name":"Apotek 1 Gunerius","opening_hours":"Mo-Fr 09:00-20:00, Sa 10:00-18:00","phone":"+47 22 17 20 22","ref:apotek1":"138","wheelchair":"yes"},"geometry":{"type":"Point","coordinates":[10.753454,59.913663]}},{"type":"Feature","id":679406857,"properties":{"check_date":"2024-08-10","name":"Thon Hotel Terminus","tourism":"hotel"},"geometry":{"type":"Point","coordinates":[10.752801,59.913363]}},{"type":"Feature","id":842924709,"properties":{"amenity":"parking_entrance","capacity":"370","capacity:charging":"12","capacity:disabled":"4","fee":"yes","maxheight":"2.05","name":"Paleet p-hus","operator":"Onepark","parking":"multi-storey","ref:pregister":"4615"},"geometry":{"type":"Point","coordinates":[10.749115,59.9100834]}},{"type":"Feature","id":865264033,"properties":{"branch":"Jernbanetorget t-bane, avgang","brand":"Narvesen","brand:wikidata":"Q6514414","brand:wikipedia":"en:Narvesen","name":"Narvesen","opening_hours":"Mo-Th 06:15-23:30, Fr 06:15-24:00, Su 08:30-23:00","phone":"+4722179805","ref:narvesen":"854","shop":"kiosk","website":"http://narvesen.no/","wheelchair":"yes"},"geometry":{"type":"Point","coordinates":[10.7513137,59.9118718]}},{"type":"Feature","id":1319170985,"properties":{"amenity":"bicycle_parking","capacity":"15","description":"v Thon hotell","operator":"Privat","oslokommune:Annet":"Jernbane","oslokommune:Bydel":"Sentrum","oslokommune:Regulering":"Byggeområde","oslokommune:Type_stativ":"Publicus","oslokommune:iid":"108","source":"Bymiljøetaten","start_date":"0"},"geometry":{"type":"Point","coordinates":[10.753932,59.909831]}},{"type":"Feature","id":1319170987,"properties":{"amenity":"bicycle_parking","bicycle_parking":"two-tier","capacity":"9","covered":"yes","operator":"Privat","oslokommune:Bydel":"Sentrum","oslokommune:Regulering":"Trafikkomr. jernbanestasjon","oslokommune:Type_stativ":"Publicus","oslokommune:iid":"310","source":"Bymiljøetaten","start_date":"0"},"geometry":{"type":"Point","coordinates":[10.753553,59.909962]}},{"type":"Feature","id":1319170988,"properties":{"amenity":"bicycle_parking","bicycle_parking":"two-tier","capacity":"12","covered":"yes","description":"Ved trappa ved Thon","oslokommune:Annet":"Jernbane","oslokommune:Bydel":"Sentrum","oslokommune:Regulering":"Trafikkområde;jernbane","oslokommune:Type_stativ":"Publicus","oslokommune:iid":"109","source":"Bymiljøetaten"},"geometry":{"type":"Point","coordinates":[10.75322,59.91009]}},{"type":"Feature","id":1319170990,"properties":{"access":"yes","amenity":"bicycle_parking","bicycle_parking":"stands","capacity":"60","covered":"no","description":"v Christian Frederiks plass","fee":"no","operator":"Statens vegvesen","oslokommune:Bydel":"Sentrum","oslokommune:Regulering":"Torg","oslokommune:Type_stativ":"Publicus","oslokommune:iid":"110","source":"Bymiljøetaten"},"geometry":{"type":"Point","coordinates":[10.752045,59.910181]}},{"type":"Feature","id":1319170992,"properties":{"access":"yes","amenity":"bicycle_parking","bicycle_parking":"wall_loops","capacity":"40","covered":"no","description":"Christian Fredriks plass","fee":"no","operator":"Statens vegvesen","oslokommune:Bydel":"Sentrum","oslokommune:Regulering":"Fortau","oslokommune:Type_stativ":"Publicus","oslokommune:iid":"315","source":"Bymiljøetaten"},"geometry":{"type":"Point","coordinates":[10.751703,59.910237]}},{"type":"Feature","id":1319170996,"properties":{"amenity":"bicycle_parking","bicycle_parking":"wall_loops","capacity":"9","covered":"no","description":"Østbanehallen","operator":"Privat","oslokommune:Bydel":"Sentrum","oslokommune:Regulering":"Torg","oslokommune:Type_stativ":"Publicus","oslokommune:iid":"311","source":"Bymiljøetaten"},"geometry":{"type":"Point","coordinates":[10.752051,59.9101989]}},{"type":"Feature","id":1319170997,"properties":{"amenity":"bicycle_parking","bicycle_parking":"wall_loops","capacity":"9","covered":"no","description":"Østbanehallen","operator":"Privat","oslokommune:Bydel":"Sentrum","oslokommune:Regulering":"Torg","oslokommune:Type_stativ":"Publicus","oslokommune:iid":"312","source":"Bymiljøetaten"},"geometry":{"type":"Point","coordinates":[10.7517293,59.9102502]}},{"type":"Feature","id":1319171016,"properties":{"amenity":"bicycle_parking","bicycle_parking":"wall_loops","capacity":"9","covered":"no","description":"x Skippergata","operator":"Samferdselsetaten","oslokommune:Bydel":"Sentrum","oslokommune:Regulering":"Off. veigrunn","oslokommune:Type_stativ":"Publicus","oslokommune:iid":"111","source":"Bymiljøetaten","start_date":"0"},"geometry":{"type":"Point","coordinates":[10.748501,59.911548]}},{"type":"Feature","id":1319171023,"properties":{"amenity":"bicycle_parking","capacity":"3","description":"v Byporten","operator":"Privat","oslokommune:Bydel":"Sentrum","oslokommune:Regulering":"Fortau","oslokommune:iid":"314","source":"Bymiljøetaten","start_date":"0"},"geometry":{"type":"Point","coordinates":[10.751411,59.911623]}},{"type":"Feature","id":1319171049,"properties":{"amenity":"bicycle_parking","bicycle_parking":"wall_loops","capacity":"8","covered":"no","description":"Biskop Gunneru's gate","operator":"Privat","oslokommune:Bydel":"Sentrum","oslokommune:Regulering":"Fellesområde;gangareal/plass","oslokommune:iid":"332","source":"Bymiljøetaten","start_date":"0"},"geometry":{"type":"Point","coordinates":[10.754122,59.911847]}},{"type":"Feature","id":1319171057,"properties":{"amenity":"bicycle_parking","capacity":"18","description":"v Schweigaards gt","operator":"Privat","oslokommune:Annet":"Jernbane","oslokommune:Bydel":"Sentrum","oslokommune:Regulering":"Byggeområde;forretning, kontor, parkering drosje","oslokommune:Type_stativ":"Publicus","oslokommune:iid":"107","source":"Bymiljøetaten","start_date":"0"},"geometry":{"type":"Point","coordinates":[10.753575,59.911892]}},{"type":"Feature","id":1319171085,"properties":{"amenity":"bicycle_parking","bicycle_parking":"stands","capacity":"11","covered":"no","description":"x Skippergate","operator":"Statens vegvesen","oslokommune:Bydel":"Sentrum","oslokommune:Regulering":"Fortau","oslokommune:Type_stativ":"Publicus","oslokommune:iid":"144","source":"Bymiljøetaten","start_date":"2009"},"geometry":{"type":"Point","coordinates":[10.748865,59.912115]}},{"type":"Feature","id":1319171095,"properties":{"amenity":"bicycle_parking","bicycle_parking":"wall_loops","capacity":"20","covered":"no","description":"v T-bane nedgang Oslo S","image":"145.Europarådets plass.JPG","operator":"Statens vegvesen","oslokommune:Bydel":"Sentrum","oslokommune:Regulering":"Fortau","oslokommune:Type_stativ":"Publicus","oslokommune:iid":"145","source":"Bymiljøetaten","start_date":"2009"},"geometry":{"type":"Point","coordinates":[10.749528,59.912144]}},{"type":"Feature","id":1319171114,"properties":{"amenity":"bicycle_parking","bicycle_parking":"wall_loops","capacity":"24","covered":"no","description":"v Biskop Gunnerus' gate","operator":"Statens vegvesen","oslokommune:Bydel":"Sentrum","oslokommune:Regulering":"Fortau","oslokommune:Type_stativ":"Publicus","oslokommune:iid":"66","source":"Bymiljøetaten","start_date":"0"},"geometry":{"type":"Point","coordinates":[10.748545,59.912238]}},{"type":"Feature","id":1319171123,"properties":{"amenity":"bicycle_parking","capacity":"4","covered":"no","description":"v Oslo City, overgang til Oslo S","operator":"Samferdselsetaten","oslokommune:Bydel":"Sentrum","oslokommune:Regulering":"Fortau","oslokommune:Type_stativ":"Cyclus","oslokommune:iid":"143","source":"Bymiljøetaten","start_date":"0"},"geometry":{"type":"Point","coordinates":[10.753356,59.91225]}},{"type":"Feature","id":1319171131,"properties":{"amenity":"bicycle_parking","bicycle_parking":"stands","capacity":"18","covered":"no","description":"v T-bane Oslo S","operator":"Statens vegvesen","oslokommune:Bydel":"Sentrum","oslokommune:Regulering":"Fortau","oslokommune:Type_stativ":"Publicus","oslokommune:iid":"146","source":"Bymiljøetaten","start_date":"2009"},"geometry":{"type":"Point","coordinates":[10.752744,59.912277]}},{"type":"Feature","id":1319171142,"properties":{"amenity":"bicycle_parking","bicycle_parking":"stands","capacity":"10","covered":"no","description":"v T-bane / telefonkiosk","operator":"Samferdselsetaten","oslokommune:Annet":"Vrak","oslokommune:Bydel":"Sentrum","oslokommune:Regulering":"Fortau","oslokommune:Type_stativ":"Cyclus","oslokommune:iid":"147","source":"Bymiljøetaten","start_date":"0"},"geometry":{"type":"Point","coordinates":[10.751353,59.912564]}},{"type":"Feature","id":1319171170,"properties":{"amenity":"bicycle_parking","bicycle_parking":"rack","capacity":"59","covered":"no","description":"v Oslo City","operator":"Statens vegvesen","oslokommune:Annet":"Sykkel vrak","oslokommune:Bydel":"Sentrum","oslokommune:Regulering":"Fortau","oslokommune:Type_stativ":"Publicus","oslokommune:iid":"67","source":"Bymiljøetaten","start_date":"0"},"geometry":{"type":"Point","coordinates":[10.751243,59.912639]}},{"type":"Feature","id":1319171209,"properties":{"amenity":"bicycle_parking","bicycle_parking":"stands","capacity":"62","covered":"no","description":"overfor Oslo City","operator":"Statens vegvesen","oslokommune:Bydel":"Sentrum","oslokommune:Regulering":"Fortau","oslokommune:Type_stativ":"Publicus","oslokommune:iid":"68","source":"Bymiljøetaten","start_date":"0"},"geometry":{"type":"Point","coordinates":[10.750814,59.91281]}},{"type":"Feature","id":1319171265,"properties":{"amenity":"bicycle_parking","bicycle_parking":"stands","capacity":"2","covered":"no","operator":"Privat","oslokommune:Bydel":"Sentrum","oslokommune:Regulering":"Fortau","oslokommune:Type_stativ":"Expo Gotic","oslokommune:iid":"334","source":"Bymiljøetaten","start_date":"0"},"geometry":{"type":"Point","coordinates":[10.748841,59.913233]}},{"type":"Feature","id":1319171402,"properties":{"amenity":"bicycle_parking","bicycle_parking":"stands","capacity":"24","covered":"no","description":"v Gunnerius","operator":"Samferdselsetaten","oslokommune:Bydel":"Sentrum","oslokommune:Regulering":"Gågate / gang-og sykkelvei","oslokommune:Type_stativ":"Publicus","oslokommune:iid":"78","source":"Bymiljøetaten","start_date":"0"},"geometry":{"type":"Point","coordinates":[10.753876,59.914255]}},{"type":"Feature","id":1319171483,"properties":{"amenity":"bicycle_parking","bicycle_parking":"stands","capacity":"9","covered":"no","operator":"Samferdselsetaten","oslokommune:Bydel":"St.Hanshaugen","oslokommune:Regulering":"Fortau","oslokommune:Type_stativ":"Publicus","oslokommune:iid":"443","source":"Bymiljøetaten","start_date":"0"},"geometry":{"type":"Point","coordinates":[10.752484,59.914631]}},{"type":"Feature","id":1319550170,"properties":{"amenity":"bicycle_rental","bicycle_rental":"docking_station","brand":"Oslo Bysykkel","brand:wikidata":"Q7107010","brand:wikipedia":"en:Oslo Bysykkel","capacity":"9","description":"22-Europarådets plass","network":"Oslo Bysykkel","network:wikidata":"Q7107010","network:wikipedia":"en:Oslo Bysykkel","operator":"UIP Oslo Bysykkel AS","operator:type":"private","ref":"22","source":"Bymiljøetaten"},"geometry":{"type":"Point","coordinates":[10.749972,59.9118812]}},{"type":"Feature","id":1621392214,"properties":{"check_date:opening_hours":"2026-07-27","clothes":"sports","information":"office","name":"Den Norske Turistforening","opening_hours":"Mo-We,Fr 10:00-17:00; Th 10:00-18:00; Sa 11:00-16:00","operator":"Den Norske Turistforening","second_hand":"yes","tourism":"information","website":"https://www.dnt.no/","wheelchair":"no"},"geometry":{"type":"Point","coordinates":[10.748154,59.913106]}},{"type":"Feature","id":1883660592,"properties":{"amenity":"cafe","branch":"Storgata 2","brand":"Kaffebrenneriet","cuisine":"coffee_shop","indoor_seating":"yes","name":"Kaffebrenneriet","opening_hours":"Mo-Fr 07:00-17:00; Sa 09:00-17:00; Su off","operator":"Kaffebrenneriet","outdoor_seating":"yes","phone":"+47 22420131","ref:kaffebrenneriet":"143","website":"https://kaffebrenneriet.no/butikkene/storgata-2"},"geometry":{"type":"Point","coordinates":[10.748314,59.912878]}},{"type":"Feature","id":1935071025,"properties":{"email":"postmaster@festmagasinet.no","fax":"+47 22421204","name":"Festmagasinet Standard","opening_hours":"Mo-Sa 10:00-18:00","phone":"+47 22429640","shop":"toys","website":"https://www.festmagasinet.no/"},"geometry":{"type":"Point","coordinates":[10.751711,59.913642]}},{"type":"Feature","id":2008352589,"properties":{"amenity":"taxi","check_date":"2023-09-30","name":"Flytogterminalen"},"geometry":{"type":"Point","coordinates":[10.7528265,59.9099358]}},{"type":"Feature","id":2008363776,"properties":{"amenity":"taxi","check_date":"2024-05-06","name":"Arkaden"},"geometry":{"type":"Point","coordinates":[10.7490085,59.9121842]}},{"type":"Feature","id":2196380412,"properties":{"amenity":"restaurant","check_date":"2026-07-24","cuisine":"japanese;sushi","indoor_seating":"yes","name":"Mymy Sushi","opening_hours":"Mo-Fr 11:00-20:00; Sa 14:00-19:00","outdoor_seating":"no","panoramax":"421833b7-98a1-43c8-a6ef-817c552a8374","phone":"+47 22 42 67 50","takeaway":"yes","website":"https://www.mymysushi.no"},"geometry":{"type":"Point","coordinates":[10.748091,59.910107]}},{"type":"Feature","id":2725126143,"properties":{"amenity":"cafe","check_date":"2023-05-19","cuisine":"coffee_shop","name":"Orient Kaffehus","opening_hours":"Mo-Sa 08:00-23:00; Su 10:00-23:00","wheelchair":"yes"},"geometry":{"type":"Point","coordinates":[10.751979,59.914262]}},{"type":"Feature","id":2785920548,"properties":{"amenity":"fast_food","brand":"Subway","brand:wikidata":"Q244457","cuisine":"sandwich","name":"Subway","opening_hours":"Mo-Sa 10:00-21:00; Su 11:00-19:00","takeaway":"yes","wheelchair":"no"},"geometry":{"type":"Point","coordinates":[10.7480379,59.9111475]}},{"type":"Feature","id":2785930455,"properties":{"amenity":"parking_entrance","maxheight":"2","name":"Oslo City","parking":"underground"},"geometry":{"type":"Point","coordinates":[10.7525686,59.9130445]}},{"type":"Feature","id":2992162012,"properties":{"brand":"XXL","brand:wikidata":"Q12010840","brand:wikipedia":"no:XXL","name":"XXL","opening_hours":"Mo-Fr 10:00-19:00; Sa 10:00-18:00","operator":"XXL","service:bicycle:repair":"yes","service:bicycle:retail":"yes","shop":"sports","sport":"cycling;multi","website":"https://www.xxl.no/tips/sykkel/book-sykkelservice-online"},"geometry":{"type":"Point","coordinates":[10.748416,59.912842]}},{"type":"Feature","id":3068923172,"properties":{"information":"office","name":"DNT Oslo og Omegn","opening_hours":"Mo-We,Fr 10:00-17:00; Th 10:00-18:00; Sa 11:00-16:00","tourism":"information"},"geometry":{"type":"Point","coordinates":[10.7484027,59.9132022]}},{"type":"Feature","id":3111431401,"properties":{"branch":"Storgata 33","brand":"Kiwi","brand:wikidata":"Q1613639","brand:wikipedia":"en:Kiwi (store)","email":"kiwi.storgata@kiwi.no","name":"Kiwi Storgata 33","opening_hours":"Mo-Sa 07:00-23:00","phone":"+47 22208021","ref:norgesgruppen":"196326","shop":"supermarket"},"geometry":{"type":"Point","coordinates":[10.753084,59.91468]}},{"type":"Feature","id":3132099331,"properties":{"amenity":"bureau_de_change","atm":"no","contact:phone":"+47 94 02 56 54","name":"Forex","opening_hours":"Mo-Fr 09:00-18:00, Sa 10:30-18:00","payment:cash":"yes","payment:mastercard":"yes","payment:visa":"yes"},"geometry":{"type":"Point","coordinates":[10.749189,59.9110367]}},{"type":"Feature","id":3132157601,"properties":{"amenity":"atm","cash_in":"yes","check_date":"2026-05-08","operator":"Forex"},"geometry":{"type":"Point","coordinates":[10.752129,59.9113814]}},{"type":"Feature","id":3373623956,"properties":{"check_date":"2023-10-06","name":"Scanasia Asian Supermarket","opening_hours":"10:00-19:00","origin":"asian","payment:cash":"yes","payment:credit_cards":"yes","shop":"supermarket","wheelchair":"yes"},"geometry":{"type":"Point","coordinates":[10.7515608,59.9141379]}},{"type":"Feature","id":3404572011,"properties":{"name":"Sopra Steria","office":"it","website":"https://www.soprasteria.no/"},"geometry":{"type":"Point","coordinates":[10.7540466,59.911652]}},{"type":"Feature","id":3566976493,"properties":{"check_date":"2026-08-07","name":"Comfort Hotel Grand Central","operator":"Nordic Choice Hotels","phone":"+47 800 13 633","tourism":"hotel","website":"https://www.nordicchoicehotels.no/comfort/comfort-hotel-grand-central/"},"geometry":{"type":"Point","coordinates":[10.7507,59.910641]}},{"type":"Feature","id":3578576333,"properties":{"artist:wikidata":"Q11967046","artist_name":"Elena Engelsen","artwork_type":"statue","length":"4.5","mapillary":"UgW1MO_hV0gaVssUf0BdDQ","material":"bronze","name":"Tigeren","name:de":"Der Tiger","name:en":"The Tiger","name:no":"Tigeren","start_date":"2000","statue":"animal","subject:wikidata":"Q19939","tourism":"artwork","website":"https://www.visitoslo.com/no/attraksjon/tigeren-p-jernbanetorget","wikimedia_commons":"File:Østbanehallen med tiger foran, Oslo.jpg"},"geometry":{"type":"Point","coordinates":[10.7503161,59.9111483]}},{"type":"Feature","id":3721223064,"properties":{"amenity":"pub","check_date":"2023-01-10","email":"post@dovrehallen.no","name":"Dovrehallen","opening_hours":"Mo-We 10:00-24:00; Th,Fr 00:00-01:30,10:00-24:00; Sa 00:00-03:30,10:00-24:00; Su 00:00-03:30,12:00-24:00","phone":"+47 22172101","ref:NO:orgnr":"978699030","website":"http://www.dovrehallen.no/"},"geometry":{"type":"Point","coordinates":[10.751538,59.913837]}},{"type":"Feature","id":3725960004,"properties":{"amenity":"fast_food","branch":"Storgata","brand":"McDonald's","brand:wikidata":"Q38076","brand:wikipedia":"en:McDonald's","check_date":"2026-07-25","check_date:opening_hours":"2026-07-25","cuisine":"burger","diet:vegetarian":"yes","indoor_seating":"yes","internet_access":"wlan","name":"McDonald's Storgata","opening_hours":"Mo-Su 07:00-04:00","outdoor_seating":"no","phone":"+47 22473110","ref:mcdn":"2","takeaway":"yes","wheelchair":"limited"},"geometry":{"type":"Point","coordinates":[10.7496487,59.913542]}},{"type":"Feature","id":4200373819,"properties":{"check_date:opening_hours":"2026-07-27","name":"Stormberg","opening_hours":"Mo-Fr 10:00-19:00; Sa 10:00-17:00","shop":"outdoor","wheelchair":"yes"},"geometry":{"type":"Point","coordinates":[10.7484242,59.9131711]}},{"type":"Feature","id":4326757589,"properties":{"name":"Riksrevisjonen","office":"government"},"geometry":{"type":"Point","coordinates":[10.7508006,59.9135908]}},{"type":"Feature","id":4346612382,"properties":{"branch":"Storgaten Oslo","brand":"7-Eleven","brand:wikidata":"Q259340","brand:wikipedia":"en:7-Eleven","check_date":"2026-08-14","check_date:opening_hours":"2026-08-14","email":"storgaten.711no7064@7-eleven.no","name":"7-Eleven Storgaten Oslo","opening_hours":"Mo-Fr 06:00-24:00; Sa-Su 00:00-24:00","phone":"+47 22418284","ref:7eleven":"7064","shop":"convenience"},"geometry":{"type":"Point","coordinates":[10.7497857,59.9133094]}},{"type":"Feature","id":4354447593,"properties":{"amenity":"bureau_de_change","email":"tavex@tavex.no","name":"Tavex","phone":"+4723897122","website":"https://tavex.no/"},"geometry":{"type":"Point","coordinates":[10.749692,59.911548]}},{"type":"Feature","id":4394334136,"properties":{"amenity":"restaurant","brand":"TGI Fridays","brand:wikidata":"Q1524184","brand:wikipedia":"en:TGI Fridays","check_date":"2026-03-16","cuisine":"american","diet:vegan":"yes","diet:vegetarian":"yes","indoor_seating":"yes","name":"TGI Fridays","opening_hours":"Mo,Tu 11:00-21:00, We,Th 11:00-22:00, Fr,Sa 11:00-23:00, Su 12:00-21:00","outdoor_seating":"yes","toilets:wheelchair":"yes","wheelchair":"yes"},"geometry":{"type":"Point","coordinates":[10.7504168,59.9124621]}},{"type":"Feature","id":4418243889,"properties":{"artist_name":"Ørnulf Bast","artwork_type":"statue","image":"https://photos.app.goo.gl/9e9Bkhaz5M64CD5aA","mapillary":"269415184967271","name":"Solen og Jorden","name:en":"Sun and Earth","panoramax":"5a3ea04e-9d5e-4a38-afce-cb1c523c1331","tourism":"artwork"},"geometry":{"type":"Point","coordinates":[10.7508991,59.9100844]}},{"type":"Feature","id":4506121382,"properties":{"amenity":"pub","diet:vegan":"yes","diet:vegetarian":"yes","indoor_seating":"yes","name":"Aye-Aye Club","opening_hours":"Fr,Sa 15:00-03:30, Tu-Th 15:00-01:00","outdoor_seating":"no"},"geometry":{"type":"Point","coordinates":[10.74901,59.913345]}},{"type":"Feature","id":4637376887,"properties":{"amenity":"theatre","name":"Folketeatret","wikidata":"Q5464537","wikimedia_commons":"Category:Folketeatret (Oslo)","wikipedia":"en:Folketeateret, Oslo"},"geometry":{"type":"Point","coordinates":[10.7504213,59.9142808]}},{"type":"Feature","id":4639549999,"properties":{"amenity":"bar","check_date":"2026-09-06","check_date:opening_hours":"2026-09-06","contact:instagram":"alchemistbarogbakgard","name":"Alchemist Bar & Bakgård","opening_hours":"Su-Th 15:00-02:30; Fr 14:00-03:30; Sa 15:00-03:30","website":"https://alchemistbar.no/"},"geometry":{"type":"Point","coordinates":[10.7490121,59.9140573]}},{"type":"Feature","id":4697141060,"properties":{"amenity":"post_box","brand":"Posten","brand:wikidata":"Q1815701","check_date:collection_times":"2025-08-26","collection_times":"Mo-Fr 18:00","operator":"Posten","operator:wikidata":"Q1815701","ref:posten_box":"I00056"},"geometry":{"type":"Point","coordinates":[10.751294,59.912517]}},{"type":"Feature","id":4735009189,"properties":{"amenity":"bar","name":"Stage Bar","opening_hours":"Su-Tu 15:00-03:00; We-Sa 15:00-02:30","outdoor_seating":"no"},"geometry":{"type":"Point","coordinates":[10.748618,59.911778]}},{"type":"Feature","id":4738519185,"properties":{"amenity":"restaurant","cuisine":"peruvian","name":"Nikay"},"geometry":{"type":"Point","coordinates":[10.750458,59.9141019]}},{"type":"Feature","id":4738519186,"properties":{"alt_name":"Clarion Collection Hotel Folketeateret","brand":"@HOME","brand:wikidata":"Q135249100","check_date":"2025-02-14","name":"Home Hotel Folketeateret","official_name":"@HOME by Best Western","toilets:wheelchair":"yes","tourism":"hotel","website":"https://www.strawberry.no/hotell/norge/oslo/home-hotel-folketeateret/","wheelchair":"yes"},"geometry":{"type":"Point","coordinates":[10.7505941,59.9139807]}},{"type":"Feature","id":4738519187,"properties":{"artist_name":"Marc Quinn","artwork_type":"sculpture","name":"Myth Sphinx","start_date":"2005","tourism":"artwork","website":"http://marcquinn.com/artworks/single/sphinx"},"geometry":{"type":"Point","coordinates":[10.7507427,59.913939]}},{"type":"Feature","id":4743369019,"properties":{"amenity":"pub","check_date":"2022-12-25","name":"Den Glade Munk"},"geometry":{"type":"Point","coordinates":[10.7517917,59.913888]}},{"type":"Feature","id":4793877621,"properties":{"amenity":"restaurant","diet:vegetarian":"yes","name":"Atlas","phone":"+47 21 40 59 16","website":"https://amerikalinjen.com/no/restauranter-i-oslo-sentrum/atlas-norge/"},"geometry":{"type":"Point","coordinates":[10.7493662,59.9107776]}},{"type":"Feature","id":4796778722,"properties":{"artwork_type":"sculpture","image":"https://photos.app.goo.gl/16VDRaadWBA3pi8Z9","mapillary":"3033755213526288","name":"Knus nazismen","name:en":"Crush Nazism Statue","name:no":"Knus nazismen","panoramax":"71d0c256-e79e-4b0e-b67f-65bd2831c58b","panoramax:0":"4367679a-0d34-4a04-a38c-a8cad9dbdef5","tourism":"artwork","website":"https://lokalhistoriewiki.no/wiki/Knus_nazismen"},"geometry":{"type":"Point","coordinates":[10.7503704,59.9107212]}},{"type":"Feature","id":4880461778,"properties":{"name":"Anton Sport","opening_hours":"Mo-Fr 10:00-19:00; Sa 10:00-18:00","shop":"sports"},"geometry":{"type":"Point","coordinates":[10.750766,59.9135162]}},{"type":"Feature","id":4880461779,"properties":{"amenity":"fast_food","brand":"Burger King","brand:wikidata":"Q177054","brand:wikipedia":"en:Burger King","check_date":"2026-07-01","check_date:opening_hours":"2025-05-08","contact:website":"https://burgerking.no/restaurants/oslostgt","cuisine":"burger","diet:vegetarian":"yes","drive_through":"no","name":"Burger King","opening_hours":"Mo-Th 10:00-22:00; Fr-Sa 10:00-04:00; Su 13:00-20:00","opening_hours:signed":"no","takeaway":"yes","website":"https://burgerking.no/","wheelchair":"limited"},"geometry":{"type":"Point","coordinates":[10.7506131,59.9134268]}},{"type":"Feature","id":4954729895,"properties":{"amenity":"cafe","brand":"Joe & The Juice","brand:wikidata":"Q26221514","brand:wikipedia":"en:Joe & The Juice","cuisine":"coffee_shop","indoor_seating":"yes","name":"Joe & The Juice","opening_hours":"Mo-Fr 09:00-19:00; Sa 10:00-18:00; Su 10:00-16:00","outdoor_seating":"yes","takeaway":"yes"},"geometry":{"type":"Point","coordinates":[10.748095,59.913086]}},{"type":"Feature","id":5005278652,"properties":{"amenity":"money_transfer","brand":"Western Union","brand:wikidata":"Q861042","brand:wikipedia":"en:Western Union","name":"Western Union"},"geometry":{"type":"Point","coordinates":[10.7518349,59.9139166]}},{"type":"Feature","id":5005278656,"properties":{"check_date":"2023-07-01","name":"Storgata Spill & Kiosk","shop":"kiosk"},"geometry":{"type":"Point","coordinates":[10.7526148,59.914635]}},{"type":"Feature","id":5039385767,"properties":{"branch":"Postgirobygget","brand":"Coop Prix","name":"Coop Prix Postgirobygget","opening_hours":"Mo-Fr 05:00-01:00, Sa 07:00-24:00","ref:coop":"4074","shop":"supermarket"},"geometry":{"type":"Point","coordinates":[10.7540593,59.9116503]}},{"type":"Feature","id":5094785554,"properties":{"shop":"hairdresser"},"geometry":{"type":"Point","coordinates":[10.7542781,59.9140861]}},{"type":"Feature","id":5094785564,"properties":{"amenity":"restaurant","check_date":"2022-09-19","cuisine":"falafel","diet:vegan":"only","name":"King Falafel","opening_hours:signed":"no","smoking":"outside","takeaway":"yes"},"geometry":{"type":"Point","coordinates":[10.7538299,59.9143973]}},{"type":"Feature","id":5094785573,"properties":{"name":"Mycall","opening_hours":"Mo-Sa 10:00-18:00","shop":"mobile_phone"},"geometry":{"type":"Point","coordinates":[10.7538062,59.914562]}},{"type":"Feature","id":5094785579,"properties":{"amenity":"pub","name":"Teddy's Softbar","opening_hours:signed":"no"},"geometry":{"type":"Point","coordinates":[10.7542778,59.9142866]}},{"type":"Feature","id":5115696063,"properties":{"amenity":"pub","indoor_seating":"yes","name":"Brygg","opening_hours":"Mo-Th 14:00-01:00, Fr,Sa 12:00-03:00, Su 15:00-23:00","outdoor_seating":"yes","website":"https://brygg.no/","wheelchair":"yes"},"geometry":{"type":"Point","coordinates":[10.748651,59.91323]}},{"type":"Feature","id":5641941225,"properties":{"brand":"Lager 157","brand:wikidata":"Q10553200","check_date:opening_hours":"2025-08-26","name":"Lager 157","opening_hours":"Mo-Fr 10:00-20:00; Sa 10:00-19:00","shop":"clothes"},"geometry":{"type":"Point","coordinates":[10.75209,59.913168]}},{"type":"Feature","id":5765930653,"properties":{"brand":"Foot Locker","brand:wikidata":"Q63335","brand:wikipedia":"en:Foot Locker","name":"Foot Locker","name:en":"Foot Locker","opening_hours":"Mo-Fr 10:00-20:00; Sa 10:00-19:00","shop":"shoes","wheelchair":"no"},"geometry":{"type":"Point","coordinates":[10.748262,59.911572]}},{"type":"Feature","id":5854379698,"properties":{"amenity":"bicycle_rental","bicycle_parking":"rack","bicycle_rental":"docking_station","capacity":"12"},"geometry":{"type":"Point","coordinates":[10.753212,59.9145581]}},{"type":"Feature","id":5864987129,"properties":{"check_date:opening_hours":"2024-12-23","name":"Krogh Optikk","opening_hours":"Mo-Fr 09:00-18:00; Sa 10:00-16:00","payment:credit_cards":"yes","payment:debit_cards":"yes","phone":"+47 22 47 94 70","shop":"optician","website":"https://kroghoptikk.no","wheelchair":"yes"},"geometry":{"type":"Point","coordinates":[10.7492799,59.9111608]}},{"type":"Feature","id":5865065935,"properties":{"check_date":"2026-07-31","internet_access":"wlan","name":"Comfort Hotel Xpress Central Station","operator":"Nordic Choice Hotels","tourism":"hotel","website":"https://www.nordicchoicehotels.no/hotell/norge/oslo/comfort-hotel-xpress-central-station/"},"geometry":{"type":"Point","coordinates":[10.7487686,59.9106862]}},{"type":"Feature","id":5878221985,"properties":{"amenity":"cafe","cuisine":"bubble_tea","name":"Boba Cha Bubble Tea","opening_hours":"Mo-Fr 11:00-22:00","website":"https://www.bobachaoslo.com"},"geometry":{"type":"Point","coordinates":[10.7483692,59.911181]}},{"type":"Feature","id":5888766585,"properties":{"amenity":"bicycle_parking","bicycle_parking":"wall_loops","capacity":"20","covered":"no"},"geometry":{"type":"Point","coordinates":[10.750642,59.9104713]}},{"type":"Feature","id":5921086509,"properties":{"amenity":"doctors","healthcare":"doctor","healthcare:service":"fastlege","healthcare:speciality":"general","name":"Christiania medisinske senter","opening_hours":"Mo-Fr 08:30-15:00","ref:NO:orgnr":"995157861","ref:nhn":"995157861","website":"https://christianiamedisinskesenter.no"},"geometry":{"type":"Point","coordinates":[10.7493456,59.9127777]}},{"type":"Feature","id":5921086511,"properties":{"amenity":"doctors","healthcare":"doctor","healthcare:service":"fastlege","healthcare:speciality":"general","name":"Arkaden legesenter","opening_hours":"Mo-Th 08:00-15:30; Fr 08:00-14:00","ref:NO:orgnr":"920625029","ref:nhn":"920625029"},"geometry":{"type":"Point","coordinates":[10.7486819,59.9120369]}},{"type":"Feature","id":6015350117,"properties":{"name":"Eye Factory","opening_hours":"Mo-Sa 10:00-21:00","payment:coins":"yes","payment:credit_cards":"yes","payment:debit_cards":"yes","payment:mastercard":"yes","payment:visa":"yes","shop":"optician","website":"https://eyefactory.no/"},"geometry":{"type":"Point","coordinates":[10.751781,59.91146]}},{"type":"Feature","id":6059110186,"properties":{"branch":"Oslo S","brand":"Joker","brand:wikidata":"Q716328","email":"joker.oslo.s@joker.no","name":"Joker Oslo S","opening_hours":"Mo-Fr 05:00-24:00, Sa-Su 06:00-24:00","phone":"+47 22172504","ref:norgesgruppen":"3502803","shop":"supermarket","website":"https://joker.no/finn-butikk/joker-oslo-s"},"geometry":{"type":"Point","coordinates":[10.751845,59.911417]}},{"type":"Feature","id":6122924670,"properties":{"branch":"Gardermoterminalen, Oslo S","brand":"Narvesen","brand:wikidata":"Q6514414","brand:wikipedia":"en:Narvesen","check_date":"2026-05-07","name":"Narvesen","ref:narvesen":"872","shop":"kiosk"},"geometry":{"type":"Point","coordinates":[10.752784,59.9104273]}},{"type":"Feature","id":6122924674,"properties":{"branch":"Jernbanetorget, Oslo","brand":"Narvesen","brand:wikidata":"Q6514414","brand:wikipedia":"en:Narvesen","check_date":"2024-07-29","name":"Narvesen","ref:narvesen":"870","shop":"kiosk"},"geometry":{"type":"Point","coordinates":[10.7497745,59.9116818]}},{"type":"Feature","id":6122924676,"properties":{"branch":"Byporten, Oslo","brand":"Narvesen","brand:wikidata":"Q6514414","brand:wikipedia":"en:Narvesen","check_date":"2022-11-20","name":"Narvesen","opening_hours":"Mo-Fr 06:00-24:00, Sa 00:00-24:00; Su 00:00-21:00","ref:narvesen":"448","shop":"kiosk","wheelchair":"yes"},"geometry":{"type":"Point","coordinates":[10.7510333,59.9120169]}},{"type":"Feature","id":6122924677,"properties":{"branch":"Byporten Nord","brand":"Narvesen","brand:wikidata":"Q6514414","brand:wikipedia":"en:Narvesen","name":"Narvesen","ref:narvesen":"599","shop":"kiosk"},"geometry":{"type":"Point","coordinates":[10.7519386,59.9118618]}},{"type":"Feature","id":6122925926,"properties":{"branch":"Oslo sentralstasjon","brand":"Narvesen","brand:wikidata":"Q6514414","brand:wikipedia":"en:Narvesen","check_date":"2026-10-04","check_date:opening_hours":"2026-10-04","name":"Narvesen","opening_hours:signed":"no","ref:narvesen":"830","shop":"kiosk"},"geometry":{"type":"Point","coordinates":[10.7527502,59.9112628]}},{"type":"Feature","id":6126671898,"properties":{"amenity":"dentist","healthcare":"dentist","name":"Tannlege Kristin Ueland","operator:type":"private","ref:hvakostertannlegen":"11806","wheelchair":"yes"},"geometry":{"type":"Point","coordinates":[10.748056,59.90996]}},{"type":"Feature","id":6126672426,"properties":{"amenity":"dentist","healthcare":"dentist","name":"Tannlege Kurt Arild Simonsen","operator:type":"private","ref:hvakostertannlegen":"12892"},"geometry":{"type":"Point","coordinates":[10.7483813,59.9116422]}},{"type":"Feature","id":6126672427,"properties":{"amenity":"dentist","healthcare":"dentist","name":"Tannlege Tone Aabø","operator:type":"private","ref:hvakostertannlegen":"135663;13026","wheelchair":"yes"},"geometry":{"type":"Point","coordinates":[10.7484275,59.9116982]}},{"type":"Feature","id":6126672452,"properties":{"amenity":"dentist","healthcare":"dentist","name":"Byporten tannlegesenter","operator:type":"private","ref:hvakostertannlegen":"13600","wheelchair":"yes"},"geometry":{"type":"Point","coordinates":[10.7518244,59.9117603]}},{"type":"Feature","id":6126674547,"properties":{"amenity":"dentist","healthcare":"dentist","name":"Tannklinikk i sentrum","operator:type":"private","ref:hvakostertannlegen":"12305","wheelchair":"yes"},"geometry":{"type":"Point","coordinates":[10.7513423,59.9136943]}},{"type":"Feature","id":6195511354,"properties":{"amenity":"recycling","description":"Vestkanttorget","recycling_type":"container","ref:avfall":"19999"},"geometry":{"type":"Point","coordinates":[10.752245,59.913869]}},{"type":"Feature","id":6211357716,"properties":{"amenity":"fast_food","cuisine":"asian;japanese;sushi","internet_access":"wlan","name":"Sushi City Wok","opening_hours":"Mo-Fr 11:00-22:00; Sa-Su 13:00-22:00","website":"https://sushicity.no"},"geometry":{"type":"Point","coordinates":[10.7483428,59.9111511]}},{"type":"Feature","id":6223448581,"properties":{"branch":"Flytogterminalen","brand":"7-Eleven","brand:wikidata":"Q259340","brand:wikipedia":"en:7-Eleven","check_date":"2026-05-07","email":"oslankomst.711no7147@7-eleven.no","name":"7-Eleven Flytogterminalen","opening_hours":"24/7","phone":"+47 64821884","ref:7eleven":"7144","shop":"convenience"},"geometry":{"type":"Point","coordinates":[10.7530787,59.9103553]}},{"type":"Feature","id":6247313102,"properties":{"brand":"Panduro","brand:wikidata":"Q265941","check_date":"2024-07-29","name":"Panduro","opening_hours":"Mo-Fr 10:00-20:00; Sa 10:00-18:00","shop":"craft"},"geometry":{"type":"Point","coordinates":[10.7487881,59.9112836]}},{"type":"Feature","id":6432580548,"properties":{"access":"customers","amenity":"bicycle_parking","bicycle_parking":"stands","capacity":"160","charge":"50 NOK/month","covered":"yes","description":"For those travelling. Also room for a small number of cargobikes.","fee":"yes","maxstay":"1 week","name":"Sykkelhotell ved Oslo S","operator":"Oslo kommune","operator:type":"government","payment:app":"yes","surveillance":"camera","website":"https://www.oslo.kommune.no/gate-transport-og-parkering/sykkel/sykkelhotell/"},"geometry":{"type":"Point","coordinates":[10.7524147,59.9101475]}},{"type":"Feature","id":6453909666,"properties":{"amenity":"cafe","name":"Swift by sumo"},"geometry":{"type":"Point","coordinates":[10.7538262,59.9113851]}},{"type":"Feature","id":6453909667,"properties":{"name:signed":"no","office":"company"},"geometry":{"type":"Point","coordinates":[10.7535928,59.9111221]}},{"type":"Feature","id":6453911562,"properties":{"brand":"Narvesen","brand:wikidata":"Q6514414","brand:wikipedia":"en:Narvesen","check_date:opening_hours":"2025-08-26","name":"Narvesen","opening_hours:signed":"no","shop":"kiosk"},"geometry":{"type":"Point","coordinates":[10.7534543,59.9113489]}},{"type":"Feature","id":6453911563,"properties":{"brand":"Mester grønn","brand:wikidata":"Q19381396","check_date":"2026-05-07","name":"Mester Grønn","shop":"florist"},"geometry":{"type":"Point","coordinates":[10.7537214,59.9112502]}},{"type":"Feature","id":6474049827,"properties":{"amenity":"fast_food","brand":"Domino's","brand:wikidata":"Q839466","cuisine":"pizza","indoor_seating":"yes","name":"Domino's","opening_hours":"Mo-Fr 10:00-24:00, Sa,Su 11:00-24:00","outdoor_seating":"no","takeaway":"yes"},"geometry":{"type":"Point","coordinates":[10.7483236,59.912798]}},{"type":"Feature","id":6530403039,"properties":{"amenity":"bench","backrest":"yes","check_date":"2026-08-07"},"geometry":{"type":"Point","coordinates":[10.7506872,59.9103694]}},{"type":"Feature","id":6530403040,"properties":{"amenity":"bench","backrest":"yes","check_date":"2026-08-07"},"geometry":{"type":"Point","coordinates":[10.7506003,59.9102478]}},{"type":"Feature","id":6530403041,"properties":{"amenity":"waste_basket"},"geometry":{"type":"Point","coordinates":[10.7511609,59.9099598]}},{"type":"Feature","id":6530403042,"properties":{"amenity":"bench","backrest":"yes","check_date":"2026-08-07"},"geometry":{"type":"Point","coordinates":[10.7505665,59.9102037]}},{"type":"Feature","id":6530403044,"properties":{"amenity":"bench","backrest":"yes","check_date":"2026-08-07"},"geometry":{"type":"Point","coordinates":[10.7505428,59.9101673]}},{"type":"Feature","id":6530403045,"properties":{"amenity":"waste_basket","check_date":"2025-06-26"},"geometry":{"type":"Point","coordinates":[10.7512733,59.9102229]}},{"type":"Feature","id":6530403047,"properties":{"amenity":"waste_basket","check_date":"2026-08-07"},"geometry":{"type":"Point","coordinates":[10.7506046,59.9102615]}},{"type":"Feature","id":6530403049,"properties":{"amenity":"bench","backrest":"yes","check_date":"2026-08-07"},"geometry":{"type":"Point","coordinates":[10.7506272,59.9102913]}},{"type":"Feature","id":6530403050,"properties":{"amenity":"bench","backrest":"yes","check_date":"2026-08-07"},"geometry":{"type":"Point","coordinates":[10.750659,59.9103301]}},{"type":"Feature","id":6665258469,"properties":{"access":"yes","amenity":"bicycle_parking","bicycle_parking":"stands","capacity":"12","colour":"yellow","covered":"no","fee":"no","start_date":"2019"},"geometry":{"type":"Point","coordinates":[10.7499554,59.9132441]}},{"type":"Feature","id":6665258470,"properties":{"amenity":"restaurant","check_date":"2026-08-14","check_date:opening_hours":"2026-08-14","cuisine":"pizza","indoor_seating":"yes","name":"Tutto Passa","opening_hours:signed":"no","outdoor_seating":"yes"},"geometry":{"type":"Point","coordinates":[10.749295,59.913441]}},{"type":"Feature","id":6684083405,"properties":{"amenity":"fast_food","check_date":"2024-05-11","cuisine":"kebab;falafel","diet:vegetarian":"yes","drive_through":"no","name":"Dronningens kebab","outdoor_seating":"yes"},"geometry":{"type":"Point","coordinates":[10.7484022,59.911168]}},{"type":"Feature","id":6817579807,"properties":{"check_date":"2024-11-24","name":"Amerikalinjen","tourism":"hotel","website":"https://amerikalinjen.com/no/hjem/"},"geometry":{"type":"Point","coordinates":[10.7496017,59.9107333]}},{"type":"Feature","id":6821148280,"properties":{"amenity":"pharmacy","branch":"Arkaden","brand":"Vitusapotek","brand:wikidata":"Q17047215","brand:wikipedia":"no:Vitusapotek","email":"arkaden@vitusapotek.no","healthcare":"pharmacy","name":"Vitusapotek Arkaden","opening_hours":"Mo-Fr 09:00-20:00, Sa 10:00-18:00","phone":"+47 23 35 70 50","ref:nmd":"1745","wheelchair":"limited"},"geometry":{"type":"Point","coordinates":[10.748234,59.911731]}},{"type":"Feature","id":7044014552,"properties":{"amenity":"bicycle_rental","bicycle_rental":"docking_station","brand":"Oslo Bysykkel","brand:wikidata":"Q7107010","brand:wikipedia":"en:Oslo Bysykkel","capacity":"30","description":"50-Havnegata N (Østbanehallen)","network":"Oslo Bysykkel","network:wikidata":"Q7107010","network:wikipedia":"en:Oslo Bysykkel","operator":"UIP Oslo Bysykkel AS","operator:type":"private"},"geometry":{"type":"Point","coordinates":[10.7519634,59.9100649]}},{"type":"Feature","id":7044014553,"properties":{"amenity":"bicycle_rental","bicycle_rental":"docking_station","brand":"Oslo Bysykkel","brand:wikidata":"Q7107010","brand:wikipedia":"en:Oslo Bysykkel","capacity":"30","description":"50-Havnegata N (Østbanehallen)","network":"Oslo Bysykkel","network:wikidata":"Q7107010","network:wikipedia":"en:Oslo Bysykkel","operator":"UIP Oslo Bysykkel AS","operator:type":"private"},"geometry":{"type":"Point","coordinates":[10.7516415,59.9101194]}},{"type":"Feature","id":7057399221,"properties":{"access":"yes","amenity":"toilets","changing_table":"no","fee":"yes","opening_hours":"Mo-Su 00:00-24:00","toilets:disposal":"flush","unisex":"yes","wheelchair":"yes"},"geometry":{"type":"Point","coordinates":[10.7502798,59.910546]}},{"type":"Feature","id":7057399222,"properties":{"access":"yes","amenity":"toilets","changing_table":"yes","changing_table:fee":"yes","changing_table:location":"wheelchair_toilet","fee":"yes","opening_hours":"Mo-Su,PH 00:00-24:00","toilets:disposal":"flush","toilets:num_chambers:male":"2","unisex":"yes","wheelchair":"yes"},"geometry":{"type":"Point","coordinates":[10.7503159,59.9105372]}},{"type":"Feature","id":7057399223,"properties":{"access":"yes","amenity":"toilets","changing_table":"no","fee":"yes","opening_hours":"Mo-Su 00:00-24:00","toilets:disposal":"flush","unisex":"yes","wheelchair":"yes"},"geometry":{"type":"Point","coordinates":[10.7502464,59.910554]}},{"type":"Feature","id":7101291714,"properties":{"check_date":"2025-01-03","name":"Ruter AS","office":"company","website":"https://www.ruter.no/","wikidata":"Q750292","wikipedia":"no:Ruter"},"geometry":{"type":"Point","coordinates":[10.7487005,59.9125438]}},{"type":"Feature","id":7118179977,"properties":{"name":"Bokeriet","shop":"books"},"geometry":{"type":"Point","coordinates":[10.7490058,59.9108557]}},{"type":"Feature","id":7118179978,"properties":{"amenity":"restaurant","diet:vegan":"yes","diet:vegetarian":"yes","name":"Pincho Nation","website":"https://pinchonation.no/restaurant/no-oslo-fred-olsens/","wheelchair":"limited"},"geometry":{"type":"Point","coordinates":[10.748926,59.9107694]}},{"type":"Feature","id":7118179979,"properties":{"name":"The Little Bakery","shop":"bakery","website":"https://amerikalinjen.com/no/restauranter-i-oslo-sentrum/the-little-bakery/"},"geometry":{"type":"Point","coordinates":[10.7491471,59.9106277]}},{"type":"Feature","id":7118179981,"properties":{"email":"pri@uffnorge.org","name":"UFF Vintage","opening_hours":"Mo-Fr 10:00-19:00; Sa 11:00-18:00","second_hand":"yes","shop":"clothes","website":"https://uffnorge.org/uff-butikkene#oslo"},"geometry":{"type":"Point","coordinates":[10.7485987,59.9100245]}},{"type":"Feature","id":7118179982,"properties":{"check_date":"2023-10-06","min_age":"18","name":"Svea Store Fyrverkeributikken","note":"Sale to general customers permitted on Dec 27-31 by Norwegian law. Other times sold only to professional pyrotechnicians with permit.","opening_hours":"Mo-Fr 10:00-17:00 \"kun med oppskytingstillatelse\"; Dec 27-30: 09:00-21:00; Dec 31: 09:00-18:00; PH off","opening_hours:url":"https://www.sveafireworks.no/om-svea/svea-store-butikken/","shop":"pyrotechnics","website":"https://www.sveafireworks.no/"},"geometry":{"type":"Point","coordinates":[10.7487807,59.9102073]}},{"type":"Feature","id":7118179983,"properties":{"name":"Webgruppen","office":"educational_institution","website":"https://www.webgruppen.no/"},"geometry":{"type":"Point","coordinates":[10.7493101,59.9100665]}},{"type":"Feature","id":7118179984,"properties":{"amenity":"community_centre","name":"Helt Sentralt","website":"https://heltsentralt.no/"},"geometry":{"type":"Point","coordinates":[10.74943,59.910186]}},{"type":"Feature","id":7118275585,"properties":{"name":"Singh Ekspress","shop":"travel_agency"},"geometry":{"type":"Point","coordinates":[10.7496728,59.9104428]}},{"type":"Feature","id":7118275587,"properties":{"amenity":"bar","name":"Pier 42","opening_hours":"Mo-Th 16:00-24:00, Fr 16:00-00:30, Sa 14:00-00:30","website":"https://amerikalinjen.com/no/restauranter-i-oslo-sentrum/pier-42/"},"geometry":{"type":"Point","coordinates":[10.7497826,59.9106929]}},{"type":"Feature","id":7118275589,"properties":{"name":"Tanum","shop":"books"},"geometry":{"type":"Point","coordinates":[10.7528633,59.9116053]}},{"type":"Feature","id":7118275595,"properties":{"amenity":"cafe","branch":"Oslo S Hovedhallen","brand":"Espresso House","brand:wikidata":"Q10489162","brand:wikipedia":"en:Espresso House","check_date":"2026-05-08","cuisine":"coffee_shop","diet:vegetarian":"yes","name":"Espresso House Oslo S Hovedhallen","opening_hours":"Mo-Su 05:30-24:00","phone":"+47 45940556","ref:espressohouse":"1846","takeaway":"yes","website":"https://no.espressohouse.com/coffee-shops/oslo-s-hovedhallen/"},"geometry":{"type":"Point","coordinates":[10.7522759,59.9111158]}},{"type":"Feature","id":7118275597,"properties":{"check_date":"2026-10-04","check_date:opening_hours":"2026-10-04","name":"Accessorize","opening_hours:signed":"no","shop":"fashion_accessories"},"geometry":{"type":"Point","coordinates":[10.7526796,59.9110358]}},{"type":"Feature","id":7118275598,"properties":{"check_date":"2026-10-04","check_date:opening_hours":"2026-10-04","name":"b.young","opening_hours:signed":"no","shop":"clothes","website":"https://www.byoung.com/nb-no/shop-finder/oslo-s"},"geometry":{"type":"Point","coordinates":[10.7528418,59.9109854]}},{"type":"Feature","id":7118275602,"properties":{"brand":"Ark bokhandel","brand:wikidata":"Q11958706","check_date":"2025-02-03","email":"byporten@ark.no","name":"ARK Oslo Sentralstasjon","opening_hours":"Mo-Fr 08:00-21:00; Sa 09:00-20:00","phone":"+47 96 62 56 23","shop":"books","website":"https://www.ark.no/butikker/oslo/ark-byporten-oslo"},"geometry":{"type":"Point","coordinates":[10.7531893,59.9105192]}},{"type":"Feature","id":7119960783,"properties":{"name":"Bianco","shop":"shoes"},"geometry":{"type":"Point","coordinates":[10.7480669,59.9116121]}},{"type":"Feature","id":7119960784,"properties":{"brand":"ONLY","brand:wikidata":"Q61799370","check_date:opening_hours":"2024-06-15","name":"ONLY","opening_hours:signed":"no","shop":"clothes"},"geometry":{"type":"Point","coordinates":[10.7480801,59.9114418]}},{"type":"Feature","id":7119970985,"properties":{"check_date":"2026-05-08","name":"Way Nor","opening_hours":"Mo-Fr 10:00-20:00; Sa 10:00-18:00; Su 11:00-18:00","shop":"gift"},"geometry":{"type":"Point","coordinates":[10.7485486,59.9113356]}},{"type":"Feature","id":7119970986,"properties":{"check_date":"2026-05-08","clothes":"underwear","clothes:for":"women","name":"Change","shop":"clothes"},"geometry":{"type":"Point","coordinates":[10.7489025,59.9112572]}},{"type":"Feature","id":7119970987,"properties":{"brand":"Levi's","brand:wikidata":"Q127962","brand:wikipedia":"en:Levi Strauss & Co.","check_date":"2024-07-29","clothes":"denim;men;women","name":"Levi's","opening_hours":"Mo-Fr 10:00-20:00; Sa 10:00-18:00","shop":"clothes"},"geometry":{"type":"Point","coordinates":[10.7487611,59.911449]}},{"type":"Feature","id":7119970988,"properties":{"brand":"Narvesen","brand:wikidata":"Q6514414","brand:wikipedia":"en:Narvesen","check_date":"2024-07-29","name":"Narvesen","shop":"kiosk"},"geometry":{"type":"Point","coordinates":[10.7489882,59.9113999]}},{"type":"Feature","id":7119970991,"properties":{"branch":"Karl Johan","brand":"Cutters","brand:wikidata":"Q106940660","female":"yes","male":"yes","name":"Cutters","shop":"hairdresser","website":"https://www.cutters.no/salong/karl-johan"},"geometry":{"type":"Point","coordinates":[10.7490659,59.9113827]}},{"type":"Feature","id":7279361141,"properties":{"amenity":"bench","backrest":"yes","check_date":"2026-08-11","material":"wood"},"geometry":{"type":"Point","coordinates":[10.7490062,59.9122092]}},{"type":"Feature","id":7279361142,"properties":{"amenity":"bench","backrest":"yes","check_date":"2026-08-11","material":"wood"},"geometry":{"type":"Point","coordinates":[10.7488832,59.9122047]}},{"type":"Feature","id":7279361143,"properties":{"amenity":"bench","backrest":"yes","check_date":"2026-08-11","material":"wood"},"geometry":{"type":"Point","coordinates":[10.7487424,59.9122197]}},{"type":"Feature","id":7279361168,"properties":{"amenity":"bench","backrest":"no","check_date":"2026-05-08","material":"stone"},"geometry":{"type":"Point","coordinates":[10.7499948,59.9109971]}},{"type":"Feature","id":7279361169,"properties":{"amenity":"bench","backrest":"no","check_date":"2026-05-08","material":"stone"},"geometry":{"type":"Point","coordinates":[10.7500764,59.9109762]}},{"type":"Feature","id":7279361170,"properties":{"amenity":"bench","backrest":"no","check_date":"2026-05-08","material":"stone"},"geometry":{"type":"Point","coordinates":[10.7501327,59.9109439]}},{"type":"Feature","id":7279361171,"properties":{"amenity":"bench","backrest":"no","check_date":"2026-05-08","material":"stone"},"geometry":{"type":"Point","coordinates":[10.7501082,59.9109095]}},{"type":"Feature","id":7279361172,"properties":{"amenity":"bench","backrest":"no","check_date":"2026-05-08","material":"stone"},"geometry":{"type":"Point","coordinates":[10.75014,59.9109034]}},{"type":"Feature","id":7279361173,"properties":{"amenity":"bench","backrest":"no","check_date":"2026-05-08","material":"stone"},"geometry":{"type":"Point","coordinates":[10.7501115,59.9108695]}},{"type":"Feature","id":7279361174,"properties":{"amenity":"bench","backrest":"no","check_date":"2026-05-08","material":"stone"},"geometry":{"type":"Point","coordinates":[10.7500576,59.9108596]}},{"type":"Feature","id":7279361175,"properties":{"amenity":"bench","backrest":"no","check_date":"2026-05-08","material":"stone"},"geometry":{"type":"Point","coordinates":[10.7500527,59.910885]}},{"type":"Feature","id":7279361176,"properties":{"amenity":"bench","backrest":"no","check_date":"2026-05-08","material":"stone"},"geometry":{"type":"Point","coordinates":[10.7499842,59.91091]}},{"type":"Feature","id":7279361177,"properties":{"amenity":"bench","backrest":"no","check_date":"2026-05-08","material":"stone"},"geometry":{"type":"Point","coordinates":[10.7500258,59.910932]}},{"type":"Feature","id":7279361178,"properties":{"amenity":"bench","backrest":"no","check_date":"2026-05-08","material":"stone"},"geometry":{"type":"Point","coordinates":[10.7499662,59.9109439]}},{"type":"Feature","id":7279361179,"properties":{"amenity":"bench","backrest":"no","check_date":"2026-05-08","material":"stone"},"geometry":{"type":"Point","coordinates":[10.7499426,59.9109316]}},{"type":"Feature","id":7279361180,"properties":{"amenity":"bench","backrest":"no","check_date":"2026-05-08","material":"stone"},"geometry":{"type":"Point","coordinates":[10.7499091,59.9109578]}},{"type":"Feature","id":7279361181,"properties":{"amenity":"bench","backrest":"no","check_date":"2026-05-08","material":"stone"},"geometry":{"type":"Point","coordinates":[10.7498985,59.9109893]}},{"type":"Feature","id":7279361182,"properties":{"amenity":"bench","backrest":"no","check_date":"2026-05-08","material":"stone"},"geometry":{"type":"Point","coordinates":[10.7499401,59.9109901]}},{"type":"Feature","id":7279361183,"properties":{"amenity":"bench","backrest":"no","check_date":"2026-05-08","material":"wood"},"geometry":{"type":"Point","coordinates":[10.7501376,59.9108024]}},{"type":"Feature","id":7279361184,"properties":{"amenity":"bench","backrest":"no","check_date":"2026-08-07","material":"wood"},"geometry":{"type":"Point","coordinates":[10.7503472,59.9107545]}},{"type":"Feature","id":7279362685,"properties":{"amenity":"bench","backrest":"no","check_date":"2026-08-07","material":"wood"},"geometry":{"type":"Point","coordinates":[10.7503399,59.910732]}},{"type":"Feature","id":7286572645,"properties":{"amenity":"bench","backrest":"no","check_date":"2026-08-11"},"geometry":{"type":"Point","coordinates":[10.749433,59.912669]}},{"type":"Feature","id":7286572646,"properties":{"amenity":"bench","backrest":"no","check_date":"2026-08-11"},"geometry":{"type":"Point","coordinates":[10.7494608,59.9126983]}},{"type":"Feature","id":7286572647,"properties":{"amenity":"bench","backrest":"no","check_date":"2026-08-11"},"geometry":{"type":"Point","coordinates":[10.7494975,59.9127466]}},{"type":"Feature","id":7286572648,"properties":{"access":"yes","amenity":"bicycle_parking","bicycle_parking":"stands","capacity":"6","covered":"no"},"geometry":{"type":"Point","coordinates":[10.7494737,59.9127242]}},{"type":"Feature","id":7330252174,"properties":{"amenity":"bicycle_rental","bicycle_rental":"docking_station","capacity":"48"},"geometry":{"type":"Point","coordinates":[10.7501293,59.9104765]}},{"type":"Feature","id":7501585266,"properties":{"branch":"Skippergata Oslo","brand":"Joker","email":"joker.skippergata.oslo@joker.no","name":"Joker Skippergata Oslo","opening_hours":"24/7","phone":"+47 40141010","ref:norgesgruppen":"11128446","service:postnord":"yes","shop":"supermarket"},"geometry":{"type":"Point","coordinates":[10.749566,59.913068]}},{"type":"Feature","id":7575141379,"properties":{"artwork_type":"sculpture","image":"https://photos.app.goo.gl/5PnderzUUEdsNP9h8","mapillary":"592887431890937","tourism":"artwork"},"geometry":{"type":"Point","coordinates":[10.7527465,59.9101637]}},{"type":"Feature","id":7575141380,"properties":{"amenity":"clock","image":"https://photos.app.goo.gl/BscjsG5eQqw6JNKc9","mapillary":"114098350746763"},"geometry":{"type":"Point","coordinates":[10.7526658,59.9102576]}},{"type":"Feature","id":7575431136,"properties":{"branch":"Byporten","brand":"Telia","brand:wikidata":"Q862303","brand:wikipedia":"en:Telia Company","email":"telia-byporten@telia.no","name":"Telia Byporten","opening_hours":"Mo-Fr 09:00-21:00, Sa 10:00-20:00","phone":"+47 23 36 20 23","ref:telia":"TB16","shop":"mobile_phone"},"geometry":{"type":"Point","coordinates":[10.7512566,59.9119006]}},{"type":"Feature","id":7577099587,"properties":{"branch":"Phonehouse Arkaden","brand":"Elkjøp","brand:wikidata":"Q1771628","name":"Elkjøp Phonehouse Arkaden","phone":"+47 41375051","ref:elkjøp":"4743","shop":"electronics"},"geometry":{"type":"Point","coordinates":[10.747979,59.9117597]}},{"type":"Feature","id":7871022585,"properties":{"check_date":"2026-07-25","internet_access":"wlan","name":"Eplehuset Storgata","opening_hours":"Mo-Fr 10:00-19:00; Sa 10:00-17:00","phone":"+4773202400","shop":"computer","website":"https://eplehuset.no","wheelchair":"yes"},"geometry":{"type":"Point","coordinates":[10.7499157,59.9136284]}},{"type":"Feature","id":7904813107,"properties":{"amenity":"fast_food","cuisine":"kebab","name":"Lett og God"},"geometry":{"type":"Point","coordinates":[10.7520208,59.9120748]}},{"type":"Feature","id":7904823298,"properties":{"name":"Japan Foto","shop":"photo"},"geometry":{"type":"Point","coordinates":[10.7518315,59.9120248]}},{"type":"Feature","id":7905711990,"properties":{"amenity":"bicycle_rental","bicycle_rental":"docking_station","capacity":"30","name":"Oslo Bysykler"},"geometry":{"type":"Point","coordinates":[10.7481893,59.9111987]}},{"type":"Feature","id":7951262834,"properties":{"amenity":"parking_entrance","exit":"yes","maxheight:signed":"no","parking":"multi-storey"},"geometry":{"type":"Point","coordinates":[10.7488202,59.9101546]}},{"type":"Feature","id":8026356496,"properties":{"email":"post@niku.no","government":"education","name":"Norsk institutt for kulturminneforskning","office":"government","phone":"+47 23 35 50 00"},"geometry":{"type":"Point","coordinates":[10.748548,59.912784]}},{"type":"Feature","id":8075445924,"properties":{"amenity":"vending_machine","brand":"Coca-Cola","brand:wikidata":"Q2813","check_date":"2023-05-14","currency:NOK":"yes","drink:cola":"yes","drink:soda":"yes","drink:soft_drink":"yes","name":"Coca-Cola","operator":"Coca-Cola Norge AS","payment:app":"yes","payment:apple_pay":"yes","payment:google_pay":"yes","payment:mastercard":"yes","payment:mastercard_contactless":"yes","payment:samsung_pay":"yes","payment:sms":"yes","payment:vipps":"yes","payment:visa":"yes","payment:visa_contactless":"yes","vending":"drinks"},"geometry":{"type":"Point","coordinates":[10.748878,59.9121047]}},{"type":"Feature","id":8191463215,"properties":{"amenity":"cafe","delivery":"no","diet:dairy_free":"yes","diet:gluten_free":"yes","diet:lactose_free":"yes","diet:vegetarian":"yes","internet_access":"yes","internet_access:fee":"no","name":"Stockfleths","opening_hours":"Mo-Fr 07:00-20:00, Sa 10:00-18:00","operator":"Stockfleths AS","payment:coins":"yes","payment:mastercard":"yes","payment:notes":"yes","payment:visa":"yes","payment:visa_debit":"yes","payment:visa_electron":"yes","phone":"+47 40 18 92 61","smoking":"no","takeaway":"yes","website":"https://stockfleths.as","wheelchair":"yes"},"geometry":{"type":"Point","coordinates":[10.748835,59.912014]}},{"type":"Feature","id":8191463216,"properties":{"brand":"Kjell & Company","brand:wikidata":"Q6419332","brand:wikipedia":"en:Kjell & Company","check_date":"2025-07-07","contact:phone":"+47 69 52 09 06","contact:website":"https://www.kjell.com/no","name":"Kjell & Company","opening_hours":"Mo-Fr 09:00-20:00; Sa 10:00-18:00","payment:american_express":"yes","payment:bankaxept":"yes","payment:coins":"yes","payment:mastercard":"yes","payment:notes":"yes","payment:visa":"yes","payment:visa_debit":"yes","payment:visa_electron":"yes","shop":"electronics"},"geometry":{"type":"Point","coordinates":[10.748257,59.912097]}},{"type":"Feature","id":8427753093,"properties":{"name:en":"The European Wergeland Centre","office":"ngo"},"geometry":{"type":"Point","coordinates":[10.749109,59.911202]}},{"type":"Feature","id":8442749529,"properties":{"check_date":"2026-08-07","check_date:opening_hours":"2026-08-07","description":"Ruter Help Center, Public Transport Help Center","information":"office","internet_access":"yes","name":"Ruter S","opening_hours":"Sa 09:00-18:00; Su 10:00-16:00; Mo-Fr 09:00-20:00","operator":"Ruter","tourism":"information","wheelchair":"yes"},"geometry":{"type":"Point","coordinates":[10.7502951,59.9113881]}},{"type":"Feature","id":8442750323,"properties":{"amenity":"clock","check_date":"2025-03-21","display":"analog","faces":"4","support":"billboard","visibility":"street"},"geometry":{"type":"Point","coordinates":[10.7502582,59.911338]}},{"type":"Feature","id":8694891957,"properties":{"amenity":"bicycle_parking","bicycle_parking":"stands","capacity":"10","covered":"no"},"geometry":{"type":"Point","coordinates":[10.7504765,59.9137089]}},{"type":"Feature","id":8694891969,"properties":{"amenity":"bench","backrest":"no"},"geometry":{"type":"Point","coordinates":[10.7519043,59.9140133]}},{"type":"Feature","id":8694891970,"properties":{"amenity":"bench","backrest":"no"},"geometry":{"type":"Point","coordinates":[10.7517364,59.9139633]}},{"type":"Feature","id":8742982686,"properties":{"amenity":"parking_entrance","maxheight":"below_default","parking":"underground"},"geometry":{"type":"Point","coordinates":[10.7499377,59.9130892]}},{"type":"Feature","id":9010627923,"properties":{"amenity":"fast_food","branch":"Arkaden","brand":"Big Bite","brand:wikidata":"Q11960977","brand:wikipedia":"no:Big Bite","cuisine":"sandwich","email":"arkadenoslo@bigbite.no","name":"Big Bite Arkaden","opening_hours":"Mo-Fr 10:00-20:00; Sa 10:00-18:00","phone":"+47 400 34 349","ref:bigbite":"44","takeaway":"yes"},"geometry":{"type":"Point","coordinates":[10.748316,59.91167]}},{"type":"Feature","id":9191271338,"properties":{"amenity":"bench","backrest":"no"},"geometry":{"type":"Point","coordinates":[10.7516552,59.9139361]}},{"type":"Feature","id":9191271339,"properties":{"amenity":"bench","backrest":"no"},"geometry":{"type":"Point","coordinates":[10.7516947,59.913948]}},{"type":"Feature","id":9191271340,"properties":{"amenity":"bench","backrest":"no"},"geometry":{"type":"Point","coordinates":[10.7518647,59.9140017]}},{"type":"Feature","id":9191271341,"properties":{"amenity":"bench","backrest":"no"},"geometry":{"type":"Point","coordinates":[10.7518146,59.9139863]}},{"type":"Feature","id":9191271342,"properties":{"amenity":"bench","backrest":"no"},"geometry":{"type":"Point","coordinates":[10.7517736,59.9139743]}},{"type":"Feature","id":9209562842,"properties":{"branch":"Storgata 12","brand":"Backstube","check_date":"2025-07-31","check_date:opening_hours":"2025-07-31","name":"Backstube","opening_hours":"Mo-Fr 08:00-20:00; Sa 09:00-19:00","opening_hours:signed":"no","shop":"bakery","website":"https://www.backstube.no"},"geometry":{"type":"Point","coordinates":[10.7502099,59.9132986]}},{"type":"Feature","id":9530684677,"properties":{"check_date":"2023-05-19","name":"Chili Hoang","opening_hours":"Mo-Fr 09:00-19:00; Sa 10:00-19:00; Su 12:00-18:00","origin":"asian","shop":"convenience"},"geometry":{"type":"Point","coordinates":[10.7523975,59.9134192]}},{"type":"Feature","id":9549423817,"properties":{"brand":"Clarion","brand:wikidata":"Q10454567","check_date":"2025-05-12","name":"Clarion Hotel The Hub","name:ko":"로얄 크리스티아니아 호텔","name:no":"Clarion Hotel The Hub","old_name":"Clarion Hotel Royal Christiania","tourism":"hotel","website":"https://www.nordicchoicehotels.no/hotell/norge/oslo/clarion-hotel-the-hub/","wheelchair":"no"},"geometry":{"type":"Point","coordinates":[10.7500425,59.9124689]}},{"type":"Feature","id":9608107580,"properties":{"branch":"Storgata","brand":"Rema 1000","brand:wikidata":"Q28459","check_date":"2025-05-08","check_date:opening_hours":"2024-06-01","email":"storgata@rema.no","name":"Rema 1000 Storgata","opening_hours":"Mo-Sa 07:00-23:00","phone":"+47 22252200","ref:rema":"2096953","shop":"supermarket"},"geometry":{"type":"Point","coordinates":[10.751551,59.9137849]}},{"type":"Feature","id":9621388869,"properties":{"description":"Norwegian Cyclists’ Association is the sole organisation for everyday cycling in Norway. The association has been working for improving the conditions for cycling in Norway ever since its inception in 1947.","email":"post@syklistforeningen.no","name":"Syklistenes Landsforening","name:en":"Norwegian Cyclists’ Association","office":"association","opening_hours":"Mo-Fr 09:00-14:30","phone":"+47 22 47 30 30","website":"https://syklistforeningen.no/","wikidata":"Q19391479","wikipedia":"no:Syklistenes Landsforening"},"geometry":{"type":"Point","coordinates":[10.749059,59.913086]}},{"type":"Feature","id":9621388870,"properties":{"name":"Norske Konsertarrangører","office":"company","phone":"+47 22 20 00 22","website":"https://www.konsertarrangor.no/"},"geometry":{"type":"Point","coordinates":[10.749147,59.913109]}},{"type":"Feature","id":9673676927,"properties":{"amenity":"post_box","brand":"Posten","brand:wikidata":"Q1815701","collection_times":"Mo-Fr 16:00","operator":"Posten","operator:wikidata":"Q1815701","ref:posten_box":"I00061"},"geometry":{"type":"Point","coordinates":[10.7526,59.910707]}},{"type":"Feature","id":9673676928,"properties":{"amenity":"post_box","brand":"Posten","brand:wikidata":"Q1815701","collection_times:signed":"no","operator":"Posten","operator:wikidata":"Q1815701","ref:posten_box":"I00062"},"geometry":{"type":"Point","coordinates":[10.750194,59.911321]}},{"type":"Feature","id":9810456350,"properties":{"brand":"Narvesen","brand:wikidata":"Q6514414","check_date":"2025-05-08","check_date:opening_hours":"2025-05-08","name":"Narvesen","opening_hours:signed":"no","shop":"kiosk"},"geometry":{"type":"Point","coordinates":[10.751014,59.913687]}},{"type":"Feature","id":9895863742,"properties":{"amenity":"atm","check_date":"2023-05-19","name":"Minibank / ATM","operator":"Loomis"},"geometry":{"type":"Point","coordinates":[10.7522884,59.9145076]}},{"type":"Feature","id":9946544000,"properties":{"amenity":"waste_basket","panoramax":"410090f1-8ce2-4d7f-a4ff-99c387ab94bb","waste":"trash"},"geometry":{"type":"Point","coordinates":[10.7523007,59.910109]}},{"type":"Feature","id":9946853161,"properties":{"amenity":"waste_basket","panoramax":"2a61881a-dc71-4e0f-9302-61094fe2cfc2","waste":"trash"},"geometry":{"type":"Point","coordinates":[10.7532559,59.9143631]}},{"type":"Feature","id":9946864409,"properties":{"amenity":"waste_basket","panoramax":"827aebb7-fcc7-48c9-871d-5823097f840d","waste":"trash"},"geometry":{"type":"Point","coordinates":[10.7498277,59.9136596]}},{"type":"Feature","id":9946865159,"properties":{"amenity":"waste_basket","panoramax":"d5a3a315-d1f6-4877-bd87-f9ab0064f06e","waste":"trash"},"geometry":{"type":"Point","coordinates":[10.753564,59.9142936]}},{"type":"Feature","id":9946867198,"properties":{"amenity":"waste_basket","panoramax":"effa8d4d-895b-4caf-b6b1-e10c2fdae695","waste":"trash"},"geometry":{"type":"Point","coordinates":[10.7494106,59.9124147]}},{"type":"Feature","id":9946885273,"properties":{"amenity":"waste_basket","panoramax":"0af5e7ed-ffe3-4d7f-b84a-e265912fab7c","waste":"trash"},"geometry":{"type":"Point","coordinates":[10.7497425,59.9135825]}},{"type":"Feature","id":9946885290,"properties":{"amenity":"waste_basket","panoramax":"1de10da1-f178-48f3-9a9d-2fb6165aef13","waste":"trash"},"geometry":{"type":"Point","coordinates":[10.7500282,59.9131826]}},{"type":"Feature","id":9946890681,"properties":{"amenity":"waste_basket","panoramax":"3c98ba65-2fba-45ca-b7a3-e9cc548b5429"},"geometry":{"type":"Point","coordinates":[10.7499531,59.913508]}},{"type":"Feature","id":9946893141,"properties":{"amenity":"waste_basket","waste":"trash"},"geometry":{"type":"Point","coordinates":[10.7498968,59.9121545]}},{"type":"Feature","id":9946896239,"properties":{"amenity":"waste_basket","panoramax":"59c8d09e-df3d-4f14-b209-87c3a2850c6c","waste":"trash"},"geometry":{"type":"Point","coordinates":[10.749827,59.913397]}},{"type":"Feature","id":9946900461,"properties":{"amenity":"waste_basket","panoramax":"2ca03899-3aab-4b8c-95cf-944ef46772ba","waste":"cigarettes;trash"},"geometry":{"type":"Point","coordinates":[10.7499136,59.9130457]}},{"type":"Feature","id":9946900462,"properties":{"amenity":"waste_basket","waste":"trash"},"geometry":{"type":"Point","coordinates":[10.749306,59.9125248]}},{"type":"Feature","id":9946900837,"properties":{"amenity":"waste_basket"},"geometry":{"type":"Point","coordinates":[10.7493074,59.9121885]}},{"type":"Feature","id":9992413685,"properties":{"amenity":"restaurant","check_date:opening_hours":"2026-07-25","name":"Mr Bowl","opening_hours":"Mo-Fr 11:00-21:00; Sa 12:00-21:00; Su 13:00-21:00"},"geometry":{"type":"Point","coordinates":[10.7497238,59.9137723]}},{"type":"Feature","id":10075703633,"properties":{"branch":"Prinsensgate","brand":"Joker","brand:wikidata":"Q716328","check_date:opening_hours":"2025-08-10","email":"joker.prinsensgate@joker.no","name":"Joker Prinsensgate","opening_hours":"Mo-Fr 07:00-23:00, Sa-Su 08:00-22:00","phone":"+47 94241025","ref:norgesgruppen":"4311138","shop":"supermarket"},"geometry":{"type":"Point","coordinates":[10.7481544,59.9100336]}},{"type":"Feature","id":10268538991,"properties":{"amenity":"restaurant","brand":"Hard Rock Cafe","brand:wikidata":"Q918151","check_date":"2026-01-20","cuisine":"american","name":"Hard Rock Cafe","opening_hours":"Mo-Th 11:00-22:00; Fr-Sa 11:00-23:00; Su 11:00-21:00","phone":"+47 476 93 451","website":"https://www.hovedbanen.no"},"geometry":{"type":"Point","coordinates":[10.7514766,59.9115]}},{"type":"Feature","id":10273210477,"properties":{"check_date":"2026-09-25","name":"Brillespesialisten","shop":"optician","website":"https://www.brillespesialisten.no"},"geometry":{"type":"Point","coordinates":[10.7483488,59.9127607]}},{"type":"Feature","id":10295103464,"properties":{"amenity":"bench","backrest":"no","material":"wood"},"geometry":{"type":"Point","coordinates":[10.7510793,59.9139129]}},{"type":"Feature","id":10295103465,"properties":{"amenity":"bench","backrest":"no","material":"wood"},"geometry":{"type":"Point","coordinates":[10.7511202,59.913925]}},{"type":"Feature","id":10295103466,"properties":{"amenity":"bench","backrest":"no","material":"wood"},"geometry":{"type":"Point","coordinates":[10.7515923,59.9140651]}},{"type":"Feature","id":10295103467,"properties":{"amenity":"bench","backrest":"no","material":"wood"},"geometry":{"type":"Point","coordinates":[10.7516208,59.9140734]}},{"type":"Feature","id":10297490392,"properties":{"amenity":"bench","backrest":"no","material":"wood"},"geometry":{"type":"Point","coordinates":[10.7529944,59.914509]}},{"type":"Feature","id":10297490393,"properties":{"amenity":"bench","backrest":"no","material":"wood"},"geometry":{"type":"Point","coordinates":[10.7530879,59.9145426]}},{"type":"Feature","id":10297490398,"properties":{"amenity":"bench","backrest":"no","material":"wood"},"geometry":{"type":"Point","coordinates":[10.7530577,59.9145167]}},{"type":"Feature","id":10297490399,"properties":{"amenity":"bench","backrest":"no","material":"wood"},"geometry":{"type":"Point","coordinates":[10.7529759,59.9144892]}},{"type":"Feature","id":10297490400,"properties":{"amenity":"bench","backrest":"no","material":"wood"},"geometry":{"type":"Point","coordinates":[10.7529176,59.9144709]}},{"type":"Feature","id":10297490401,"properties":{"amenity":"bench","backrest":"no","material":"wood"},"geometry":{"type":"Point","coordinates":[10.7533203,59.9146189]}},{"type":"Feature","id":10297490402,"properties":{"amenity":"bench","backrest":"no","material":"wood"},"geometry":{"type":"Point","coordinates":[10.7524697,59.9140972]}},{"type":"Feature","id":10297490403,"properties":{"amenity":"bench","backrest":"no","material":"wood"},"geometry":{"type":"Point","coordinates":[10.7524777,59.9141156]}},{"type":"Feature","id":10297490404,"properties":{"amenity":"bench","backrest":"yes","material":"wood"},"geometry":{"type":"Point","coordinates":[10.7521619,59.9142211]}},{"type":"Feature","id":10297490405,"properties":{"amenity":"bench","backrest":"no","material":"wood"},"geometry":{"type":"Point","coordinates":[10.7528117,59.9143011]}},{"type":"Feature","id":10297490406,"properties":{"amenity":"bench","backrest":"no","material":"wood"},"geometry":{"type":"Point","coordinates":[10.7528053,59.9142821]}},{"type":"Feature","id":10297490407,"properties":{"amenity":"bench","backrest":"no","material":"wood"},"geometry":{"type":"Point","coordinates":[10.753043,59.9143759]}},{"type":"Feature","id":10297490408,"properties":{"amenity":"bench","backrest":"no","material":"wood"},"geometry":{"type":"Point","coordinates":[10.7531238,59.9143841]}},{"type":"Feature","id":10297490418,"properties":{"access":"yes","amenity":"bicycle_parking","bicycle_parking":"stands","capacity":"12","covered":"no","fee":"no","lit":"yes","operator":"Oslo kommune","surface":"paving_stones"},"geometry":{"type":"Point","coordinates":[10.7532349,59.9144657]}},{"type":"Feature","id":10548845988,"properties":{"check_date":"2023-05-19","email":"kontakt@poke4dayz.no","name":"Poke4dayz","opening_hours":"Mo,We,Th 11:00-17:00; Tu 11:00-19:00; Fr 11:00-19:00; Sa 12:00-17:00","shop":"collector","website":"https://www.poke4dayz.no/"},"geometry":{"type":"Point","coordinates":[10.7521995,59.9140327]}},{"type":"Feature","id":10548884662,"properties":{"check_date":"2026-08-28","name":"Gunerius Outlet","opening_hours":"Mo-Fr 09:00-20:00; Sa 10:00-18:00","shop":"clothes"},"geometry":{"type":"Point","coordinates":[10.7533964,59.9134647]}},{"type":"Feature","id":10911462667,"properties":{"check_date":"2023-05-19","name":"Gullborgen","shop":"jewelry"},"geometry":{"type":"Point","coordinates":[10.7522893,59.9140565]}},{"type":"Feature","id":10911462668,"properties":{"brand":"7-Eleven","brand:wikidata":"Q259340","check_date":"2025-01-02","check_date:opening_hours":"2025-01-02","name":"7-Eleven","opening_hours:signed":"no","shop":"convenience"},"geometry":{"type":"Point","coordinates":[10.7523018,59.9143326]}},{"type":"Feature","id":10944205105,"properties":{"amenity":"bench","backrest":"no"},"geometry":{"type":"Point","coordinates":[10.7505496,59.9131589]}},{"type":"Feature","id":10983781333,"properties":{"amenity":"bicycle_rental","bicycle_rental":"docking_station","capacity":"21"},"geometry":{"type":"Point","coordinates":[10.7508301,59.9125171]}},{"type":"Feature","id":10990421624,"properties":{"amenity":"bicycle_rental","bicycle_rental":"docking_station","capacity":"30","check_date":"2025-07-07"},"geometry":{"type":"Point","coordinates":[10.7480376,59.9121464]}},{"type":"Feature","id":11079462911,"properties":{"check_date":"2026-01-20","contact:facebook":"https://www.facebook.com/Platekompaniet/","description":"Musikkbutikk som selger LP, CD, videospill, DVD, Blu-Ray.","name":"Platekompaniet","opening_hours":"Mo-Fr 10:00-20:00; Sa 10:00-18:00","opening_hours:url":"https://www.platekompaniet.no/kundeservice/storgata","operator":"Platekompaniet","payment:cash":"yes","payment:contactless":"yes","payment:credit_cards":"yes","payment:debit_cards":"yes","ref:NO:orgnr":"987255005","ref:vatin":"NO987255005","shop":"music","website":"https://www.platekompaniet.no/","wikidata":"Q19385400"},"geometry":{"type":"Point","coordinates":[10.7501752,59.9137037]}},{"type":"Feature","id":11886552682,"properties":{"branch":"Oslo, Karl Johans Gate 6","brand":"Normal","brand:wikidata":"Q19562429","check_date":"2026-05-01","contact:email":"NO1152@normal.no","contact:phone":"+47 40 81 22 52","name":"Normal","opening_hours":"Mo-Fr 09:00-21:00; Sa 09:00-20:00; Su off","ref:normal":"NO1152","shop":"chemist"},"geometry":{"type":"Point","coordinates":[10.7485438,59.9112743]}},{"type":"Feature","id":11918409009,"properties":{"name":"TET Digital","office":"company"},"geometry":{"type":"Point","coordinates":[10.7485762,59.9125813]}},{"type":"Feature","id":11987100233,"properties":{"amenity":"bicycle_repair_station","opening_hours":"24/7","operator":"Bymiljøetaten, Oslo kommune","service:bicycle:pump":"yes","service:bicycle:repair":"yes","service:bicycle:screwdriver":"yes","service:bicycle:stand":"yes","service:bicycle:tools":"yes"},"geometry":{"type":"Point","coordinates":[10.7525316,59.9101154]}},{"type":"Feature","id":12028841702,"properties":{"amenity":"atm","brand":"Euronet","brand:wikidata":"Q5412010","operator":"Euronet","operator:wikidata":"Q5412010"},"geometry":{"type":"Point","coordinates":[10.7513641,59.9126934]}},{"type":"Feature","id":12076039160,"properties":{"amenity":"cafe","name":"Delicia"},"geometry":{"type":"Point","coordinates":[10.7529423,59.9127177]}},{"type":"Feature","id":12085970032,"properties":{"amenity":"bar","check_date":"2026-08-11","indoor_seating":"yes","name":"Hub bar","outdoor_seating":"yes"},"geometry":{"type":"Point","coordinates":[10.7495461,59.9124779]}},{"type":"Feature","id":12351844474,"properties":{"branch":"Oslo, Stenersgata","brand":"Clas Ohlson","brand:wikidata":"Q3356220","brand:wikipedia":"en:Clas Ohlson","check_date:opening_hours":"2024-11-18","name":"Clas Ohlson","opening_hours":"Mo-Fr 07:00-20:00, Sa 09:00-19:00","phone":"+47 23 21 40 00","ref:clasohlson":"292","shop":"doityourself","website":"https://www.clasohlson.com/no/"},"geometry":{"type":"Point","coordinates":[10.7511604,59.9130306]}},{"type":"Feature","id":12351844475,"properties":{"branch":"Oslo, City","brand":"Clas Ohlson","brand:wikidata":"Q3356220","brand:wikipedia":"en:Clas Ohlson","check_date:opening_hours":"2024-11-18","name":"Clas Ohlson Oslo, City","opening_hours":"Mo-Fr 10:00-22:00, Sa 10:00-20:00","phone":"+47 23 21 40 00","ref:clasohlson":"52","shop":"doityourself","website":"https://www.clasohlson.com/no/"},"geometry":{"type":"Point","coordinates":[10.7526916,59.9127881]}},{"type":"Feature","id":12431036401,"properties":{"amenity":"bar","check_date":"2026-07-25","check_date:opening_hours":"2026-07-25","indoor_seating":"yes","name":"Buteco Ipanema","opening_hours":"Tu-Th 16:00-01:30, Fr 16:00-03:00, Sa 15:00-03:00, Su 15:00-01:00; Mo off","outdoor_seating":"yes"},"geometry":{"type":"Point","coordinates":[10.7494308,59.9134528]}},{"type":"Feature","id":12488449407,"properties":{"amenity":"bicycle_rental","name":"Oslo Bike Rental","service:bicycle:repair":"yes","shop":"bicycle","tourism":"bike_tours","website":"https://oslobikerental.no"},"geometry":{"type":"Point","coordinates":[10.7524068,59.9103167]}},{"type":"Feature","id":12587782141,"properties":{"amenity":"restaurant","check_date":"2025-02-14","cuisine":"italian","indoor_seating":"yes","name":"Basso Social","outdoor_seating":"yes","website":"https://diningsix.no/basso-social/"},"geometry":{"type":"Point","coordinates":[10.7493581,59.9131859]}},{"type":"Feature","id":12609573667,"properties":{"amenity":"cafe","check_date":"2025-02-22","cuisine":"cake;coffee_shop;crepe","name":"Bloom & Brew","opening_hours":"Mo-Fr 08:00-19:30; Sa 10:00-19:30; Su 10:00-18:00","website":"https://wolt.com/en/nor/oslo/restaurant/bloom-brew-stenersgata","website:menu":"https://wolt.com/en/nor/oslo/restaurant/bloom-brew-stenersgata"},"geometry":{"type":"Point","coordinates":[10.7530075,59.9133533]}},{"type":"Feature","id":12647510401,"properties":{"amenity":"cafe","cuisine":"french;japanese","name":"Hakone Coffee","opening_hours":"Mo-Fr 07:00-20:00; Sa-Su 09:00-18:00","website":"https://www.hakone.no/"},"geometry":{"type":"Point","coordinates":[10.7507983,59.9138676]}},{"type":"Feature","id":12656859101,"properties":{"amenity":"cafe","check_date":"2026-03-25","cuisine":"coffee_shop;french;japanese","name":"Hakone Coffee","opening_hours":"Mo-Fr 07:00-20:00; Sa-Su 09:00-18:00","outdoor_seating":"no","website":"https://www.hakone.no/"},"geometry":{"type":"Point","coordinates":[10.7495988,59.9114761]}},{"type":"Feature","id":12666487801,"properties":{"name":"Partyland Oslo City","opening_hours":"Mo-Fr 10:00-22:00; Sa 10:00-20:00","phone":"+47 90 26 68 35","shop":"clothes","website":"https://partyland.party/nb/start-norsk/"},"geometry":{"type":"Point","coordinates":[10.7526163,59.9128025]}},{"type":"Feature","id":12704735103,"properties":{"amenity":"restaurant","cuisine":"japanese","name":"Gohan Matcha","opening_hours":"Mo-Fr 13:00-20:00; Sa 12:00-20:00; Su 13:00-18:00","website:menu":"https://matchacafesb.munu.shop/articles"},"geometry":{"type":"Point","coordinates":[10.7500192,59.9143888]}},{"type":"Feature","id":12841457601,"properties":{"amenity":"restaurant","cuisine":"sandwich","name":"The fox and loaf","opening_hours":"Tu-Sa 11:00-18:00"},"geometry":{"type":"Point","coordinates":[10.7508763,59.9138956]}},{"type":"Feature","id":12851083643,"properties":{"alt_name":"Stoff & stil","name":"Selfmade","opening_hours":"Mo-Fr 10:00-20:00; Sa 10:00-18:00; Dec 31 10:00-15:00; Dec 24-26 off","operator":"Selfmade","shop":"fabric","website":"https://www.selfmade.com/nb-no/Selfmade-Oslo-Sentrum-Oslo","wheelchair":"limited"},"geometry":{"type":"Point","coordinates":[10.7491181,59.913365]}},{"type":"Feature","id":12896365056,"properties":{"amenity":"bench","backrest":"yes"},"geometry":{"type":"Point","coordinates":[10.754099,59.9102216]}},{"type":"Feature","id":12896401380,"properties":{"amenity":"bench","backrest":"yes"},"geometry":{"type":"Point","coordinates":[10.7543488,59.9105052]}},{"type":"Feature","id":12896405960,"properties":{"amenity":"bench","backrest":"yes"},"geometry":{"type":"Point","coordinates":[10.7542641,59.9103557]}},{"type":"Feature","id":12967020097,"properties":{"amenity":"bar","name":"Himkok"},"geometry":{"type":"Point","coordinates":[10.751524,59.914271]}},{"type":"Feature","id":12967125814,"properties":{"amenity":"bar","indoor_seating":"yes","name":"Baba Bar","outdoor_seating":"yes"},"geometry":{"type":"Point","coordinates":[10.7488272,59.9138151]}},{"type":"Feature","id":12968899187,"properties":{"amenity":"restaurant","name":"Gladkokken Restaurant"},"geometry":{"type":"Point","coordinates":[10.7514151,59.9108793]}},{"type":"Feature","id":13003529501,"properties":{"contact:instagram":"ibrah_hairstylist","email":"hei@cleanhair.no","male":"yes","name":"Clean Hair - Grooming studio","opening_hours":"Mo-Fr 10:00-19:00; Sa 10:00-18:00; Su 12:00-18:00","phone":"+47 474 60 669","shop":"hairdresser","website":"https://www.cleanhair.no/"},"geometry":{"type":"Point","coordinates":[10.7513658,59.9117772]}},{"type":"Feature","id":13088616374,"properties":{"amenity":"waste_basket"},"geometry":{"type":"Point","coordinates":[10.750689,59.9123737]}},{"type":"Feature","id":13302456660,"properties":{"contact:instagram":"session1988","name":"Sessions","operator":"Session Stavanger AS","phone":"+47 47 20 20 60","shop":"sports","sport":"skateboard;snowboarding","website":"https://session.no"},"geometry":{"type":"Point","coordinates":[10.748183,59.9117905]}},{"type":"Feature","id":13369757823,"properties":{"brand":"Black Cat Kaffe og Tehus","name":"Black Cat Kaffe og Tehus Byporten","shop":"coffee","wheelchair":"yes"},"geometry":{"type":"Point","coordinates":[10.7528774,59.9116717]}},{"type":"Feature","id":13390655526,"properties":{"amenity":"nightclub","name":"Labyrinth"},"geometry":{"type":"Point","coordinates":[10.7519933,59.9139218]}},{"type":"Feature","id":13456400438,"properties":{"name":"Hööks Hestesport","shop":"equestrian"},"geometry":{"type":"Point","coordinates":[10.7513143,59.9140469]}},{"type":"Feature","id":13469011555,"properties":{"check_date":"2026-01-19","name":"ginatricot","shop":"clothes"},"geometry":{"type":"Point","coordinates":[10.7525757,59.9127821]}},{"type":"Feature","id":13469011557,"properties":{"amenity":"cafe","brand":"Joe & The Juice","brand:wikidata":"Q26221514","check_date":"2026-01-19","cuisine":"coffee_shop","name":"Joe & The Juice","takeaway":"yes"},"geometry":{"type":"Point","coordinates":[10.7520688,59.9125357]}},{"type":"Feature","id":13469011563,"properties":{"check_date":"2026-01-19","name":"Morris","shop":"bag"},"geometry":{"type":"Point","coordinates":[10.7530648,59.9124024]}},{"type":"Feature","id":13682002831,"properties":{"branch":"Oslo, Thon Senter Gunerius","brand":"Normal","brand:wikidata":"Q19562429","contact:email":"NO1110@normal.no","contact:phone":"+47 408 12 210","name":"Normal","opening_hours":"Mo-Fr 09:00-20:00; Sa 10:00-18:00","ref:normal":"NO1110","shop":"chemist"},"geometry":{"type":"Point","coordinates":[10.7531742,59.9142499]}},{"type":"Feature","id":13694800416,"properties":{"branch":"Oslo City","brand":"Princess","contact:email":"pi129@princessgruppen.no","contact:phone":"+47 22 17 12 40","name":"Princess Oslo City","opening_hours":"Mo-Fr 10:00-22:00; Sa 10:00-20:00","ref:princess":"261","shop":"household_linen"},"geometry":{"type":"Point","coordinates":[10.7519466,59.9126543]}},{"type":"Feature","id":13695462205,"properties":{"branch":"Oslo City","brand":"Kid interiør","brand:wikidata":"Q109628199","contact:phone":"+47 94 02 61 72","name":"Kid Oslo City","opening_hours":"Mo-Fr 10:00-22:00; Sa 10:00-20:00","ref:kid":"10395","shop":"interior_decoration"},"geometry":{"type":"Point","coordinates":[10.752713,59.912778]}},{"type":"Feature","id":13807556600,"properties":{"brand":"Telenor","brand:wikidata":"Q14915070","name":"Telenor","shop":"telecommunication"},"geometry":{"type":"Point","coordinates":[10.7523925,59.9125209]}},{"type":"Feature","id":13846763170,"properties":{"brand":"Telia","brand:wikidata":"Q862303","name":"Telia","shop":"mobile_phone"},"geometry":{"type":"Point","coordinates":[10.7526623,59.9126701]}},{"type":"Feature","id":13852419422,"properties":{"amenity":"restaurant","cuisine":"turkish","name":"Izgara","opening_hours":"Mo-Sa 11:00-21:30","website":"https://order.ninito.no/no/group/izgara-tyrkisk-restaurant/oslo"},"geometry":{"type":"Point","coordinates":[10.7541626,59.9143122]}},{"type":"Feature","id":13888585333,"properties":{"amenity":"bar","check_date:opening_hours":"2026-08-14","indoor_seating":"yes","name":"Angst","opening_hours:signed":"no","outdoor_seating":"yes"},"geometry":{"type":"Point","coordinates":[10.748585,59.913967]}},{"type":"Feature","id":13951392738,"properties":{"amenity":"bar","check_date:opening_hours":"2026-08-14","indoor_seating":"yes","name":"No stress","opening_hours:signed":"no","outdoor_seating":"yes"},"geometry":{"type":"Point","coordinates":[10.7487099,59.9137166]}},{"type":"Feature","id":13951407389,"properties":{"check_date":"2026-08-14","check_date:opening_hours":"2026-08-14","female":"yes","male":"yes","name":"Adam og Eva","opening_hours:signed":"no","shop":"hairdresser"},"geometry":{"type":"Point","coordinates":[10.7488891,59.9137659]}},{"type":"Feature","id":13951407390,"properties":{"amenity":"bar","check_date":"2026-08-14","check_date:opening_hours":"2026-08-14","indoor_seating":"yes","name":"Sip","opening_hours:signed":"no","outdoor_seating":"yes"},"geometry":{"type":"Point","coordinates":[10.7490325,59.9137179]}},{"type":"Feature","id":13962139775,"properties":{"name":"Platekompaniet","opening_hours":"Mo-Fr 10:00-20:00; Sa 10:00-18:00","shop":"music","website":"https://www.platekompaniet.no/kundeservice/storgata"},"geometry":{"type":"Point","coordinates":[10.7502167,59.9137089]}},{"type":"Feature","id":14084311141,"properties":{"artist_name":"Sivert Donali","artwork_type":"sculpture","material":"concrete","name":"Snail","start_date":"1969","tourism":"artwork"},"geometry":{"type":"Point","coordinates":[10.7503812,59.9099691]}},{"type":"Feature","id":14130601189,"properties":{"check_date":"2026-08-28","name":"Morris","opening_hours":"Mo-Fr 09:00-20:00; Sa 10:00-18:00","shop":"bag"},"geometry":{"type":"Point","coordinates":[10.7534483,59.9142808]}},{"type":"Feature","id":14130618271,"properties":{"branch":"Thon Senter Gunerius","brand":"Cutters","brand:wikidata":"Q106940660","female":"yes","male":"yes","name":"Cutters","opening_hours":"Sa 10:00-18:00; Mo-Fr 09:00-20:00","shop":"hairdresser","website":"https://cutters.no/salong/gunerius"},"geometry":{"type":"Point","coordinates":[10.7535032,59.9138551]}},{"type":"Feature","id":14130627102,"properties":{"amenity":"pharmacy","check_date":"2026-08-28","name":"Vita","opening_hours":"Mo-Fr 09:00-20:00; Sa 10:00-18:00"},"geometry":{"type":"Point","coordinates":[10.7533985,59.9137869]}},{"type":"Feature","id":14130627103,"properties":{"brand":"Europris","brand:wikidata":"Q17770215","check_date":"2026-08-28","name":"Europris","opening_hours":"Mo-Fr 09:00-20:00; Sa 10:00-18:00","shop":"general"},"geometry":{"type":"Point","coordinates":[10.7535227,59.9137585]}},{"type":"Feature","id":14130627104,"properties":{"check_date":"2026-08-28","name":"Decades","opening_hours":"Mo-Fr 09:00-20:00; Sa 10:00-18:00","shop":"clothes"},"geometry":{"type":"Point","coordinates":[10.753591,59.9135145]}},{"type":"Feature","id":14130627105,"properties":{"check_date":"2026-08-28","name":"Bertoni","opening_hours":"Mo-Fr 09:00-20:00; Sa 10:00-18:00","shop":"clothes"},"geometry":{"type":"Point","coordinates":[10.7535566,59.9134601]}},{"type":"Feature","id":14130627106,"properties":{"check_date":"2026-08-28","name":"Match","opening_hours":"Mo-Fr 09:00-20:00; Sa 10:00-18:00","shop":"clothes"},"geometry":{"type":"Point","coordinates":[10.7534208,59.9139566]}},{"type":"Feature","id":14131837922,"properties":{"check_date:opening_hours":"2026-10-04","name":"BAKE ME UP","opening_hours:signed":"no","shop":"bakery","source":"survey"},"geometry":{"type":"Point","coordinates":[10.752409,59.910931]}},{"type":"Feature","id":14132647987,"properties":{"name":"Floriss Byporten","shop":"florist","source":"survey"},"geometry":{"type":"Point","coordinates":[10.7516,59.9120263]}},{"type":"Feature","id":14132647988,"properties":{"amenity":"clock","date":"no","display":"analog","source":"survey"},"geometry":{"type":"Point","coordinates":[10.7492925,59.9113392]}},{"type":"Feature","id":14132647989,"properties":{"brand":"Glitter","brand:wikidata":"Q10505535","name":"Glitter","shop":"jewelry","source":"survey"},"geometry":{"type":"Point","coordinates":[10.748701,59.9114671]}},{"type":"Feature","id":14132647990,"properties":{"brand":"Jack & Jones","brand:wikidata":"Q6077665","name":"Jack & Jones","shop":"clothes","source":"survey"},"geometry":{"type":"Point","coordinates":[10.7483296,59.9115584]}},{"type":"Feature","id":14203397401,"properties":{"addr:housenumber":"25","addr:postcode":"0184","addr:street":"Storgata","amenity":"bar","name":"Buddha Sportsbar","opening_hours":"Mo-Su 17:00-01:00"},"geometry":{"type":"Point","coordinates":[10.7511857,59.9140146]}},{"type":"Feature","id":14212233164,"properties":{"amenity":"toilets"},"geometry":{"type":"Point","coordinates":[10.7512457,59.9107814]}},{"type":"Feature","id":26380802,"properties":{"amenity":"pub","check_date":"2026-05-25","name":"The Toucan","outdoor_seating":"yes","smoking":"outside"},"geometry":{"type":"Point","coordinates":[10.756428,59.91384]}},{"type":"Feature","id":618138958,"properties":{"amenity":"taxi","name":"Plaza hotell"},"geometry":{"type":"Point","coordinates":[10.7554695,59.9124784]}},{"type":"Feature","id":1215791141,"properties":{"name":"Norges Handikapforbund","office":"ngo","phone":"+47 24 10 24 00","website":"https://www.nhf.no/","wheelchair":"yes"},"geometry":{"type":"Point","coordinates":[10.759033,59.911594]}},{"type":"Feature","id":1221546314,"properties":{"amenity":"cafe","name":"Evita Espressobar","opening_hours":"Mo-Fr 07:00-18:00; Sa 07:00-18:00; Su 10:00-19:00,09:00-18:00"},"geometry":{"type":"Point","coordinates":[10.7574165,59.9137326]}},{"type":"Feature","id":1319171019,"properties":{"amenity":"bicycle_parking","bicycle_parking":"stands","capacity":"1","covered":"yes","description":"Bussterminalen","operator":"Privat","oslokommune:Bydel":"Sentrum","oslokommune:Regulering":"fortau","oslokommune:iid":"326","source":"Bymiljøetaten","start_date":"0"},"geometry":{"type":"Point","coordinates":[10.758253,59.91159]}},{"type":"Feature","id":1319171032,"properties":{"amenity":"bicycle_parking","bicycle_parking":"stands","capacity":"12","covered":"yes","description":"Biskop Gunnerus' gate","operator":"Privat","oslokommune:Bydel":"Sentrum","oslokommune:Regulering":"Fellesområde;gangareal/plass","oslokommune:Type_stativ":"Urban","oslokommune:iid":"330","source":"Bymiljøetaten","start_date":"0"},"geometry":{"type":"Point","coordinates":[10.754639,59.911729]}},{"type":"Feature","id":1319171181,"properties":{"amenity":"bicycle_parking","bicycle_parking":"stands","capacity":"2","covered":"no","description":"Oslo Plaza","operator":"Ansvar ikke kjent","oslokommune:Bydel":"Sentrum","oslokommune:Regulering":"Trafikkområde;plass","oslokommune:Type_stativ":"Sinus","oslokommune:iid":"331","source":"Bymiljøetaten","start_date":"0"},"geometry":{"type":"Point","coordinates":[10.755979,59.912705]}},{"type":"Feature","id":1319171210,"properties":{"amenity":"bicycle_parking","bicycle_parking":"wall_loops","capacity":"9","covered":"no","description":"Grønland T, Lakkegata","operator":"Samferdselsetaten","oslokommune:Bydel":"Gamle Oslo","oslokommune:Regulering":"Trafikkområde;torg","oslokommune:Type_stativ":"Publicus","oslokommune:iid":"416","source":"Bymiljøetaten","start_date":"0"},"geometry":{"type":"Point","coordinates":[10.75897,59.912812]}},{"type":"Feature","id":1319171286,"properties":{"amenity":"bicycle_parking","bicycle_parking":"stands","capacity":"20","covered":"no","description":"v Vaterlandsparken","operator":"Oslo kommune","oslokommune:Annet":"2 er snudd, 1 blokert","oslokommune:Bydel":"Sentrum","oslokommune:Regulering":"Parker / plasser / fortau","oslokommune:Type_stativ":"Publicus","oslokommune:iid":"79","source":"Bymiljøetaten","start_date":"0"},"geometry":{"type":"Point","coordinates":[10.756715,59.913594]}},{"type":"Feature","id":1319171333,"properties":{"amenity":"bicycle_parking","bicycle_parking":"stands","capacity":"6","covered":"no","description":"v Christian Krohgs gate","operator":"Samferdselsetaten","oslokommune:Bydel":"Grünerløkka","oslokommune:Regulering":"Fortau","oslokommune:Type_stativ":"Publicus","oslokommune:iid":"77","source":"Bymiljøetaten","start_date":"0"},"geometry":{"type":"Point","coordinates":[10.756677,59.913878]}},{"type":"Feature","id":1319550178,"properties":{"amenity":"bicycle_rental","bicycle_rental":"docking_station","brand":"Bysykkel","brand:wikidata":"Q7107010","brand:wikipedia":"en:Oslo Bysykkel","capacity":"21","description":"23-Brugata Sør (Vaterland nærmest Oslo Plaza)","network":"Bysykkel","network:wikidata":"Q7107010","network:wikipedia":"en:Oslo Bysykkel","operator":"ClearChannel","ref":"23","source":"Bymiljøetaten"},"geometry":{"type":"Point","coordinates":[10.7573661,59.913525]}},{"type":"Feature","id":1319550179,"properties":{"amenity":"bicycle_rental","bicycle_rental":"docking_station","brand":"Bysykkel","brand:wikidata":"Q7107010","brand:wikipedia":"en:Oslo Bysykkel","capacity":"15","description":"20-Brugata Nord (ved Cafeen)","network":"Bysykkel","network:wikidata":"Q7107010","network:wikipedia":"en:Oslo Bysykkel","operator":"ClearChannel","ref":"20","source":"Bymiljøetaten"},"geometry":{"type":"Point","coordinates":[10.7573988,59.9136444]}},{"type":"Feature","id":1749088463,"properties":{"name":"Grønlands Torg Frukt & Grønt","opening_hours":"Mo-Sa 08:00-21:00","opening_hours:signed":"no","phone":"+4722170492","shop":"greengrocer","website":"https://gronlandstorg.no/butikk/gronlands-torg-frukt-og-gront/"},"geometry":{"type":"Point","coordinates":[10.759127,59.91262]}},{"type":"Feature","id":1886471289,"properties":{"branch":"Plaza","brand":"Joker","brand:wikidata":"Q716328","email":"joker.plaza@joker.no","name":"Joker Plaza","old_name":"Deli de Luca","opening_hours":"24/7","phone":"+47 45 46 24 62","ref:norgesgruppen":"11085992","shop":"supermarket","website":"https://joker.no/"},"geometry":{"type":"Point","coordinates":[10.7550785,59.9121223]}},{"type":"Feature","id":2785550398,"properties":{"building:levels":"7","government":"education","name":"Utdanningsdirektoratet","office":"government"},"geometry":{"type":"Point","coordinates":[10.759208,59.910666]}},{"type":"Feature","id":2785554588,"properties":{"amenity":"pub","check_date":"2026-05-26","cuisine":"pizza","diet:vegetarian":"yes","name":"Vaterland Bar og Scene","opening_hours":"Mo-Th,Su 14:00-24:00; Fr-Sa 13:00-03:30","payment:cash":"yes","payment:mastercard":"yes","payment:visa":"yes","website":"https://www.vaterlandoslo.no/"},"geometry":{"type":"Point","coordinates":[10.756104,59.913911]}},{"type":"Feature","id":3157534150,"properties":{"amenity":"post_box","brand":"Posten","brand:wikidata":"Q1815701","collection_times:signed":"no","operator":"Posten","operator:wikidata":"Q1815701","ref:posten_box":"I00445"},"geometry":{"type":"Point","coordinates":[10.7547689,59.9122782]}},{"type":"Feature","id":3189733778,"properties":{"branch":"Christian Krohgs gate","brand":"Rema 1000","brand:wikidata":"Q28459","brand:wikipedia":"en:REMA 1000","check_date":"2026-07-03","contact:website":"https://www.rema.no/butikker/oslo/oslo/rema-1000-christian-krohgsgate","email":"christiankrohgsgate@rema.no","name":"Rema 1000 Christian Krohgs gate","opening_hours":"Mo-Fr 07:00-23:00, Sa 08:00-22:00","phone":"+47 22216233","ref:rema":"2077025","service:posten":"yes","shop":"supermarket","website":"https://www.rema.no/","wheelchair":"yes"},"geometry":{"type":"Point","coordinates":[10.7567122,59.9139935]}},{"type":"Feature","id":3397003882,"properties":{"amenity":"recycling","description":"Smalgangen 1-3/olafiagangen","recycling:glass_bottles":"yes","recycling_type":"container","ref:avfall":"18781"},"geometry":{"type":"Point","coordinates":[10.758623,59.9123613]}},{"type":"Feature","id":3397094878,"properties":{"amenity":"fast_food","cuisine":"kebab","name":"Shawarma House","opening_hours":"Mo-Fr 10:00-24:00, Sa 10:00-01:00, Su 10:00-24:00","phone":"+47 22 17 40 46","source":"http://www.gronlandstorg.no/","takeaway":"yes"},"geometry":{"type":"Point","coordinates":[10.7589167,59.9124062]}},{"type":"Feature","id":3397094879,"properties":{"name":"Grønlands Torg Kjøtt","opening_hours":"Mo-Sa 10:00-20:00; Su 10:00-19:00","shop":"butcher","source":"http://www.gronlandstorg.no/"},"geometry":{"type":"Point","coordinates":[10.7591751,59.9123689]}},{"type":"Feature","id":3404572012,"properties":{"name":"Giant Leap","office":"it","website":"https://www.giantleap.no/"},"geometry":{"type":"Point","coordinates":[10.7545838,59.9115201]}},{"type":"Feature","id":3409107013,"properties":{"amenity":"telephone","source":"knowledge"},"geometry":{"type":"Point","coordinates":[10.7589104,59.9126959]}},{"type":"Feature","id":3533737785,"properties":{"tourism":"artwork"},"geometry":{"type":"Point","coordinates":[10.7549638,59.9116994]}},{"type":"Feature","id":3711691174,"properties":{"amenity":"post_box","brand":"Posten","collection_times":"Mo-Fr 16:00","ref:posten_box":"I00038"},"geometry":{"type":"Point","coordinates":[10.758974,59.912809]}},{"type":"Feature","id":4671242341,"properties":{"artist_name":"Ola Enstad","artwork_type":"sculpture","image":"https://photos.app.goo.gl/PN9CfFqG8weqgr428","name":"Neve Og Rose","tourism":"artwork"},"geometry":{"type":"Point","coordinates":[10.7561379,59.9135989]}},{"type":"Feature","id":4949050416,"properties":{"branch":"Oslo Bussterminal","brand":"Mix","brand:wikidata":"Q56404240","check_date":"2023-06-30","contact:email":"mix.oslobussterminal@mix.no","contact:phone":"+47 22 17 04 33","name":"Mix Oslo Bussterminal","opening_hours":"Mo-Fr 06:00-21:00; Sa 07:00-20:00; Su 07:00-21:00","ref:mix":"mix.oslobussterminal","shop":"convenience"},"geometry":{"type":"Point","coordinates":[10.7587118,59.9116809]}},{"type":"Feature","id":4949050760,"properties":{"shop":"ticket"},"geometry":{"type":"Point","coordinates":[10.7574934,59.9119206]}},{"type":"Feature","id":4949050795,"properties":{"amenity":"taxi"},"geometry":{"type":"Point","coordinates":[10.7568822,59.9117993]}},{"type":"Feature","id":4966253807,"properties":{"amenity":"bar","check_date":"2025-11-20","contact:instagram":"brewgataoslo","indoor_seating":"yes","live_music":"yes","name":"Brewgata","opening_hours":"Su-Th 15:00-02:00, Fr,Sa 14:00-03:30","outdoor_seating":"yes","website":"https://www.brewgata.no/"},"geometry":{"type":"Point","coordinates":[10.7553601,59.9140589]}},{"type":"Feature","id":4966253812,"properties":{"shop":"hairdresser"},"geometry":{"type":"Point","coordinates":[10.7572408,59.913752]}},{"type":"Feature","id":4984219170,"properties":{"name":"Flyvefiskens eftf. AS","opening_hours":"Mo-We 09:00-17:00; Th-Fr 09:00-18:00; Sa 09:00-16:00","shop":"seafood"},"geometry":{"type":"Point","coordinates":[10.756139,59.913424]}},{"type":"Feature","id":5094785556,"properties":{"branch":"Brugata","brand":"7-Eleven","brand:wikidata":"Q259340","brand:wikipedia":"en:7-Eleven","email":"brugata.711no7005@7-eleven.no","name":"7-Eleven","opening_hours":"Mo-Fr 07:00-02:00, Sa-Su 07:00-04:00","phone":"+47 22170584","ref:7eleven":"7005","shop":"convenience"},"geometry":{"type":"Point","coordinates":[10.7554999,59.9138194]}},{"type":"Feature","id":5094785559,"properties":{"name":"A-Food Market","shop":"greengrocer"},"geometry":{"type":"Point","coordinates":[10.7545907,59.9142165]}},{"type":"Feature","id":5094785566,"properties":{"amenity":"fast_food","check_date":"2026-07-06","check_date:opening_hours":"2026-07-06","cuisine":"pizza","diet:vegetarian":"yes","name":"Verona pizza og kebab","opening_hours:signed":"no"},"geometry":{"type":"Point","coordinates":[10.7548154,59.9139583]}},{"type":"Feature","id":5094785571,"properties":{"check_date":"2026-05-11","contact:instagram":"https://www.instagram.com/uff_secondhand","email":"shops@uffnorge.org","internet_access":"no","name":"UFF Second Hand Family Shop","opening_hours":"Mo-Sa 11:00-18:00; Su off","payment:credit_cards":"yes","payment:debit_cards":"yes","second_hand":"only","shop":"clothes","short_name":"UFF","wheelchair":"no"},"geometry":{"type":"Point","coordinates":[10.7551573,59.9141015]}},{"type":"Feature","id":5094785575,"properties":{"name":"M.K. Import","shop":"bag"},"geometry":{"type":"Point","coordinates":[10.7547171,59.9141893]}},{"type":"Feature","id":5094785585,"properties":{"amenity":"bureau_de_change","name":"Forex"},"geometry":{"type":"Point","coordinates":[10.754462,59.914047]}},{"type":"Feature","id":5094785587,"properties":{"amenity":"cafe","check_date:opening_hours":"2024-08-22","name":"Zenzi","opening_hours":"Mo-Fr 09:00-16:00","smoking":"outside","wheelchair":"no"},"geometry":{"type":"Point","coordinates":[10.7578797,59.9136798]}},{"type":"Feature","id":5094785591,"properties":{"check_date":"2022-09-19","name":"Verona kjøtt","opening_hours:signed":"no","shop":"butcher","wheelchair":"no"},"geometry":{"type":"Point","coordinates":[10.7548457,59.9141631]}},{"type":"Feature","id":5235692723,"properties":{"amenity":"fast_food","check_date":"2026-09-27","name":"BIT"},"geometry":{"type":"Point","coordinates":[10.7572685,59.9119258]}},{"type":"Feature","id":5300829022,"properties":{"name":"Nfe","opening_hours":"Mo-Sa 09:00-20:00","shop":"houseware","website":"http://noeforenhver.no/"},"geometry":{"type":"Point","coordinates":[10.7593766,59.9123013]}},{"type":"Feature","id":5303604722,"properties":{"amenity":"atm","brand":"DNB","brand:wikidata":"Q80788","operator":"DNB","operator:wikidata":"Q80788"},"geometry":{"type":"Point","coordinates":[10.7591888,59.9118971]}},{"type":"Feature","id":5786921137,"properties":{"amenity":"waste_basket"},"geometry":{"type":"Point","coordinates":[10.7570806,59.9130179]}},{"type":"Feature","id":5786921138,"properties":{"amenity":"waste_basket"},"geometry":{"type":"Point","coordinates":[10.7567598,59.9138248]}},{"type":"Feature","id":5852113674,"properties":{"amenity":"bench","backrest":"yes","check_date":"2025-06-08"},"geometry":{"type":"Point","coordinates":[10.7550403,59.9103457]}},{"type":"Feature","id":5854272906,"properties":{"amenity":"dentist","healthcare":"dentist","name":"Tannlege Kløvstad","phone":"+47 22 17 17 57"},"geometry":{"type":"Point","coordinates":[10.7572628,59.9138324]}},{"type":"Feature","id":5854272907,"properties":{"amenity":"cafe","check_date":"2026-05-23","cuisine":"vietnamese;coffee_shop","indoor_seating":"yes","instagram":"https://www.instagram.com/emoi_cafe/","name":"Em oi!","opening_hours":"Mo-Fr 11:00-20:00;Sa 11:00-21:00","opening_hours:signed":"no","outdoor_seating":"yes"},"geometry":{"type":"Point","coordinates":[10.7571132,59.9138187]}},{"type":"Feature","id":5917866371,"properties":{"amenity":"waste_basket","check_date":"2021-10-14"},"geometry":{"type":"Point","coordinates":[10.7548107,59.9117027]}},{"type":"Feature","id":5921085783,"properties":{"amenity":"doctors","healthcare":"doctor","healthcare:service":"fastlege","healthcare:speciality":"general","name":"Lilletorget legekontor","ref:NO:orgnr":"914635896","ref:nhn":"914635896"},"geometry":{"type":"Point","coordinates":[10.7553681,59.9138486]}},{"type":"Feature","id":5922167345,"properties":{"alt_name":"Akershus fylkeshus;Akershus fylkeskommune","loc_name":"Fylkeshuset","name":"Fylkeshuset i Akershus","office":"government"},"geometry":{"type":"Point","coordinates":[10.7557118,59.9120396]}},{"type":"Feature","id":6110546697,"properties":{"female":"yes","male":"yes","name":"Unik Frisør AS","opening_hours":"Mo-Fr 10:00-18:00; Sa 10:00-17:00","phone":"+47 22 17 13 00","shop":"hairdresser","unisex":"yes"},"geometry":{"type":"Point","coordinates":[10.75595,59.913485]}},{"type":"Feature","id":6122924672,"properties":{"branch":"Galleriet, Oslo","brand":"Narvesen","brand:wikidata":"Q6514414","brand:wikipedia":"en:Narvesen","name":"Narvesen","ref:narvesen":"864","shop":"kiosk"},"geometry":{"type":"Point","coordinates":[10.7563449,59.9119646]}},{"type":"Feature","id":6126671832,"properties":{"amenity":"dentist","check_date":"2026-09-27","healthcare":"dentist","name":"Sentrum tannklinikk spesialavdeling","operator:type":"public","ref:hvakostertannlegen":"15654"},"geometry":{"type":"Point","coordinates":[10.7565675,59.9120562]}},{"type":"Feature","id":6126674359,"properties":{"amenity":"dentist","healthcare":"dentist","name":"Tannlege Erik Myhrvold","operator:type":"private","ref:hvakostertannlegen":"11003"},"geometry":{"type":"Point","coordinates":[10.7572637,59.913881]}},{"type":"Feature","id":6126674363,"properties":{"amenity":"dentist","healthcare":"dentist","name":"Tannlege Linda Melby","operator:type":"private","ref:hvakostertannlegen":"12917"},"geometry":{"type":"Point","coordinates":[10.7563651,59.9138784]}},{"type":"Feature","id":6235965895,"properties":{"check_date":"2025-06-26","name":"Thon Hotel Spectrum","phone":"+47 23362700","tourism":"hotel","website":"https://www.thonhotels.no/hoteller/norge/oslo/thon-hotel-spectrum/"},"geometry":{"type":"Point","coordinates":[10.7557581,59.9140173]}},{"type":"Feature","id":7141439343,"properties":{"name":"Human-Etisk Forbund","name:en":"The Norwegian Humanist Association","office":"association","website":"https://human.no/"},"geometry":{"type":"Point","coordinates":[10.757791,59.913689]}},{"type":"Feature","id":7233878603,"properties":{"amenity":"cafe","branch":"Oslo Galleriet","brand":"Espresso House","brand:wikidata":"Q10489162","brand:wikipedia":"en:Espresso House","cuisine":"coffee_shop","name":"Espresso House Oslo Galleriet","opening_hours":"Mo-Fr 06:30-18:30, Sa-Su 09:00-18:00","phone":"+47 21064814","ref:espressohouse":"961","takeaway":"yes","website":"https://no.espressohouse.com/coffee-shops/oslo-galleriet/"},"geometry":{"type":"Point","coordinates":[10.7564981,59.9120838]}},{"type":"Feature","id":7329851691,"properties":{"amenity":"bench","backrest":"yes"},"geometry":{"type":"Point","coordinates":[10.7569427,59.9135107]}},{"type":"Feature","id":7329851692,"properties":{"amenity":"bench","backrest":"yes"},"geometry":{"type":"Point","coordinates":[10.7571023,59.9134834]}},{"type":"Feature","id":7329851693,"properties":{"amenity":"bench","backrest":"yes"},"geometry":{"type":"Point","coordinates":[10.7572673,59.9134557]}},{"type":"Feature","id":7329851694,"properties":{"amenity":"bench","backrest":"yes"},"geometry":{"type":"Point","coordinates":[10.7574277,59.913428]}},{"type":"Feature","id":7329851695,"properties":{"amenity":"bench","backrest":"yes"},"geometry":{"type":"Point","coordinates":[10.7575909,59.9134003]}},{"type":"Feature","id":7329851696,"properties":{"amenity":"bench","backrest":"yes"},"geometry":{"type":"Point","coordinates":[10.7568872,59.9131598]}},{"type":"Feature","id":7329851698,"properties":{"tourism":"artwork"},"geometry":{"type":"Point","coordinates":[10.7577794,59.9132419]}},{"type":"Feature","id":7329851704,"properties":{"amenity":"bench","backrest":"yes"},"geometry":{"type":"Point","coordinates":[10.7582243,59.9131671]}},{"type":"Feature","id":7329851705,"properties":{"amenity":"bench","backrest":"yes"},"geometry":{"type":"Point","coordinates":[10.7582392,59.913191]}},{"type":"Feature","id":7329851706,"properties":{"amenity":"bench","backrest":"yes"},"geometry":{"type":"Point","coordinates":[10.7582534,59.9132179]}},{"type":"Feature","id":7329851707,"properties":{"artist_name":"Jon Gundersen","artwork_type":"sculpture","material":"granite","name":"Tettsted","tourism":"artwork"},"geometry":{"type":"Point","coordinates":[10.7582519,59.9130136]}},{"type":"Feature","id":7329851708,"properties":{"artist_name":"Ola Enstad","artwork_type":"sculpture","image":"https://photos.app.goo.gl/jNqZvYkEaUNKDpmSA","name":"Dykkarar","start_date":"1990","tourism":"artwork"},"geometry":{"type":"Point","coordinates":[10.7576453,59.9125394]}},{"type":"Feature","id":7890275878,"properties":{"artwork_type":"mural","tourism":"artwork"},"geometry":{"type":"Point","coordinates":[10.7560234,59.9139416]}},{"type":"Feature","id":7972730572,"properties":{"artist_name":"Kristinn Pjetursson","artwork_type":"bust","image":"https://photos.app.goo.gl/avknFsGwyXYUjk7Q6","name":"Olafia Johannsdottir","subject:wikidata":"Q17119816","subject:wikipedia":"no:Ólafía Jóhannsdóttir","tourism":"artwork"},"geometry":{"type":"Point","coordinates":[10.7567652,59.9130258]}},{"type":"Feature","id":9426334997,"properties":{"branch":"Oslo bussterminal","brand":"Joker","brand:wikidata":"Q716328","email":"joker.oslo.bussterminal@joker.no","name":"Joker Oslo bussterminal","opening_hours":"Mo-Fr 06:00-24:00, Sa-Su 07:00-24:00","phone":"+47 93898876","ref:norgesgruppen":"4224483","shop":"supermarket"},"geometry":{"type":"Point","coordinates":[10.7562684,59.9119939]}},{"type":"Feature","id":9673679164,"properties":{"amenity":"post_box","brand":"Posten","brand:wikidata":"Q1815701","collection_times":"Mo-Fr 16:00","operator":"Posten","operator:wikidata":"Q1815701","ref:posten_box":"I17094"},"geometry":{"type":"Point","coordinates":[10.756838,59.913972]}},{"type":"Feature","id":9673679607,"properties":{"amenity":"post_box","brand":"Posten","brand:wikidata":"Q1815701","collection_times:signed":"no","operator":"Posten","operator:wikidata":"Q1815701","ref:posten_box":"I15176"},"geometry":{"type":"Point","coordinates":[10.754738,59.91163]}},{"type":"Feature","id":9778579660,"properties":{"amenity":"waste_basket"},"geometry":{"type":"Point","coordinates":[10.7551454,59.9099678]}},{"type":"Feature","id":9916675917,"properties":{"amenity":"atm"},"geometry":{"type":"Point","coordinates":[10.7593299,59.9117309]}},{"type":"Feature","id":9946846695,"properties":{"amenity":"waste_basket","panoramax":"dfe9fb9c-53d6-4c54-a491-3324a52618af","waste":"trash"},"geometry":{"type":"Point","coordinates":[10.7558291,59.9137701]}},{"type":"Feature","id":9946864457,"properties":{"amenity":"waste_basket","panoramax":"5f42352f-1b7c-46d3-8843-db2dede88f39"},"geometry":{"type":"Point","coordinates":[10.7557721,59.9135624]}},{"type":"Feature","id":10681396795,"properties":{"amenity":"bureau_de_change","check_date":"2024-08-11","currency:XBT":"no","name":"NBX Bitcoin ATM","operator":"NBX","payment:onchain":"no","survey:date":"2023-02-19","website":"https://blockbridge.no/"},"geometry":{"type":"Point","coordinates":[10.7572221,59.9119341]}},{"type":"Feature","id":10934609631,"properties":{"check_date":"2023-05-28","name":"AR Fashion","shop":"clothes"},"geometry":{"type":"Point","coordinates":[10.7571661,59.9137593]}},{"type":"Feature","id":11794094976,"properties":{"amenity":"bench","backrest":"yes","material":"metal","seats":"12"},"geometry":{"type":"Point","coordinates":[10.75667,59.9106463]}},{"type":"Feature","id":11794118400,"properties":{"amenity":"bench","backrest":"yes","material":"metal","seats":"12"},"geometry":{"type":"Point","coordinates":[10.7565593,59.9105025]}},{"type":"Feature","id":11910516673,"properties":{"amenity":"bureau_de_change","atm":"no","contact:phone":"+47 94 00 42 80","name":"Forex","opening_hours":"Mo-Fr 09:00-18:00","payment:cash":"yes","payment:mastercard":"yes","payment:visa":"yes"},"geometry":{"type":"Point","coordinates":[10.7564019,59.9119095]}},{"type":"Feature","id":12135883028,"properties":{"access":"yes","amenity":"drinking_water","bottle":"yes","description":"More like a spring. The faucet is not working, instead just a beam of water.","fee":"no","operator":"Oslo kommune","seasonal":"summer","wheelchair":"limited"},"geometry":{"type":"Point","coordinates":[10.757975,59.9128045]}},{"type":"Feature","id":12135883029,"properties":{"artwork_type":"sculpture","tourism":"artwork"},"geometry":{"type":"Point","coordinates":[10.7579736,59.9128022]}},{"type":"Feature","id":12896410611,"properties":{"amenity":"vending_machine","vending":"food"},"geometry":{"type":"Point","coordinates":[10.7548359,59.9103952]}},{"type":"Feature","id":12896410612,"properties":{"amenity":"vending_machine","vending":"food"},"geometry":{"type":"Point","coordinates":[10.7546998,59.910252]}},{"type":"Feature","id":12896413292,"properties":{"amenity":"vending_machine","vending":"food"},"geometry":{"type":"Point","coordinates":[10.7554994,59.9110938]}},{"type":"Feature","id":12896431795,"properties":{"amenity":"vending_machine","vending":"food"},"geometry":{"type":"Point","coordinates":[10.7545622,59.9101164]}},{"type":"Feature","id":13240638370,"properties":{"name":"Rays Fashion","shop":"clothes"},"geometry":{"type":"Point","coordinates":[10.7553291,59.9138981]}},{"type":"Feature","id":13240653332,"properties":{"name":"Nøtteblanderen","shop":"nuts"},"geometry":{"type":"Point","coordinates":[10.7576011,59.9137242]}},{"type":"Feature","id":13924362486,"properties":{"artwork_type":"graffiti","image":"https://photos.app.goo.gl/KanjsTupqYjjMd3p8","tourism":"artwork"},"geometry":{"type":"Point","coordinates":[10.758504,59.9123468]}},{"type":"Feature","id":13924362487,"properties":{"artwork_type":"graffiti","covered":"yes","image":"https://photos.app.goo.gl/YUHY7eccQxxbQxmY7","tourism":"artwork"},"geometry":{"type":"Point","coordinates":[10.7583076,59.9124092]}},{"type":"Feature","id":13924362488,"properties":{"artwork_type":"graffiti","covered":"yes","image":"https://photos.app.goo.gl/N9W1o5jberh8vh8w9","tourism":"artwork"},"geometry":{"type":"Point","coordinates":[10.7580662,59.9124555]}},{"type":"Feature","id":13924362489,"properties":{"artwork_type":"graffiti","covered":"yes","image":"https://photos.app.goo.gl/3i9q4mqEn9pfDnKB9","tourism":"artwork"},"geometry":{"type":"Point","coordinates":[10.7578688,59.9124538]}},{"type":"Feature","id":13924362490,"properties":{"artwork_type":"graffiti","covered":"yes","image":"https://photos.app.goo.gl/CafWbkBq9KPDnNn1A","tourism":"artwork"},"geometry":{"type":"Point","coordinates":[10.757709,59.9124135]}},{"type":"Feature","id":13924362491,"properties":{"artwork_type":"graffiti","covered":"yes","image":"https://photos.app.goo.gl/Mt1qZ8L7AnokiCdD6","tourism":"artwork"},"geometry":{"type":"Point","coordinates":[10.7575695,59.9123947]}},{"type":"Feature","id":13924362492,"properties":{"artwork_type":"graffiti","covered":"yes","image":"https://photos.app.goo.gl/xS2wQXwfDk4eCpNW8","tourism":"artwork"},"geometry":{"type":"Point","coordinates":[10.7574933,59.9123931]}},{"type":"Feature","id":13924362493,"properties":{"artwork_type":"graffiti","covered":"yes","image":"https://photos.app.goo.gl/9RaUyu4bxexttaAK8","tourism":"artwork"},"geometry":{"type":"Point","coordinates":[10.7572884,59.9123888]}},{"type":"Feature","id":13924362494,"properties":{"artwork_type":"graffiti","covered":"yes","image":"https://photos.app.goo.gl/mm9aouZH8pegKdFH6","tourism":"artwork"},"geometry":{"type":"Point","coordinates":[10.7571993,59.912364]}},{"type":"Feature","id":13924362495,"properties":{"artwork_type":"graffiti","covered":"yes","image":"https://photos.app.goo.gl/QmgzeahWLVKgXi917","tourism":"artwork"},"geometry":{"type":"Point","coordinates":[10.7571457,59.9123447]}},{"type":"Feature","id":13924362497,"properties":{"artwork_type":"graffiti","image":"https://photos.app.goo.gl/kMdwQtn7JZvQ9Zhx5","tourism":"artwork"},"geometry":{"type":"Point","coordinates":[10.7584082,59.913082]}},{"type":"Feature","id":13924380507,"properties":{"artwork_type":"graffiti","image":"https://photos.app.goo.gl/fXLd8HzJT5iXdxfRA","tourism":"artwork"},"geometry":{"type":"Point","coordinates":[10.75711,59.9133641]}},{"type":"Feature","id":13924380508,"properties":{"artwork_type":"graffiti","image":"https://photos.app.goo.gl/jwod7UWjDx5ChoH9A","tourism":"artwork"},"geometry":{"type":"Point","coordinates":[10.7571197,59.9132858]}},{"type":"Feature","id":13924380509,"properties":{"artwork_type":"graffiti","image":"https://photos.app.goo.gl/ToJG41nKTM8EudJx5","name":"OSLO","tourism":"artwork"},"geometry":{"type":"Point","coordinates":[10.7570977,59.913238]}},{"type":"Feature","id":13924380510,"properties":{"artwork_type":"graffiti","image":"https://photos.app.goo.gl/9MMsMf1iqEK7Qhtj6","tourism":"artwork"},"geometry":{"type":"Point","coordinates":[10.7568863,59.9131038]}},{"type":"Feature","id":13924380512,"properties":{"image":"https://photos.app.goo.gl/SvYhAuJmxEWQc5Dg9","information":"board","name":"Her kan du mate byduer","tourism":"information"},"geometry":{"type":"Point","coordinates":[10.7575274,59.9130562]}},{"type":"Feature","id":13980709725,"properties":{"name":"Kongebonus","office":"company","website":"https://www.kongebonus.com/"},"geometry":{"type":"Point","coordinates":[10.7594308,59.9109367]}},{"type":"Feature","id":14131837921,"properties":{"amenity":"clock","date":"no","display":"analog","source":"survey","visibility":"street"},"geometry":{"type":"Point","coordinates":[10.7552764,59.910472]}},{"type":"Feature","id":5898090,"properties":{"highway":"unclassified","lane_markings":"no","name":"Fred Olsens gate","name:etymology:wikidata":"Q7789818","oneway":"yes","sidewalk":"separate","surface":"asphalt","wikidata":"Q17773904"},"geometry":{"type":"LineString","coordinates":[[10.7478643,59.9095018],[10.7478114,59.9094515],[10.747538,59.9091752],[10.7475305,59.9091676],[10.7470055,59.9086842],[10.7469345,59.908623],[10.7468511,59.9085642],[10.7467967,59.9085345],[10.7467398,59.9085102],[10.746683,59.9084894]]}},{"type":"Feature","id":4061689,"properties":{"highway":"unclassified","lane_markings":"no","motor_vehicle":"no","motor_vehicle:backward":"no","name":"Prinsens gate","oneway":"yes","oneway:bicycle":"no","sidewalk:both":"separate","source:width":"ARCore","surface":"asphalt","width":"6.1","wikidata":"Q11996247"},"geometry":{"type":"LineString","coordinates":[[10.7474935,59.9103878],[10.747691,59.9103404],[10.7483074,59.9101901],[10.7485123,59.9101399]]}},{"type":"Feature","id":4359980,"properties":{"cycleway:right":"shared_lane","cycleway:right:lane":"pictogram","highway":"unclassified","lanes":"1","lit":"yes","maxspeed":"30","name":"Dronningens gate","oneway":"yes","sidewalk:both":"separate","surface":"asphalt","width":"5","wikidata":"Q11966102"},"geometry":{"type":"LineString","coordinates":[[10.748335,59.9124943],[10.7483186,59.912479],[10.7481546,59.9123199],[10.7481024,59.9122694],[10.7475506,59.9117302],[10.747488,59.911662],[10.7474226,59.9115938],[10.7465755,59.9106827],[10.7465339,59.9106385],[10.746525,59.9106291]]}},{"type":"Feature","id":5895803,"properties":{"cycleway:both":"lane","cycleway:both:lane":"advisory","cycleway:both:surface:colour":"red","highway":"unclassified","maxspeed":"40","name":"Skippergata","oneway":"yes","oneway:bicycle":"no","surface":"asphalt","wikidata":"Q12000991"},"geometry":{"type":"LineString","coordinates":[[10.745882,59.9086864],[10.74591,59.9087168],[10.7459367,59.9087456],[10.7459569,59.9087674],[10.7468256,59.9097064],[10.7468721,59.909753]]}},{"type":"Feature","id":24452135,"properties":{"highway":"unclassified","lanes":"2","maxspeed":"30","motor_vehicle:backward":"destination","name":"Tollbugata","name:etymology:wikidata":"Q13682954","psv":"yes","sidewalk":"separate","surface":"asphalt","wikidata":"Q19392697"},"geometry":{"type":"LineString","coordinates":[[10.7468721,59.909753],[10.7469999,59.9097207],[10.7477399,59.9095333],[10.7478643,59.9095018]]}},{"type":"Feature","id":36973175,"properties":{"bus":"designated","cycleway:both":"no","embedded_rails":"tram","highway":"unclassified","lane_markings":"no","lanes":"2","lit":"yes","maxspeed":"30","motor_vehicle:forward":"no","name":"Storgata","sidewalk:both":"separate","surface":"asphalt","wikidata":"Q12003453","zone:maxspeed":"NO:30"},"geometry":{"type":"LineString","coordinates":[[10.7477323,59.9128133],[10.7478205,59.9128383],[10.7480388,59.9129],[10.7481864,59.9129427],[10.7482546,59.9129637],[10.7489735,59.9131852],[10.7495377,59.9133546],[10.749702,59.913404],[10.7498026,59.9134329],[10.7498851,59.9134572],[10.7499375,59.9134739]]}},{"type":"Feature","id":37026910,"properties":{"bus":"yes","cycleway:both":"no","embedded_rails":"tram","highway":"unclassified","lanes":"2","lit":"yes","motor_vehicle":"no","name":"Kirkeristen","psv":"yes","sidewalk:both":"separate","surface":"asphalt","taxi":"yes"},"geometry":{"type":"LineString","coordinates":[[10.7477323,59.9128133],[10.7479065,59.9127717],[10.7479732,59.9127486],[10.7480284,59.9127255],[10.7480774,59.9126998],[10.7481158,59.9126721],[10.7481441,59.9126507],[10.7482913,59.9125294],[10.748335,59.9124943]]}},{"type":"Feature","id":93245767,"properties":{"electrified":"contact_line","frequency":"0","gauge":"1435","name":"Grünerløkka–Torshov-linjen","railway":"tram","railway:preferred_direction":"forward","voltage":"750"},"geometry":{"type":"LineString","coordinates":[[10.7498412,59.9134643],[10.7497856,59.9134477],[10.7481299,59.9129545],[10.7480165,59.912921],[10.7479767,59.9129093],[10.7479144,59.9128918],[10.7478548,59.9128794],[10.7478085,59.9128715],[10.7477615,59.9128673],[10.7477071,59.9128648],[10.7476534,59.9128653],[10.7476006,59.9128682],[10.7475691,59.9128725],[10.7475384,59.9128782],[10.747479,59.9128903]]}},{"type":"Feature","id":93245769,"properties":{"electrified":"contact_line","frequency":"0","gauge":"1435","name":"Grünerløkka–Torshov-linjen","railway":"tram","railway:preferred_direction":"forward","voltage":"750"},"geometry":{"type":"LineString","coordinates":[[10.7474693,59.9128612],[10.7475155,59.9128513],[10.747555,59.9128439],[10.7475938,59.9128392],[10.7476428,59.912835],[10.7477072,59.9128318],[10.747724,59.9128319],[10.7477813,59.9128334],[10.7478205,59.9128383],[10.7478313,59.9128396],[10.7478929,59.9128514],[10.7479501,59.9128657],[10.7480199,59.9128855],[10.7480494,59.9128943],[10.7483091,59.9129717],[10.7497842,59.9134108]]}},{"type":"Feature","id":93581846,"properties":{"electrified":"contact_line","frequency":"0","gauge":"1435","name":"Nordre streng","railway":"tram","railway:preferred_direction":"forward","voltage":"750"},"geometry":{"type":"LineString","coordinates":[[10.7495379,59.9123161],[10.7494621,59.9123202],[10.7493713,59.912325],[10.7493312,59.912327],[10.7492695,59.91233],[10.7489953,59.9123433],[10.7488916,59.9123499],[10.7488185,59.9123551],[10.7487586,59.9123613],[10.7487021,59.9123697],[10.7486349,59.9123841],[10.748579,59.9123992],[10.7485347,59.9124142],[10.7484963,59.9124285],[10.7484556,59.9124467],[10.7484114,59.9124697],[10.7484013,59.9124757],[10.748365,59.9124971],[10.7483143,59.912536],[10.7482903,59.9125549],[10.7482327,59.9126046],[10.7481811,59.912649],[10.7481346,59.9126841],[10.7480829,59.9127166],[10.7480506,59.9127332],[10.7480166,59.9127507],[10.7479474,59.9127765],[10.74786,59.9128016],[10.747724,59.9128319],[10.747479,59.9128903]]}},{"type":"Feature","id":140781248,"properties":{"highway":"unclassified","lanes":"2","maxspeed":"30","name":"Tollbugata","name:etymology:wikidata":"Q13682954","sidewalk":"separate","surface":"asphalt","wikidata":"Q19392697"},"geometry":{"type":"LineString","coordinates":[[10.7478643,59.9095018],[10.7479374,59.9094839],[10.7482696,59.9094012],[10.7486909,59.9092953],[10.74875,59.9092806]]}},{"type":"Feature","id":280893925,"properties":{"cycleway":"lane","highway":"unclassified","lanes":"1","lit":"yes","maxspeed":"30","name":"Skippergata","oneway":"yes","oneway:bicycle":"no","sidewalk":"separate","surface":"asphalt","width":"6","wikidata":"Q12000991"},"geometry":{"type":"LineString","coordinates":[[10.7474935,59.9103878],[10.7475056,59.9104004],[10.7475619,59.9104594],[10.7479806,59.9108972],[10.7481046,59.9110331],[10.7482002,59.9111394],[10.7482871,59.9112333],[10.7484053,59.9113627],[10.7484359,59.9113967],[10.7484664,59.9114307],[10.7485308,59.9115002],[10.7485379,59.9115078],[10.7488775,59.9118742],[10.7490508,59.91206],[10.7491314,59.9121463],[10.7492181,59.9122393]]}},{"type":"Feature","id":281148306,"properties":{"electrified":"contact_line","frequency":"0","gauge":"1435","name":"Nordre streng","railway":"tram","railway:preferred_direction":"forward","voltage":"750"},"geometry":{"type":"LineString","coordinates":[[10.7474693,59.9128612],[10.7476351,59.9128225],[10.747723,59.9128017],[10.7478232,59.9127745],[10.7479127,59.9127487],[10.7479813,59.9127223],[10.7480459,59.9126905],[10.7480965,59.9126594],[10.7481469,59.9126228],[10.7481859,59.9125887],[10.7482367,59.9125422],[10.748262,59.9125209],[10.7483186,59.912479],[10.7483593,59.9124516],[10.7483985,59.912432],[10.7484093,59.9124266],[10.7484446,59.9124078],[10.7484872,59.9123901],[10.7485421,59.9123708],[10.7486021,59.9123561],[10.7486796,59.9123402],[10.74875,59.9123302],[10.7488082,59.9123247],[10.7488827,59.912319],[10.7489997,59.9123131],[10.7492533,59.9123013],[10.7493667,59.9122954],[10.7494351,59.9122918],[10.7494814,59.9122894]]}},{"type":"Feature","id":369652680,"properties":{"electrified":"contact_line","frequency":"0","gauge":"1435","name":"Søndre streng","railway":"tram","railway:preferred_direction":"forward","voltage":"750"},"geometry":{"type":"LineString","coordinates":[[10.7466797,59.9106029],[10.7465339,59.9106385],[10.7463228,59.91069],[10.7462472,59.9107084],[10.744755,59.9110738],[10.7447019,59.911087],[10.7445756,59.9111184],[10.7444672,59.9111453],[10.7444257,59.9111554],[10.7442851,59.9111898],[10.7433332,59.9114216],[10.7431389,59.9114689],[10.7429395,59.9115174],[10.7428414,59.9115413],[10.7422887,59.9116765],[10.7421482,59.9117109],[10.7416968,59.9118213],[10.7414249,59.9118886],[10.7412771,59.9119252],[10.741126,59.9119626],[10.7410416,59.9119835],[10.740841,59.9120353],[10.7406515,59.9120837]]}},{"type":"Feature","id":369652681,"properties":{"electrified":"contact_line","frequency":"0","gauge":"1435","name":"Søndre streng","railway":"tram","railway:preferred_direction":"forward","voltage":"750"},"geometry":{"type":"LineString","coordinates":[[10.7408053,59.9120085],[10.7410097,59.9119585],[10.7411009,59.9119364],[10.741254,59.9118994],[10.7414004,59.9118639],[10.7416781,59.9117967],[10.7421249,59.9116866],[10.7428014,59.9115198],[10.7429137,59.9114925],[10.7431144,59.9114436],[10.7433105,59.9113958],[10.7442584,59.9111649],[10.7444019,59.9111296],[10.7445506,59.9110929],[10.7446786,59.9110614],[10.7447303,59.9110487],[10.7462201,59.9106822],[10.7462972,59.9106634],[10.7465088,59.9106119],[10.7466563,59.910576]]}},{"type":"Feature","id":435976947,"properties":{"leisure":"park","name":"Børshagen","wikidata":"Q17761442","wikipedia":"no:Børshagen"},"geometry":{"type":"LineString","coordinates":[[10.7478785,59.9091183],[10.7479055,59.9091437],[10.747975,59.9092061],[10.7479974,59.9092153],[10.7480153,59.9092226],[10.7481351,59.9091915],[10.7482609,59.9091588],[10.7482566,59.9091446],[10.7482525,59.9091309],[10.7481685,59.9090439],[10.7484252,59.9089781],[10.7486478,59.9091944],[10.7486481,59.9091964],[10.7486474,59.9092],[10.7486461,59.9092046],[10.7486442,59.9092088],[10.7486358,59.9092196],[10.7486241,59.9092281],[10.7486074,59.9092358],[10.7485965,59.9092403],[10.7482707,59.9093216],[10.7479774,59.9093997],[10.7479649,59.9094022],[10.7479414,59.9094072],[10.747916,59.9094109],[10.7478895,59.9094122],[10.7478657,59.90941],[10.7478552,59.9094079],[10.7478508,59.9094063],[10.7478472,59.909404],[10.7478406,59.9093982],[10.7476248,59.9091844],[10.7476686,59.9091732],[10.7478785,59.9091183]]}},{"type":"Feature","id":666375398,"properties":{"highway":"pedestrian","lit":"yes","maxspeed":"5","motor_vehicle:conditional":"delivery @ (Mo-Fr 00:00-11:00; Sa 00:00-09:00; PH off)","name":"Karl Johans gate","name:etymology:wikidata":"Q52927","surface":"paving_stones","wikidata":"Q1490775"},"geometry":{"type":"LineString","coordinates":[[10.7475252,59.9116533],[10.7475715,59.9116425],[10.7483818,59.9114493],[10.7484133,59.9114418]]}},{"type":"Feature","id":718025557,"properties":{"highway":"unclassified","lane_markings":"no","maxspeed":"30","name":"Fred Olsens gate","name:etymology:wikidata":"Q7789818","oneway":"yes","surface":"asphalt","wikidata":"Q17773904"},"geometry":{"type":"LineString","coordinates":[[10.7481987,59.909835],[10.7479303,59.9095676],[10.7478643,59.9095018]]}},{"type":"Feature","id":865183364,"properties":{"man_made":"quay","name":"Langkaia","natural":"coastline"},"geometry":{"type":"LineString","coordinates":[[10.7468323,59.906837],[10.7478844,59.9073417],[10.7480401,59.90742],[10.7482878,59.9075445],[10.7493153,59.9080364],[10.7497298,59.9082326],[10.7499594,59.9083484],[10.7503117,59.9087114],[10.7503866,59.9087873]]}},{"type":"Feature","id":874868322,"properties":{"electrified":"contact_line","frequency":"0","gauge":"1435","name":"Søndre streng","railway":"tram","railway:preferred_direction":"forward","voltage":"750"},"geometry":{"type":"LineString","coordinates":[[10.7488489,59.9100738],[10.7487625,59.9100946],[10.7486904,59.910112],[10.7486753,59.9101157],[10.7485266,59.9101522],[10.7483195,59.910203],[10.7481994,59.9102324],[10.7477021,59.9103522],[10.7475056,59.9104004],[10.7473612,59.9104359],[10.7472493,59.9104634]]}},{"type":"Feature","id":874868323,"properties":{"electrified":"contact_line","frequency":"0","gauge":"1435","name":"Søndre streng","railway":"tram","railway:preferred_direction":"forward","voltage":"750"},"geometry":{"type":"LineString","coordinates":[[10.747226,59.9104376],[10.7473357,59.910411],[10.7474814,59.9103756],[10.7476789,59.9103276],[10.748172,59.9102079],[10.7482944,59.9101763],[10.7484971,59.9101269],[10.7486499,59.9100896],[10.7488754,59.9100342],[10.7489587,59.9100134]]}},{"type":"Feature","id":883403747,"properties":{"highway":"service","service":"parking_aisle","source":"survey","surface":"asphalt"},"geometry":{"type":"LineString","coordinates":[[10.747538,59.9091752],[10.7475821,59.9091651],[10.7476465,59.9091504],[10.7479055,59.9091437]]}},{"type":"Feature","id":950163163,"properties":{"area":"yes","footway":"sidewalk","highway":"pedestrian","lit":"yes","surface":"paving_stones"},"geometry":{"type":"LineString","coordinates":[[10.7480026,59.9129323],[10.7479706,59.9129584],[10.7479235,59.9129968],[10.74768,59.9129237],[10.7476541,59.9129127],[10.747638,59.9129129],[10.7476176,59.9129212],[10.747228,59.9130059],[10.7472363,59.9130164],[10.7466855,59.9131351],[10.7466691,59.9131162],[10.7466532,59.9130979],[10.7473846,59.9129367],[10.7473815,59.9129334],[10.7474452,59.9129189],[10.7474916,59.9129084],[10.7475739,59.9128898],[10.7476208,59.9128838],[10.7476745,59.9128807],[10.7477375,59.9128812],[10.7477975,59.9128853],[10.7478577,59.9128954],[10.7479088,59.9129065],[10.7479805,59.9129256],[10.7480026,59.9129323]]}},{"type":"Feature","id":38880645,"properties":{"highway":"unclassified","lanes":"2","lit":"yes","maxspeed":"30","motor_vehicle":"destination","motor_vehicle:backward":"no","name":"Tollbugata","name:etymology:wikidata":"Q13682954","oneway":"no","psv":"yes","sidewalk":"separate","smoothness":"excellent","surface":"asphalt","wikidata":"Q19392697"},"geometry":{"type":"LineString","coordinates":[[10.7468721,59.909753],[10.7467716,59.9097787],[10.7460301,59.909968],[10.7459293,59.9099944]]}},{"type":"Feature","id":77477164,"properties":{"cycleway:both":"lane","cycleway:left:oneway":"-1","highway":"unclassified","lane_markings":"no","lit":"yes","maxspeed":"30","name":"Skippergata","oneway":"yes","oneway:bicycle":"no","sidewalk":"separate","smoothness":"good","surface":"asphalt","wikidata":"Q12000991"},"geometry":{"type":"LineString","coordinates":[[10.7468721,59.909753],[10.7469393,59.9098203],[10.7474434,59.9103372],[10.7474814,59.9103756],[10.7474935,59.9103878]]}},{"type":"Feature","id":140781243,"properties":{"cycleway:right":"no","highway":"unclassified","lane_markings":"no","maxspeed":"30","name":"Dronningens gate","oneway":"yes","sidewalk:both":"separate","surface":"asphalt","wikidata":"Q11966102"},"geometry":{"type":"LineString","coordinates":[[10.746525,59.9106291],[10.7465088,59.9106119],[10.7464689,59.9105696],[10.7459914,59.9100606],[10.7459293,59.9099944]]}},{"type":"Feature","id":140781244,"properties":{"cycleway:both":"no","embedded_rails":"tram","highway":"unclassified","lane_markings":"no","lit":"yes","motor_vehicle:backward":"no","name":"Prinsens gate","sidewalk:both":"separate","smoothness":"excellent","surface":"asphalt","wikidata":"Q11996247"},"geometry":{"type":"LineString","coordinates":[[10.746525,59.9106291],[10.7463127,59.9106795],[10.7451797,59.9109537],[10.744691,59.911075],[10.7445642,59.9111065]]}},{"type":"Feature","id":280893923,"properties":{"cycleway:both":"no","embedded_rails":"tram","highway":"unclassified","lane_markings":"no","lit":"yes","motor_vehicle":"no","name":"Prinsens gate","sidewalk:both":"separate","surface":"asphalt","wikidata":"Q11996247"},"geometry":{"type":"LineString","coordinates":[[10.7474935,59.9103878],[10.7473485,59.9104235],[10.7469913,59.9105126],[10.746525,59.9106291]]}},{"type":"Feature","id":281148304,"properties":{"electrified":"contact_line","frequency":"0","gauge":"1435","name":"Nordre streng","railway":"tram","railway:preferred_direction":"forward","voltage":"750"},"geometry":{"type":"LineString","coordinates":[[10.7463715,59.9128797],[10.746404,59.9128975],[10.7464509,59.9129196],[10.7464944,59.9129348],[10.7465461,59.9129481],[10.7465809,59.9129557],[10.7466236,59.9129616],[10.7466748,59.9129661],[10.7467352,59.9129673],[10.7468069,59.9129651],[10.7468932,59.9129578],[10.7469796,59.912948],[10.7470709,59.912937],[10.7471571,59.9129241],[10.7472447,59.9129093],[10.7473612,59.9128854],[10.7474515,59.9128653],[10.7474693,59.9128612]]}},{"type":"Feature","id":281148307,"properties":{"electrified":"contact_line","frequency":"0","gauge":"1435","name":"Nordre streng","railway":"tram","railway:preferred_direction":"forward","voltage":"750"},"geometry":{"type":"LineString","coordinates":[[10.747479,59.9128903],[10.7474755,59.912891],[10.7473916,59.9129116],[10.7472623,59.9129374],[10.747173,59.9129541],[10.7470844,59.9129662],[10.7469876,59.9129773],[10.7468981,59.912987],[10.7468185,59.912993],[10.746741,59.9129979],[10.7466716,59.9130007],[10.7466137,59.912999],[10.7465552,59.912991],[10.7465022,59.9129789],[10.7464469,59.9129602],[10.7464055,59.9129439],[10.7462981,59.9128938],[10.7462675,59.9128826],[10.7462458,59.9128765],[10.7462156,59.9128684],[10.7461727,59.9128605],[10.7461132,59.9128542],[10.7460656,59.9128532],[10.7460382,59.912854],[10.7460133,59.912856],[10.7459658,59.9128638],[10.7459064,59.9128756],[10.7458529,59.91289]]}},{"type":"Feature","id":476921061,"properties":{"area":"yes","bench":"yes","bin":"yes","lit":"no","network":"Ruter","operator":"Sporveien Trikken","public_transport":"platform","railway":"platform","ref":"T","shelter":"no","tactile_paving":"yes","tram":"yes"},"geometry":{"type":"LineString","coordinates":[[10.7466379,59.9105679],[10.7472159,59.9104259],[10.7472049,59.9104146],[10.7471936,59.9104031],[10.7466156,59.9105451],[10.7466265,59.9105563],[10.7466379,59.9105679]]}},{"type":"Feature","id":500249881,"properties":{"area":"yes","bench":"yes","bin":"yes","lit":"no","network":"Ruter","operator":"Sporveien Trikken","public_transport":"platform","railway":"platform","ref":"S","shelter":"no","tactile_paving":"yes","tram":"yes"},"geometry":{"type":"LineString","coordinates":[[10.7472606,59.9104735],[10.7466895,59.9106121],[10.746707,59.9106302],[10.7469911,59.9105613],[10.7472781,59.9104917],[10.7472606,59.9104735]]}},{"type":"Feature","id":666375400,"properties":{"footway":"crossing","highway":"pedestrian","lit":"yes","maxspeed":"5","motor_vehicle:conditional":"delivery @ (Mo-Fr 00:00-11:00; Sa 00:00-09:00; PH off)","name":"Karl Johans gate","name:etymology:wikidata":"Q52927","surface":"paving_stones"},"geometry":{"type":"LineString","coordinates":[[10.7474528,59.9116702],[10.747488,59.911662],[10.7475252,59.9116533]]}},{"type":"Feature","id":874868324,"properties":{"electrified":"contact_line","frequency":"0","gauge":"1435","name":"Søndre streng","railway":"tram","railway:preferred_direction":"forward","railway:track_ref":"S","voltage":"750"},"geometry":{"type":"LineString","coordinates":[[10.7472493,59.9104634],[10.7469691,59.9105322],[10.7466797,59.9106029]]}},{"type":"Feature","id":874868325,"properties":{"electrified":"contact_line","frequency":"0","gauge":"1435","name":"Søndre streng","railway":"tram","railway:preferred_direction":"forward","railway:track_ref":"T","voltage":"750"},"geometry":{"type":"LineString","coordinates":[[10.7466563,59.910576],[10.7469383,59.9105074],[10.747226,59.9104376]]}},{"type":"Feature","id":949865942,"properties":{"area":"yes","highway":"pedestrian","surface":"sett"},"geometry":{"type":"LineString","coordinates":[[10.7474392,59.912852],[10.7474289,59.9128409],[10.7474235,59.9128342],[10.7473536,59.9128544],[10.7473513,59.912855],[10.747335,59.9128396],[10.7472812,59.9127889],[10.7472248,59.9127321],[10.7471903,59.9126974],[10.7469585,59.9127508],[10.7468501,59.9126344],[10.746622,59.9126878],[10.7466136,59.9126784],[10.7464319,59.9127196],[10.7463814,59.9126644],[10.746247,59.9126971],[10.7462199,59.9127038],[10.7463257,59.9128111],[10.7463515,59.9128343],[10.7463683,59.9128472],[10.7464067,59.9128733],[10.7464408,59.9128896],[10.7464829,59.9129051],[10.7465407,59.9129212],[10.7465948,59.9129325],[10.7466421,59.9129389],[10.7466957,59.9129431],[10.7467714,59.9129436],[10.7468587,59.9129405],[10.746947,59.9129331],[10.7470631,59.9129202],[10.7471746,59.9129041],[10.7472639,59.9128883],[10.7473918,59.9128618],[10.7474392,59.912852]]}},{"type":"Feature","id":1149892698,"properties":{"highway":"pedestrian","lit":"yes","maxspeed":"5","motor_vehicle:conditional":"delivery @ (Mo-Fr 00:00-11:00; Sa 00:00-09:00; PH off)","name":"Karl Johans gate","name:etymology:wikidata":"Q52927","surface":"paving_stones","wikidata":"Q1490775"},"geometry":{"type":"LineString","coordinates":[[10.7455804,59.9120979],[10.7456107,59.9120909],[10.7463075,59.9119335],[10.7463968,59.911913],[10.7467422,59.9118336],[10.7474162,59.9116787],[10.7474528,59.9116702]]}},{"type":"Feature","id":1357764714,"properties":{"bus":"yes","cycleway:both":"no","embedded_rails":"tram","highway":"unclassified","lanes":"2","lit":"yes","motor_vehicle":"no","name":"Kirkeristen","psv":"yes","sidewalk:both":"separate","surface":"asphalt","taxi":"yes"},"geometry":{"type":"LineString","coordinates":[[10.7463074,59.9128596],[10.7463402,59.9128809],[10.7463834,59.9129056],[10.7464701,59.912945],[10.7465352,59.9129655],[10.7465928,59.9129763],[10.7466932,59.9129818],[10.7468092,59.9129789],[10.7468947,59.9129726],[10.7469856,59.912963],[10.7470818,59.9129514],[10.7471645,59.9129394],[10.7472519,59.9129247],[10.7473738,59.9128992],[10.7474638,59.9128785],[10.7476428,59.912835],[10.7477323,59.9128133]]}},{"type":"Feature","id":80915045,"properties":{"covered":"no","intermittent":"no","name":"Akerselva","salt":"no","tidal":"no","waterway":"river"},"geometry":{"type":"LineString","coordinates":[[10.7652442,59.947746],[10.7652535,59.9471172],[10.7651511,59.9467477],[10.7649365,59.9464163],[10.7648783,59.9462469],[10.7649193,59.9460775],[10.7650098,59.9457828],[10.765068,59.9456371],[10.7650404,59.9455543],[10.765027,59.9455141],[10.7649365,59.9454062],[10.764915,59.9452756],[10.7650723,59.9451018],[10.7653093,59.9449108],[10.7654777,59.9446368],[10.7656109,59.9444195],[10.7657241,59.9443211],[10.7658586,59.944124],[10.7659752,59.9439394],[10.7660808,59.9438444],[10.7661692,59.9437991],[10.7664062,59.9437095],[10.7666648,59.9436285],[10.7666894,59.9436043],[10.7667877,59.9435077],[10.7668717,59.9433781],[10.7669256,59.9432432],[10.7669407,59.9431321],[10.7668889,59.9428514],[10.7668006,59.9426161],[10.7667402,59.9424056],[10.7666066,59.9422427],[10.7663656,59.9420721],[10.7660269,59.9418584],[10.765872,59.9417758],[10.7657775,59.9417076],[10.7657399,59.9416609],[10.7657252,59.9416159],[10.7657285,59.9415591],[10.7657587,59.9415027],[10.765811,59.941457],[10.7659558,59.9413858],[10.7662101,59.9412798],[10.7664493,59.9411762],[10.7667252,59.9410456],[10.7668243,59.9409884],[10.7669601,59.9409668],[10.7670829,59.9409668],[10.7674385,59.9410532],[10.7676453,59.9411007],[10.767807,59.9411212],[10.7679427,59.9411158],[10.7686474,59.9410953],[10.7687487,59.9410839],[10.7688499,59.9410587],[10.768978,59.9410147],[10.7692691,59.940857],[10.7693368,59.9408256],[10.7694172,59.9407883],[10.7694514,59.9407591],[10.7694568,59.9407272],[10.7694333,59.9406885],[10.7693837,59.9406576],[10.7687299,59.9404229],[10.7684764,59.940314],[10.7683785,59.9402512],[10.7683289,59.9401941],[10.7682572,59.940097],[10.7681572,59.9400178],[10.7679547,59.9398979],[10.7676724,59.9397649],[10.7674216,59.9396856],[10.7671829,59.9395758],[10.7669194,59.9394733],[10.7667122,59.9394118],[10.7666177,59.9393803],[10.766499,59.9393319],[10.7663622,59.9392718],[10.7661845,59.9392066],[10.7660363,59.9391727],[10.7658881,59.9391488],[10.7657252,59.9391411],[10.7655783,59.9391247],[10.7654558,59.9390997],[10.7649668,59.938955],[10.7643007,59.9387464],[10.763641,59.9385388],[10.7632605,59.9384048],[10.7630831,59.9382991],[10.7629892,59.9381466],[10.762964,59.9379021],[10.7633708,59.9375268],[10.763434,59.9374769],[10.7634848,59.9374367],[10.7635425,59.9373665],[10.7635955,59.9372654],[10.7636263,59.9372231],[10.7636733,59.9371828],[10.7637282,59.9371398],[10.7637531,59.9371116],[10.7637624,59.9370733],[10.7637591,59.9370283],[10.7637457,59.9369839],[10.7637182,59.9369359],[10.763678,59.9368838],[10.7635995,59.9368449],[10.7634962,59.9368183],[10.7633373,59.9367978],[10.7628753,59.9367622],[10.7625608,59.9367384],[10.7622691,59.9367071],[10.7619365,59.9366638],[10.7616019,59.9366373],[10.7609756,59.9366141],[10.7607543,59.9365976],[10.7605686,59.9365694],[10.7603406,59.9365069],[10.759845,59.9362896],[10.7594886,59.9361739],[10.7588195,59.9358899],[10.7584138,59.9357965],[10.7579599,59.9357318],[10.7576056,59.9356959],[10.7572993,59.935636],[10.7571805,59.9355483],[10.757083,59.9354255],[10.7570212,59.9352468],[10.7569971,59.9347506],[10.7569047,59.9342915],[10.7568819,59.9340157],[10.7568732,59.933849],[10.7568819,59.9337842],[10.7569074,59.9337325],[10.7569557,59.933679],[10.7570683,59.9335941],[10.7571776,59.933501],[10.757246,59.9334365],[10.7572869,59.9333905],[10.7574827,59.9330743],[10.7575518,59.9329816],[10.7576832,59.9328264],[10.7577449,59.932735],[10.7578133,59.9326208],[10.7578193,59.9325647],[10.7578039,59.9325032],[10.7577651,59.9324236],[10.7577362,59.932383],[10.7576772,59.932347],[10.7575895,59.9323009],[10.7575065,59.9322384],[10.7574586,59.9321612],[10.757421,59.9320809],[10.7574029,59.9320162],[10.7574023,59.9319584],[10.7574297,59.9318991],[10.7574458,59.9318548],[10.7574465,59.9318225],[10.7574432,59.9317889],[10.7574485,59.93175],[10.757478,59.9317117],[10.7575226,59.931671],[10.7576656,59.9315921],[10.7577652,59.9315384],[10.7578386,59.9314841],[10.7578643,59.9314476],[10.7578669,59.9314154],[10.7578543,59.9313823],[10.7578066,59.9313441],[10.7575665,59.9312242],[10.7573811,59.9310949],[10.7573138,59.931021],[10.7572553,59.9309151],[10.7572065,59.9308698],[10.7571635,59.9308116],[10.7571549,59.930795],[10.7571279,59.9307431],[10.7571013,59.9306868],[10.7570952,59.9306268],[10.7571015,59.9304977],[10.7571153,59.9304645],[10.7571575,59.930396],[10.7571857,59.9303261],[10.7571897,59.9302858],[10.7571723,59.9302381],[10.7571042,59.9301781],[10.7563401,59.929618],[10.7556857,59.9291523],[10.7555467,59.9289948],[10.7554197,59.928826],[10.7552724,59.9286064],[10.7551824,59.9284329],[10.7551034,59.9282217],[10.755005,59.9278224],[10.7549565,59.9276521],[10.7548886,59.927491],[10.754828,59.9273942],[10.7547623,59.927323],[10.7547033,59.92728],[10.7546094,59.9272282],[10.7544847,59.9271815],[10.7542668,59.9271217],[10.7538819,59.92703],[10.7534614,59.9269218],[10.7531688,59.9268222],[10.7528437,59.926694],[10.7526145,59.9265815],[10.7525265,59.9265067],[10.7525061,59.9264461],[10.7525218,59.92638],[10.7525831,59.9263013],[10.7527159,59.9262012],[10.7530274,59.9260672],[10.7531315,59.9260044],[10.7531945,59.9259446],[10.7532294,59.9258851],[10.7532582,59.9257954],[10.7532824,59.925702],[10.7532918,59.9256321],[10.7532844,59.9255626],[10.7532428,59.9254517],[10.7532026,59.9252759],[10.7531784,59.9251983],[10.7531489,59.9251533],[10.753096,59.9250988],[10.7530088,59.9250541],[10.7529471,59.9250195],[10.7527111,59.9247423],[10.7526059,59.9246494],[10.7525588,59.9245447],[10.7525663,59.9244399],[10.7526363,59.9243117],[10.7527537,59.9242026],[10.7528301,59.9241514],[10.7528915,59.9241188],[10.7529686,59.9240924],[10.7530785,59.924067],[10.7532525,59.9240442],[10.7534856,59.9240178],[10.7535935,59.9239966],[10.753668,59.9239706],[10.7537156,59.9239358],[10.7537451,59.9238908],[10.7537645,59.9238471],[10.7537618,59.9238074],[10.7537122,59.923757],[10.7536961,59.9237214],[10.7536903,59.9236786],[10.7537062,59.9236209],[10.7537082,59.9235231],[10.753693,59.923438],[10.7536425,59.9233739],[10.7535902,59.923337],[10.7534319,59.9232889],[10.7533615,59.9232348],[10.7533176,59.9230165],[10.7532978,59.9229243],[10.7532522,59.9228436],[10.7531543,59.9227401],[10.7530068,59.922683],[10.7527962,59.9225472],[10.7527158,59.9225079],[10.7526353,59.9224543],[10.7525917,59.9224096],[10.7525552,59.9223565],[10.7525485,59.9223251],[10.7525622,59.9222965],[10.7525884,59.9222777],[10.7526484,59.9222431],[10.7526983,59.9222147],[10.7527278,59.9221744],[10.7527292,59.922147],[10.7527188,59.9221223],[10.752701,59.9221029],[10.7526782,59.9220745],[10.7526601,59.9220347],[10.7526008,59.9219238],[10.7525652,59.9218613],[10.7525602,59.9218217],[10.752579,59.9217622],[10.7526306,59.9216855],[10.7527245,59.9216224],[10.7530235,59.9214557],[10.7531597,59.9213962],[10.7532763,59.9213606],[10.7533984,59.9213401],[10.753562,59.9213226],[10.7536814,59.9213061],[10.7537994,59.9212816],[10.7538872,59.9212463],[10.7539456,59.9212077],[10.7539885,59.9211576],[10.7540596,59.9210383],[10.7540924,59.9209657],[10.7541139,59.9208793],[10.7541052,59.9207815],[10.7540703,59.9206884],[10.7540026,59.9205768],[10.7538785,59.9204306],[10.7537806,59.9203389],[10.753672,59.9202693],[10.7533474,59.9201026],[10.7531912,59.9200028],[10.752994,59.9198374],[10.7529397,59.9197827],[10.7529136,59.9197323],[10.7529109,59.9196765],[10.752927,59.9196247],[10.7529632,59.9195844],[10.7530155,59.9195521],[10.7531087,59.9195175],[10.7532354,59.9194883],[10.7534614,59.919453],[10.7537236,59.9194304],[10.7539731,59.919418],[10.7542198,59.9194177],[10.7548032,59.9194328],[10.7550567,59.9194325],[10.7552484,59.9194254],[10.7554261,59.9194096],[10.7556032,59.91938],[10.7557641,59.9193357],[10.7558902,59.9192745],[10.7559746,59.9192073],[10.7560229,59.9191475],[10.7560551,59.9190567],[10.7560793,59.9189041],[10.7561208,59.9185579],[10.7561651,59.9184121],[10.7562308,59.9183274],[10.7563287,59.9182413],[10.7564387,59.9181707],[10.75655,59.9181412],[10.7567096,59.918125],[10.7568383,59.9181244],[10.7570623,59.9181371],[10.7575665,59.9181828],[10.7577523,59.9181916],[10.7579213,59.9181896],[10.7580674,59.9181761],[10.7582103,59.9181462],[10.7583571,59.9180995],[10.7585093,59.9180383],[10.7587159,59.9179429],[10.7589807,59.9178373],[10.7593234,59.9177214],[10.7596647,59.9176484],[10.7598605,59.9176263],[10.7601723,59.9176074],[10.760464,59.9175839],[10.7606457,59.9175547],[10.7608073,59.9175137],[10.7609729,59.9174592],[10.7612666,59.9173399],[10.7614195,59.9172646],[10.7615704,59.9171722],[10.7616408,59.9171113],[10.7617246,59.9170266],[10.7617521,59.9169823],[10.7617682,59.9169221],[10.7617696,59.9168552],[10.7617501,59.9167934],[10.7617132,59.9167396],[10.7616569,59.9166767],[10.7615872,59.9166159],[10.7614055,59.9165167],[10.761093,59.9163675],[10.7608864,59.9162488],[10.7607792,59.9161816],[10.7606598,59.9160872],[10.7605632,59.9159937],[10.7603011,59.9156603],[10.7600469,59.915352],[10.7597177,59.9150186],[10.7595064,59.9148519],[10.7591444,59.9146142],[10.7589573,59.9144677],[10.7588131,59.9143315],[10.758618,59.9141272],[10.7584651,59.9139382],[10.7581781,59.9135419],[10.7580551,59.9133582]]}},{"type":"Feature","id":8874970,"properties":{"highway":"service","name":"Strandgata","surface":"asphalt","wikidata":"Q19390867"},"geometry":{"type":"LineString","coordinates":[[10.7487968,59.9092689],[10.7487634,59.9092134],[10.7487487,59.9091899],[10.7487083,59.9091483],[10.7483702,59.9088127]]}},{"type":"Feature","id":135175591,"properties":{"highway":"service","junction":"roundabout","lit":"yes","surface":"asphalt"},"geometry":{"type":"LineString","coordinates":[[10.7539566,59.9095506],[10.7539441,59.9095206],[10.7539457,59.9094869],[10.7539678,59.9094701],[10.7540077,59.9094576],[10.7540567,59.9094525],[10.754099,59.9094564],[10.754129,59.9094642],[10.7541688,59.909482],[10.7542023,59.9095106],[10.7542155,59.9095303],[10.754218,59.9095429],[10.7542187,59.9095532],[10.7542173,59.9095639],[10.7541914,59.9095855],[10.7541544,59.9095989],[10.7541035,59.9096038],[10.7540556,59.9096024],[10.7540066,59.9095864],[10.7539782,59.9095719],[10.7539566,59.9095506]]}},{"type":"Feature","id":135230125,"properties":{"highway":"service","oneway":"yes","source":"Vegvesen","source:url":"http://www.vegvesen.no/_attachment/623479/binary/959649?fast_title=Kj%C3%B8rem%C3%B8nster+fra+11+mai+2014.pdf","surface":"asphalt"},"geometry":{"type":"LineString","coordinates":[[10.7538908,59.9093997],[10.7537105,59.9092101],[10.7536871,59.9091731],[10.7536695,59.9091267]]}},{"type":"Feature","id":245968653,"properties":{"highway":"service","surface":"asphalt"},"geometry":{"type":"LineString","coordinates":[[10.7540567,59.9094525],[10.7540269,59.9094203],[10.7540062,59.9093977],[10.7537992,59.9091804]]}},{"type":"Feature","id":246047719,"properties":{"bicycle:lanes":"||designated","bus:lanes":"|designated|","cycleway:right":"lane","cycleway:right:width":"2","highway":"trunk","lanes":"3","lit":"yes","maxspeed":"40","motor_vehicle:lanes":"|no|no","name":"Dronning Eufemias gate","name:etymology:wikidata":"Q287581","oneway":"yes","placement":"right_of:1","ref":"E 18","sidewalk:left":"no","sidewalk:right":"separate","surface":"asphalt","surface:colour:lanes":"||red","width:lanes":"3|3|2","wikidata":"Q11966089"},"geometry":{"type":"LineString","coordinates":[[10.7506645,59.9094812],[10.7507159,59.9094808],[10.7507811,59.909474],[10.7508593,59.9094561],[10.7509853,59.9094273],[10.7517475,59.9092446],[10.7518894,59.9092106],[10.7528404,59.9089765]]}},{"type":"Feature","id":246047727,"properties":{"bicycle:lanes":"||designated","bus:lanes":"|designated|","cycleway:right":"lane","highway":"trunk","lanes":"3","lit":"yes","maxspeed":"40","motor_vehicle:lanes":"|no|no","name":"Dronning Eufemias gate","name:etymology:wikidata":"Q287581","note":"Ifølge Elveg en del av Dronning Eufemias gate. Den starter ved krysset Tollbukaia/Operagata/Langkaia","oneway":"yes","placement":"left_of:2","ref":"E 18","sidewalk:left":"no","sidewalk:right":"separate","surface":"asphalt","surface:colour:lanes":"||red","turn:lanes":"right|right|","width:lanes":"3.25|3|2","wikidata":"Q19378920"},"geometry":{"type":"LineString","coordinates":[[10.7499752,59.9089864],[10.7501004,59.9090202],[10.7501283,59.9090501],[10.7504839,59.9094138],[10.7505091,59.9094345],[10.7505325,59.9094496],[10.7505774,59.9094668],[10.7506151,59.9094755],[10.7506645,59.9094812]]}},{"type":"Feature","id":246047728,"properties":{"bicycle:lanes:backward":"|designated","bicycle:lanes:forward":"|designated","cycleway":"lane","highway":"trunk","lanes":"3","lanes:backward":"3","lanes:forward":"2","lit":"yes","maxspeed":"40","motor_vehicle:lanes:backward":"||no","motor_vehicle:lanes:forward":"|no","name":"Langkaigata","placement":"middle_of:2","psv":"yes","ref":"E 18","sidewalk":"separate","surface":"asphalt","turn:lanes:backward":"through|right|","width:lanes:backward":"2.9|3|2","width:lanes:forward":"3.1|2","wikidata":"Q19378920"},"geometry":{"type":"LineString","coordinates":[[10.7489495,59.9082178],[10.7491863,59.9083322],[10.7492725,59.9083752],[10.7493348,59.9084073],[10.7494052,59.9084478],[10.7494515,59.9084767]]}},{"type":"Feature","id":246047730,"properties":{"bicycle:lanes":"||designated","bus:lanes":"|designated|","cycleway:right":"lane","highway":"trunk","lanes":"3","lit":"yes","maxspeed":"40","motor_vehicle:lanes":"|no|no","name":"Dronning Eufemias gate","name:etymology:wikidata":"Q287581","note":"Ifølge Elveg en del av Dronning Eufemias gate. Den starter ved krysset Tollbukaia/Operagata/Langkaia","oneway":"yes","placement":"right_of:1","ref":"E 18","sidewalk:left":"no","sidewalk:right":"separate","surface":"asphalt","surface:colour:lanes":"||red","width:lanes":"3.25|3|2","wikidata":"Q19378920"},"geometry":{"type":"LineString","coordinates":[[10.7505527,59.9096045],[10.7504996,59.9095879],[10.750455,59.9095647],[10.750418,59.909538],[10.7503697,59.9094887],[10.7500903,59.9091977]]}},{"type":"Feature","id":246047754,"properties":{"cycleway":"lane","destination:forward":"Sentralstasjonen","destination:symbol:forward":"train_station","highway":"unclassified","lanes":"2","lanes:backward":"1","lanes:forward":"1","name":"Robert Levins gate","name:etymology:wikidata":"Q4581517","sidewalk:left":"yes","sidewalk:right":"separate","surface":"asphalt","wikidata":"Q105978051"},"geometry":{"type":"LineString","coordinates":[[10.7529668,59.9082545],[10.753039,59.9083227],[10.7530569,59.9083415],[10.7530876,59.9083738],[10.7533939,59.9086958],[10.7534235,59.9087269],[10.7534386,59.9087445],[10.7534629,59.9088214]]}},{"type":"Feature","id":280893903,"properties":{"destination":"Sentralstasjonen","destination:symbol":"train_station","highway":"service","lanes":"1","oneway":"yes","surface":"asphalt"},"geometry":{"type":"LineString","coordinates":[[10.7534629,59.9088214],[10.7535639,59.9088468],[10.7535901,59.9088691],[10.7536191,59.908896],[10.7536862,59.9089595],[10.7537782,59.9090528],[10.7538153,59.9090909]]}},{"type":"Feature","id":280893912,"properties":{"highway":"service","lanes":"2","oneway":"yes","surface":"asphalt"},"geometry":{"type":"LineString","coordinates":[[10.7536695,59.9091267],[10.7536499,59.9091071],[10.7536303,59.9090874],[10.7535394,59.9089962]]}},{"type":"Feature","id":280893929,"properties":{"bus":"yes","highway":"unclassified","lanes":"2","lit":"yes","motor_vehicle":"no","name":"Tollbukaia","sidewalk":"separate","surface":"asphalt","surface:backward":"asphalt","surface:forward":"concrete","wikidata":"Q19392697"},"geometry":{"type":"LineString","coordinates":[[10.7489601,59.9092284],[10.7492805,59.9091462],[10.7496493,59.9090537]]}},{"type":"Feature","id":329366789,"properties":{"highway":"service","lanes":"1","oneway":"yes","surface":"asphalt"},"geometry":{"type":"LineString","coordinates":[[10.7535394,59.9089962],[10.7534823,59.9089295],[10.753457,59.9089016],[10.7534371,59.9088734],[10.7534629,59.9088214]]}},{"type":"Feature","id":329366790,"properties":{"bicycle:lanes":"||designated","bus:lanes":"|designated|","cycleway:right":"lane","highway":"trunk","lanes":"3","maxspeed":"40","motor_vehicle:lanes":"|no|no","name":"Dronning Eufemias gate","name:etymology:wikidata":"Q287581","oneway":"yes","placement":"right_of:1","ref":"E 18","sidewalk:both":"separate","source":"Vegvesen","surface":"asphalt","turn:lanes":"left|left|","width:lanes":"3.25|3|2","wikidata":"Q11966089"},"geometry":{"type":"LineString","coordinates":[[10.7508768,59.9096343],[10.7508117,59.9096393],[10.7507619,59.9096405],[10.7507063,59.9096364],[10.7506605,59.9096305],[10.7506244,59.9096242],[10.7505594,59.9096063],[10.7505527,59.9096045]]}},{"type":"Feature","id":329366791,"properties":{"bicycle:lanes":"||designated","cycleway:right":"lane","cycleway:right:width":"2","highway":"trunk","lanes":"3","lit":"yes","maxspeed":"40","motor_vehicle:lanes":"yes|yes|no","name":"Dronning Eufemias gate","name:etymology:wikidata":"Q287581","oneway":"yes","placement":"right_of:1","ref":"E 18","sidewalk:left":"no","sidewalk:right":"separate","surface":"asphalt","surface:colour:lanes":"||red","turn:lanes":"through|right|","width:lanes":"3|3|2","wikidata":"Q11966089"},"geometry":{"type":"LineString","coordinates":[[10.7528404,59.9089765],[10.7531724,59.9088919],[10.7532213,59.9088795],[10.7534629,59.9088214]]}},{"type":"Feature","id":329366800,"properties":{"bicycle:lanes":"||designated","bus:lanes":"|designated|","cycleway:right":"lane","cycleway:right:width":"2","highway":"trunk","lanes":"3","lit":"yes","maxspeed":"40","motor_vehicle:lanes":"|no|no","name":"Dronning Eufemias gate","name:etymology:wikidata":"Q287581","oneway":"yes","placement":"right_of:1","ref":"E 18","sidewalk:left":"no","sidewalk:right":"separate","surface":"asphalt","surface:colour:lanes":"||red","width:lanes":"3|3|2","wikidata":"Q11966089"},"geometry":{"type":"LineString","coordinates":[[10.7535394,59.9089962],[10.7533694,59.909036],[10.7527798,59.909174],[10.7521527,59.9093276],[10.7520015,59.9093647]]}},{"type":"Feature","id":329366803,"properties":{"bicycle:lanes":"||designated","cycleway:right":"lane","cycleway:right:width":"2","highway":"trunk","lanes":"3","lit":"yes","maxspeed":"40","motor_vehicle:lanes":"||no","name":"Dronning Eufemias gate","name:etymology:wikidata":"Q287581","oneway":"yes","placement":"right_of:1","ref":"E 18","sidewalk":"separate","source":"Vegvesen","surface":"asphalt","surface:colour:lanes":"||red","turn:lanes":"left|through;right|","width:lanes":"3|3|2","wikidata":"Q11966089"},"geometry":{"type":"LineString","coordinates":[[10.7544401,59.9087705],[10.753906,59.9089044],[10.7538363,59.9089219],[10.7536862,59.9089595]]}},{"type":"Feature","id":329366805,"properties":{"bicycle:lanes":"||designated","cycleway:right":"lane","cycleway:right:width":"2","highway":"trunk","lanes":"3","lit":"yes","maxspeed":"40","name":"Dronning Eufemias gate","name:etymology:wikidata":"Q287581","oneway":"yes","placement":"right_of:1","ref":"E 18","sidewalk":"right","source":"Vegvesen","surface":"asphalt","surface:colour:lanes":"||red","width:lanes":"3|3|2","wikidata":"Q11966089"},"geometry":{"type":"LineString","coordinates":[[10.7536862,59.9089595],[10.7535394,59.9089962]]}},{"type":"Feature","id":382745523,"properties":{"natural":"coastline"},"geometry":{"type":"LineString","coordinates":[[10.7528183,59.9081437],[10.7527354,59.9080227],[10.7525568,59.9080537],[10.7517818,59.9081881],[10.7515394,59.9082314],[10.7514822,59.90824],[10.7514306,59.9082489],[10.751056,59.9083138],[10.7506981,59.9076858],[10.7506578,59.9076901],[10.7506688,59.9076365],[10.7505489,59.9074257],[10.7524919,59.9069536],[10.7524623,59.9069191],[10.7525133,59.9069019],[10.7525562,59.9068562],[10.7525592,59.9068492],[10.7525817,59.9067963],[10.752592,59.906755],[10.7525836,59.9067125],[10.7525658,59.9066661],[10.7525179,59.906651],[10.7524656,59.906652],[10.7523742,59.9066613],[10.7522664,59.906674],[10.7522064,59.9066793],[10.752186,59.9066751],[10.7521725,59.9066706],[10.7521763,59.9066576],[10.7523458,59.9065787],[10.7524106,59.906544],[10.7524622,59.9064977],[10.7525625,59.9063703],[10.7525498,59.9062695],[10.7525141,59.9061663],[10.7524542,59.9061031],[10.7524017,59.9060373],[10.7523361,59.9060495],[10.7523124,59.9060522],[10.7522891,59.9060505],[10.7522658,59.9060465],[10.7522473,59.9060392],[10.7522346,59.9060324],[10.752227,59.9060255],[10.752221,59.9060164],[10.752218,59.9060075],[10.752218,59.9059985],[10.7522213,59.9059895],[10.752229,59.9059809],[10.752239,59.9059741],[10.7522567,59.9059663],[10.7523169,59.905954]]}},{"type":"Feature","id":453102546,"properties":{"highway":"service","oneway":"yes","source":"Vegvesen","source:url":"http://www.vegvesen.no/_attachment/623479/binary/959649?fast_title=Kj%C3%B8rem%C3%B8nster+fra+11+mai+2014.pdf","surface":"asphalt"},"geometry":{"type":"LineString","coordinates":[[10.7538153,59.9090909],[10.7537992,59.9091804]]}},{"type":"Feature","id":453102547,"properties":{"highway":"service","oneway":"yes","source":"Vegvesen","source:url":"http://www.vegvesen.no/_attachment/623479/binary/959649?fast_title=Kj%C3%B8rem%C3%B8nster+fra+11+mai+2014.pdf","surface":"asphalt"},"geometry":{"type":"LineString","coordinates":[[10.7537992,59.9091804],[10.7536695,59.9091267]]}},{"type":"Feature","id":515436434,"properties":{"bus:lanes":"|designated","cycleway:right":"separate","highway":"trunk","lanes":"2","maxspeed":"40","motor_vehicle:lanes":"|no","name":"Dronning Eufemias gate","name:etymology:wikidata":"Q287581","note":"Ifølge Elveg en del av Dronning Eufemias gate","oneway":"yes","ref":"E 18","sidewalk:left":"no","sidewalk:right":"separate","surface":"asphalt","width:lanes":"3.25|3","wikidata":"Q19378920"},"geometry":{"type":"LineString","coordinates":[[10.7500903,59.9091977],[10.7500123,59.9091171],[10.7499807,59.9090844],[10.7499437,59.9090449]]}},{"type":"Feature","id":663292115,"properties":{"cycleway:right":"no","highway":"unclassified","lanes":"3","name":"Strandgata","oneway":"yes","surface":"asphalt","wikidata":"Q19390867"},"geometry":{"type":"LineString","coordinates":[[10.74875,59.9092806],[10.7488165,59.909346],[10.7490889,59.9096139]]}},{"type":"Feature","id":718019074,"properties":{"highway":"unclassified","lanes":"2","motor_vehicle:backward":"no","name":"Prinsens gate","surface":"asphalt","wikidata":"Q11996247"},"geometry":{"type":"LineString","coordinates":[[10.7505527,59.9096045],[10.7506116,59.9095623],[10.7506465,59.9095205],[10.7506645,59.9094812]]}},{"type":"Feature","id":726979754,"properties":{"bicycle:lanes":"||designated","bus:lanes":"|designated|","cycleway:right":"lane","cycleway:right:width":"2","highway":"trunk","lanes":"3","lit":"yes","maxspeed":"40","motor_vehicle:lanes":"|no|no","name":"Dronning Eufemias gate","name:etymology:wikidata":"Q287581","oneway":"yes","placement":"right_of:1","ref":"E 18","sidewalk:left":"no","sidewalk:right":"separate","source":"Vegvesen","surface":"asphalt","surface:colour:lanes":"||red","turn:lanes":"left|left|","width:lanes":"3|3|2","wikidata":"Q11966089"},"geometry":{"type":"LineString","coordinates":[[10.7520015,59.9093647],[10.7518908,59.9093919],[10.7514471,59.9094981],[10.7513758,59.9095162],[10.7513148,59.9095318]]}},{"type":"Feature","id":729168444,"properties":{"bicycle:lanes:backward":"|designated","bicycle:lanes:forward":"|designated","cycleway":"lane","destination:backward":"Sentralstasjonen","destination:ref:backward":"Ring 1","destination:symbol:backward":"train_station","highway":"secondary","lanes":"4","lanes:backward":"2","lanes:forward":"2","lit":"yes","maxspeed":"40","motor_vehicle:lanes:backward":"yes|no","motor_vehicle:lanes:forward":"yes|no","name":"Operagata","name:etymology:wikidata":"Q43280","psv":"yes","sidewalk":"separate","smoothness":"excellent","surface":"asphalt","surface:colour:lanes:backward":"|red","surface:colour:lanes:forward":"|red","width:lanes:backward":"3.25|2.4","width:lanes:forward":"3.25|2.4","wikidata":"Q19384582"},"geometry":{"type":"LineString","coordinates":[[10.7529668,59.9082545],[10.7527668,59.9083034],[10.7527375,59.9083106],[10.7526427,59.9083339],[10.7517591,59.9085513],[10.7516926,59.9085677],[10.7516354,59.9085816],[10.7504773,59.908863],[10.7503829,59.9088859],[10.7503053,59.9089049],[10.7499752,59.9089864]]}},{"type":"Feature","id":827498347,"properties":{"intermittent":"yes","natural":"water","wikidata":"Q108948031","wikipedia":"no:Anne-Cath. Vestlys plass (Oslo)"},"geometry":{"type":"LineString","coordinates":[[10.7505575,59.9089571],[10.7513856,59.9087576],[10.7516053,59.9090409],[10.7515082,59.9091265],[10.7508464,59.9092516],[10.7505575,59.9089571]]}},{"type":"Feature","id":852399724,"properties":{"bicycle:lanes:backward":"|designated","cycleway:left":"lane","cycleway:right":"separate","destination:lanes:forward":"|Sentralstasjonen","destination:ref:lanes:forward":"|Ring 1","destination:symbol:lanes:forward":"|train_station","highway":"trunk","lanes":"4","lanes:backward":"2","lanes:forward":"2","maxspeed":"40","motor_vehicle:lanes:backward":"|no","name":"Langkaigata","placement:forward":"middle_of:1","ref":"E 18","sidewalk":"separate","surface":"asphalt","turn:lanes:forward":"through|right","width:lanes:backward":"3.1|1.9","width:lanes:forward":"2.75|3.25","wikidata":"Q19378920"},"geometry":{"type":"LineString","coordinates":[[10.7498106,59.9087915],[10.7498914,59.9088756],[10.7499227,59.9089082],[10.7499752,59.9089864]]}},{"type":"Feature","id":865183363,"properties":{"man_made":"quay","name":"Palékaia","natural":"coastline"},"geometry":{"type":"LineString","coordinates":[[10.7503866,59.9087873],[10.7511689,59.9085958],[10.7512209,59.9085831],[10.7511899,59.908535],[10.751564,59.9084451],[10.7516073,59.9084347],[10.7516659,59.9084206],[10.7516929,59.9084141],[10.7528183,59.9081437]]}},{"type":"Feature","id":865651522,"properties":{"bus":"yes","highway":"unclassified","lanes":"2","motor_vehicle":"no","name":"Tollbukaia","sidewalk":"separate","surface":"asphalt","wikidata":"Q19392697"},"geometry":{"type":"LineString","coordinates":[[10.74875,59.9092806],[10.7487968,59.9092689],[10.7489262,59.9092371],[10.7489601,59.9092284]]}},{"type":"Feature","id":865651523,"properties":{"bus":"yes","cycleway:both":"no","highway":"unclassified","lane_markings":"no","motor_vehicle":"no","name":"Tollbukaia","sidewalk:both":"separate","surface":"asphalt","wikidata":"Q19392697"},"geometry":{"type":"LineString","coordinates":[[10.7496493,59.9090537],[10.7497057,59.9090423],[10.7497346,59.9090364],[10.7499752,59.9089864]]}},{"type":"Feature","id":882471630,"properties":{"bicycle:lanes:backward":"|designated","bicycle:lanes:forward":"|designated","cycleway":"lane","destination:lanes:forward":"|Sentralstasjonen|","destination:ref:lanes:forward":"|Ring 1|","destination:symbol:lanes:forward":"|train_station|","highway":"trunk","lanes":"5","lanes:backward":"2","lanes:forward":"3","lit":"yes","maxspeed":"40","motor_vehicle:lanes:backward":"|no","motor_vehicle:lanes:forward":"||no","name":"Langkaigata","psv":"yes","ref":"E 18","sidewalk":"separate","surface":"asphalt","turn:lanes:forward":"through|right|","width:lanes:backward":"3.1|1.9","width:lanes:forward":"2.75|3.25|2","wikidata":"Q19378920"},"geometry":{"type":"LineString","coordinates":[[10.7494515,59.9084767],[10.7495447,59.908544],[10.7496158,59.908603],[10.7496842,59.9086637],[10.7498106,59.9087915]]}},{"type":"Feature","id":940957370,"properties":{"highway":"service","oneway":"yes","source":"Vegvesen","source:url":"http://www.vegvesen.no/_attachment/623479/binary/959649?fast_title=Kj%C3%B8rem%C3%B8nster+fra+11+mai+2014.pdf","surface":"asphalt"},"geometry":{"type":"LineString","coordinates":[[10.7538153,59.9090909],[10.7539007,59.9091631],[10.7540824,59.9093527]]}},{"type":"Feature","id":969327480,"properties":{"bicycle:lanes:forward":"|designated","cycleway:right":"lane","destination:forward":"Sentralstasjonen","destination:ref:forward":"Ring 1","destination:symbol:forward":"train_station","highway":"trunk","lanes":"3","lanes:backward":"2","lanes:forward":"2","maxspeed":"40","motor_vehicle:lanes:forward":"|no","name":"Langkaigata","placement:backward":"middle_of:1","psv":"yes","ref":"E 18","sidewalk":"separate","surface":"asphalt","turn:lanes:backward":"through|right","width:lanes:forward":"3.1|2","wikidata":"Q19378920"},"geometry":{"type":"LineString","coordinates":[[10.748522,59.9080201],[10.7487379,59.9081176],[10.7488102,59.9081518],[10.7489495,59.9082178]]}},{"type":"Feature","id":969327481,"properties":{"bus:lanes":"|designated","cycleway:right":"separate","highway":"trunk","lanes":"2","lit":"yes","maxspeed":"40","motor_vehicle:lanes":"|no","name":"Dronning Eufemias gate","name:etymology:wikidata":"Q287581","oneway":"yes","placement":"right_of:1","ref":"E 18","source":"Vegvesen","surface":"asphalt","turn:lanes":"left|left","width:lanes":"3|3","wikidata":"Q11966089"},"geometry":{"type":"LineString","coordinates":[[10.7513148,59.9095318],[10.7511451,59.9095749],[10.7510874,59.9095896],[10.7510054,59.9096104],[10.7509287,59.9096268],[10.7508768,59.9096343]]}},{"type":"Feature","id":980959814,"properties":{"covered":"yes","highway":"service","lit":"yes","maxheight:signed":"no","oneway":"yes","surface":"sett","taxi":"designated"},"geometry":{"type":"LineString","coordinates":[[10.7530105,59.9097025],[10.753748,59.9095287],[10.7537662,59.9095255]]}},{"type":"Feature","id":980959815,"properties":{"highway":"service","lit":"yes","oneway":"yes","surface":"asphalt","taxi":"designated"},"geometry":{"type":"LineString","coordinates":[[10.7540556,59.9096024],[10.7538826,59.9096465]]}},{"type":"Feature","id":980959817,"properties":{"highway":"service","lit":"yes","oneway":"yes","surface":"asphalt","taxi":"designated"},"geometry":{"type":"LineString","coordinates":[[10.7537662,59.9095255],[10.7538177,59.9095163],[10.7539457,59.9094869]]}},{"type":"Feature","id":980959818,"properties":{"highway":"service","oneway":"yes","service":"parking_aisle","surface":"asphalt"},"geometry":{"type":"LineString","coordinates":[[10.7544118,59.909516],[10.7543566,59.9095321],[10.7542187,59.9095532]]}},{"type":"Feature","id":980959820,"properties":{"highway":"service","oneway":"yes","service":"parking_aisle","surface":"asphalt"},"geometry":{"type":"LineString","coordinates":[[10.754099,59.9094564],[10.7542523,59.909419],[10.7543074,59.909406]]}},{"type":"Feature","id":1010955689,"properties":{"access":"customers","charge":"150 NOK (non member), 100NOK (member)","check_date":"2024-08-12","fee":"yes","leisure":"sauna","name":"Bademaschinen","opening_hours":"Mo-Su 07:00-19:00","operator":"Oslo Badstuforening","panoramax":"75151a08-d3f2-429c-bb7d-cc73456e25f3","website":"https://oslobadstuforening.no/"},"geometry":{"type":"LineString","coordinates":[[10.7494463,59.9080842],[10.7494481,59.9080571],[10.7495362,59.9080586],[10.749541,59.9079862],[10.7495979,59.9079871],[10.749595,59.9080312],[10.749737,59.9080337],[10.7497352,59.9080609],[10.7496509,59.9080595],[10.7496459,59.9081332],[10.7495878,59.9081322],[10.7495909,59.9080867],[10.7494463,59.9080842]]}},{"type":"Feature","id":1122168868,"properties":{"cycleway:right":"no","highway":"unclassified","lanes":"2","name":"Strandgata","oneway":"yes","surface":"asphalt","turn:lanes":"through|right","wikidata":"Q19390867"},"geometry":{"type":"LineString","coordinates":[[10.7490889,59.9096139],[10.7491704,59.909669]]}},{"type":"Feature","id":1217356463,"properties":{"bus:lanes":"|designated","cycleway:right":"lane","highway":"trunk","lanes":"2","maxspeed":"40","motor_vehicle:lanes":"|no","name":"Dronning Eufemias gate","name:etymology:wikidata":"Q287581","note":"Ifølge Elveg en del av Dronning Eufemias gate","oneway":"yes","ref":"E 18","sidewalk:left":"no","sidewalk:right":"separate","surface":"asphalt","width:lanes":"3.25|3","wikidata":"Q19378920"},"geometry":{"type":"LineString","coordinates":[[10.7499437,59.9090449],[10.7499752,59.9089864]]}},{"type":"Feature","id":8874989,"properties":{"electrified":"contact_line","frequency":"16.67","gauge":"1435","operator":"Bane NOR","railway":"rail","railway:atc":"yes","railway:bidirectional":"regular","railway:etcs":"no","railway:preferred_direction":"forward","usage":"branch","voltage":"15000"},"geometry":{"type":"LineString","coordinates":[[10.7582706,59.9096755],[10.7586897,59.9095879],[10.758999,59.9095274],[10.7592746,59.9094699],[10.760014,59.9093116],[10.7603507,59.9092379],[10.7604916,59.9092048],[10.760589,59.9091824],[10.7606855,59.9091587]]}},{"type":"Feature","id":36972591,"properties":{"bus":"yes","highway":"service","maxheight":"default","motor_vehicle":"destination","name":"Trelastgata","smoothness":"excellent","surface":"asphalt","wikidata":"Q19392993"},"geometry":{"type":"LineString","coordinates":[[10.7567741,59.9091287],[10.7559935,59.9093175]]}},{"type":"Feature","id":190491571,"properties":{"electrified":"contact_line","frequency":"16.67","gauge":"1435","operator":"Bane NOR","railway":"rail","service":"crossover","voltage":"15000"},"geometry":{"type":"LineString","coordinates":[[10.7591224,59.9094709],[10.7593348,59.9094138],[10.7594471,59.9093807],[10.7597816,59.9092756],[10.7599156,59.9092386],[10.7599984,59.9092166],[10.7600819,59.9091954]]}},{"type":"Feature","id":221236202,"properties":{"highway":"service","oneway":"yes","surface":"asphalt"},"geometry":{"type":"LineString","coordinates":[[10.7554344,59.9091567],[10.7554596,59.9091566],[10.7554847,59.9091576],[10.7555779,59.9091664],[10.7556296,59.9091762],[10.7556914,59.9091904],[10.7557753,59.9092443],[10.7556361,59.9092152],[10.7555429,59.9092088],[10.7554964,59.9092148],[10.7554798,59.9092181]]}},{"type":"Feature","id":221236203,"properties":{"highway":"service","smoothness":"bad","surface":"asphalt"},"geometry":{"type":"LineString","coordinates":[[10.7559935,59.9093175],[10.755931,59.909295],[10.7558815,59.9092774],[10.7557753,59.9092443]]}},{"type":"Feature","id":221236204,"properties":{"bus":"yes","highway":"service","motor_vehicle":"destination","name":"Trelastgata","smoothness":"excellent","surface":"asphalt","wikidata":"Q19392993"},"geometry":{"type":"LineString","coordinates":[[10.7559935,59.9093175],[10.7556186,59.909406],[10.7550976,59.9095593],[10.754891,59.9096128],[10.7546304,59.9096767]]}},{"type":"Feature","id":246047708,"properties":{"natural":"water","water":"river"},"geometry":{"type":"LineString","coordinates":[[10.7556434,59.9074832],[10.7554479,59.9075303],[10.7552808,59.9075706],[10.7552808,59.9075929],[10.7552991,59.9076122],[10.7554488,59.9077609],[10.7554749,59.9078945],[10.7556297,59.9079265],[10.7556385,59.9079808],[10.7556709,59.9080754],[10.7557299,59.9081635],[10.7560884,59.9085154],[10.7560959,59.908608],[10.7562155,59.9087591],[10.7562465,59.9088018],[10.7564318,59.9087484],[10.7562384,59.908479],[10.755917,59.9080193],[10.7557311,59.9077019],[10.7557577,59.9076833],[10.7556524,59.907499],[10.7556434,59.9074832]]}},{"type":"Feature","id":246047712,"properties":{"name":"Akerselva","waterway":"river"},"geometry":{"type":"LineString","coordinates":[[10.7561572,59.9087783],[10.7562155,59.9087591],[10.7562643,59.908743],[10.756257,59.9086835],[10.756216,59.9085984],[10.7561599,59.908498],[10.755856,59.9081232],[10.7557795,59.9079971],[10.7557225,59.9079032],[10.7554479,59.9075303]]}},{"type":"Feature","id":246047738,"properties":{"bicycle:lanes:backward":"|designated","bicycle:lanes:forward":"|designated","cycleway":"lane","highway":"unclassified","lanes":"4","lanes:backward":"2","lanes:forward":"2","lit":"yes","maxspeed":"40","maxspeed:type":"sign","motor_vehicle:lanes:backward":"yes|no","motor_vehicle:lanes:forward":"yes|no","name":"Operagata","name:etymology:wikidata":"Q43280","sidewalk":"separate","surface":"asphalt","surface:colour:lanes:backward":"|red","surface:colour:lanes:forward":"|red","width:lanes:backward":"3.25|2.4","width:lanes:forward":"3.25|2.4","wikidata":"Q19384582"},"geometry":{"type":"LineString","coordinates":[[10.755103,59.9077414],[10.7552399,59.9077082],[10.7552726,59.9077003],[10.7553053,59.9076923]]}},{"type":"Feature","id":246047741,"properties":{"highway":"unclassified","maxheight:signed":"no","name":"Trelastgata","source":"Vegvesen","surface":"asphalt","wikidata":"Q19392993"},"geometry":{"type":"LineString","coordinates":[[10.7603758,59.9085414],[10.7603006,59.9085504],[10.7601762,59.9085654],[10.7594736,59.9086425],[10.7590173,59.908698],[10.7588141,59.9087274],[10.7583994,59.9087988],[10.7582358,59.9088281],[10.757631,59.9089409],[10.7570851,59.909059],[10.7568596,59.9091121],[10.7567741,59.9091287]]}},{"type":"Feature","id":261145022,"properties":{"cycleway:right":"separate","highway":"trunk","lanes":"2","maxspeed":"40","motor_vehicle:conditional":"no @ (Mo-Fr 07:00-09:00,15:00-17:00; PH off)","name":"Dronning Eufemias gate","name:etymology:wikidata":"Q287581","oneway":"yes","placement":"right_of:1","psv":"yes","ref":"E 18","surface":"asphalt","turn:lanes":"through|right","width:lanes":"3|3","wikidata":"Q11966089"},"geometry":{"type":"LineString","coordinates":[[10.7559378,59.908409],[10.7558321,59.9084323]]}},{"type":"Feature","id":261145027,"properties":{"destination:ref:forward":"Ring 1","highway":"secondary","lanes":"3","lanes:backward":"2","lanes:forward":"1","lit":"yes","maxspeed":"40","name":"Nylandsveien","placement":"middle_of:2","sidewalk":"separate","surface":"asphalt","turn:lanes:backward":"left;through|right","wikidata":"Q19384163"},"geometry":{"type":"LineString","coordinates":[[10.755103,59.9077414],[10.7551743,59.9078071],[10.7551959,59.90783],[10.7553826,59.9080279]]}},{"type":"Feature","id":277860308,"properties":{"area":"yes","bench":"yes","bin":"yes","lit":"yes","network":"Ruter","operator":"Sporveien Trikken","public_transport":"platform","railway":"platform","ref":"C","shelter":"yes","source":"Norway Orthophoto;survey","tactile_paving":"yes","tram":"yes","wheelchair":"yes"},"geometry":{"type":"LineString","coordinates":[[10.7571788,59.9080433],[10.7571907,59.9080556],[10.7571994,59.9080646],[10.7566351,59.9082012],[10.7566263,59.908192],[10.7566146,59.9081798],[10.7571788,59.9080433]]}},{"type":"Feature","id":277860312,"properties":{"area":"yes","bench":"yes","bin":"yes","check_date:shelter":"2026-09-23","lit":"yes","network":"Ruter","operator":"Sporveien Trikken","public_transport":"platform","railway":"platform","ref":"B","shelter":"yes","source":"Norway Orthophoto;survey","tactile_paving":"yes","tram":"yes","wheelchair":"yes"},"geometry":{"type":"LineString","coordinates":[[10.7571125,59.9079737],[10.7571219,59.9079834],[10.757132,59.9079939],[10.7565674,59.9081311],[10.7565571,59.9081205],[10.7565478,59.9081108],[10.7571125,59.9079737]]}},{"type":"Feature","id":280451163,"properties":{"foot":"no","highway":"trunk","lanes":"2","maxspeed":"40","name":"Nylandsveien","oneway":"yes","ref":"162;Ring 1","sidewalk":"no","surface":"asphalt","wikidata":"Q19384163"},"geometry":{"type":"LineString","coordinates":[[10.7556391,59.9082971],[10.7557151,59.9083206],[10.7557515,59.9083429],[10.7557827,59.9083705],[10.7558321,59.9084323]]}},{"type":"Feature","id":281093395,"properties":{"bicycle:lanes":"||designated","bus:lanes":"|designated|","cycleway:right":"lane","cycleway:right:width":"2","foot":"no","highway":"trunk","lanes":"3","maxspeed":"40","motor_vehicle:lanes":"|no|no","name":"Dronning Eufemias gate","name:etymology:wikidata":"Q287581","oneway":"yes","placement":"right_of:1","ref":"E 18","sidewalk":"no","surface":"asphalt","surface:colour:lanes":"||red","width:lanes":"3|3|2","wikidata":"Q11966089"},"geometry":{"type":"LineString","coordinates":[[10.7558321,59.9084323],[10.7556994,59.9084652]]}},{"type":"Feature","id":281093399,"properties":{"bicycle:lanes":"||designated","bus:lanes":"|designated|","cycleway:right":"lane","cycleway:right:width":"2","destination:ref":"E 18;E 6","highway":"trunk","lanes":"3","maxspeed":"40","motor_vehicle:conditional":"no @ (Mo-Fr 07:00-09:00,15:00-17:00; PH off)","motor_vehicle:lanes":"|no|no","name":"Dronning Eufemias gate","name:etymology:wikidata":"Q287581","oneway":"yes","placement":"right_of:1","psv":"yes","ref":"E 18","sidewalk:left":"no","sidewalk:right":"separate","surface":"asphalt","surface:colour:lanes":"||red","width:lanes":"3|3|2","wikidata":"Q11966089"},"geometry":{"type":"LineString","coordinates":[[10.7556391,59.9082971],[10.755793,59.9082592]]}},{"type":"Feature","id":281093405,"properties":{"destination:ref":"Ring 1","highway":"trunk","lanes":"2","maxspeed":"40","motor_vehicle:lanes":"|no","name":"Nylandsveien","oneway":"yes","psv:lanes":"|designated","ref":"162;Ring 1","sidewalk:left":"no","sidewalk:right":"yes","surface":"asphalt","wikidata":"Q19384163"},"geometry":{"type":"LineString","coordinates":[[10.7558321,59.9084323],[10.7559161,59.9085307],[10.7560329,59.9086865]]}},{"type":"Feature","id":281093407,"properties":{"highway":"trunk","lanes":"2","maxspeed":"40","name":"Nylandsveien","oneway":"yes","ref":"162;Ring 1","sidewalk:left":"no","sidewalk:right":"separate","surface":"asphalt","turn:lanes":"left|through;right","wikidata":"Q19384163"},"geometry":{"type":"LineString","coordinates":[[10.7558883,59.9087127],[10.7558114,59.9086123],[10.7557734,59.9085627],[10.7556994,59.9084652]]}},{"type":"Feature","id":308634324,"properties":{"access":"private","bicycle":"no","foot":"no","highway":"service","incline":"down","note":"ramp down to service tunnel","surface":"paved"},"geometry":{"type":"LineString","coordinates":[[10.7581109,59.909436],[10.7582673,59.9093999],[10.7585456,59.9093342],[10.758766,59.9092895]]}},{"type":"Feature","id":308634325,"properties":{"access":"private","bicycle":"no","foot":"no","highway":"service","incline":"down","note":"ramp down to service tunnel","surface":"paved"},"geometry":{"type":"LineString","coordinates":[[10.7579841,59.9092886],[10.7581822,59.9092433],[10.7583746,59.9091992],[10.7586206,59.9091502]]}},{"type":"Feature","id":308634326,"properties":{"access":"private","bicycle":"no","foot":"no","highway":"service","incline":"down","note":"ramp down to service tunnel","surface":"paved"},"geometry":{"type":"LineString","coordinates":[[10.7578627,59.9091534],[10.758034,59.9091126],[10.7582667,59.9090666],[10.7585067,59.9090209]]}},{"type":"Feature","id":308634327,"properties":{"access":"private","bicycle":"no","foot":"no","highway":"service","incline":"down","note":"ramp down to service tunnel","surface":"paved"},"geometry":{"type":"LineString","coordinates":[[10.7577217,59.9090262],[10.757927,59.9089819],[10.7581694,59.9089366],[10.7584049,59.9088956]]}},{"type":"Feature","id":308964733,"properties":{"access":"private","bicycle":"no","foot":"no","highway":"service","incline":"down","note":"ramp down to service tunnel","surface":"paved"},"geometry":{"type":"LineString","coordinates":[[10.7582425,59.9095732],[10.7588855,59.909421]]}},{"type":"Feature","id":329366801,"properties":{"bicycle:lanes":"||designated","cycleway:right":"lane","cycleway:right:width":"2","highway":"trunk","lanes":"3","maxspeed":"40","motor_vehicle:lanes":"yes|yes|no","name":"Dronning Eufemias gate","name:etymology:wikidata":"Q287581","oneway":"yes","placement":"right_of:1","ref":"E 18","sidewalk:left":"no","sidewalk:right":"separate","surface":"asphalt","surface:colour:lanes":"||red","turn:lanes":"through|through;right|","width:lanes":"3|3|2","wikidata":"Q11966089"},"geometry":{"type":"LineString","coordinates":[[10.7549177,59.9084708],[10.7553288,59.9083718],[10.7553873,59.9083577],[10.7556391,59.9082971]]}},{"type":"Feature","id":366747829,"properties":{"foot":"no","highway":"trunk","lanes":"2","maxspeed":"40","name":"Nylandsveien","oneway":"yes","ref":"162;Ring 1","sidewalk":"no","surface":"asphalt","wikidata":"Q19384163"},"geometry":{"type":"LineString","coordinates":[[10.7556994,59.9084652],[10.7556512,59.9084022],[10.7556328,59.9083717],[10.7556266,59.9083467],[10.7556391,59.9082971]]}},{"type":"Feature","id":453102554,"properties":{"bus:lanes":"|designated","cycleway:right":"separate","highway":"trunk","lanes":"2","maxspeed":"40","motor_vehicle:conditional":"no @ (Mo-Fr 07:00-09:00,15:00-17:00; PH off)","motor_vehicle:lanes":"|no","name":"Dronning Eufemias gate","name:etymology:wikidata":"Q287581","oneway":"yes","psv":"yes","ref":"E 18","source":"Vegvesen","source:url":"http://www.vegvesen.no/_attachment/623479/binary/959649?fast_title=Kj%C3%B8rem%C3%B8nster+fra+11+mai+2014.pdf","surface":"asphalt","wikidata":"Q11966089"},"geometry":{"type":"LineString","coordinates":[[10.7561476,59.908171],[10.7562213,59.9081533],[10.7569104,59.9079859],[10.7571057,59.9079371]]}},{"type":"Feature","id":453102556,"properties":{"bus:lanes":"|designated","cycleway:right":"separate","highway":"trunk","lanes":"2","lit":"yes","maxspeed":"40","motor_vehicle:conditional":"no @ (Mo-Fr 07:00-09:00,15:00-17:00; PH off)","motor_vehicle:lanes":"|no","name":"Dronning Eufemias gate","name:etymology:wikidata":"Q287581","oneway":"yes","psv":"yes","ref":"E 18","surface":"asphalt","width:lanes":"3|3","wikidata":"Q11966089"},"geometry":{"type":"LineString","coordinates":[[10.757684,59.9079822],[10.7568522,59.9081854],[10.7566506,59.9082344]]}},{"type":"Feature","id":516491947,"properties":{"electrified":"contact_line","frequency":"0","gauge":"1435","name":"Bjørvikalinja","operator":"Sporveien","railway":"tram","railway:preferred_direction":"forward","voltage":"750"},"geometry":{"type":"LineString","coordinates":[[10.7568871,59.9081017],[10.756227,59.9082625]]}},{"type":"Feature","id":545699207,"properties":{"leisure":"park"},"geometry":{"type":"LineString","coordinates":[[10.756425,59.9090592],[10.7564432,59.9090021],[10.7564755,59.9089762],[10.756508,59.908957],[10.756557,59.908942],[10.75662,59.9089323],[10.7566685,59.908931],[10.7567389,59.9089395],[10.7567707,59.9089505],[10.7568178,59.9089694],[10.7568711,59.9090114],[10.7569047,59.909005],[10.7568489,59.9089256],[10.7566584,59.9086541],[10.756503,59.9084327],[10.7564904,59.9084147],[10.756292,59.9084632],[10.7562384,59.908479],[10.7564318,59.9087484],[10.7562465,59.9088018],[10.7562662,59.9088448],[10.756425,59.9090592]]}},{"type":"Feature","id":547519216,"properties":{"leisure":"garden"},"geometry":{"type":"LineString","coordinates":[[10.7573873,59.9088483],[10.7573872,59.9088529],[10.7573901,59.9088573],[10.7573957,59.908861],[10.7574033,59.9088635],[10.7574122,59.9088647],[10.7574214,59.9088644],[10.7574299,59.9088625],[10.7574367,59.9088595],[10.7574411,59.9088554],[10.7574427,59.9088509],[10.7574412,59.9088463],[10.7574369,59.9088423],[10.7574302,59.9088391],[10.7574219,59.9088372],[10.7574127,59.9088368],[10.7574038,59.9088379],[10.7573961,59.9088404],[10.7573904,59.908844],[10.7573873,59.9088483]]}},{"type":"Feature","id":547519217,"properties":{"leisure":"garden"},"geometry":{"type":"LineString","coordinates":[[10.7572253,59.9086906],[10.757218,59.908688],[10.7572128,59.9086842],[10.7572105,59.9086798],[10.7572113,59.9086753],[10.7572151,59.9086711],[10.7572215,59.9086679],[10.7572297,59.9086659],[10.757238,59.9086655],[10.7572462,59.9086663],[10.7572534,59.9086684],[10.757259,59.9086715],[10.7572624,59.9086753],[10.7572632,59.9086795],[10.7572614,59.9086836],[10.7572571,59.9086872],[10.7572508,59.9086899],[10.7572431,59.9086916],[10.7572341,59.9086919],[10.7572253,59.9086906]]}},{"type":"Feature","id":547519218,"properties":{"leisure":"garden"},"geometry":{"type":"LineString","coordinates":[[10.7570636,59.9085017],[10.7570562,59.9084991],[10.757051,59.9084953],[10.7570487,59.9084909],[10.7570495,59.9084864],[10.7570533,59.9084823],[10.7570597,59.908479],[10.7570679,59.9084771],[10.7570762,59.9084766],[10.7570844,59.9084774],[10.7570916,59.9084795],[10.7570972,59.9084826],[10.7571006,59.9084864],[10.7571014,59.9084906],[10.7570996,59.9084947],[10.7570953,59.9084983],[10.7570891,59.908501],[10.7570814,59.9085027],[10.7570723,59.908503],[10.7570636,59.9085017]]}},{"type":"Feature","id":547519219,"properties":{"leisure":"garden"},"geometry":{"type":"LineString","coordinates":[[10.7569394,59.9084817],[10.756932,59.908479],[10.7569269,59.9084753],[10.7569245,59.9084709],[10.7569253,59.9084664],[10.7569292,59.9084622],[10.7569355,59.908459],[10.7569437,59.908457],[10.756952,59.9084565],[10.7569602,59.9084574],[10.7569675,59.9084595],[10.756973,59.9084626],[10.7569764,59.9084664],[10.7569772,59.9084706],[10.7569754,59.9084747],[10.7569712,59.9084783],[10.7569649,59.908481],[10.7569572,59.9084826],[10.7569481,59.9084829],[10.7569394,59.9084817]]}},{"type":"Feature","id":667779735,"properties":{"electrified":"contact_line","frequency":"16.67","gauge":"1435","operator":"Bane NOR","railway":"rail","railway:atc":"yes","railway:track_ref":"13","usage":"main","voltage":"15000"},"geometry":{"type":"LineString","coordinates":[[10.7590186,59.9092883],[10.7595111,59.9091848],[10.7598339,59.9091214],[10.7600692,59.9090767],[10.7603184,59.9090332],[10.7609322,59.9089234]]}},{"type":"Feature","id":667779736,"properties":{"electrified":"contact_line","frequency":"16.67","gauge":"1435","operator":"Bane NOR","railway":"rail","railway:preferred_direction":"forward","voltage":"15000"},"geometry":{"type":"LineString","coordinates":[[10.7590186,59.9092883],[10.759158,59.9092604],[10.7593239,59.9092276],[10.7594841,59.9091983],[10.7596943,59.9091646],[10.7601374,59.9091027],[10.7604511,59.9090577],[10.7606207,59.9090302],[10.7607114,59.9090152],[10.7608018,59.9089993]]}},{"type":"Feature","id":729168461,"properties":{"destination:ref:lanes:forward":"|Ring 1","highway":"secondary","lanes":"3","lanes:backward":"1","lanes:forward":"2","maxspeed":"40","name":"Nylandsveien","placement":"middle_of:2","sidewalk":"separate","surface":"asphalt","turn:lanes:forward":"left|through;right","wikidata":"Q19384163"},"geometry":{"type":"LineString","coordinates":[[10.7553826,59.9080279],[10.7555494,59.9081991],[10.7555741,59.9082245],[10.7556119,59.9082667],[10.7556267,59.9082832],[10.7556391,59.9082971]]}},{"type":"Feature","id":852556415,"properties":{"electrified":"contact_line","frequency":"0","gauge":"1435","name":"Bjørvikalinja","operator":"Sporveien","railway":"tram","railway:preferred_direction":"forward","voltage":"750"},"geometry":{"type":"LineString","coordinates":[[10.7562023,59.908234],[10.7568603,59.9080737]]}},{"type":"Feature","id":915904239,"properties":{"cycleway:right":"separate","highway":"trunk","lanes":"2","lit":"yes","maxspeed":"40","motor_vehicle:conditional":"no @ (Mo-Fr 07:00-09:00,15:00-17:00; PH off)","name":"Dronning Eufemias gate","name:etymology:wikidata":"Q287581","oneway":"yes","psv":"yes","ref":"E 18","surface":"asphalt","turn:lanes":"through|right","width:lanes":"3|3","wikidata":"Q11966089"},"geometry":{"type":"LineString","coordinates":[[10.7566506,59.9082344],[10.7562807,59.9083245]]}},{"type":"Feature","id":921647042,"properties":{"highway":"pedestrian","lit":"yes","noname":"yes","surface":"sett"},"geometry":{"type":"LineString","coordinates":[[10.7561231,59.907563],[10.7563611,59.9080106],[10.7563677,59.908023]]}},{"type":"Feature","id":980959813,"properties":{"covered":"yes","highway":"service","oneway":"yes","service":"parking_aisle","surface":"asphalt"},"geometry":{"type":"LineString","coordinates":[[10.7552583,59.9091957],[10.7552882,59.9091938],[10.755303,59.9091984],[10.7553122,59.9092082],[10.7553235,59.9092217],[10.7553333,59.9092344],[10.7553404,59.9092425],[10.7553397,59.9092496],[10.7553365,59.9092547],[10.7553246,59.9092609]]}},{"type":"Feature","id":980959819,"properties":{"covered":"yes","highway":"service","oneway":"yes","service":"parking_aisle","surface":"asphalt"},"geometry":{"type":"LineString","coordinates":[[10.7552583,59.9091957],[10.7554268,59.9091583],[10.7554344,59.9091567]]}},{"type":"Feature","id":1454919445,"properties":{"name":"Akerselva","waterway":"river"},"geometry":{"type":"LineString","coordinates":[[10.755841,59.9082285],[10.7557795,59.9079971]]}},{"type":"Feature","id":4241769,"properties":{"abutters":"retail","alt_name":"Grønlandsleiret","highway":"pedestrian","motor_vehicle:conditional":"delivery @ (Mo-Fr 06:00-11:00; PH off)","name":"Smalgangen","surface":"paving_stones","wikidata":"Q19389339"},"geometry":{"type":"LineString","coordinates":[[10.7588022,59.9125055],[10.7602246,59.9122759],[10.7602964,59.9122699],[10.7603627,59.9122709],[10.760407,59.9122793],[10.7604797,59.9122996],[10.7605264,59.9123129],[10.7613146,59.9125338]]}},{"type":"Feature","id":4241770,"properties":{"abutters":"retail","bicycle":"yes","highway":"pedestrian","motor_vehicle":"yes","name":"Brugata","surface":"paving_stones","wikidata":"Q14152522"},"geometry":{"type":"LineString","coordinates":[[10.75695,59.9136543],[10.7567856,59.9136874],[10.7565313,59.9137387],[10.7564552,59.9137543],[10.7558833,59.9138713],[10.7540354,59.9142575],[10.7534903,59.9143719]]}},{"type":"Feature","id":4252407,"properties":{"electrified":"contact_line","frequency":"16.67","gauge":"1435","maxspeed":"40","name":"Spor 18","operator":"Bane NOR","railway":"rail","railway:atc":"yes","railway:bidirectional":"regular","railway:etcs":"no","railway:preferred_direction":"both","railway:track_ref":"18","voltage":"15000"},"geometry":{"type":"LineString","coordinates":[[10.7535375,59.9101276],[10.7537237,59.9100836],[10.7555593,59.9096422],[10.7568645,59.9093298],[10.7574195,59.9091961],[10.7577419,59.9091229],[10.7580031,59.909069],[10.758271,59.909017],[10.7585265,59.9089721],[10.7587811,59.9089328],[10.7590282,59.9088988],[10.7593853,59.9088539],[10.7596499,59.9088227]]}},{"type":"Feature","id":4252410,"properties":{"electrified":"contact_line","frequency":"16.67","gauge":"1435","maxspeed":"40","name":"Spor 14","operator":"Bane NOR","railway":"rail","railway:preferred_direction":"both","railway:track_ref":"14","voltage":"15000"},"geometry":{"type":"LineString","coordinates":[[10.7537993,59.910408],[10.7539953,59.910361],[10.7558282,59.9099206],[10.7571425,59.9096065],[10.7578869,59.9094283],[10.7581644,59.9093607],[10.7584633,59.9092924],[10.7588452,59.909218],[10.7592245,59.9091552],[10.75956,59.909104],[10.7598105,59.9090654],[10.7601365,59.9090192],[10.7603111,59.9089952],[10.7604243,59.9089806],[10.7605399,59.9089669]]}},{"type":"Feature","id":4253001,"properties":{"electrified":"contact_line","frequency":"16.67","gauge":"1435","name":"Spor 4","operator":"Bane NOR","railway":"rail","railway:track_ref":"4","voltage":"15000"},"geometry":{"type":"LineString","coordinates":[[10.7564891,59.9106179],[10.7578195,59.9102987],[10.7586677,59.9100948],[10.7604799,59.9096604],[10.761112,59.9095068]]}},{"type":"Feature","id":4323928,"properties":{"electrified":"contact_line","frequency":"16.67","gauge":"1435","maxspeed":"40","name":"Spor 19","operator":"Bane NOR","railway":"rail","railway:atc":"yes","railway:bidirectional":"regular","railway:etcs":"no","railway:preferred_direction":"both","railway:track_ref":"19","voltage":"15000"},"geometry":{"type":"LineString","coordinates":[[10.7535075,59.9100927],[10.7536948,59.9100487],[10.7555249,59.9096077],[10.756806,59.909298],[10.7573922,59.9091593],[10.7577136,59.9090865],[10.7579588,59.9090345],[10.758238,59.9089796],[10.7584954,59.9089347],[10.7587604,59.9088955],[10.7590244,59.9088586],[10.7593664,59.9088132],[10.7596347,59.9087834]]}},{"type":"Feature","id":4325952,"properties":{"electrified":"contact_line","frequency":"16.67","gauge":"1435","operator":"Bane NOR","railway":"rail","railway:preferred_direction":"forward","voltage":"15000"},"geometry":{"type":"LineString","coordinates":[[10.7633566,59.9088155],[10.7630675,59.9088742],[10.7627583,59.90894],[10.7621649,59.9090826],[10.7611696,59.9093221],[10.7603414,59.9095212],[10.7596097,59.9096989],[10.7588999,59.9098678]]}},{"type":"Feature","id":4325956,"properties":{"electrified":"contact_line","frequency":"16.67","gauge":"1435","name":"Spor 1","operator":"Bane NOR","railway":"rail","railway:atc":"yes","railway:track_ref":"1","usage":"main","voltage":"15000"},"geometry":{"type":"LineString","coordinates":[[10.7567188,59.9108577],[10.7571961,59.9107447],[10.7577474,59.9106137],[10.7588739,59.9103424],[10.7595087,59.9101889],[10.7603739,59.9099824],[10.7611895,59.9097861]]}},{"type":"Feature","id":4347983,"properties":{"highway":"service","lit":"yes","oneway":"yes","surface":"sett","taxi":"designated"},"geometry":{"type":"LineString","coordinates":[[10.7531223,59.9098187],[10.7530804,59.9098282],[10.7527936,59.9098948],[10.7527448,59.9099061],[10.7527002,59.9099114],[10.7526387,59.9099068],[10.7525941,59.9098898],[10.7525745,59.90987],[10.7525659,59.9098414],[10.7525824,59.9098146],[10.7526096,59.9097995],[10.7529701,59.909712],[10.7530105,59.9097025]]}},{"type":"Feature","id":4348104,"properties":{"cycleway:both":"no","highway":"trunk","lanes":"2","maxheight":"default","maxspeed":"50","name":"Schweigaards gate","name:etymology:wikidata":"Q591793","oneway":"yes","ref":"162;Ring 1","surface":"asphalt","wikidata":"Q11999716"},"geometry":{"type":"LineString","coordinates":[[10.7558255,59.9118889],[10.7557103,59.911895],[10.7545044,59.9120766],[10.7544363,59.9120987],[10.7542642,59.9121585],[10.7541638,59.9122008]]}},{"type":"Feature","id":4682599,"properties":{"cycleway:both":"no","highway":"trunk","lanes":"2","maxheight:signed":"no","maxspeed":"50","name":"Schweigaards gate","name:etymology:wikidata":"Q591793","oneway":"yes","ref":"162;Ring 1","surface":"asphalt","wikidata":"Q11999716"},"geometry":{"type":"LineString","coordinates":[[10.7540184,59.9120957],[10.7543079,59.9120314],[10.7551884,59.9118955]]}},{"type":"Feature","id":8874988,"properties":{"electrified":"contact_line","frequency":"16.67","gauge":"1435","operator":"Bane NOR","railway":"rail","railway:atc":"yes","railway:bidirectional":"regular","railway:etcs":"no","railway:preferred_direction":"forward","usage":"branch","voltage":"15000"},"geometry":{"type":"LineString","coordinates":[[10.7608201,59.9092986],[10.7607202,59.9093232],[10.7606184,59.9093466],[10.7604354,59.9093888],[10.7601466,59.9094512],[10.7594738,59.9095963],[10.7592085,59.9096518],[10.75869,59.9097532],[10.7584943,59.9097966],[10.7583846,59.9098209],[10.7582755,59.9098461]]}},{"type":"Feature","id":8874990,"properties":{"electrified":"contact_line","frequency":"16.67","gauge":"1435","operator":"Bane NOR","railway":"rail","railway:atc":"yes","railway:bidirectional":"regular","railway:etcs":"no","railway:preferred_direction":"forward","usage":"branch","voltage":"15000"},"geometry":{"type":"LineString","coordinates":[[10.7582424,59.9098094],[10.7583563,59.9097808],[10.7584696,59.9097515],[10.7586586,59.9097017],[10.7591283,59.9095671],[10.7598496,59.9093724],[10.7606855,59.9091587]]}},{"type":"Feature","id":8874991,"properties":{"electrified":"contact_line","frequency":"16.67","gauge":"1435","operator":"Bane NOR","railway":"rail","railway:atc":"yes","railway:bidirectional":"regular","railway:etcs":"no","railway:preferred_direction":"forward","usage":"branch","voltage":"15000"},"geometry":{"type":"LineString","coordinates":[[10.7608201,59.9092986],[10.7601589,59.9094664],[10.7593314,59.9096876],[10.7588003,59.9098402],[10.7586033,59.9098906],[10.7584897,59.9099196],[10.7583754,59.9099476]]}},{"type":"Feature","id":10576205,"properties":{"leisure":"park","loc_name":"Plata","name":"Paléhaven","name:ko":"팔레하븐","name:no":"Paléhaven","wikidata":"Q11963644","wikimedia_commons":"Category:Christian Frederiks plass"},"geometry":{"type":"LineString","coordinates":[[10.7502066,59.9105353],[10.7501089,59.91043],[10.7498776,59.9101776],[10.7498628,59.9101615],[10.7497628,59.9100537],[10.7497551,59.9100283],[10.749749,59.910008],[10.7497532,59.9099686],[10.7497726,59.9099317],[10.7498338,59.9098908],[10.7499307,59.9098558],[10.7504057,59.9097439],[10.7504815,59.909726],[10.7505187,59.9097181],[10.7505677,59.9097119],[10.7506226,59.9097082],[10.7506867,59.9097107],[10.7507926,59.9097206],[10.7508664,59.9097233],[10.750904,59.9097217],[10.7509381,59.9097183],[10.7510145,59.9097095],[10.751041,59.9097366],[10.751117,59.9098111],[10.7506353,59.9099337],[10.7505824,59.9099479],[10.7505436,59.9099642],[10.7505157,59.9099823],[10.7504906,59.910006],[10.750473,59.910033],[10.7504656,59.9100522],[10.7504676,59.9100836],[10.750474,59.9101065],[10.7504892,59.9101306],[10.7507111,59.9104366],[10.7503145,59.9105094],[10.7502066,59.9105353]]}},{"type":"Feature","id":27073022,"properties":{"electrified":"contact_line","frequency":"16.67","gauge":"1435","maxspeed":"40","name":"Spor 16","operator":"Bane NOR","railway":"rail","railway:atc":"yes","railway:preferred_direction":"both","railway:track_ref":"16","usage":"main","voltage":"15000"},"geometry":{"type":"LineString","coordinates":[[10.7536686,59.9102677],[10.7538682,59.9102199],[10.7556931,59.909782],[10.7570077,59.9094661],[10.7573766,59.909378],[10.75781,59.9092723],[10.7580204,59.9092249],[10.7582068,59.9091853],[10.7584648,59.9091353],[10.7586675,59.9091013],[10.7590538,59.9090437]]}},{"type":"Feature","id":27232279,"properties":{"electrified":"contact_line","frequency":"16.67","gauge":"1435","maxspeed":"40","name":"Spor 15","operator":"Bane NOR","railway":"rail","railway:preferred_direction":"both","railway:track_ref":"15","voltage":"15000"},"geometry":{"type":"LineString","coordinates":[[10.7537673,59.9103724],[10.7539663,59.9103252],[10.7557939,59.9098828],[10.7570983,59.9095727],[10.757847,59.9093919],[10.7581257,59.9093229],[10.7584648,59.9092434],[10.7588086,59.909175],[10.7590783,59.9091263],[10.759264,59.9090999],[10.7594712,59.9090728],[10.7596385,59.9090547],[10.7598954,59.9090315],[10.7601307,59.9090106],[10.7605399,59.9089669]]}},{"type":"Feature","id":27232797,"properties":{"electrified":"contact_line","frequency":"16.67","gauge":"1435","maxspeed":"40","name":"Spor 17","operator":"Bane NOR","railway":"rail","railway:atc":"yes","railway:preferred_direction":"both","railway:track_ref":"17","usage":"main","voltage":"15000"},"geometry":{"type":"LineString","coordinates":[[10.7536281,59.9102265],[10.7538299,59.9101785],[10.7556583,59.9097462],[10.7569706,59.9094342],[10.7573373,59.9093435],[10.7577754,59.9092363],[10.7579831,59.9091863],[10.7581793,59.9091437],[10.7584273,59.9090918],[10.7586389,59.9090541],[10.7588239,59.9090251],[10.7590193,59.908995],[10.7592275,59.9089656],[10.7595777,59.9089238],[10.7601789,59.9088561]]}},{"type":"Feature","id":36973177,"properties":{"bus":"designated","embedded_rails":"tram","highway":"unclassified","lane_markings":"no","lanes":"2","lit":"yes","maxspeed":"40","motor_vehicle":"no","motor_vehicle:backward":"destination","name":"Storgata","parking:both":"no","sidewalk:both":"separate","surface":"concrete","wikidata":"Q12003453"},"geometry":{"type":"LineString","coordinates":[[10.7526339,59.9143114],[10.7528375,59.9143787],[10.7530677,59.9144574],[10.753442,59.9145853],[10.7536566,59.9146583],[10.7537313,59.9146841],[10.7537873,59.9147035],[10.7538058,59.91471],[10.7538705,59.9147326],[10.7540736,59.9148004],[10.7543238,59.9148865],[10.7545263,59.9149594]]}},{"type":"Feature","id":93054494,"properties":{"abandoned:electrified":"contact_line","abandoned:frequency":"0","abandoned:voltage":"750","disused:railway":"tram","gauge":"1435","name":"Ekebergbanen (nedlagt trasé)","railway":"disused","railway:preferred_direction":"forward"},"geometry":{"type":"LineString","coordinates":[[10.7555429,59.911702],[10.7557118,59.9116749],[10.7576468,59.9113828],[10.7580562,59.9113184],[10.7581899,59.9112974],[10.7583878,59.9112663],[10.7584912,59.9112501],[10.7595123,59.9110884],[10.7598628,59.9110316],[10.7601448,59.910984],[10.7602292,59.910969],[10.7603111,59.9109546],[10.7604823,59.9109216],[10.7606638,59.9108855],[10.7608598,59.9108446],[10.7610424,59.910804],[10.7612261,59.9107557],[10.7614508,59.9106912],[10.7615255,59.9106697],[10.7618158,59.9105648],[10.762435,59.9103803],[10.7637684,59.9099688],[10.7640092,59.9098924],[10.7641863,59.9098362],[10.7643222,59.909793],[10.7647397,59.9096605],[10.7656185,59.9093822],[10.765713,59.909354],[10.765806,59.9093252],[10.7658858,59.9093013],[10.7659758,59.9092771],[10.7660769,59.9092527],[10.7661809,59.9092287],[10.7662802,59.9092054],[10.7663776,59.9091825],[10.7664843,59.9091579],[10.7665085,59.9091515],[10.7666883,59.909104],[10.7669026,59.9090404],[10.7677931,59.9087627],[10.7678765,59.9087381],[10.767931,59.9087175],[10.7679654,59.9086993],[10.767974,59.9086916],[10.7679937,59.9086807],[10.7680194,59.9086594],[10.7680346,59.9086392],[10.768048,59.9086185],[10.7680524,59.9086007],[10.7680536,59.9085967],[10.7680536,59.9085896],[10.7680537,59.9085722]]}},{"type":"Feature","id":95566754,"properties":{"electrified":"no","gauge":"1435","operator":"Bane NOR","railway":"rail","railway:track_ref":"-1","service":"siding"},"geometry":{"type":"LineString","coordinates":[[10.7581991,59.910565],[10.7582966,59.9105416],[10.7595612,59.910238],[10.7604282,59.9100278],[10.7611994,59.9098436],[10.7631408,59.9093762],[10.7635668,59.9092737],[10.7637767,59.9092246],[10.7642419,59.9091115],[10.7644462,59.9090624],[10.764556,59.9090319]]}},{"type":"Feature","id":106168576,"properties":{"electrified":"contact_line","frequency":"16.67","gauge":"1435","operator":"Bane NOR","railway":"rail","railway:atc":"yes","railway:preferred_direction":"forward","railway:track_ref":"8","usage":"main","voltage":"15000"},"geometry":{"type":"LineString","coordinates":[[10.7621623,59.9089433],[10.761979,59.908976],[10.7617965,59.9090113],[10.7616244,59.9090464],[10.7614318,59.9090889],[10.7612815,59.9091234],[10.7610755,59.9091726],[10.7600739,59.909414],[10.7591851,59.9096283],[10.7582755,59.9098461]]}},{"type":"Feature","id":131419743,"properties":{"highway":"service","oneway":"yes","surface":"asphalt"},"geometry":{"type":"LineString","coordinates":[[10.7546304,59.9096767],[10.7545508,59.9096461],[10.7544808,59.9096268],[10.7544307,59.9096107],[10.7543888,59.9095953],[10.7542173,59.9095639]]}},{"type":"Feature","id":134164012,"properties":{"electrified":"contact_line","frequency":"16.67","gauge":"1435","maxspeed":"40","operator":"Bane NOR","railway":"rail","voltage":"15000"},"geometry":{"type":"LineString","coordinates":[[10.7588999,59.9098678],[10.7590065,59.9098443],[10.7591145,59.9098221],[10.7592502,59.9097964],[10.7594127,59.9097707],[10.7595898,59.9097476],[10.7597982,59.9097246],[10.7599413,59.9097068],[10.760069,59.9096894],[10.7602492,59.9096594],[10.7604244,59.909627]]}},{"type":"Feature","id":134164249,"properties":{"electrified":"contact_line","frequency":"16.67","gauge":"1435","operator":"Bane NOR","railway":"rail","railway:atc":"yes","railway:preferred_direction":"forward","railway:track_ref":"10","usage":"main","voltage":"15000"},"geometry":{"type":"LineString","coordinates":[[10.7582706,59.9096755],[10.7587683,59.909556],[10.7591224,59.9094709],[10.7600285,59.909253],[10.7603652,59.9091718],[10.7608495,59.9090566],[10.7610548,59.9090106],[10.7613244,59.908954],[10.7614844,59.9089227],[10.7616458,59.9088929]]}},{"type":"Feature","id":134164252,"properties":{"electrified":"contact_line","frequency":"16.67","gauge":"1435","operator":"Bane NOR","railway":"rail","railway:atc":"yes","railway:preferred_direction":"forward","railway:track_ref":"7","usage":"main","voltage":"15000"},"geometry":{"type":"LineString","coordinates":[[10.7619561,59.9090869],[10.7618156,59.909121],[10.7611331,59.9092868],[10.7602747,59.9094917],[10.7595823,59.9096585],[10.7583754,59.9099476]]}},{"type":"Feature","id":134164255,"properties":{"electrified":"contact_line","frequency":"16.67","gauge":"1435","name":"Spor 2","operator":"Bane NOR","railway":"rail","railway:track_ref":"2","voltage":"15000"},"geometry":{"type":"LineString","coordinates":[[10.7566268,59.9107569],[10.7547615,59.9112055],[10.7545133,59.9112637],[10.7543045,59.9113098],[10.7540696,59.9113578]]}},{"type":"Feature","id":134164257,"properties":{"electrified":"contact_line","frequency":"16.67","gauge":"1435","operator":"Bane NOR","railway":"rail","railway:atc":"yes","railway:preferred_direction":"forward","railway:track_ref":"9","usage":"branch","voltage":"15000"},"geometry":{"type":"LineString","coordinates":[[10.7582424,59.9098094],[10.7591488,59.9095921],[10.7600397,59.9093785],[10.7610143,59.9091427],[10.7617271,59.9089689],[10.7620576,59.9088936],[10.7624229,59.9088121],[10.7627945,59.9087387],[10.763155,59.9086794],[10.7633681,59.9086472],[10.7635544,59.9086227],[10.7636787,59.9086065],[10.7638044,59.9085912]]}},{"type":"Feature","id":161333228,"properties":{"bus":"yes","embedded_rails":"disused","highway":"service","lanes":"2","maxheight:signed":"no","motor_vehicle":"no","surface":"asphalt"},"geometry":{"type":"LineString","coordinates":[[10.7610853,59.9108096],[10.760865,59.9108568],[10.7606709,59.9108993],[10.7605455,59.9109253],[10.7604937,59.910936],[10.7603149,59.9109692],[10.7602389,59.9109828],[10.7601555,59.9109977],[10.7598796,59.9110428],[10.75939,59.911121],[10.7591396,59.9111603],[10.7584978,59.9112633],[10.758396,59.9112802],[10.7581987,59.9113112],[10.7580632,59.911332],[10.7577755,59.9113769],[10.7574874,59.9114206],[10.7557235,59.9116937],[10.7551619,59.9117804],[10.7546028,59.911867],[10.7543811,59.9119019],[10.7538745,59.9119837]]}},{"type":"Feature","id":164181283,"properties":{"electrified":"contact_line","frequency":"16.67","gauge":"1435","name":"Spor 10","operator":"Bane NOR","railway":"rail","railway:atc":"yes","railway:preferred_direction":"forward","railway:track_ref":"10","usage":"main","voltage":"15000"},"geometry":{"type":"LineString","coordinates":[[10.7535533,59.9108191],[10.7542334,59.9106478],[10.7560957,59.9101984]]}},{"type":"Feature","id":164181284,"properties":{"electrified":"contact_line","frequency":"16.67","gauge":"1435","name":"Spor 7","operator":"Bane NOR","railway":"rail","railway:atc":"yes","railway:preferred_direction":"forward","railway:track_ref":"7","usage":"main","voltage":"15000"},"geometry":{"type":"LineString","coordinates":[[10.7583754,59.9099476],[10.7578433,59.9100772],[10.7563266,59.9104432],[10.7544441,59.9108937],[10.7537919,59.9110506]]}},{"type":"Feature","id":164181286,"properties":{"electrified":"contact_line","frequency":"16.67","gauge":"1435","name":"Spor 6","operator":"Bane NOR","railway":"rail","railway:preferred_direction":"forward","railway:track_ref":"6","voltage":"15000"},"geometry":{"type":"LineString","coordinates":[[10.7588999,59.9098678],[10.7586914,59.9099177],[10.7578885,59.910112],[10.7563628,59.9104771],[10.7544841,59.9109313],[10.7538265,59.9110933]]}},{"type":"Feature","id":164181288,"properties":{"electrified":"contact_line","frequency":"16.67","gauge":"1435","name":"Spor 9","operator":"Bane NOR","railway":"rail","railway:atc":"yes","railway:preferred_direction":"forward","railway:track_ref":"9","usage":"branch","voltage":"15000"},"geometry":{"type":"LineString","coordinates":[[10.7536542,59.9109092],[10.7543327,59.9107494],[10.7561934,59.910301],[10.7575077,59.9099867],[10.7582424,59.9098094]]}},{"type":"Feature","id":164181291,"properties":{"electrified":"contact_line","frequency":"16.67","gauge":"1435","name":"Spor 5","operator":"Bane NOR","railway":"rail","railway:track_ref":"5","voltage":"15000"},"geometry":{"type":"LineString","coordinates":[[10.7604244,59.909627],[10.7586404,59.9100563],[10.7577821,59.910262],[10.7564553,59.9105794]]}},{"type":"Feature","id":164181295,"properties":{"electrified":"contact_line","frequency":"16.67","gauge":"1435","name":"Spor 3","operator":"Bane NOR","railway":"rail","railway:atc":"yes","railway:bidirectional":"regular","railway:etcs":"no","railway:track_ref":"3","usage":"main","voltage":"15000"},"geometry":{"type":"LineString","coordinates":[[10.7565907,59.9107188],[10.7547242,59.9111691],[10.7544545,59.9112285],[10.7542693,59.9112706],[10.7540373,59.9113179]]}},{"type":"Feature","id":164181297,"properties":{"electrified":"contact_line","frequency":"16.67","gauge":"1435","name":"Spor 13","operator":"Bane NOR","railway":"rail","railway:atc":"yes","railway:preferred_direction":"forward","railway:track_ref":"13","usage":"main","voltage":"15000"},"geometry":{"type":"LineString","coordinates":[[10.7534015,59.9106566],[10.7536147,59.9105925],[10.7538324,59.9105324],[10.7540723,59.9104687],[10.7559291,59.9100239],[10.7572436,59.9097068],[10.7581769,59.9094822],[10.7585419,59.9093962],[10.7586812,59.9093635],[10.7588861,59.9093172],[10.7590186,59.9092883]]}},{"type":"Feature","id":164181298,"properties":{"electrified":"contact_line","frequency":"16.67","gauge":"1435","name":"Spor 12","operator":"Bane NOR","railway":"rail","railway:preferred_direction":"forward","railway:track_ref":"12","voltage":"15000"},"geometry":{"type":"LineString","coordinates":[[10.7559633,59.9100593],[10.7572732,59.9097457],[10.7582033,59.9095215],[10.7585626,59.9094359],[10.7587141,59.9094009],[10.7589241,59.9093557],[10.759161,59.9093094],[10.759401,59.9092647],[10.7597565,59.9092014],[10.7598977,59.9091758],[10.7600283,59.9091499],[10.7602856,59.9090969],[10.7604685,59.9090609],[10.7608018,59.9089993]]}},{"type":"Feature","id":164181299,"properties":{"electrified":"contact_line","frequency":"16.67","gauge":"1435","name":"Spor 11","operator":"Bane NOR","railway":"rail","railway:preferred_direction":"forward","railway:track_ref":"11","voltage":"15000"},"geometry":{"type":"LineString","coordinates":[[10.7560602,59.9101623],[10.7573935,59.9098426],[10.7583199,59.9096207],[10.7590993,59.9094323],[10.7600819,59.9091954]]}},{"type":"Feature","id":221236205,"properties":{"highway":"service","name":"Trelastgata","surface":"asphalt","wikidata":"Q19392993"},"geometry":{"type":"LineString","coordinates":[[10.7546304,59.9096767],[10.7541385,59.9097982],[10.7540795,59.9098127],[10.7534045,59.9099716]]}},{"type":"Feature","id":238758283,"properties":{"electrified":"contact_line","frequency":"0","gauge":"1435","name":"Grünerløkka–Torshov-linjen","railway":"tram","railway:preferred_direction":"forward","start_date":"2021-06-21","voltage":"750"},"geometry":{"type":"LineString","coordinates":[[10.7507897,59.9137367],[10.7514471,59.9139313],[10.7524269,59.914225],[10.752491,59.9142451],[10.7525493,59.9142642],[10.7525917,59.9142786],[10.7526313,59.9142918],[10.7527353,59.914327],[10.7528525,59.9143667],[10.7530115,59.914421],[10.7534597,59.9145745],[10.7537042,59.9146583],[10.7537462,59.9146727],[10.7538208,59.9146983],[10.7538865,59.9147208],[10.7540848,59.9147883],[10.7542305,59.9148376],[10.7543386,59.9148748],[10.7544479,59.9149136],[10.7545239,59.9149419],[10.7546013,59.9149713],[10.7546987,59.9150086],[10.7547016,59.9150097],[10.7556806,59.9153849],[10.7557384,59.9154071],[10.7558435,59.9154473],[10.7559471,59.9154862],[10.7560415,59.9155229],[10.7561279,59.9155584],[10.7561966,59.9155877],[10.7562546,59.9156141],[10.7563091,59.9156398],[10.7563773,59.9156728],[10.7564275,59.9157002],[10.7564863,59.9157318],[10.7565431,59.9157641],[10.7566125,59.9158059],[10.7566643,59.915839],[10.7567335,59.915885],[10.7567811,59.9159192],[10.7568472,59.915967],[10.7568575,59.9159746],[10.7569346,59.9160313],[10.7569563,59.9160473],[10.7570434,59.9161115],[10.7571143,59.9161638],[10.7572643,59.9162716],[10.7573684,59.9163513],[10.7575382,59.9164761],[10.7575857,59.9165111],[10.7576326,59.9165457],[10.7576379,59.9165496],[10.7577101,59.9166028],[10.7577748,59.9166498],[10.7578398,59.9166981],[10.7579439,59.9167744],[10.7583409,59.9170687],[10.7587317,59.9173552],[10.7588452,59.9174391],[10.7588927,59.9174757],[10.7589148,59.9174941],[10.7589381,59.9175135],[10.7589814,59.9175543],[10.7589892,59.9175616],[10.759028,59.9175976]]}},{"type":"Feature","id":245968626,"properties":{"highway":"unclassified","lane_markings":"no","maxspeed":"30","maxspeed:type":"NO:zone30","name":"Nylandsveien","sidewalk":"separate","surface":"asphalt","wikidata":"Q19384163"},"geometry":{"type":"LineString","coordinates":[[10.7543739,59.9065396],[10.7544182,59.906616],[10.7550144,59.9076466],[10.7550295,59.9076727],[10.7550563,59.9077038],[10.755103,59.9077414]]}},{"type":"Feature","id":247760515,"properties":{"highway":"service","maxheight:signed":"no","name":"Bordtomtgata","oneway":"yes","surface":"asphalt"},"geometry":{"type":"LineString","coordinates":[[10.7621221,59.9098233],[10.761109,59.9100667],[10.7606153,59.9101908],[10.7596995,59.9103961],[10.7595735,59.9104002],[10.7594534,59.9103892]]}},{"type":"Feature","id":255790896,"properties":{"highway":"trunk","lanes":"2","maxheight:signed":"no","maxspeed":"50","name":"Østre tangent","ref":"162;Ring 1","surface":"asphalt"},"geometry":{"type":"LineString","coordinates":[[10.758369,59.9106522],[10.7594534,59.9103892],[10.7615772,59.9098833]]}},{"type":"Feature","id":263354863,"properties":{"bicycle:lanes:backward":"|designated","bicycle:lanes:forward":"|designated","cycleway":"lane","highway":"tertiary","lanes":"4","lanes:backward":"2","lanes:forward":"2","lit":"yes","maxspeed":"30","motor_vehicle:lanes:backward":"yes|no","motor_vehicle:lanes:forward":"yes|no","name":"Stenersgata","sidewalk":"separate","smoothness":"excellent","surface":"asphalt","width:lanes:backward":"3.1|1.5","width:lanes:forward":"3.1|1.5","wikidata":"Q19390461"},"geometry":{"type":"LineString","coordinates":[[10.7534329,59.9132946],[10.7536319,59.913326],[10.7536889,59.9133352],[10.7544879,59.9134612],[10.7546298,59.9134829],[10.7550433,59.9135475],[10.755697,59.9136495],[10.7558016,59.913665],[10.7558972,59.9136764]]}},{"type":"Feature","id":280893920,"properties":{"bicycle:lanes:backward":"|designated","bicycle:lanes:forward":"|designated","cycleway":"lane","destination:ref:backward":"Ring 1","highway":"secondary","lanes":"4","lanes:backward":"2","lanes:forward":"2","lit":"yes","maxspeed":"40","motor_vehicle:lanes:backward":"yes|no","motor_vehicle:lanes:forward":"yes|no","name":"Operagata","name:etymology:wikidata":"Q43280","psv":"yes","sidewalk":"separate","surface":"asphalt","surface:colour:lanes:backward":"|red","surface:colour:lanes:forward":"|red","width:lanes:backward":"3.25|2.4","width:lanes:forward":"3.25|2.4","wikidata":"Q19384582"},"geometry":{"type":"LineString","coordinates":[[10.755103,59.9077414],[10.7549195,59.9077825],[10.7548863,59.90779],[10.7547817,59.9078137],[10.75321,59.9081963],[10.7531729,59.9082053],[10.7529668,59.9082545]]}},{"type":"Feature","id":280893928,"properties":{"cycleway:right":"no","highway":"unclassified","lanes":"2","name":"Strandgata","oneway":"yes","surface":"asphalt","turn:lanes":"through|right","wikidata":"Q19390867"},"geometry":{"type":"LineString","coordinates":[[10.7491704,59.909669],[10.7492557,59.9097267],[10.7493689,59.9098311],[10.749432,59.9098893],[10.7494466,59.9099036]]}},{"type":"Feature","id":308634318,"properties":{"access":"private","bicycle":"no","foot":"no","highway":"service","incline":"down","note":"ramp down to service tunnel","surface":"paved"},"geometry":{"type":"LineString","coordinates":[[10.7581574,59.9097637],[10.7588597,59.9095929]]}},{"type":"Feature","id":308634320,"properties":{"access":"private","bicycle":"no","foot":"no","highway":"service","incline":"down","note":"ramp down to service tunnel","surface":"paved"},"geometry":{"type":"LineString","coordinates":[[10.7582948,59.909906],[10.7589887,59.9097342]]}},{"type":"Feature","id":329366798,"properties":{"bicycle:lanes":"||designated","bus:lanes":"|designated|","cycleway:right":"lane","cycleway:right:width":"2","highway":"trunk","lanes":"3","lit":"yes","maxspeed":"40","motor_vehicle:lanes":"|no|no","name":"Dronning Eufemias gate","name:etymology:wikidata":"Q287581","oneway":"yes","placement":"right_of:1","ref":"E 18","sidewalk:left":"no","sidewalk:right":"separate","surface":"asphalt","surface:colour:lanes":"||red","width:lanes":"3|3|2","wikidata":"Q11966089"},"geometry":{"type":"LineString","coordinates":[[10.7534629,59.9088214],[10.7536894,59.9087667],[10.7549177,59.9084708]]}},{"type":"Feature","id":333884358,"properties":{"access":"private","leisure":"dog_park","source":"knowledge"},"geometry":{"type":"LineString","coordinates":[[10.7587762,59.9122995],[10.7587124,59.9122841],[10.7586577,59.9122936],[10.7586378,59.9122285],[10.758706,59.9122084],[10.7587761,59.9121931],[10.7588982,59.9121749],[10.7594916,59.9120906],[10.7596245,59.9120699],[10.7605679,59.9119203],[10.7606383,59.9119004],[10.7607041,59.9118765],[10.760757,59.9118524],[10.7608053,59.9118241],[10.760899,59.9117614],[10.7612123,59.9118393],[10.7612199,59.9118505],[10.7612394,59.9118849],[10.7587866,59.9122986],[10.7587762,59.9122995]]}},{"type":"Feature","id":344094257,"properties":{"cycleway:both":"no","embedded_rails":"tram","highway":"unclassified","lanes":"2","motor_vehicle:backward":"no","name":"Prinsens gate","oneway":"yes","oneway:bicycle":"no","smoothness":"good","surface":"asphalt","wikidata":"Q11996247"},"geometry":{"type":"LineString","coordinates":[[10.7494466,59.9099036],[10.7495444,59.9098764],[10.7496735,59.9098414],[10.7496969,59.9098354],[10.7499312,59.9097756],[10.7502982,59.9096859],[10.7503399,59.9096757],[10.7504135,59.9096579],[10.7504707,59.9096395],[10.7505338,59.9096125],[10.7505527,59.9096045]]}},{"type":"Feature","id":366747828,"properties":{"bicycle:lanes":"||designated","bus:lanes":"|designated|","cycleway:right":"lane","cycleway:right:width":"2","destination":"Kristiansand;Sentralstasjonen","destination:ref":"E 18","destination:symbol":"ferry;train_station","highway":"trunk","lanes":"3","maxspeed":"40","motor_vehicle:lanes":"|no|no","name":"Dronning Eufemias gate","name:etymology:wikidata":"Q287581","oneway":"yes","placement":"right_of:1","ref":"E 18","sidewalk:left":"no","sidewalk:right":"separate","surface":"asphalt","surface:colour:lanes":"||red","width:lanes":"3|3|2","wikidata":"Q11966089"},"geometry":{"type":"LineString","coordinates":[[10.7556994,59.9084652],[10.7555042,59.9085132],[10.7544401,59.9087705]]}},{"type":"Feature","id":505897402,"properties":{"highway":"service","service":"parking_aisle","surface":"asphalt"},"geometry":{"type":"LineString","coordinates":[[10.7544879,59.9134612],[10.7544655,59.9134978],[10.7544635,59.9135011],[10.754456,59.9135133],[10.7544466,59.9135286],[10.754409,59.9135898]]}},{"type":"Feature","id":505897408,"properties":{"highway":"service","name":"Sonja Henies plass","name:etymology:wikidata":"Q204205","note":"Temporarily one way while works to Spektrum are taking place","oneway":"yes","surface":"asphalt"},"geometry":{"type":"LineString","coordinates":[[10.7541566,59.9122328],[10.7544663,59.912314],[10.7547623,59.9123946],[10.7549845,59.9124501]]}},{"type":"Feature","id":516491946,"properties":{"electrified":"contact_line","frequency":"0","gauge":"1435","name":"Bjørvikalinja","operator":"Sporveien","railway":"tram","railway:preferred_direction":"forward","voltage":"750"},"geometry":{"type":"LineString","coordinates":[[10.7498945,59.909769],[10.7503276,59.9096628],[10.7505338,59.9096125],[10.7505594,59.9096063],[10.7509186,59.9095188],[10.751934,59.9092716],[10.7532823,59.9089439],[10.753457,59.9089016],[10.7535901,59.9088691],[10.7537493,59.90883],[10.7554342,59.9084201],[10.7556328,59.9083717],[10.7557515,59.9083429],[10.7558506,59.9083188]]}},{"type":"Feature","id":621094370,"properties":{"highway":"pedestrian","lit":"yes","name":"Henny Mürers gang","surface":"concrete"},"geometry":{"type":"LineString","coordinates":[[10.7537999,59.9081425],[10.7541295,59.9081953],[10.7544389,59.9082821],[10.754792,59.9083414],[10.7549213,59.9083802]]}},{"type":"Feature","id":639063785,"properties":{"electrified":"contact_line","frequency":"16.67","gauge":"1435","name":"Spor 3","operator":"Bane NOR","railway":"rail","railway:atc":"yes","railway:bidirectional":"regular","railway:etcs":"no","railway:track_ref":"3","usage":"main","voltage":"15000"},"geometry":{"type":"LineString","coordinates":[[10.7630377,59.909169],[10.7614421,59.9095537],[10.760945,59.9096725],[10.7602856,59.9098306],[10.7591251,59.9101116]]}},{"type":"Feature","id":663292120,"properties":{"highway":"unclassified","lanes":"1","name":"Strandgata","oneway":"yes","surface":"asphalt","turn:lanes":"left","width":"3","wikidata":"Q19390867"},"geometry":{"type":"LineString","coordinates":[[10.7490889,59.9096139],[10.7491471,59.9097455],[10.7492503,59.9098612],[10.7493085,59.9099238],[10.7493217,59.9099372]]}},{"type":"Feature","id":666114476,"properties":{"area":"yes","highway":"pedestrian","lit":"yes","surface":"paving_stones"},"geometry":{"type":"LineString","coordinates":[[10.7567089,59.913849],[10.7566186,59.9137959],[10.756555,59.9137898],[10.756241,59.913856],[10.755996,59.913911],[10.756053,59.913973],[10.756154,59.913997],[10.756403,59.914054],[10.756439,59.9140622],[10.7564254,59.9140705],[10.756312,59.914141],[10.755819,59.913958],[10.755755,59.913953],[10.755623,59.913979],[10.755624,59.91398],[10.755461,59.914012],[10.7550576,59.9140969],[10.754641,59.914189],[10.754361,59.9142511],[10.754313,59.914261],[10.753952,59.914334],[10.753501,59.914447],[10.753505,59.914452],[10.753495,59.914452],[10.75349,59.914476],[10.753498,59.914477],[10.753492,59.914481],[10.75346,59.9144654],[10.7534391,59.9144564],[10.7533892,59.9144351],[10.7533642,59.9144245],[10.7533405,59.9144144],[10.7533226,59.9144066],[10.7532921,59.9143936],[10.7532744,59.9143863],[10.7532032,59.9143608],[10.7539886,59.9141972],[10.7543214,59.9141367],[10.7545018,59.9141019],[10.7545044,59.9141036],[10.7546356,59.9140765],[10.7549858,59.9139972],[10.7552763,59.9139377],[10.7555727,59.9138759],[10.7556985,59.9137496],[10.7557012,59.9137471],[10.7558171,59.9138572],[10.7558815,59.9138441],[10.7562997,59.9137559],[10.7563629,59.9137426],[10.7565313,59.9137387],[10.7565869,59.9137436],[10.7566271,59.9137466],[10.7566653,59.913755],[10.7567042,59.9137718],[10.7567397,59.9137893],[10.7567496,59.9137966],[10.7567659,59.9138088],[10.756784,59.9138391],[10.7568993,59.9139977],[10.7568568,59.9139843],[10.7567651,59.9139554],[10.756632,59.913912],[10.7567089,59.913849]]}},{"type":"Feature","id":721018492,"properties":{"electrified":"contact_line","frequency":"0","gauge":"1435","name":"Grünerløkka–Torshov-linjen","railway":"tram","railway:preferred_direction":"forward","start_date":"2021-06-21","voltage":"750"},"geometry":{"type":"LineString","coordinates":[[10.7589738,59.9176128],[10.7589361,59.9175778],[10.7589279,59.9175702],[10.7588868,59.9175335],[10.7588588,59.917511],[10.7588376,59.9174939],[10.7587893,59.9174583],[10.7586748,59.9173739],[10.7582931,59.9170848],[10.7578884,59.9167941],[10.7577839,59.9167171],[10.7577187,59.9166685],[10.757655,59.9166199],[10.7575873,59.9165671],[10.7575811,59.9165623],[10.7574901,59.9164927],[10.7573204,59.9163677],[10.7570663,59.9161801],[10.7570044,59.9161344],[10.7569138,59.9160675],[10.7568868,59.9160476],[10.7568099,59.915991],[10.7567996,59.9159834],[10.7567338,59.9159357],[10.756686,59.9159023],[10.7566181,59.9158569],[10.7565672,59.9158247],[10.7564982,59.9157835],[10.7564419,59.9157516],[10.7563826,59.91572],[10.7563358,59.9156951],[10.7562643,59.91566],[10.7562117,59.9156355],[10.7561558,59.9156102],[10.7560891,59.9155815],[10.7560028,59.9155464],[10.7559099,59.9155103],[10.7558066,59.915471],[10.7557029,59.9154311],[10.7556441,59.9154085],[10.7555746,59.9153818],[10.7546671,59.9150332],[10.7546626,59.9150315],[10.7545648,59.9149939],[10.7545078,59.9149722],[10.7544904,59.9149655],[10.7544117,59.9149364],[10.7543034,59.9148979],[10.7541966,59.9148614],[10.7540527,59.9148122],[10.7538541,59.9147443],[10.7537898,59.9147224],[10.7537149,59.9146968],[10.7536719,59.9146822],[10.7534278,59.9145988],[10.7529783,59.9144446],[10.7528217,59.9143913],[10.7527052,59.914352],[10.752633,59.9143281],[10.7525654,59.9143057],[10.7525018,59.9142859],[10.7523947,59.914253],[10.7514124,59.9139607],[10.7505468,59.9137042]]}},{"type":"Feature","id":852180524,"properties":{"abandoned:electrified":"contact_line","abandoned:frequency":"0","abandoned:voltage":"750","disused:railway":"tram","gauge":"1435","name":"Ekebergbanen (nedlagt trasé)","railway":"disused","railway:preferred_direction":"forward"},"geometry":{"type":"LineString","coordinates":[[10.7681181,59.9085538],[10.7681266,59.9085777],[10.7681279,59.9085847],[10.7681326,59.9086123],[10.7681302,59.9086308],[10.768124,59.908651],[10.7681121,59.9086676],[10.7680859,59.9086927],[10.7680603,59.9087138],[10.7680196,59.908731],[10.7680192,59.9087341],[10.7679814,59.9087486],[10.7679281,59.9087655],[10.7678342,59.9087917],[10.766933,59.9090625],[10.7667077,59.9091347],[10.7666046,59.9091665],[10.7665293,59.9091898],[10.7664175,59.9092259],[10.7663088,59.9092566],[10.7662206,59.909278],[10.7661772,59.9092866],[10.7661168,59.9092987],[10.766003,59.9093196],[10.765925,59.9093339],[10.7659115,59.909337],[10.7658394,59.9093538],[10.7657408,59.9093803],[10.7656498,59.9094072],[10.7647692,59.9096841],[10.7643491,59.9098153],[10.7642046,59.9098604],[10.7640322,59.9099142],[10.7637944,59.9099885],[10.7624681,59.9104036],[10.7618541,59.9105965],[10.7615534,59.9106899],[10.7614796,59.9107125],[10.7612531,59.9107833],[10.7611186,59.910816],[10.7610597,59.9108303],[10.760875,59.9108702],[10.7606775,59.9109099],[10.7605357,59.9109391],[10.7605031,59.9109458],[10.7603263,59.9109797],[10.7602477,59.9109951],[10.7601601,59.9110122],[10.7595255,59.9111148],[10.7585105,59.9112783],[10.7584047,59.9112949],[10.7582084,59.9113258],[10.7580682,59.9113479],[10.7576702,59.9114105],[10.7557185,59.9117102],[10.7555621,59.9117346]]}},{"type":"Feature","id":852556418,"properties":{"electrified":"contact_line","frequency":"0","gauge":"1435","name":"Bjørvikalinja","operator":"Sporveien","railway":"tram","railway:preferred_direction":"forward","voltage":"750"},"geometry":{"type":"LineString","coordinates":[[10.7558776,59.9083468],[10.7557827,59.9083705],[10.7556512,59.9084022],[10.7554561,59.9084493],[10.7537757,59.9088579],[10.7536191,59.908896],[10.7534823,59.9089295],[10.75331,59.9089711],[10.7519548,59.9093007],[10.7509446,59.9095463],[10.7506244,59.9096242],[10.7503536,59.9096901],[10.7499599,59.9097862]]}},{"type":"Feature","id":972697234,"properties":{"electrified":"contact_line","frequency":"16.67","gauge":"1435","name":"Spor 11","operator":"Bane NOR","railway":"rail","railway:preferred_direction":"forward","railway:track_ref":"11","voltage":"15000"},"geometry":{"type":"LineString","coordinates":[[10.7535222,59.9107713],[10.7542117,59.9106057],[10.7560602,59.9101623]]}},{"type":"Feature","id":972697236,"properties":{"electrified":"contact_line","frequency":"16.67","gauge":"1435","name":"Spor 4","operator":"Bane NOR","railway":"rail","railway:track_ref":"4","voltage":"15000"},"geometry":{"type":"LineString","coordinates":[[10.7539513,59.9112286],[10.754749,59.9110372],[10.7564891,59.9106179]]}},{"type":"Feature","id":980959812,"properties":{"covered":"yes","highway":"service","oneway":"yes","service":"parking_aisle","surface":"asphalt"},"geometry":{"type":"LineString","coordinates":[[10.7543074,59.909406],[10.7552583,59.9091957]]}},{"type":"Feature","id":980959816,"properties":{"covered":"yes","highway":"service","lit":"yes","maxheight:signed":"no","oneway":"yes","surface":"sett","taxi":"designated"},"geometry":{"type":"LineString","coordinates":[[10.7538826,59.9096465],[10.7538645,59.9096511],[10.7531223,59.9098187]]}},{"type":"Feature","id":980959821,"properties":{"covered":"yes","highway":"service","oneway":"yes","service":"parking_aisle","surface":"asphalt"},"geometry":{"type":"LineString","coordinates":[[10.7554798,59.9092181],[10.7554713,59.9092198],[10.7553246,59.9092609],[10.7544118,59.909516]]}},{"type":"Feature","id":1106669583,"properties":{"disused:railway":"tram","electrified":"contact_line","frequency":"0","gauge":"1435","name":"Ekebergbanen (nedlagt trasé)","railway":"disused","railway:preferred_direction":"forward","voltage":"750"},"geometry":{"type":"LineString","coordinates":[[10.7513201,59.9121942],[10.7520361,59.9121573],[10.7521152,59.9121531],[10.7522232,59.9121466],[10.7522374,59.9121451],[10.7522697,59.9121418],[10.7523083,59.9121379],[10.7523826,59.9121253],[10.7524132,59.9121198],[10.7524392,59.9121151],[10.7525218,59.912096],[10.7526161,59.9120734],[10.7526557,59.9120664],[10.7527241,59.9120544],[10.7528347,59.9120427],[10.7529472,59.9120358],[10.7533582,59.9120189],[10.7536228,59.9120002],[10.7538651,59.9119679],[10.7543731,59.9118894],[10.7555429,59.911702]]}},{"type":"Feature","id":1106669584,"properties":{"disused:railway":"tram","electrified":"contact_line","frequency":"0","gauge":"1435","name":"Ekebergbanen (nedlagt trasé)","railway":"disused","railway:preferred_direction":"forward","voltage":"750"},"geometry":{"type":"LineString","coordinates":[[10.7555621,59.9117346],[10.7543903,59.9119172],[10.7538843,59.9119953],[10.753872,59.9119968],[10.7536203,59.9120273],[10.7533636,59.912043],[10.7529519,59.912062],[10.7528412,59.9120706],[10.7527346,59.9120848],[10.7526455,59.9121019],[10.7526352,59.9121044],[10.7525494,59.9121254],[10.7525326,59.9121293],[10.7524923,59.9121387],[10.752483,59.9121409],[10.7524109,59.9121548],[10.7523969,59.912157],[10.7523237,59.9121683],[10.7523112,59.9121694],[10.7522621,59.9121736],[10.7522234,59.912177],[10.75212,59.9121824],[10.7520409,59.9121855],[10.7513291,59.9122232]]}},{"type":"Feature","id":1121247080,"properties":{"electrified":"contact_line","frequency":"16.67","gauge":"1435","name":"Spor 12","operator":"Bane NOR","railway":"rail","railway:preferred_direction":"forward","railway:track_ref":"12","voltage":"15000"},"geometry":{"type":"LineString","coordinates":[[10.7534438,59.9106949],[10.7536644,59.9106298],[10.7538833,59.9105683],[10.754116,59.9105064],[10.7559633,59.9100593]]}},{"type":"Feature","id":1197491649,"properties":{"electrified":"contact_line","frequency":"16.67","gauge":"1435","name":"Spor 8","operator":"Bane NOR","railway":"rail","railway:atc":"yes","railway:preferred_direction":"forward","railway:track_ref":"8","usage":"main","voltage":"15000"},"geometry":{"type":"LineString","coordinates":[[10.7562283,59.9103386],[10.7543644,59.9107866],[10.753691,59.9109497]]}},{"type":"Feature","id":1197491650,"properties":{"electrified":"contact_line","frequency":"16.67","gauge":"1435","name":"Spor 10","operator":"Bane NOR","railway":"rail","railway:atc":"yes","railway:preferred_direction":"forward","railway:track_ref":"10","usage":"main","voltage":"15000"},"geometry":{"type":"LineString","coordinates":[[10.7560957,59.9101984],[10.7574263,59.9098813],[10.7582706,59.9096755]]}},{"type":"Feature","id":1318353689,"properties":{"railway":"platform_edge","ref":"1"},"geometry":{"type":"LineString","coordinates":[[10.7548993,59.9112783],[10.7577291,59.9105992],[10.758846,59.9103327],[10.7596281,59.9101425],[10.7610337,59.9098059]]}},{"type":"Feature","id":1318353690,"properties":{"railway":"platform_edge","ref":"2"},"geometry":{"type":"LineString","coordinates":[[10.7548268,59.9112067],[10.75766,59.9105229],[10.758791,59.9102511],[10.7595461,59.9100721],[10.7598962,59.9099899],[10.760183,59.9099312],[10.7605272,59.9098655],[10.7610155,59.9097797]]}},{"type":"Feature","id":1318353691,"properties":{"railway":"platform_edge","ref":"3"},"geometry":{"type":"LineString","coordinates":[[10.7547706,59.9111391],[10.7587547,59.9101819],[10.762003,59.9094011]]}},{"type":"Feature","id":1318353692,"properties":{"railway":"platform_edge","ref":"4"},"geometry":{"type":"LineString","coordinates":[[10.7547004,59.9110646],[10.7586825,59.9101098],[10.7605372,59.9096601],[10.7610159,59.9095515],[10.7614593,59.9094583],[10.7617126,59.9094142],[10.7619771,59.9093693]]}},{"type":"Feature","id":1318353694,"properties":{"railway":"platform_edge","ref":"6"},"geometry":{"type":"LineString","coordinates":[[10.7545707,59.9109246],[10.7585309,59.9099726],[10.7589644,59.9098699],[10.7591332,59.9098346],[10.7593065,59.9098032],[10.759545,59.9097689],[10.7597878,59.9097371]]}},{"type":"Feature","id":1318353696,"properties":{"railway":"platform_edge","ref":"8"},"geometry":{"type":"LineString","coordinates":[[10.7544355,59.9107874],[10.7582604,59.9098699]]}},{"type":"Feature","id":1318353697,"properties":{"railway":"platform_edge","ref":"9"},"geometry":{"type":"LineString","coordinates":[[10.7543685,59.9107227],[10.7581974,59.9098056]]}},{"type":"Feature","id":1318353698,"properties":{"railway":"platform_edge","ref":"10"},"geometry":{"type":"LineString","coordinates":[[10.7542963,59.910647],[10.7581252,59.9097299]]}},{"type":"Feature","id":1318353699,"properties":{"railway":"platform_edge","ref":"11"},"geometry":{"type":"LineString","coordinates":[[10.7542349,59.9105844],[10.7582296,59.9096228],[10.7593175,59.9093618],[10.7600476,59.9091841]]}},{"type":"Feature","id":1318353700,"properties":{"railway":"platform_edge","ref":"12"},"geometry":{"type":"LineString","coordinates":[[10.7541634,59.9105078],[10.7581514,59.9095481],[10.758842,59.9093906],[10.7592734,59.9093054],[10.7600329,59.9091661]]}},{"type":"Feature","id":1318353701,"properties":{"railway":"platform_edge","ref":"13"},"geometry":{"type":"LineString","coordinates":[[10.7541175,59.9104413],[10.7580732,59.9094892],[10.7584186,59.9094057],[10.7587687,59.9093266],[10.7590322,59.9092674],[10.7592311,59.9092251],[10.7594229,59.9091853],[10.7596024,59.9091498],[10.7598222,59.909107]]}},{"type":"Feature","id":1318353702,"properties":{"railway":"platform_edge","ref":"14"},"geometry":{"type":"LineString","coordinates":[[10.7540489,59.9103681],[10.7580102,59.9094212],[10.758366,59.90934],[10.75873,59.909261],[10.7589817,59.9092133],[10.7591877,59.909177],[10.7594079,59.9091416],[10.7595756,59.909117],[10.7598038,59.9090837]]}},{"type":"Feature","id":1318353703,"properties":{"railway":"platform_edge","ref":"15"},"geometry":{"type":"LineString","coordinates":[[10.7538588,59.9103312],[10.7579541,59.9093483],[10.7582189,59.9092831],[10.7583541,59.9092502],[10.7585306,59.9092123],[10.7586894,59.9091785],[10.7589252,59.9091342],[10.7591895,59.909091],[10.7594299,59.9090587],[10.7596264,59.9090361],[10.7599352,59.9090043],[10.7602417,59.908978]]}},{"type":"Feature","id":1318353704,"properties":{"railway":"platform_edge","ref":"16"},"geometry":{"type":"LineString","coordinates":[[10.7537876,59.9102565],[10.757879,59.9092749],[10.7581474,59.9092159],[10.7582878,59.9091853],[10.7584586,59.9091521],[10.7586403,59.90912],[10.7589511,59.9090725],[10.759402,59.9090127],[10.7596002,59.9089878],[10.7599003,59.9089531],[10.7602137,59.9089188]]}},{"type":"Feature","id":1318353705,"properties":{"railway":"platform_edge","ref":"17"},"geometry":{"type":"LineString","coordinates":[[10.7537258,59.91019],[10.757753,59.9092244],[10.7581321,59.9091359],[10.7584844,59.9090644],[10.7587359,59.9090205],[10.7590666,59.9089693],[10.7596358,59.9088988],[10.760117,59.9088399]]}},{"type":"Feature","id":1318353706,"properties":{"railway":"platform_edge","ref":"18"},"geometry":{"type":"LineString","coordinates":[[10.7536542,59.9101132],[10.7577104,59.909147],[10.7580497,59.9090751],[10.7584271,59.9090039],[10.7586966,59.9089596],[10.7590517,59.908913],[10.7596116,59.9088438],[10.7600924,59.9087873]]}},{"type":"Feature","id":1383775300,"properties":{"electrified":"contact_line","frequency":"16.67","gauge":"1435","name":"Spor 5","operator":"Bane NOR","railway":"rail","railway:track_ref":"5","voltage":"15000"},"geometry":{"type":"LineString","coordinates":[[10.7564553,59.9105794],[10.7547068,59.9110024],[10.7539175,59.9111959]]}},{"type":"Feature","id":4241773,"properties":{"cycleway:both":"no","foot":"no","highway":"trunk","junction":"roundabout","lanes":"2","maxspeed":"50","oneway":"yes","ref":"162;Ring 1","surface":"asphalt"},"geometry":{"type":"LineString","coordinates":[[10.7540184,59.9120957],[10.7540811,59.9121146],[10.754126,59.9121401],[10.7541533,59.9121691],[10.7541638,59.9122008]]}},{"type":"Feature","id":4241785,"properties":{"highway":"trunk","lanes":"2","lit":"yes","maxspeed":"50","name":"Hammersborggata","ref":"162","sidewalk:both":"separate","surface":"concrete"},"geometry":{"type":"LineString","coordinates":[[10.7526339,59.9143114],[10.752633,59.9143281],[10.7526275,59.9143637]]}},{"type":"Feature","id":4334832,"properties":{"highway":"unclassified","lane_markings":"no","lit":"yes","maxspeed":"30","name":"Stenersgata","surface":"asphalt","width":"12","wikidata":"Q19390461"},"geometry":{"type":"LineString","coordinates":[[10.7515249,59.9128918],[10.7516322,59.9129187],[10.7517301,59.9129412],[10.7518521,59.9129678],[10.7519963,59.9130014],[10.7528224,59.9131736]]}},{"type":"Feature","id":4335665,"properties":{"highway":"trunk","lane_markings":"no","maxspeed":"50","name":"Lybekkergata","name:etymology:wikidata":"Q2843","oneway":"yes","ref":"162;Ring 1","sidewalk:left":"no","sidewalk:right":"separate","surface":"asphalt","wikidata":"Q19343811"},"geometry":{"type":"LineString","coordinates":[[10.752904,59.9136339],[10.7530466,59.913488],[10.7531264,59.9134109],[10.7531635,59.9133752],[10.7531984,59.9133331],[10.7532487,59.9132808],[10.7532798,59.913245],[10.7533513,59.9131565],[10.7533827,59.9131176],[10.753624,59.9126016],[10.7536971,59.9124305],[10.7537194,59.9123514],[10.7537419,59.9122717]]}},{"type":"Feature","id":4682601,"properties":{"highway":"unclassified","lanes":"2","maxheight:signed":"no","maxspeed":"50","maxspeed:source":"NO:urban","name":"Biskop Gunnerus’ gate","name:etymology:wikidata":"Q703279","oneway":"yes","surface":"asphalt","turn:lanes":"left|through","wikidata":"Q17750422"},"geometry":{"type":"LineString","coordinates":[[10.7537011,59.9122213],[10.7536048,59.9122089],[10.7534955,59.9122001],[10.7533796,59.9121931],[10.7531932,59.912201],[10.7525901,59.9122318],[10.7525755,59.9122325]]}},{"type":"Feature","id":4682644,"properties":{"bus":"yes","cycleway:right":"no","highway":"unclassified","lanes":"1","lit":"yes","maxspeed":"30","motor_vehicle":"no","name":"Biskop Gunnerus’ gate","name:etymology:wikidata":"Q703279","oneway":"yes","parking:both":"no","sidewalk:both":"separate","surface":"asphalt","wikidata":"Q17750422"},"geometry":{"type":"LineString","coordinates":[[10.748335,59.9124943],[10.7483985,59.912432],[10.7484413,59.9123881],[10.7485061,59.9123436],[10.7486026,59.912315],[10.7487085,59.9122934],[10.7488616,59.9122672],[10.7492181,59.9122393]]}},{"type":"Feature","id":4682687,"properties":{"highway":"trunk","lane_markings":"no","maxspeed":"50","name":"Lybekkergata","name:etymology:wikidata":"Q2843","oneway":"yes","ref":"162;Ring 1","sidewalk:left":"no","sidewalk:right":"separate","surface":"asphalt","wikidata":"Q19343811"},"geometry":{"type":"LineString","coordinates":[[10.7540476,59.9123048],[10.7539801,59.912376],[10.7539171,59.9124458],[10.7537893,59.9127153],[10.7537438,59.9128147],[10.7535904,59.9131437],[10.7535746,59.9131827],[10.7535352,59.9132342],[10.7534329,59.9132946]]}},{"type":"Feature","id":5896244,"properties":{"highway":"residential","lit":"yes","maxspeed":"30","name":"Youngs gate","name:etymology:wikidata":"Q14622338","sidewalk:both":"separate","source:width":"ARCore","surface":"asphalt","width":"10.6","wikidata":"Q12011038"},"geometry":{"type":"LineString","coordinates":[[10.7517482,59.9142354],[10.7515369,59.914422],[10.7514618,59.914472],[10.7513592,59.9145241],[10.7510018,59.914668],[10.7509066,59.914703]]}},{"type":"Feature","id":5898088,"properties":{"electrified":"contact_line","frequency":"0","gauge":"1435","name":"Søndre streng","railway":"tram","railway:preferred_direction":"forward","railway:track_ref":"B","voltage":"750"},"geometry":{"type":"LineString","coordinates":[[10.7502479,59.9117879],[10.7500125,59.9115419],[10.7497464,59.9112638]]}},{"type":"Feature","id":5898089,"properties":{"bus":"yes","cycleway:right":"no","highway":"unclassified","lanes":"1","lit":"yes","motor_vehicle":"no","name":"Jernbanetorget","oneway":"yes","parking:both":"no","sidewalk:left":"no","sidewalk:right":"separate","surface":"concrete","width":"3"},"geometry":{"type":"LineString","coordinates":[[10.7499049,59.9115627],[10.7496416,59.9112851],[10.7495482,59.9111867],[10.7495107,59.9111445],[10.7494667,59.9110949],[10.7493483,59.9109657]]}},{"type":"Feature","id":36885146,"properties":{"bus":"yes","cycleway:right":"no","highway":"unclassified","lanes":"1","lit":"yes","motor_vehicle":"no","name":"Jernbanetorget","oneway":"yes","parking:both":"no","sidewalk:left":"no","sidewalk:right":"separate","surface":"concrete","width":"3"},"geometry":{"type":"LineString","coordinates":[[10.7503575,59.9120396],[10.7499049,59.9115627]]}},{"type":"Feature","id":36885148,"properties":{"bus":"yes","cycleway:right":"no","highway":"unclassified","lanes":"1","lit":"yes","motor_vehicle":"no","name":"Jernbanetorget","oneway":"yes","parking:both":"no","sidewalk:left":"no","sidewalk:right":"separate","surface":"concrete","width":"3"},"geometry":{"type":"LineString","coordinates":[[10.7498915,59.9108407],[10.7498515,59.9108762],[10.7498374,59.9108887],[10.7498043,59.9109181],[10.7497607,59.9109699],[10.7497542,59.9109874],[10.7497537,59.911009],[10.7497612,59.9110381],[10.7497774,59.9110632],[10.7498294,59.9111299],[10.7499017,59.91121],[10.7502021,59.9115239]]}},{"type":"Feature","id":36950832,"properties":{"cycleway:right":"no","foot":"yes","highway":"unclassified","lanes":"2","lit":"yes","maxspeed":"30","name":"Biskop Gunnerus’ gate","name:etymology:wikidata":"Q703279","oneway":"yes","parking:both":"no","sidewalk":"no","surface":"asphalt","wikidata":"Q17750422"},"geometry":{"type":"LineString","coordinates":[[10.7504843,59.9121728],[10.7506066,59.9121657],[10.7506256,59.9121646],[10.7506753,59.9121617],[10.7507202,59.9121591],[10.7507842,59.9121554]]}},{"type":"Feature","id":36950833,"properties":{"cycleway:right":"no","highway":"unclassified","lanes":"2","lit":"yes","name":"Biskop Gunnerus’ gate","name:etymology:wikidata":"Q703279","oneway":"yes","parking:both":"no","sidewalk:left":"no","sidewalk:right":"separate","smoothness":"good","surface":"asphalt","turn:lanes":"slight_left|","wikidata":"Q17750422"},"geometry":{"type":"LineString","coordinates":[[10.7507842,59.9121554],[10.7509189,59.9121492],[10.7510176,59.9121451],[10.7515615,59.9121184]]}},{"type":"Feature","id":36968108,"properties":{"cycleway:right":"no","foot":"no","highway":"unclassified","lane_markings":"no","lit":"yes","maxspeed":"30","name":"Fred Olsens gate","name:etymology:wikidata":"Q7789818","oneway":"yes","parking:both":"no","sidewalk":"no","surface":"asphalt"},"geometry":{"type":"LineString","coordinates":[[10.7507842,59.9121554],[10.7507829,59.9121804],[10.7507807,59.9122217],[10.7507806,59.9122239],[10.75078,59.9122359]]}},{"type":"Feature","id":38850916,"properties":{"bus":"designated","cycleway:both":"shared_lane","cycleway:both:lane":"pictogram","embedded_rails":"tram","highway":"unclassified","lane_markings":"no","lanes":"2","lit":"yes","maxspeed":"30","motor_vehicle":"no","name":"Storgata","parking:both":"no","sidewalk:both":"separate","surface":"concrete","wikidata":"Q12003453","zone:maxspeed":"NO:30"},"geometry":{"type":"LineString","coordinates":[[10.7501997,59.9135634],[10.7502074,59.9135662],[10.7503481,59.9136181],[10.7503605,59.9136225],[10.7503742,59.9136273],[10.7503829,59.9136302],[10.7504174,59.9136418],[10.7504844,59.9136644],[10.7505626,59.9136889],[10.7514288,59.9139467],[10.7523856,59.9142321],[10.7524099,59.9142397],[10.7525414,59.9142811],[10.7526339,59.9143114]]}},{"type":"Feature","id":60989168,"properties":{"electrified":"contact_line","frequency":"0","gauge":"1435","name":"Grünerløkka–Torshov-linjen","railway":"tram","railway:preferred_direction":"forward","start_date":"2021-06-21","voltage":"750"},"geometry":{"type":"LineString","coordinates":[[10.7505468,59.9137042],[10.7505162,59.9136943],[10.7504912,59.9136857],[10.7504679,59.913677],[10.7504465,59.9136684],[10.7504149,59.9136548],[10.7503953,59.9136459],[10.7503764,59.9136357],[10.7503719,59.9136333],[10.7503562,59.9136239],[10.7503481,59.9136181],[10.7503412,59.9136131],[10.7503274,59.9136021],[10.750312,59.9135872],[10.7503018,59.9135755],[10.7502935,59.9135645],[10.7502849,59.9135499],[10.7502779,59.9135349],[10.750274,59.9135193],[10.7502717,59.9135056],[10.7502724,59.9134875],[10.7502774,59.9134643],[10.750283,59.9134507],[10.7502921,59.9134344],[10.7502987,59.9134249],[10.7503104,59.9134109],[10.7503186,59.9134022],[10.7503295,59.9133921],[10.75034,59.9133828],[10.7503442,59.9133789],[10.7503497,59.9133739],[10.7503565,59.9133676],[10.7503984,59.9133313]]}},{"type":"Feature","id":67827787,"properties":{"electrified":"contact_line","frequency":"0","gauge":"1435","name":"Grünerløkka–Torshov-linjen","railway":"tram","railway:preferred_direction":"forward","start_date":"2021-06-21","voltage":"750"},"geometry":{"type":"LineString","coordinates":[[10.7504616,59.9133443],[10.7504441,59.9133607],[10.7504321,59.9133731],[10.7504245,59.9133814],[10.7504112,59.9133969],[10.7504095,59.9133992],[10.7504048,59.9134055],[10.7503991,59.9134143],[10.7503937,59.913424],[10.7503879,59.9134368],[10.7503848,59.9134456],[10.7503823,59.9134553],[10.7503801,59.9134673],[10.7503791,59.9134786],[10.7503794,59.9134886],[10.7503805,59.9134989],[10.7503831,59.9135116],[10.7503871,59.9135243],[10.7503931,59.9135377],[10.7504001,59.9135501],[10.7504088,59.9135634],[10.7504169,59.9135734],[10.7504275,59.9135847],[10.7504321,59.9135891],[10.7504405,59.9135969],[10.7504531,59.9136075],[10.7504573,59.9136102],[10.7504671,59.9136176],[10.7504815,59.9136268],[10.7505069,59.9136415],[10.7505257,59.9136507],[10.750549,59.9136608],[10.7505818,59.913674],[10.7506122,59.9136841],[10.7506374,59.9136918]]}},{"type":"Feature","id":93245768,"properties":{"electrified":"contact_line","frequency":"0","gauge":"1435","name":"Grünerløkka–Torshov-linjen","railway":"tram","railway:preferred_direction":"forward","voltage":"750"},"geometry":{"type":"LineString","coordinates":[[10.7504105,59.9122404],[10.7504466,59.9122395],[10.7504818,59.9122387],[10.7505285,59.9122393],[10.7505692,59.9122426],[10.7505914,59.9122458],[10.7506203,59.9122499],[10.750663,59.9122592],[10.7506794,59.9122632],[10.750704,59.9122698],[10.7507413,59.9122818],[10.7507728,59.9122953],[10.7507767,59.9122975],[10.750802,59.9123123],[10.750825,59.912328],[10.7508543,59.9123521],[10.7508715,59.912367]]}},{"type":"Feature","id":93471913,"properties":{"area":"yes","bench":"yes","bin":"yes","check_date:shelter":"2023-08-02","lit":"yes","network":"Ruter","operator":"Sporveien Trikken","public_transport":"platform","railway":"platform","ref":"C","shelter":"yes","tactile_paving":"yes","tram":"yes"},"geometry":{"type":"LineString","coordinates":[[10.7503616,59.9117605],[10.7503336,59.9117672],[10.7498338,59.9112449],[10.7498603,59.9112386],[10.7498874,59.9112321],[10.7503871,59.9117544],[10.7503616,59.9117605]]}},{"type":"Feature","id":93471915,"properties":{"electrified":"contact_line","frequency":"0","gauge":"1435","name":"Søndre streng","railway":"tram","railway:preferred_direction":"forward","voltage":"750"},"geometry":{"type":"LineString","coordinates":[[10.7508716,59.9124447],[10.7508311,59.9124024],[10.7507474,59.9123151],[10.7507204,59.9122869],[10.750704,59.9122698],[10.750691,59.9122565],[10.750677,59.9122413],[10.7506647,59.9122279],[10.7506066,59.9121657],[10.7505477,59.9121026]]}},{"type":"Feature","id":93471917,"properties":{"electrified":"contact_line","frequency":"0","gauge":"1435","name":"Grünerløkka–Torshov-linjen","railway":"tram","railway:preferred_direction":"forward","voltage":"750"},"geometry":{"type":"LineString","coordinates":[[10.7508716,59.9124447],[10.7508349,59.9124108],[10.7508244,59.9124027],[10.7507974,59.9123817],[10.750761,59.9123575],[10.7507284,59.9123385],[10.750702,59.9123269],[10.7506804,59.9123184],[10.750649,59.9123072],[10.7506215,59.9123002],[10.7505891,59.9122935],[10.7505548,59.9122876],[10.7505197,59.9122833],[10.7504669,59.9122783],[10.7504142,59.9122761],[10.7503698,59.9122747],[10.7503284,59.9122756],[10.7502796,59.9122776]]}},{"type":"Feature","id":93471919,"properties":{"area":"yes","bench":"yes","bin":"yes","lit":"yes","network":"Ruter","operator":"Sporveien Trikken","public_transport":"platform","railway":"platform","ref":"B","shelter":"yes","tactile_paving":"yes","tram":"yes"},"geometry":{"type":"LineString","coordinates":[[10.7501945,59.9118008],[10.7501708,59.9118065],[10.7496688,59.9112814],[10.7496961,59.9112748],[10.749719,59.9112693],[10.750221,59.9117944],[10.7501945,59.9118008]]}},{"type":"Feature","id":93471920,"properties":{"area":"yes","bench":"yes","bin":"yes","bus":"yes","departures_board":"realtime","lit":"yes","name":"Jernbanetorget [E]","network":"Ruter","operator":"Sporveien Trikken","public_transport":"platform","railway":"platform","ref":"E","shelter":"yes","surface":"paving_stones","tactile_paving":"yes","tram":"yes"},"geometry":{"type":"LineString","coordinates":[[10.7494747,59.9122658],[10.7494768,59.912276],[10.750259,59.9122339],[10.7502564,59.9122243],[10.7502536,59.9122133],[10.7502404,59.912214],[10.7494721,59.9122531],[10.7494747,59.9122658]]}},{"type":"Feature","id":93471921,"properties":{"area":"yes","bench":"yes","bin":"yes","bus":"yes","departures_board":"realtime","lit":"yes","name":"Jernbanetorget [F]","network":"Ruter","operator":"Sporveien Trikken","public_transport":"platform","railway":"platform","ref":"F","shelter":"yes","surface":"paving_stones","tactile_paving":"yes","tram":"yes"},"geometry":{"type":"LineString","coordinates":[[10.7502747,59.9123013],[10.7502728,59.9122917],[10.7495424,59.9123276],[10.7495442,59.9123367],[10.7495475,59.9123538],[10.7502779,59.9123179],[10.7502747,59.9123013]]}},{"type":"Feature","id":93471922,"properties":{"electrified":"contact_line","frequency":"0","gauge":"1435","name":"Grünerløkka–Torshov-linjen","railway":"tram","railway:preferred_direction":"forward","start_date":"2021-06-21","voltage":"750"},"geometry":{"type":"LineString","coordinates":[[10.7504616,59.9133443],[10.7504261,59.9133743],[10.7504063,59.9133905],[10.7503997,59.9133962],[10.7503904,59.9134042],[10.750372,59.9134172],[10.750349,59.9134325],[10.7503236,59.9134456],[10.7503043,59.9134542],[10.7502974,59.9134573],[10.7502774,59.9134643],[10.7502563,59.9134715],[10.7502318,59.9134779],[10.7502008,59.9134848],[10.7501676,59.9134906],[10.7501359,59.9134946],[10.7501148,59.9134963],[10.7500882,59.9134974],[10.7500677,59.9134978],[10.7500479,59.9134975],[10.750026,59.9134967],[10.7500051,59.9134952],[10.7499959,59.9134946],[10.7499661,59.9134911],[10.7499427,59.9134873],[10.7499262,59.9134841],[10.7499165,59.9134821],[10.7498886,59.9134757],[10.7498627,59.9134695],[10.7498412,59.9134643]]}},{"type":"Feature","id":93471924,"properties":{"disused:railway":"tram","electrified":"contact_line","frequency":"0","gauge":"1435","railway":"disused","railway:preferred_direction":"forward","voltage":"750"},"geometry":{"type":"LineString","coordinates":[[10.7510248,59.9122395],[10.7509933,59.9122403],[10.7509504,59.9122402],[10.7509168,59.9122395],[10.7508702,59.9122373],[10.7508329,59.9122335],[10.7508312,59.9122332],[10.7507992,59.9122282],[10.7507806,59.9122239],[10.7507718,59.9122222],[10.7507453,59.9122157],[10.7507192,59.9122086],[10.7506877,59.9121962],[10.7506586,59.9121833],[10.7506326,59.9121697],[10.7506256,59.9121646],[10.7506101,59.9121561],[10.7505952,59.9121459],[10.7505876,59.9121404]]}},{"type":"Feature","id":93578868,"properties":{"disused:railway":"tram","electrified":"contact_line","frequency":"0","gauge":"1435","railway":"disused","railway:preferred_direction":"forward","voltage":"750"},"geometry":{"type":"LineString","coordinates":[[10.7510248,59.9122395],[10.7507791,59.9122519],[10.750762,59.9122528],[10.750691,59.9122565],[10.7506606,59.912258],[10.750663,59.9122592],[10.7503676,59.9122724],[10.7502796,59.9122776]]}},{"type":"Feature","id":93578871,"properties":{"disused:railway":"tram","electrified":"contact_line","frequency":"0","gauge":"1435","railway":"disused","railway:preferred_direction":"forward","voltage":"750"},"geometry":{"type":"LineString","coordinates":[[10.7505818,59.9120622],[10.7505833,59.9120637],[10.7506027,59.9120829],[10.7506332,59.912108],[10.7506689,59.9121318],[10.7506963,59.9121479],[10.7507202,59.9121591],[10.7507489,59.9121703],[10.7507829,59.9121804],[10.7508167,59.9121887],[10.7508529,59.912196],[10.7508909,59.9122019],[10.7509279,59.9122051],[10.7509727,59.9122073],[10.7510228,59.9122085],[10.7510295,59.9122083],[10.7510579,59.9122078]]}},{"type":"Feature","id":93578873,"properties":{"disused:railway":"tram","electrified":"contact_line","frequency":"0","gauge":"1435","railway":"disused","railway:preferred_direction":"forward","voltage":"750"},"geometry":{"type":"LineString","coordinates":[[10.7505516,59.9122335],[10.7506045,59.9122309],[10.7506647,59.9122279],[10.7507345,59.9122243],[10.7507718,59.9122222],[10.7507807,59.9122217],[10.7510297,59.9122092],[10.7510579,59.9122078]]}},{"type":"Feature","id":93578874,"properties":{"electrified":"contact_line","frequency":"0","gauge":"1435","name":"Søndre streng","railway":"tram","railway:preferred_direction":"forward","voltage":"750"},"geometry":{"type":"LineString","coordinates":[[10.7505818,59.9120622],[10.7505832,59.9120637],[10.7506753,59.9121617],[10.7507192,59.9122086],[10.7507345,59.9122243],[10.7507473,59.9122376],[10.750762,59.9122528],[10.7507782,59.9122696],[10.7508184,59.9123114],[10.7508715,59.912367]]}},{"type":"Feature","id":108467011,"properties":{"cycleway:both":"no","foot":"no","highway":"trunk","junction":"roundabout","lanes":"2","maxspeed":"50","oneway":"yes","ref":"162;Ring 1","surface":"asphalt"},"geometry":{"type":"LineString","coordinates":[[10.7538538,59.9120938],[10.7539347,59.9120872],[10.7540184,59.9120957]]}},{"type":"Feature","id":108468467,"properties":{"cycleway:both":"no","foot":"no","highway":"trunk","junction":"roundabout","lanes":"2","maxspeed":"50","oneway":"yes","ref":"162;Ring 1","surface":"asphalt"},"geometry":{"type":"LineString","coordinates":[[10.7537011,59.9122213],[10.7537014,59.9121855],[10.7537137,59.9121624],[10.7537413,59.9121364],[10.7537906,59.9121109]]}},{"type":"Feature","id":108651719,"properties":{"cycleway:both":"no","foot":"no","highway":"trunk","junction":"roundabout","lanes":"2","maxspeed":"50","oneway":"yes","ref":"162;Ring 1","surface":"asphalt"},"geometry":{"type":"LineString","coordinates":[[10.7541638,59.9122008],[10.7541566,59.9122328],[10.7541119,59.9122773],[10.7540476,59.9123048]]}},{"type":"Feature","id":110567773,"properties":{"cycleway:both":"no","foot":"no","highway":"trunk","junction":"roundabout","lanes":"2","maxspeed":"50","oneway":"yes","ref":"162;Ring 1","surface":"asphalt"},"geometry":{"type":"LineString","coordinates":[[10.7540476,59.9123048],[10.7539858,59.9123172],[10.7539207,59.9123204]]}},{"type":"Feature","id":110567779,"properties":{"foot":"no","highway":"trunk","junction":"roundabout","lanes":"2","maxspeed":"50","oneway":"yes","ref":"162;Ring 1","surface":"asphalt"},"geometry":{"type":"LineString","coordinates":[[10.7537419,59.9122717],[10.7537148,59.9122467],[10.7537011,59.9122213]]}},{"type":"Feature","id":128773291,"properties":{"cycleway:both":"no","highway":"unclassified","lane_markings":"no","lit":"yes","name":"Skippergata","oneway":"no","parking:both":"no","sidewalk:left":"no","sidewalk:right":"separate","surface":"asphalt","wikidata":"Q12000991"},"geometry":{"type":"LineString","coordinates":[[10.7492181,59.9122393],[10.7492533,59.9123013],[10.7492612,59.9123153],[10.7492695,59.91233],[10.7493025,59.9123882]]}},{"type":"Feature","id":136913930,"properties":{"bus":"yes","cycleway:both":"no","embedded_rails":"tram","highway":"unclassified","lane_markings":"no","motor_vehicle":"destination","name":"Fred Olsens gate","name:etymology:wikidata":"Q7789818","oneway":"no","smoothness":"good","surface":"concrete","width":"8","wikidata":"Q17773904"},"geometry":{"type":"LineString","coordinates":[[10.7498915,59.9108407],[10.749792,59.9108636],[10.7494576,59.9109406],[10.7493855,59.9109571],[10.7493483,59.9109657]]}},{"type":"Feature","id":136913931,"properties":{"highway":"unclassified","lane_markings":"no","maxspeed":"30","name":"Fred Olsens gate","name:etymology:wikidata":"Q7789818","oneway":"yes","surface":"asphalt","width":"9","wikidata":"Q17773904"},"geometry":{"type":"LineString","coordinates":[[10.7485123,59.9101399],[10.7484971,59.9101269],[10.7484566,59.910092],[10.7481987,59.909835]]}},{"type":"Feature","id":136913935,"properties":{"bus:backward":"yes","embedded_rails":"tram","highway":"unclassified","lanes":"3","lanes:backward":"1","lanes:forward":"2","motor_vehicle:backward":"no","name":"Prinsens gate","oneway":"yes","oneway:bicycle":"no","surface":"asphalt","wikidata":"Q11996247"},"geometry":{"type":"LineString","coordinates":[[10.7493217,59.9099372],[10.7492388,59.9099588],[10.7492198,59.9099638],[10.7490524,59.9100072]]}},{"type":"Feature","id":140898363,"properties":{"cycleway:right":"no","embedded_rails":"tram","foot":"no","highway":"unclassified","lane_markings":"no","lit":"yes","maxspeed":"30","name":"Fred Olsens gate","name:etymology:wikidata":"Q7789818","oneway":"yes","parking:both":"no","sidewalk:both":"no","surface":"asphalt"},"geometry":{"type":"LineString","coordinates":[[10.7507758,59.9123137],[10.7507204,59.9122869],[10.750663,59.9122592],[10.7506606,59.912258],[10.750631,59.9122437]]}},{"type":"Feature","id":140955294,"properties":{"cycleway:right":"no","highway":"unclassified","lanes":"1","lit":"yes","maxspeed":"30","name":"Biskop Gunnerus’ gate","name:etymology:wikidata":"Q703279","oneway":"yes","parking:both":"no","sidewalk:left":"no","sidewalk:right":"separate","surface":"asphalt","wikidata":"Q17750422"},"geometry":{"type":"LineString","coordinates":[[10.7493025,59.9123882],[10.7487503,59.9124145],[10.7485975,59.9124255],[10.7485087,59.9124422],[10.7484013,59.9124757],[10.748335,59.9124943]]}},{"type":"Feature","id":161325286,"properties":{"cycleway:right":"no","highway":"unclassified","lanes":"2","lit":"yes","maxspeed":"30","name":"Biskop Gunnerus’ gate","name:etymology:wikidata":"Q703279","oneway":"yes","parking:both":"no","sidewalk:left":"no","sidewalk:right":"separate","smoothness":"good","surface":"asphalt","wikidata":"Q17750422"},"geometry":{"type":"LineString","coordinates":[[10.7516143,59.9122718],[10.7511276,59.9122957],[10.7510468,59.9122997],[10.7509714,59.9123033],[10.7508184,59.9123114],[10.750802,59.9123123],[10.7507758,59.9123137]]}},{"type":"Feature","id":161325289,"properties":{"bus":"yes","highway":"service","lanes":"1","motor_vehicle":"no","surface":"asphalt"},"geometry":{"type":"LineString","coordinates":[[10.752704,59.9120641],[10.7526352,59.9121044],[10.7525522,59.9121531]]}},{"type":"Feature","id":161325290,"properties":{"bus":"yes","embedded_rails":"tram","highway":"service","lanes":"1","motor_vehicle":"no","oneway":"yes","surface":"asphalt"},"geometry":{"type":"LineString","coordinates":[[10.752268,59.912085],[10.7526557,59.9120664],[10.752704,59.9120641]]}},{"type":"Feature","id":161325297,"properties":{"highway":"unclassified","lanes":"2","name":"Biskop Gunnerus’ gate","name:etymology:wikidata":"Q703279","oneway":"yes","surface":"asphalt","wikidata":"Q17750422"},"geometry":{"type":"LineString","coordinates":[[10.752268,59.912085],[10.7524132,59.9121198],[10.7524923,59.9121387],[10.7525522,59.9121531],[10.7527263,59.9121485],[10.7532193,59.9121257],[10.7533727,59.9121204],[10.753518,59.9121177],[10.7536571,59.9121164],[10.7537906,59.9121109]]}},{"type":"Feature","id":179095455,"properties":{"bus":"yes","cycleway:right":"shared_lane","cycleway:right:lane":"pictogram","embedded_rails":"tram","highway":"unclassified","lane_markings":"no","maxspeed":"30","motor_vehicle":"destination","name":"Fred Olsens gate","name:etymology:wikidata":"Q7789818","oneway":"yes","sidewalk:both":"separate","surface":"concrete","wikidata":"Q17773904"},"geometry":{"type":"LineString","coordinates":[[10.7493483,59.9109657],[10.7493003,59.9109362],[10.7492481,59.9108975],[10.7491825,59.910831]]}},{"type":"Feature","id":261145041,"properties":{"electrified":"contact_line","frequency":"0","gauge":"1435","name":"Søndre streng","railway":"tram","service":"siding","voltage":"750"},"geometry":{"type":"LineString","coordinates":[[10.7499009,59.910851],[10.7498515,59.9108762],[10.7498052,59.9108998],[10.7497593,59.9109157],[10.7497214,59.9109274],[10.7496797,59.9109369],[10.7496435,59.9109427],[10.7496056,59.9109464],[10.749562,59.9109486],[10.7495168,59.9109473],[10.7494753,59.9109431],[10.7494576,59.9109406],[10.7494343,59.9109372],[10.749397,59.9109301],[10.7493595,59.9109196],[10.7493282,59.9109085],[10.7492874,59.9108883],[10.7492583,59.9108686],[10.7492137,59.9108305]]}},{"type":"Feature","id":261145044,"properties":{"electrified":"contact_line","frequency":"0","gauge":"1435","name":"Søndre streng","railway":"tram","railway:preferred_direction":"forward","voltage":"750"},"geometry":{"type":"LineString","coordinates":[[10.7496418,59.9111384],[10.749631,59.9111203],[10.7496202,59.9110984],[10.7496132,59.9110746],[10.7496121,59.9110499],[10.7496157,59.9110274],[10.7496218,59.9110086],[10.7496316,59.9109905],[10.7496438,59.9109727],[10.7496621,59.910953],[10.7496797,59.9109369],[10.749708,59.9109151],[10.7497353,59.9108968],[10.7497744,59.9108736],[10.749792,59.9108636],[10.7498496,59.9108308],[10.7499057,59.9107968],[10.7499442,59.9107672],[10.7499716,59.9107413],[10.7499973,59.9107105],[10.7500119,59.9106836],[10.7500212,59.9106573],[10.7500253,59.9106313],[10.7500248,59.910608],[10.7500209,59.9105817],[10.7500128,59.9105591],[10.749996,59.9105325],[10.7499742,59.9105026],[10.7499412,59.9104683],[10.7496397,59.9101471]]}},{"type":"Feature","id":261145049,"properties":{"electrified":"contact_line","frequency":"0","gauge":"1435","name":"Søndre streng","railway":"tram","service":"siding","voltage":"750"},"geometry":{"type":"LineString","coordinates":[[10.7496418,59.9111384],[10.7496098,59.9110886],[10.7495847,59.9110565],[10.7495611,59.9110353],[10.7495377,59.9110202],[10.7495125,59.9110068],[10.7494734,59.9109901],[10.7494236,59.9109715],[10.7493855,59.9109571],[10.749342,59.9109386],[10.7493098,59.9109191],[10.7492821,59.9108968],[10.749255,59.9108722],[10.7492137,59.9108305]]}},{"type":"Feature","id":261145050,"properties":{"electrified":"contact_line","frequency":"0","gauge":"1435","name":"Søndre streng","railway":"tram","railway:preferred_direction":"forward","railway:track_ref":"C","voltage":"750"},"geometry":{"type":"LineString","coordinates":[[10.7498118,59.9112518],[10.7500753,59.9115273],[10.7503071,59.911773]]}},{"type":"Feature","id":261145051,"properties":{"electrified":"contact_line","frequency":"0","gauge":"1435","railway":"tram","railway:preferred_direction":"forward","voltage":"750"},"geometry":{"type":"LineString","coordinates":[[10.7497464,59.9112638],[10.7497321,59.9112489],[10.7497073,59.9112222],[10.7496816,59.9111937],[10.7496591,59.9111643],[10.7496418,59.9111384]]}},{"type":"Feature","id":261145055,"properties":{"disused:electrified":"contact_line","disused:frequency":"0","disused:gauge":"1435","disused:railway":"tram","disused:railway:preferred_direction":"forward","disused:voltage":"750","railway":"disused"},"geometry":{"type":"LineString","coordinates":[[10.7494962,59.9099211],[10.7495134,59.9099367],[10.7495266,59.9099498],[10.749563,59.9099871],[10.7496001,59.9100249],[10.7496012,59.9100261],[10.7496559,59.9100867]]}},{"type":"Feature","id":262951979,"properties":{"electrified":"contact_line","frequency":"0","gauge":"1435","name":"Grünerløkka–Torshov-linjen","railway":"tram","railway:preferred_direction":"forward","voltage":"750"},"geometry":{"type":"LineString","coordinates":[[10.7481811,59.912649],[10.7481376,59.9126907],[10.7480994,59.9127318],[10.7480823,59.9127598],[10.7480749,59.9127865],[10.7480749,59.9128126],[10.7480842,59.9128384],[10.7480959,59.9128564],[10.7481143,59.9128775],[10.7481425,59.9128994],[10.7481687,59.9129155],[10.7482211,59.91294],[10.7483091,59.9129717]]}},{"type":"Feature","id":263354861,"properties":{"highway":"trunk","lanes":"2","lit":"yes","maxspeed":"50","name":"Lybekkergata","name:etymology:wikidata":"Q2843","ref":"162;Ring 1","sidewalk:both":"separate","surface":"asphalt","wikidata":"Q19343811"},"geometry":{"type":"LineString","coordinates":[[10.752904,59.9136339],[10.7526722,59.9138666],[10.7526369,59.9139094],[10.7526101,59.9139531],[10.7525959,59.9139885],[10.7525863,59.9140251],[10.7525817,59.9140586],[10.752587,59.9140986],[10.7526051,59.9141727],[10.7526153,59.9142165],[10.7526227,59.9142472]]}},{"type":"Feature","id":263354864,"properties":{"highway":"unclassified","lane_markings":"no","maxspeed":"30","name":"Stenersgata","oneway":"yes","surface":"asphalt","wikidata":"Q19390461"},"geometry":{"type":"LineString","coordinates":[[10.7528224,59.9131736],[10.7529572,59.9131839],[10.7530424,59.9131887],[10.7531169,59.9132028],[10.7532798,59.913245]]}},{"type":"Feature","id":263354865,"properties":{"highway":"unclassified","lane_markings":"no","maxspeed":"30","name":"Stenersgata","oneway":"yes","sidewalk:both":"separate","surface":"asphalt","wikidata":"Q19390461"},"geometry":{"type":"LineString","coordinates":[[10.7532487,59.9132808],[10.7530649,59.9132571],[10.7529518,59.9132209],[10.7528224,59.9131736]]}},{"type":"Feature","id":266171432,"properties":{"electrified":"contact_line","frequency":"0","gauge":"1435","name":"Grünerløkka–Torshov-linjen","railway":"tram","railway:preferred_direction":"forward","start_date":"2021-06-21","voltage":"750"},"geometry":{"type":"LineString","coordinates":[[10.7497842,59.9134108],[10.7498179,59.9134196],[10.7498259,59.9134217],[10.7498572,59.9134294],[10.7498835,59.913435],[10.74991,59.9134397],[10.7499347,59.9134434],[10.7499592,59.9134466],[10.7499671,59.9134472],[10.7499783,59.9134478],[10.7500038,59.9134489],[10.7500282,59.9134495],[10.7500484,59.9134492],[10.750071,59.9134485],[10.7500917,59.9134472],[10.7501138,59.9134451],[10.7501441,59.9134418],[10.7501656,59.9134381],[10.7501913,59.913433],[10.7502177,59.9134263],[10.750245,59.9134183],[10.7502673,59.91341],[10.750291,59.9134004],[10.7503139,59.9133897],[10.7503315,59.9133799],[10.7503365,59.9133766],[10.7503526,59.9133662],[10.7503789,59.9133472],[10.7503984,59.9133313]]}},{"type":"Feature","id":287195490,"properties":{"electrified":"contact_line","frequency":"0","gauge":"1435","name":"Søndre streng","railway":"tram","voltage":"750"},"geometry":{"type":"LineString","coordinates":[[10.7496397,59.9101471],[10.7496089,59.910115],[10.7495942,59.9101005],[10.7495763,59.9100864],[10.7495585,59.9100741],[10.749532,59.9100586],[10.7495115,59.9100488],[10.7494784,59.9100353],[10.7494507,59.9100261],[10.7494187,59.9100182],[10.749389,59.9100116],[10.7493514,59.9100057],[10.7493068,59.9100013],[10.7492544,59.91],[10.749223,59.9100001],[10.7491858,59.9100019],[10.749146,59.910006],[10.7491064,59.9100129],[10.7490457,59.9100264]]}},{"type":"Feature","id":287195491,"properties":{"electrified":"contact_line","frequency":"0","gauge":"1435","name":"Søndre streng","railway":"tram","voltage":"750"},"geometry":{"type":"LineString","coordinates":[[10.7490635,59.9099873],[10.7491053,59.9099775],[10.7491472,59.9099688],[10.7491953,59.909962],[10.7492165,59.9099603],[10.7492388,59.9099588],[10.7492783,59.9099578],[10.7493171,59.9099582],[10.7493564,59.9099613],[10.749394,59.9099661],[10.749427,59.9099711],[10.7494606,59.9099786],[10.7494929,59.9099875],[10.7495172,59.9099956],[10.7495405,59.9100043],[10.7495643,59.9100155],[10.7495803,59.9100251],[10.7495872,59.9100296],[10.7496027,59.9100398],[10.7496264,59.9100585],[10.749642,59.9100724],[10.7496559,59.9100867],[10.749693,59.9101262]]}},{"type":"Feature","id":287195492,"properties":{"electrified":"contact_line","frequency":"0","gauge":"1435","name":"Søndre streng","railway":"tram","railway:preferred_direction":"forward","voltage":"750"},"geometry":{"type":"LineString","coordinates":[[10.7498187,59.9102576],[10.7500044,59.9104541],[10.750041,59.9104946],[10.7500663,59.9105252],[10.7500855,59.9105539],[10.7500959,59.9105762],[10.7501016,59.9106052],[10.7501033,59.91063],[10.7500983,59.910663],[10.7500861,59.9106956],[10.7500679,59.9107246],[10.7500399,59.9107559],[10.7500029,59.9107864],[10.7499612,59.9108145],[10.7499009,59.910851],[10.7498374,59.9108887],[10.7497882,59.9109199],[10.7497659,59.9109351],[10.7497478,59.9109503],[10.7497284,59.9109679],[10.7497134,59.9109867],[10.7497039,59.9110015],[10.7496959,59.9110177],[10.7496905,59.9110352],[10.7496864,59.9110538],[10.7496863,59.9110756],[10.7496909,59.9110977],[10.7496984,59.9111178],[10.7497087,59.9111354],[10.7497192,59.9111522],[10.7497415,59.9111799],[10.7497688,59.9112092],[10.7497966,59.9112359],[10.7498118,59.9112518]]}},{"type":"Feature","id":287195493,"properties":{"electrified":"contact_line","frequency":"0","gauge":"1435","name":"Bjørvikalinja","railway":"tram","railway:preferred_direction":"forward","voltage":"750"},"geometry":{"type":"LineString","coordinates":[[10.7493901,59.909901],[10.749432,59.9098893],[10.749444,59.909886],[10.749504,59.909869]]}},{"type":"Feature","id":287195495,"properties":{"electrified":"contact_line","frequency":"0","gauge":"1435","name":"Bjørvikalinja","railway":"tram","railway:preferred_direction":"forward","voltage":"750"},"geometry":{"type":"LineString","coordinates":[[10.7499599,59.9097862],[10.7497506,59.9098373],[10.7496856,59.9098557],[10.7496449,59.9098672],[10.7495319,59.9098989]]}},{"type":"Feature","id":287195496,"properties":{"electrified":"contact_line","frequency":"0","gauge":"1435","name":"Bjørvikalinja","railway":"tram","railway:preferred_direction":"forward","voltage":"750"},"geometry":{"type":"LineString","coordinates":[[10.7494221,59.9099302],[10.7493752,59.9099432],[10.7493171,59.9099582],[10.7490457,59.9100264]]}},{"type":"Feature","id":310669598,"properties":{"highway":"service","surface":"asphalt"},"geometry":{"type":"LineString","coordinates":[[10.7525686,59.9130445],[10.7528224,59.9131736]]}},{"type":"Feature","id":311012185,"properties":{"highway":"trunk","lanes":"3","lanes:backward":"1","lanes:forward":"2","lit":"yes","maxspeed":"50","name":"Hammersborggata","ref":"162;Ring 1","sidewalk:both":"separate","surface":"asphalt","wikidata":"Q17782011"},"geometry":{"type":"LineString","coordinates":[[10.7525052,59.9145278],[10.7522629,59.9147206],[10.7518283,59.9150582],[10.7517803,59.915091],[10.7517319,59.9151234],[10.7516387,59.9151719]]}},{"type":"Feature","id":352083937,"properties":{"natural":"water"},"geometry":{"type":"LineString","coordinates":[[10.7507797,59.9112282],[10.750784,59.9112271],[10.7507887,59.9112264],[10.750795,59.9112258],[10.7508014,59.9112258],[10.7508078,59.9112264],[10.7508138,59.9112275],[10.7508194,59.9112291],[10.7508243,59.9112312],[10.7508286,59.9112336],[10.7508311,59.9112356],[10.7508331,59.9112379],[10.7508348,59.911241],[10.7508354,59.9112442],[10.750835,59.9112474],[10.7508334,59.9112506],[10.7508308,59.9112535],[10.7508271,59.9112562],[10.7508227,59.9112585],[10.7508175,59.9112604],[10.7508117,59.9112618],[10.7507797,59.9112282]]}},{"type":"Feature","id":369652682,"properties":{"electrified":"contact_line","frequency":"0","gauge":"1435","name":"Søndre streng","railway":"tram","railway:preferred_direction":"forward","service":"siding","voltage":"750"},"geometry":{"type":"LineString","coordinates":[[10.7492137,59.9108305],[10.7491644,59.9107775],[10.7487396,59.9103285],[10.7487142,59.9103028],[10.7486935,59.9102863],[10.7486696,59.9102706],[10.7486525,59.9102621],[10.7486371,59.9102545],[10.7486003,59.9102392],[10.7485537,59.9102244],[10.7485167,59.9102167],[10.7484818,59.9102118],[10.7484518,59.9102088],[10.7484144,59.9102068],[10.7483733,59.9102067],[10.748326,59.9102098],[10.7482856,59.910215],[10.7481994,59.9102324]]}},{"type":"Feature","id":369652683,"properties":{"electrified":"contact_line","frequency":"0","gauge":"1435","name":"Bjørvikalinja","railway":"tram","railway:preferred_direction":"forward","voltage":"750"},"geometry":{"type":"LineString","coordinates":[[10.7495319,59.9098989],[10.7494837,59.9099129],[10.7494622,59.9099191],[10.7494221,59.9099302]]}},{"type":"Feature","id":369652684,"properties":{"electrified":"contact_line","frequency":"0","gauge":"1435","name":"Bjørvikalinja","railway":"tram","railway:preferred_direction":"forward","voltage":"750"},"geometry":{"type":"LineString","coordinates":[[10.749504,59.909869],[10.7496234,59.9098364],[10.7496595,59.9098266],[10.7498945,59.909769]]}},{"type":"Feature","id":405327663,"properties":{"bus:forward":"yes","embedded_rails":"tram","highway":"unclassified","lanes":"2","motor_vehicle:backward":"no","motor_vehicle:forward":"destination","name":"Strandgata","oneway":"no","surface":"concrete","wikidata":"Q19390867"},"geometry":{"type":"LineString","coordinates":[[10.7500639,59.9106211],[10.7500577,59.910663],[10.750047,59.9106906],[10.7500314,59.9107186],[10.7500101,59.9107439],[10.7499802,59.9107711],[10.7499374,59.9108058],[10.7498915,59.9108407]]}},{"type":"Feature","id":456257414,"properties":{"electrified":"contact_line","frequency":"0","gauge":"1435","name":"Søndre streng","railway":"tram","service":"siding","voltage":"750"},"geometry":{"type":"LineString","coordinates":[[10.7487396,59.9103285],[10.7486962,59.9102828],[10.748672,59.9102564],[10.7486578,59.9102363],[10.74865,59.9102178],[10.7486469,59.9102012],[10.7486468,59.9101815],[10.7486533,59.9101622],[10.7486638,59.9101428],[10.7486731,59.910131],[10.748681,59.9101217],[10.7486904,59.910112],[10.7487171,59.9100931],[10.7487316,59.9100858],[10.7487758,59.9100637],[10.7488127,59.9100515],[10.748843,59.9100428],[10.7488754,59.9100342]]}},{"type":"Feature","id":467248310,"properties":{"highway":"service","oneway":"yes","surface":"asphalt"},"geometry":{"type":"LineString","coordinates":[[10.7522967,59.9121595],[10.7522697,59.9121418],[10.7521887,59.9120888],[10.7521819,59.9120449],[10.7521777,59.9120236]]}},{"type":"Feature","id":467248311,"properties":{"highway":"service","oneway":"yes","surface":"asphalt"},"geometry":{"type":"LineString","coordinates":[[10.7522554,59.9120196],[10.7522599,59.912041],[10.752268,59.912085]]}},{"type":"Feature","id":467248312,"properties":{"highway":"service","oneway":"yes","surface":"asphalt","tunnel":"building_passage"},"geometry":{"type":"LineString","coordinates":[[10.7521777,59.9120236],[10.7521696,59.9119612],[10.7521777,59.9119081],[10.7522085,59.9118737],[10.7522541,59.9118401],[10.7530856,59.91166],[10.7531526,59.9116694],[10.7532331,59.911699],[10.7533104,59.9117875],[10.753327,59.9118065],[10.7533377,59.911859],[10.7532894,59.9118993],[10.7531285,59.9119276],[10.7529998,59.9119276],[10.7524633,59.9119316],[10.7523346,59.9119476],[10.7522729,59.9119665],[10.7522554,59.9120196]]}},{"type":"Feature","id":467248315,"properties":{"cycleway:right":"no","highway":"unclassified","lanes":"1","lit":"no","maxspeed":"30","name":"Biskop Gunnerus’ gate","name:etymology:wikidata":"Q703279","oneway":"yes","parking:both":"no","sidewalk:left":"no","sidewalk:right":"separate","surface":"asphalt","wikidata":"Q17750422"},"geometry":{"type":"LineString","coordinates":[[10.7507758,59.9123137],[10.7507474,59.9123151],[10.7506804,59.9123184],[10.7504246,59.9123311],[10.7495177,59.9123794],[10.7493025,59.9123882]]}},{"type":"Feature","id":469657601,"properties":{"area":"yes","highway":"pedestrian","lit":"yes","noname":"yes","surface":"paving_stones"},"geometry":{"type":"LineString","coordinates":[[10.750192,59.9134126],[10.7501622,59.9134196],[10.750114,59.9134272],[10.7500695,59.9134319],[10.7500359,59.9134331],[10.7500087,59.9134338],[10.7499817,59.9134332],[10.7499574,59.9134312],[10.7499233,59.9134267],[10.7498917,59.9134214],[10.749879,59.9134189],[10.7498619,59.9134148],[10.7498327,59.9134067],[10.7497558,59.9133843],[10.7497737,59.9133686],[10.7497981,59.9133537],[10.749817,59.9133507],[10.7498337,59.913346],[10.7498491,59.913339],[10.7498614,59.9133314],[10.7498693,59.9133197],[10.7498719,59.9133085],[10.7498694,59.9132979],[10.7498627,59.9132891],[10.7498616,59.9132876],[10.7498494,59.9132786],[10.7498336,59.9132714],[10.7498139,59.9132661],[10.749686,59.913095],[10.749543,59.912907],[10.749334,59.912632],[10.749307,59.912602],[10.749333,59.912596],[10.7493203,59.9125828],[10.7491926,59.9124372],[10.7493302,59.9124295],[10.7494893,59.9124223],[10.7495167,59.9124602],[10.749522,59.91249],[10.749623,59.912622],[10.7498,59.9128512],[10.7497583,59.9128593],[10.7499377,59.9130892],[10.7499628,59.9131267],[10.75001,59.9131183],[10.750106,59.9132448],[10.7501136,59.9132547],[10.7501111,59.9132764],[10.7501135,59.9132865],[10.7501199,59.9132974],[10.7501339,59.9133059],[10.7501466,59.9133131],[10.7501752,59.9133205],[10.7501837,59.913369],[10.750192,59.9134126]]}},{"type":"Feature","id":476921063,"properties":{"electrified":"contact_line","frequency":"0","gauge":"1435","name":"Bjørvikalinja","railway":"tram","railway:preferred_direction":"forward","voltage":"750"},"geometry":{"type":"LineString","coordinates":[[10.7490635,59.9099873],[10.7492076,59.9099507],[10.7492413,59.9099422],[10.7493085,59.9099238],[10.7493901,59.909901]]}},{"type":"Feature","id":480699236,"properties":{"highway":"pedestrian","name":"Strøget","surface":"paving_stones"},"geometry":{"type":"LineString","coordinates":[[10.7483485,59.9140444],[10.7485493,59.9139614],[10.748796,59.9137676],[10.7488478,59.913757]]}},{"type":"Feature","id":486989127,"properties":{"embedded_rails":"tram","highway":"unclassified","lanes":"2","maxspeed":"30","motor_vehicle":"destination","name":"Fred Olsens gate","name:etymology:wikidata":"Q7789818","oneway":"yes","psv":"yes","surface":"asphalt","wikidata":"Q17773904"},"geometry":{"type":"LineString","coordinates":[[10.7488127,59.9104427],[10.7486525,59.9102621],[10.7485979,59.9102134],[10.7485266,59.9101522],[10.7485123,59.9101399]]}},{"type":"Feature","id":505156685,"properties":{"highway":"trunk_link","lane_markings":"no","maxspeed":"50","name":"Stenersgata","oneway":"yes","sidewalk:both":"separate","surface":"asphalt","wikidata":"Q19390461"},"geometry":{"type":"LineString","coordinates":[[10.7534329,59.9132946],[10.7533384,59.9132913],[10.7532487,59.9132808]]}},{"type":"Feature","id":505156687,"properties":{"highway":"trunk_link","lane_markings":"no","maxspeed":"50","name":"Stenersgata","oneway":"yes","sidewalk:both":"separate","surface":"asphalt","wikidata":"Q19390461"},"geometry":{"type":"LineString","coordinates":[[10.7532798,59.913245],[10.7533567,59.9132683],[10.7534329,59.9132946]]}},{"type":"Feature","id":655426875,"properties":{"highway":"service","oneway":"yes","surface":"asphalt"},"geometry":{"type":"LineString","coordinates":[[10.7490524,59.9100072],[10.7490937,59.9100584],[10.7491036,59.9100707],[10.749115,59.9100834]]}},{"type":"Feature","id":655426930,"properties":{"highway":"service","oneway":"yes","surface":"asphalt","tunnel":"building_passage"},"geometry":{"type":"LineString","coordinates":[[10.7522729,59.9119665],[10.7522664,59.9119262]]}},{"type":"Feature","id":655426931,"properties":{"highway":"service","oneway":"yes","surface":"asphalt","tunnel":"building_passage"},"geometry":{"type":"LineString","coordinates":[[10.7521696,59.9119612],[10.7522664,59.9119262]]}},{"type":"Feature","id":663292119,"properties":{"bus:backward":"yes","busway":"opposite_lane","embedded_rails":"tram","highway":"unclassified","lanes":"2","motor_vehicle:backward":"no","name":"Prinsens gate","oneway":"no","oneway:bicycle":"no","surface":"asphalt","wikidata":"Q11996247"},"geometry":{"type":"LineString","coordinates":[[10.7494466,59.9099036],[10.7493217,59.9099372]]}},{"type":"Feature","id":663315964,"properties":{"bus":"yes","cycleway:right":"no","highway":"unclassified","lanes":"1","lit":"yes","motor_vehicle":"no","name":"Jernbanetorget","oneway":"yes","parking:both":"no","sidewalk:left":"no","sidewalk:right":"separate","surface":"concrete","width":"3"},"geometry":{"type":"LineString","coordinates":[[10.7502021,59.9115239],[10.7506697,59.9120244]]}},{"type":"Feature","id":663315965,"properties":{"bus":"yes","cycleway:right":"no","highway":"unclassified","lanes":"1","lit":"yes","motor_vehicle":"no","name":"Jernbanetorget","oneway":"yes","parking:both":"no","sidewalk:left":"no","sidewalk:right":"separate","surface":"asphalt","width":"3"},"geometry":{"type":"LineString","coordinates":[[10.7506697,59.9120244],[10.7506704,59.9120251],[10.7506999,59.9120559],[10.7507842,59.9121554]]}},{"type":"Feature","id":663315966,"properties":{"bus":"yes","cycleway:right":"no","highway":"unclassified","lanes":"1","lit":"yes","motor_vehicle":"no","name":"Jernbanetorget","oneway":"yes","parking:both":"no","sidewalk:left":"no","sidewalk:right":"separate","source:width":"ARCore","surface":"asphalt","width":"3.1"},"geometry":{"type":"LineString","coordinates":[[10.7504843,59.9121728],[10.7503926,59.9120764],[10.7503575,59.9120396]]}},{"type":"Feature","id":663315967,"properties":{"bus":"yes","embedded_rails":"tram","highway":"unclassified","lane_markings":"no","maxspeed":"30","motor_vehicle":"destination","name":"Fred Olsens gate","name:etymology:wikidata":"Q7789818","oneway":"yes","sidewalk:both":"separate","surface":"asphalt","wikidata":"Q17773904"},"geometry":{"type":"LineString","coordinates":[[10.7491825,59.910831],[10.7489979,59.9106436],[10.7488127,59.9104427]]}},{"type":"Feature","id":663315968,"properties":{"bus:forward":"yes","embedded_rails":"tram","highway":"unclassified","lanes":"2","motor_vehicle:backward":"no","motor_vehicle:forward":"destination","name":"Strandgata","oneway":"no","surface":"asphalt","wikidata":"Q19390867"},"geometry":{"type":"LineString","coordinates":[[10.7494466,59.9099036],[10.7494622,59.9099191],[10.7495405,59.9100043],[10.7495682,59.9100344],[10.7495729,59.9100395],[10.7496179,59.9100885],[10.7499747,59.9104637],[10.7500185,59.9105096],[10.7500417,59.9105448],[10.7500556,59.9105777],[10.7500639,59.9106211]]}},{"type":"Feature","id":666375433,"properties":{"highway":"pedestrian","lit":"yes","maxspeed":"5","motor_vehicle:conditional":"delivery @ (Mo-Fr 00:00-11:00; Sa 00:00-09:00; PH off)","name":"Karl Johans gate","name:etymology:wikidata":"Q52927","surface":"paving_stones","wikidata":"Q1490775"},"geometry":{"type":"LineString","coordinates":[[10.7485204,59.9114194],[10.7485449,59.9114143],[10.749495,59.9111987],[10.7495192,59.9111933],[10.7495482,59.9111867]]}},{"type":"Feature","id":666375435,"properties":{"footway":"crossing","highway":"pedestrian","lit":"yes","maxspeed":"5","motor_vehicle:conditional":"delivery @ (Mo-Fr 00:00-11:00; Sa 00:00-09:00; PH off)","name":"Karl Johans gate","name:etymology:wikidata":"Q52927","surface":"paving_stones"},"geometry":{"type":"LineString","coordinates":[[10.7484133,59.9114418],[10.7484664,59.9114307],[10.7485204,59.9114194]]}},{"type":"Feature","id":690067289,"properties":{"highway":"pedestrian","lit":"yes","maxspeed":"30","motor_vehicle":"yes","name":"Skippergata","note":"Actually not a pedestrian street, since there's no sign marking it as such, but the street is shared with pedestrians.","surface":"paving_stones","wikidata":"Q12000991","zone:parking":"no_parking"},"geometry":{"type":"LineString","coordinates":[[10.7493302,59.9124295],[10.7498438,59.9131058],[10.7498783,59.9131518]]}},{"type":"Feature","id":690067452,"properties":{"highway":"pedestrian","lit":"yes","maxspeed":"30","motor_vehicle":"yes","name":"Skippergata","oneway":"no","surface":"asphalt"},"geometry":{"type":"LineString","coordinates":[[10.7493025,59.9123882],[10.7493212,59.9124162],[10.7493302,59.9124295]]}},{"type":"Feature","id":721726890,"properties":{"area":"yes","bench":"yes","bin":"yes","bus":"yes","departures_board":"timetable;realtime","highway":"platform","lit":"yes","name":"Storgata","network":"Ruter","passenger_information_display":"yes","public_transport":"platform","railway":"platform","shelter":"yes","surface":"paving_stones","tactile_paving":"yes","tram":"yes"},"geometry":{"type":"LineString","coordinates":[[10.7514805,59.9140293],[10.7516888,59.9140915],[10.7517468,59.9141088],[10.7519458,59.9141679],[10.7519613,59.9141548],[10.7519751,59.9141431],[10.7513983,59.9139717],[10.7508215,59.9138002],[10.7508085,59.9138112],[10.7507922,59.913825],[10.7510597,59.9139043],[10.751142,59.9139287],[10.7514805,59.9140293]]}},{"type":"Feature","id":721726892,"properties":{"electrified":"contact_line","frequency":"0","gauge":"1435","name":"Grünerløkka–Torshov-linjen","railway":"tram","railway:preferred_direction":"forward","start_date":"2021-06-21","voltage":"750"},"geometry":{"type":"LineString","coordinates":[[10.7497842,59.9134108],[10.7498171,59.9134203],[10.749837,59.9134261],[10.7498754,59.9134376],[10.749924,59.913452],[10.749952,59.9134606],[10.7499995,59.9134759],[10.7500677,59.9134978],[10.7501198,59.9135157],[10.7501696,59.9135339],[10.75025,59.9135641],[10.750312,59.9135872],[10.7503776,59.9136108],[10.750398,59.9136176],[10.7504726,59.9136425],[10.7505371,59.9136622],[10.75058,59.9136751],[10.7506374,59.9136918]]}},{"type":"Feature","id":721726893,"properties":{"electrified":"contact_line","frequency":"0","gauge":"1435","name":"Grünerløkka–Torshov-linjen","railway":"tram","railway:preferred_direction":"forward","start_date":"2021-06-21","voltage":"750"},"geometry":{"type":"LineString","coordinates":[[10.7505468,59.9137042],[10.7503934,59.9136557],[10.7503641,59.9136459],[10.7503262,59.9136328],[10.7502791,59.9136156],[10.7502092,59.9135899],[10.7501321,59.9135608],[10.7500801,59.9135411],[10.7500289,59.9135228],[10.7499646,59.913502],[10.7499213,59.9134886],[10.7498982,59.9134815],[10.7498412,59.9134643]]}},{"type":"Feature","id":721726900,"properties":{"area":"yes","bench":"yes","bin":"yes","bus":"yes","departures_board":"timetable;realtime","highway":"platform","lit":"yes","name":"Storgata","network":"Ruter","passenger_information_display":"yes","public_transport":"platform","railway":"platform","shelter":"yes","surface":"paving_stones","tactile_paving":"yes","tram":"yes"},"geometry":{"type":"LineString","coordinates":[[10.7514569,59.9139215],[10.7508797,59.9137499],[10.7508962,59.913736],[10.7509119,59.9137227],[10.7509619,59.9137376],[10.7510105,59.9137521],[10.7510225,59.9137558],[10.7510242,59.9137541],[10.7511043,59.913778],[10.7511011,59.9137808],[10.751096,59.913785],[10.7511209,59.9137924],[10.7514375,59.9138854],[10.7514409,59.913883],[10.7515318,59.9139102],[10.7516082,59.9139329],[10.7516218,59.9139369],[10.7516276,59.9139325],[10.7517167,59.9139592],[10.7517306,59.9139634],[10.7517541,59.9139704],[10.7517927,59.9139819],[10.7518304,59.9139931],[10.7518449,59.9139974],[10.7518823,59.9140085],[10.7519208,59.9140199],[10.7519913,59.9140408],[10.7520554,59.9140598],[10.7520687,59.9140638],[10.7520516,59.9140783],[10.752034,59.9140931],[10.7514569,59.9139215]]}},{"type":"Feature","id":755563152,"properties":{"access":"no","construction":"yes","leisure":"playground"},"geometry":{"type":"LineString","coordinates":[[10.7514732,59.9100908],[10.7514862,59.9100954],[10.7515043,59.9100967],[10.7515313,59.9100951],[10.7515519,59.9100895],[10.7515602,59.9100843],[10.7516242,59.9100726],[10.7516304,59.9100732],[10.7516375,59.910072],[10.7516532,59.9100648],[10.7516863,59.9100465],[10.7516978,59.9100437],[10.7517181,59.9100402],[10.7517297,59.9100351],[10.7517343,59.9100307],[10.7517358,59.9100253],[10.7517343,59.9100186],[10.7517235,59.910004],[10.7517257,59.9100014],[10.7517304,59.9099954],[10.7517299,59.9099884],[10.7517314,59.9099838],[10.7517377,59.9099778],[10.7517414,59.9099723],[10.7517436,59.9099677],[10.7517495,59.9099633],[10.7517532,59.9099587],[10.7517559,59.9099496],[10.7517544,59.9099409],[10.7517485,59.9099308],[10.7517382,59.9099184],[10.7517051,59.9099122],[10.751687,59.9099058],[10.7516502,59.9098935],[10.7516288,59.9098834],[10.7516113,59.9098721],[10.7515938,59.9098771],[10.7515607,59.9098769],[10.7515092,59.9098894],[10.7514835,59.909899],[10.7514737,59.9098981],[10.7514261,59.9099033],[10.7514133,59.9098999],[10.7513763,59.9099035],[10.7513675,59.9099171],[10.7513751,59.9099269],[10.7513722,59.9099371],[10.7513775,59.9099468],[10.7513991,59.9099471],[10.7514001,59.9099514],[10.7513874,59.9099659],[10.7513839,59.9099771],[10.7514011,59.9100074],[10.7514366,59.9100523],[10.7514732,59.9100908]]}},{"type":"Feature","id":779542182,"properties":{"leisure":"outdoor_seating","seasonal":"yes"},"geometry":{"type":"LineString","coordinates":[[10.7509036,59.9103869],[10.7512551,59.9103279],[10.7511892,59.9102293],[10.7508378,59.9102883],[10.7509036,59.9103869]]}},{"type":"Feature","id":779542183,"properties":{"leisure":"outdoor_seating"},"geometry":{"type":"LineString","coordinates":[[10.7508514,59.9105035],[10.7508161,59.9104511],[10.7518721,59.9102721],[10.7519367,59.910368],[10.7514769,59.9104459],[10.751437,59.9103866],[10.7509117,59.9104755],[10.7509225,59.9104915],[10.7508514,59.9105035]]}},{"type":"Feature","id":817959196,"properties":{"electrified":"contact_line","frequency":"0","gauge":"1435","name":"Bjørviklinja","railway":"tram","railway:preferred_direction":"forward","voltage":"750"},"geometry":{"type":"LineString","coordinates":[[10.7499599,59.9097862],[10.7498992,59.9098035],[10.7498501,59.9098184],[10.7498088,59.9098328],[10.7497679,59.90985],[10.7497456,59.9098625],[10.7497204,59.909879],[10.7497113,59.9098858],[10.7496976,59.9098968],[10.7496855,59.9099074],[10.7496696,59.9099248],[10.7496555,59.9099445],[10.7496472,59.9099617],[10.7496413,59.9099782],[10.7496359,59.9100058],[10.7496365,59.9100172],[10.7496386,59.9100335],[10.7496454,59.9100546],[10.7496547,59.9100747],[10.7496627,59.9100888],[10.7496719,59.9101012],[10.7496823,59.9101142],[10.749693,59.9101262]]}},{"type":"Feature","id":817959197,"properties":{"electrified":"contact_line","frequency":"0","gauge":"1435","name":"Bjørviklinja","railway":"tram","railway:preferred_direction":"forward","voltage":"750"},"geometry":{"type":"LineString","coordinates":[[10.7496397,59.9101471],[10.7496196,59.9101234],[10.7496106,59.9101121],[10.7496028,59.9101007],[10.7495948,59.9100889],[10.7495879,59.9100763],[10.7495794,59.9100577],[10.7495729,59.9100395],[10.7495708,59.9100338],[10.7495643,59.9100155],[10.7495625,59.9100012],[10.749563,59.9099871],[10.7495669,59.9099649],[10.7495729,59.9099497],[10.7495838,59.9099283],[10.7495957,59.9099128],[10.7496143,59.9098925],[10.749629,59.9098792],[10.7496449,59.9098672],[10.7496645,59.9098535],[10.7496775,59.9098461],[10.7496969,59.9098354],[10.7497164,59.9098255],[10.749761,59.9098088],[10.7498029,59.9097951],[10.7498448,59.9097827],[10.7498945,59.909769]]}},{"type":"Feature","id":852399725,"properties":{"highway":"service","oneway":"yes","surface":"asphalt"},"geometry":{"type":"LineString","coordinates":[[10.7488202,59.9101546],[10.7488071,59.9101401],[10.7487971,59.9101299],[10.7487625,59.9100946],[10.7487494,59.9100814]]}},{"type":"Feature","id":855665252,"properties":{"cycleway:right":"no","highway":"unclassified","lanes":"2","maxspeed":"30","name":"Biskop Gunnerus’ gate","name:etymology:wikidata":"Q703279","oneway":"yes","sidewalk:left":"no","sidewalk:right":"separate","surface":"asphalt","wikidata":"Q17750422"},"geometry":{"type":"LineString","coordinates":[[10.7524097,59.9122365],[10.7522519,59.9122399],[10.7520522,59.9122502],[10.7516143,59.9122718]]}},{"type":"Feature","id":855665253,"properties":{"cycleway:right":"shared_lane","cycleway:right:lane":"pictogram","highway":"unclassified","lanes":"2","lit":"yes","maxspeed":"30","motor_vehicle":"no","name":"Biskop Gunnerus’ gate","name:etymology:wikidata":"Q703279","oneway":"yes","parking:both":"no","psv":"yes","sidewalk:left":"no","sidewalk:right":"separate","surface":"asphalt","wikidata":"Q17750422"},"geometry":{"type":"LineString","coordinates":[[10.7492181,59.9122393],[10.7493777,59.912231],[10.7495041,59.9122244],[10.7502184,59.9121868],[10.7502812,59.9121835],[10.7504843,59.9121728]]}},{"type":"Feature","id":864638160,"properties":{"bus:backward":"yes","embedded_rails":"tram","highway":"unclassified","lanes":"3","lanes:backward":"1","lanes:forward":"2","motor_vehicle:backward":"no","name":"Prinsens gate","oneway":"yes","oneway:bicycle":"no","surface":"asphalt","turn:lanes:forward":"|left","wikidata":"Q11996247"},"geometry":{"type":"LineString","coordinates":[[10.7487494,59.9100814],[10.7487316,59.9100858],[10.7486626,59.9101027],[10.7485123,59.9101399]]}},{"type":"Feature","id":864638161,"properties":{"bus:backward":"yes","cycleway:both":"no","embedded_rails":"tram","highway":"unclassified","lanes":"3","lanes:backward":"1","lanes:forward":"2","motor_vehicle:backward":"no","name":"Prinsens gate","oneway":"yes","oneway:bicycle":"no","surface":"asphalt","turn:lanes:forward":"|left","wikidata":"Q11996247"},"geometry":{"type":"LineString","coordinates":[[10.7490524,59.9100072],[10.7487494,59.9100814]]}},{"type":"Feature","id":874868317,"properties":{"electrified":"contact_line","frequency":"0","gauge":"1435","name":"Nordre streng","railway":"tram","railway:preferred_direction":"forward","railway:track_ref":"F","voltage":"750"},"geometry":{"type":"LineString","coordinates":[[10.7502796,59.9122776],[10.7499034,59.9122966],[10.7495379,59.9123161]]}},{"type":"Feature","id":874868318,"properties":{"electrified":"contact_line","frequency":"0","gauge":"1435","name":"Nordre streng","railway":"tram","railway:preferred_direction":"forward","railway:track_ref":"E","voltage":"750"},"geometry":{"type":"LineString","coordinates":[[10.7494814,59.9122894],[10.7498752,59.9122688],[10.7502647,59.9122482]]}},{"type":"Feature","id":874868319,"properties":{"electrified":"contact_line","frequency":"0","gauge":"1435","railway":"tram","railway:preferred_direction":"forward","voltage":"750"},"geometry":{"type":"LineString","coordinates":[[10.7502647,59.9122482],[10.7503402,59.9122442],[10.7504105,59.9122404]]}},{"type":"Feature","id":874868320,"properties":{"electrified":"contact_line","frequency":"0","gauge":"1435","name":"Søndre streng","railway":"tram","railway:preferred_direction":"forward","voltage":"750"},"geometry":{"type":"LineString","coordinates":[[10.7505477,59.9121026],[10.7505157,59.9120682],[10.7502479,59.9117879]]}},{"type":"Feature","id":874868321,"properties":{"electrified":"contact_line","frequency":"0","gauge":"1435","name":"Søndre streng","railway":"tram","railway:preferred_direction":"forward","voltage":"750"},"geometry":{"type":"LineString","coordinates":[[10.7503071,59.911773],[10.7505513,59.91203],[10.7505818,59.9120622]]}},{"type":"Feature","id":883399869,"properties":{"bus":"designated","cycleway:both":"no","embedded_rails":"tram","highway":"unclassified","lane_markings":"no","lanes":"2","lit":"yes","maxspeed":"30","motor_vehicle:forward":"no","name":"Storgata","sidewalk:both":"separate","surface":"asphalt","wikidata":"Q12003453","zone:maxspeed":"NO:30"},"geometry":{"type":"LineString","coordinates":[[10.7499375,59.9134739],[10.7499818,59.9134876],[10.749989,59.9134898],[10.7500051,59.9134952],[10.7500862,59.9135226],[10.7501302,59.9135382],[10.7501582,59.913548]]}},{"type":"Feature","id":883399870,"properties":{"highway":"trunk","lanes":"2","lit":"yes","maxspeed":"50","name":"Lybekkergata","name:etymology:wikidata":"Q2843","ref":"162;Ring 1","sidewalk:both":"separate","surface":"concrete","wikidata":"Q19343811"},"geometry":{"type":"LineString","coordinates":[[10.7526227,59.9142472],[10.7526313,59.9142918],[10.7526339,59.9143114]]}},{"type":"Feature","id":883399871,"properties":{"highway":"trunk","lanes":"2","lit":"yes","maxspeed":"50","name":"Hammersborggata","ref":"162;Ring 1","sidewalk:both":"separate","surface":"asphalt","wikidata":"Q17782011"},"geometry":{"type":"LineString","coordinates":[[10.7526275,59.9143637],[10.7526224,59.9143789],[10.7526096,59.9144098],[10.7526062,59.914418],[10.7525798,59.9144545],[10.7525052,59.9145278]]}},{"type":"Feature","id":915765897,"properties":{"highway":"trunk","lane_markings":"no","maxspeed":"50","name":"Lybekkergata","name:etymology:wikidata":"Q2843","oneway":"yes","ref":"162;Ring 1","sidewalk:both":"separate","surface":"asphalt","wikidata":"Q19343811"},"geometry":{"type":"LineString","coordinates":[[10.7534329,59.9132946],[10.7533784,59.9133252],[10.7533339,59.9133531],[10.7532651,59.9133998],[10.7531435,59.9135218],[10.7530705,59.9135634],[10.752904,59.9136339]]}},{"type":"Feature","id":938568671,"properties":{"bus":"yes","cycleway:both":"no","embedded_rails":"tram","highway":"unclassified","lanes":"2","maxspeed":"30","motor_vehicle:backward":"no","name":"Fred Olsens gate","name:etymology:wikidata":"Q7789818","parking:both":"no","sidewalk:both":"separate","surface":"asphalt","zone:maxspeed":"NO:30"},"geometry":{"type":"LineString","coordinates":[[10.751069,59.9127813],[10.751081,59.9127543],[10.7510883,59.9127256],[10.7510914,59.9126862],[10.7510836,59.9126575],[10.7510709,59.9126279],[10.7510421,59.9125836],[10.7508981,59.9124408],[10.7508579,59.912401],[10.7507758,59.9123137]]}},{"type":"Feature","id":938568722,"properties":{"electrified":"contact_line","frequency":"0","gauge":"1435","name":"Grünerløkka–Torshov-linjen","note":"Interlaced track with 2 tracks","railway":"tram","railway:preferred_direction":"forward","start_date":"2021-06-21","tracks":"2","voltage":"750"},"geometry":{"type":"LineString","coordinates":[[10.7506374,59.9136918],[10.7507897,59.9137367]]}},{"type":"Feature","id":938568727,"properties":{"bus":"yes","cycleway:both":"shared_lane","cycleway:both:lane":"pictogram","embedded_rails":"tram","highway":"unclassified","lanes":"2","lit":"yes","maxspeed":"30","motor_vehicle:backward":"no","name":"Nygata","parking:both":"no","sidewalk:both":"separate","surface":"asphalt","wikidata":"Q19384140","zone:maxspeed":"NO:30"},"geometry":{"type":"LineString","coordinates":[[10.7504738,59.9133015],[10.7509703,59.9128813],[10.7510152,59.9128406],[10.751041,59.9128173],[10.751069,59.9127813]]}},{"type":"Feature","id":938568730,"properties":{"construction:motor_vehicle":"delivery","highway":"residential","lit":"yes","maxspeed":"30","name":"Pløens gate","name:etymology:wikidata":"Q6758388","oneway":"yes","oneway:bicycle":"no","sidewalk:both":"separate","surface":"asphalt","wikidata":"Q11995877"},"geometry":{"type":"LineString","coordinates":[[10.7489596,59.9142951],[10.7490163,59.9142556],[10.7495672,59.9137967],[10.7497783,59.9136209],[10.7498136,59.9135876],[10.7498661,59.9135392],[10.7499213,59.9134886],[10.7499262,59.9134841],[10.7499375,59.9134739]]}},{"type":"Feature","id":941028902,"properties":{"highway":"pedestrian","name":"Strøget","surface":"paving_stones"},"geometry":{"type":"LineString","coordinates":[[10.7490775,59.9136484],[10.7491846,59.9135474],[10.7492655,59.9135263]]}},{"type":"Feature","id":941029139,"properties":{"area":"yes","highway":"pedestrian","surface":"paving_stones"},"geometry":{"type":"LineString","coordinates":[[10.7491502,59.9135036],[10.7491582,59.9135198],[10.7491958,59.9135293],[10.7492422,59.9135196],[10.7492655,59.9135263],[10.7492769,59.9135296],[10.7492585,59.9135459],[10.7492017,59.9135558],[10.7490948,59.9136524],[10.7490775,59.9136484],[10.7490119,59.9136331],[10.7491502,59.9135036]]}},{"type":"Feature","id":944323381,"properties":{"highway":"pedestrian","lit":"yes","maxspeed":"30","motor_vehicle":"yes","name":"Skippergata","surface":"paving_stones"},"geometry":{"type":"LineString","coordinates":[[10.7499377,59.9130892],[10.7498438,59.9131058]]}},{"type":"Feature","id":949859387,"properties":{"highway":"pedestrian","name":"Strøget","surface":"paving_stones"},"geometry":{"type":"LineString","coordinates":[[10.7494116,59.9134408],[10.7494527,59.9134045]]}},{"type":"Feature","id":971191835,"properties":{"electrified":"contact_line","frequency":"0","gauge":"1435","name":"Grünerløkka–Torshov-linjen","railway":"tram","railway:preferred_direction":"forward","start_date":"2021-06-21","voltage":"750"},"geometry":{"type":"LineString","coordinates":[[10.7508715,59.912367],[10.7509014,59.9123987],[10.7510629,59.9125665],[10.7510977,59.9126086],[10.7511171,59.9126416],[10.75113,59.9126699],[10.7511334,59.9127036],[10.75113,59.9127316],[10.7511185,59.9127612],[10.7511001,59.9127893],[10.7510579,59.9128367],[10.7510448,59.9128485],[10.7510005,59.9128883],[10.7505711,59.9132507],[10.7504616,59.9133443]]}},{"type":"Feature","id":971191836,"properties":{"electrified":"contact_line","frequency":"0","gauge":"1435","name":"Grünerløkka–Torshov-linjen","railway":"tram","railway:preferred_direction":"forward","start_date":"2021-06-21","voltage":"750"},"geometry":{"type":"LineString","coordinates":[[10.7503984,59.9133313],[10.7505131,59.9132336],[10.7509354,59.9128747],[10.7509791,59.9128309],[10.7509874,59.9128226],[10.7510197,59.9127827],[10.7510338,59.9127603],[10.7510436,59.9127316],[10.7510497,59.9127065],[10.7510479,59.9126745],[10.7510404,59.9126493],[10.7510219,59.9126125],[10.7509958,59.9125759],[10.7508716,59.9124447]]}},{"type":"Feature","id":982089926,"properties":{"cycleway:both":"no","foot":"no","highway":"trunk","junction":"roundabout","lanes":"2","maxspeed":"50","oneway":"yes","ref":"162;Ring 1","surface":"asphalt"},"geometry":{"type":"LineString","coordinates":[[10.7537994,59.9123],[10.7537419,59.9122717]]}},{"type":"Feature","id":982089927,"properties":{"cycleway:both":"no","foot":"no","highway":"trunk","junction":"roundabout","lanes":"2","maxspeed":"50","oneway":"yes","ref":"162;Ring 1","surface":"asphalt"},"geometry":{"type":"LineString","coordinates":[[10.7539207,59.9123204],[10.7538572,59.9123144],[10.7537994,59.9123]]}},{"type":"Feature","id":995398788,"properties":{"natural":"water"},"geometry":{"type":"LineString","coordinates":[[10.7506812,59.9112136],[10.7506931,59.9112258],[10.7507886,59.9113242],[10.7508552,59.9113093],[10.7508117,59.9112618],[10.7507797,59.9112282],[10.7507496,59.9111984],[10.7506812,59.9112136]]}},{"type":"Feature","id":1009653593,"properties":{"bus":"designated","highway":"service","motor_vehicle":"no","note":"Temporary(?) interconnection to busway was added in autumn 2021.","source":"survey"},"geometry":{"type":"LineString","coordinates":[[10.7538538,59.9120938],[10.753872,59.9119968],[10.7538745,59.9119837]]}},{"type":"Feature","id":1019603424,"properties":{"cycleway:both":"no","foot":"no","highway":"trunk","junction":"roundabout","lanes":"2","maxspeed":"50","oneway":"yes","ref":"162;Ring 1","surface":"asphalt"},"geometry":{"type":"LineString","coordinates":[[10.7537906,59.9121109],[10.7538538,59.9120938]]}},{"type":"Feature","id":1019603426,"properties":{"bus":"yes","embedded_rails":"disused","highway":"service","lanes":"2","maxheight:signed":"no","motor_vehicle":"no","surface":"asphalt"},"geometry":{"type":"LineString","coordinates":[[10.7538745,59.9119837],[10.7536162,59.9120137],[10.753367,59.9120316],[10.7529725,59.9120508],[10.7527304,59.9120628],[10.752704,59.9120641]]}},{"type":"Feature","id":1066813309,"properties":{"cycleway:right":"no","highway":"unclassified","lanes":"2","maxspeed":"30","name":"Biskop Gunnerus’ gate","name:etymology:wikidata":"Q703279","oneway":"yes","sidewalk:left":"no","sidewalk:right":"separate","surface":"asphalt","turn:lanes":"slight_left|","wikidata":"Q17750422"},"geometry":{"type":"LineString","coordinates":[[10.7515615,59.9121184],[10.751968,59.9120984],[10.7520254,59.9120956],[10.7521887,59.9120888],[10.752268,59.912085]]}},{"type":"Feature","id":1073329882,"properties":{"disused:railway":"tram","electrified":"contact_line","frequency":"0","gauge":"1435","name":"Ekebergbanen (nedlagt trasé)","note":"Nedlagt siden oktober 2020, siden linjen er nå omlagt via Bjørvika. Sporene vil bli fjernet senere.","railway":"disused","railway:preferred_direction":"forward","tracks":"2","voltage":"750"},"geometry":{"type":"LineString","coordinates":[[10.7510579,59.9122078],[10.7513201,59.9121942]]}},{"type":"Feature","id":1073329883,"properties":{"disused:railway":"tram","electrified":"contact_line","frequency":"0","gauge":"1435","name":"Ekebergbanen (nedlagt trasé)","note":"Nedlagt siden oktober 2020, siden linjen er nå omlagt via Bjørvika. Sporene vil bli fjernet senere.","railway":"disused","railway:preferred_direction":"forward","tracks":"2","voltage":"750"},"geometry":{"type":"LineString","coordinates":[[10.7513291,59.9122232],[10.7510353,59.9122387],[10.7510248,59.9122395]]}},{"type":"Feature","id":1073329884,"properties":{"abandoned:gauge":"1435","abandoned:railway":"tram","abandoned:railway:preferred_direction":"forward","electrified":"contact_line","frequency":"0","note":"Tram switch was removed in June 2022","railway":"abandoned","voltage":"750"},"geometry":{"type":"LineString","coordinates":[[10.7505876,59.9121404],[10.7505755,59.9121302],[10.750563,59.912118],[10.7505477,59.9121026]]}},{"type":"Feature","id":1073329885,"properties":{"abandoned:gauge":"1435","abandoned:railway":"tram","abandoned:railway:preferred_direction":"forward","electrified":"contact_line","frequency":"0","note":"Tram switch was removed in June 2022","railway":"abandoned","voltage":"750"},"geometry":{"type":"LineString","coordinates":[[10.7504105,59.9122404],[10.7505516,59.9122335]]}},{"type":"Feature","id":1103719251,"properties":{"electrified":"contact_line","frequency":"0","gauge":"1435","name":"Søndre streng","note":"Interlaced track with 2 tracks","railway":"tram","railway:interlaced":"yes","railway:preferred_direction":"forward","voltage":"750"},"geometry":{"type":"LineString","coordinates":[[10.7490457,59.9100264],[10.7488489,59.9100738]]}},{"type":"Feature","id":1103719252,"properties":{"electrified":"contact_line","frequency":"0","gauge":"1435","name":"Søndre streng","note":"Interlaced track with 2 tracks","railway":"tram","railway:interlaced":"yes","railway:preferred_direction":"forward","voltage":"750"},"geometry":{"type":"LineString","coordinates":[[10.7489587,59.9100134],[10.7490635,59.9099873]]}},{"type":"Feature","id":1103719253,"properties":{"electrified":"contact_line","frequency":"0","gauge":"1435","name":"Søndre streng","note":"Interlaced track with 2 tracks","railway":"tram","railway:interlaced":"yes","railway:preferred_direction":"forward","voltage":"750"},"geometry":{"type":"LineString","coordinates":[[10.749693,59.9101262],[10.7498187,59.9102576]]}},{"type":"Feature","id":1106669582,"properties":{"cycleway:right":"no","highway":"unclassified","lanes":"2","maxspeed":"30","name":"Biskop Gunnerus’ gate","name:etymology:wikidata":"Q703279","oneway":"yes","sidewalk:left":"no","sidewalk:right":"separate","surface":"asphalt","turn:lanes":"left|through","wikidata":"Q17750422"},"geometry":{"type":"LineString","coordinates":[[10.7525755,59.9122325],[10.7525673,59.9122329],[10.7524097,59.9122365]]}},{"type":"Feature","id":1106669588,"properties":{"bus":"yes","highway":"service","lanes":"1","motor_vehicle":"no","oneway":"yes","surface":"asphalt"},"geometry":{"type":"LineString","coordinates":[[10.7525522,59.9121531],[10.7524097,59.9122365]]}},{"type":"Feature","id":1106669592,"properties":{"bus":"yes","embedded_rails":"tram","highway":"service","lane_markings":"no","lanes":"2","lit":"yes","maxspeed":"30","motor_vehicle":"no","name":"Biskop Gunnerus’ gate","name:etymology:wikidata":"Q703279","surface":"asphalt"},"geometry":{"type":"LineString","coordinates":[[10.75078,59.9122359],[10.7507473,59.9122376],[10.750677,59.9122413],[10.750631,59.9122437]]}},{"type":"Feature","id":1106669593,"properties":{"cycleway:right":"no","embedded_rails":"tram","foot":"no","highway":"unclassified","lane_markings":"no","lit":"yes","maxspeed":"30","name":"Fred Olsens gate","name:etymology:wikidata":"Q7789818","oneway":"yes","parking:both":"no","sidewalk":"no","surface":"asphalt"},"geometry":{"type":"LineString","coordinates":[[10.75078,59.9122359],[10.7507791,59.9122519],[10.7507782,59.9122696],[10.7507767,59.9122975],[10.7507758,59.9123137]]}},{"type":"Feature","id":1106669594,"properties":{"bus":"yes","embedded_rails":"disused","highway":"service","lane_markings":"no","lanes":"2","maxspeed":"30","motor_vehicle":"no","name":"Biskop Gunnerus’ gate","name:etymology:wikidata":"Q703279","surface":"asphalt"},"geometry":{"type":"LineString","coordinates":[[10.7522967,59.9121595],[10.7522105,59.9121618],[10.7520384,59.9121707],[10.7519824,59.9121736],[10.7511141,59.9122185],[10.7510323,59.9122228],[10.7509467,59.9122272],[10.7508312,59.9122332],[10.75078,59.9122359]]}},{"type":"Feature","id":1106669595,"properties":{"cycleway:right":"no","foot":"no","highway":"unclassified","lane_markings":"no","lit":"yes","maxspeed":"30","name":"Fred Olsens gate","name:etymology:wikidata":"Q7789818","oneway":"yes","parking:both":"no","sidewalk:both":"no","surface":"asphalt"},"geometry":{"type":"LineString","coordinates":[[10.750631,59.9122437],[10.7506045,59.9122309],[10.7504843,59.9121728]]}},{"type":"Feature","id":1106669596,"properties":{"highway":"service","oneway":"yes","surface":"asphalt"},"geometry":{"type":"LineString","coordinates":[[10.7524097,59.9122365],[10.7523112,59.9121694],[10.7522967,59.9121595]]}},{"type":"Feature","id":1106669597,"properties":{"bus":"yes","embedded_rails":"tram","highway":"service","maxspeed":"30","motor_vehicle":"no","name":"Biskop Gunnerus’ gate","name:etymology:wikidata":"Q703279","surface":"asphalt"},"geometry":{"type":"LineString","coordinates":[[10.7525522,59.9121531],[10.7523969,59.912157],[10.7522967,59.9121595]]}},{"type":"Feature","id":1106669598,"properties":{"bus":"designated","embedded_rails":"tram","highway":"service","lane_markings":"no","lanes":"2","lit":"yes","maxspeed":"30","motor_vehicle":"no","name":"Biskop Gunnerus’ gate","name:etymology:wikidata":"Q703279","surface":"asphalt"},"geometry":{"type":"LineString","coordinates":[[10.750631,59.9122437],[10.7505914,59.9122458],[10.7503538,59.9122582],[10.7502874,59.9122617],[10.7498906,59.9122824],[10.7494482,59.9123056],[10.7493672,59.9123098],[10.7492612,59.9123153],[10.7489922,59.9123292],[10.7488896,59.9123354],[10.7488014,59.9123439],[10.7487508,59.9123497],[10.7486683,59.9123617],[10.7486106,59.9123728],[10.7485503,59.9123859],[10.7484886,59.9124087],[10.748335,59.9124943]]}},{"type":"Feature","id":1245499889,"properties":{"bus":"yes","embedded_rails":"tram","highway":"unclassified","lanes":"2","lit":"yes","motor_vehicle:backward":"no","name":"Nygata","parking:both":"no","sidewalk:both":"separate","surface":"concrete","wikidata":"Q19384140","zone:maxspeed":"NO:30"},"geometry":{"type":"LineString","coordinates":[[10.7501997,59.9135634],[10.7502724,59.9134875],[10.7503043,59.9134542],[10.7503144,59.9134437],[10.7503743,59.9133879],[10.7504738,59.9133015]]}},{"type":"Feature","id":1253420462,"properties":{"bus":"designated","cycleway:both":"shared_lane","cycleway:both:lane":"pictogram","embedded_rails":"tram","highway":"unclassified","lane_markings":"no","lanes":"2","lit":"yes","maxspeed":"30","motor_vehicle:forward":"no","name":"Storgata","sidewalk:both":"separate","surface":"concrete","wikidata":"Q12003453","zone:maxspeed":"NO:30"},"geometry":{"type":"LineString","coordinates":[[10.7501582,59.913548],[10.7501997,59.9135634]]}},{"type":"Feature","id":3236561,"properties":{"cycleway:left":"track","cycleway:right":"no","highway":"residential","maxspeed":"30","maxspeed:type":"NO:zone30","name":"Christian Krohgs gate","name:etymology:wikidata":"Q277101","note":"Car southbound and cycling both ways closed due to renovation work","oneway":"no","surface":"asphalt","wikidata":"Q11963663"},"geometry":{"type":"LineString","coordinates":[[10.7567803,59.9136742],[10.7567856,59.9136874],[10.7568471,59.9137856],[10.7568558,59.9138016],[10.7568826,59.9138508],[10.7569282,59.9139228],[10.7569724,59.9139665],[10.7570516,59.9140203],[10.7575236,59.9142972],[10.7579273,59.9145339],[10.7581151,59.9146347],[10.7583578,59.9147846],[10.7584459,59.9148463]]}},{"type":"Feature","id":4303739,"properties":{"electrified":"contact_line","frequency":"16.67","gauge":"1435","name":"Spor 8","operator":"Bane NOR","railway":"rail","railway:atc":"yes","railway:preferred_direction":"forward","railway:track_ref":"8","usage":"main","voltage":"15000"},"geometry":{"type":"LineString","coordinates":[[10.7582755,59.9098461],[10.7575461,59.9100229],[10.7562283,59.9103386]]}},{"type":"Feature","id":4334996,"properties":{"leisure":"park","name":"Vaterlandsparken","wikidata":"Q12009111","wikimedia_commons":"Category:Vaterlandsparken"},"geometry":{"type":"LineString","coordinates":[[10.7568195,59.9135776],[10.7576805,59.9134337],[10.7577451,59.9134225],[10.7578172,59.9134099],[10.7578983,59.9133958],[10.7579226,59.9133917],[10.7579057,59.9133696],[10.7578394,59.9132828],[10.7578495,59.9132649],[10.7578535,59.9132522],[10.7578505,59.9132395],[10.7578408,59.9132276],[10.7578264,59.9132187],[10.75781,59.9132113],[10.7577912,59.9132071],[10.757585,59.9128642],[10.7575709,59.9128649],[10.7575494,59.9128311],[10.7574824,59.912837],[10.7574733,59.9128148],[10.7575561,59.9128029],[10.7575488,59.9126886],[10.7575558,59.9126093],[10.7574348,59.9126313],[10.75747,59.9127654],[10.7574146,59.9127745],[10.7573844,59.9127794],[10.7568118,59.9128733],[10.756827,59.9129045],[10.7564642,59.9129399],[10.7564578,59.9129481],[10.7564403,59.9129923],[10.7565306,59.913131],[10.7567686,59.9134965],[10.7567872,59.913526],[10.7568195,59.9135776]]}},{"type":"Feature","id":4335662,"properties":{"foot":"no","highway":"trunk","junction":"roundabout","lanes":"2","maxspeed":"50","name":"Schweigaards gate","name:etymology:wikidata":"Q591793","oneway":"yes","ref":"162;Ring 1","sidewalk":"no","surface":"asphalt","wikidata":"Q11999716"},"geometry":{"type":"LineString","coordinates":[[10.7559463,59.9119265],[10.7558857,59.911916],[10.7558255,59.9118889]]}},{"type":"Feature","id":4335663,"properties":{"destination":"Bussterminalen Grønland","highway":"trunk","lanes":"1","maxheight:signed":"no","maxspeed":"50","name":"Schweigaards gate","name:etymology:wikidata":"Q591793","oneway":"yes","ref":"162;Ring 1","surface":"asphalt","turn":"through","wikidata":"Q11999716"},"geometry":{"type":"LineString","coordinates":[[10.7568255,59.9116218],[10.7571196,59.9115961],[10.7574956,59.9115441],[10.7578932,59.9114739],[10.7582175,59.9114128],[10.7584101,59.9113763],[10.7584505,59.9113685]]}},{"type":"Feature","id":4348101,"properties":{"bicycle:lanes:backward":"|designated","bicycle:lanes:forward":"|designated","cycleway":"lane","highway":"tertiary","lanes":"4","lanes:backward":"2","lanes:forward":"2","motor_vehicle:lanes:backward":"yes|no","motor_vehicle:lanes:forward":"yes|no","name":"Brugata","sidewalk":"separate","smoothness":"excellent","surface":"asphalt","width:lanes:backward":"3.1|2.2","width:lanes:forward":"3.1|2.2","wikidata":"Q14152522"},"geometry":{"type":"LineString","coordinates":[[10.7567803,59.9136742],[10.7568725,59.9136639],[10.75695,59.9136543],[10.7570711,59.9136359]]}},{"type":"Feature","id":27044683,"properties":{"highway":"trunk","lanes:backward":"2","lanes:forward":"1","maxheight":"4.3 m","maxspeed":"50","ref":"162;Ring 1","sidewalk:both":"separate","surface":"asphalt"},"geometry":{"type":"LineString","coordinates":[[10.7563187,59.9123073],[10.7562638,59.9122776],[10.7562202,59.9122451],[10.7561921,59.9122123]]}},{"type":"Feature","id":28340317,"properties":{"highway":"service","name":"Sonja Henies plass","name:etymology:wikidata":"Q204205","oneway":"yes","surface":"paving_stones"},"geometry":{"type":"LineString","coordinates":[[10.7556793,59.9125138],[10.7557114,59.9125288],[10.7557297,59.9125488],[10.7557313,59.9125707],[10.755716,59.9125914]]}},{"type":"Feature","id":33707081,"properties":{"highway":"pedestrian","noname":"yes","surface":"concrete:plates"},"geometry":{"type":"LineString","coordinates":[[10.7586994,59.9125168],[10.7583598,59.9125542],[10.7579658,59.9125316],[10.7574264,59.9125999],[10.7573989,59.912604],[10.7574046,59.9126361],[10.7574116,59.9126751],[10.7571937,59.9127435],[10.756955,59.9128128],[10.7567722,59.9128536],[10.7567351,59.9128619],[10.7563509,59.9129187]]}},{"type":"Feature","id":42181234,"properties":{"destination:lanes":"Sentrum vest;Carl Berners plass|Bussterminal","destination:ref:lanes":"Ring 2|","destination:symbol:lanes":"train_station;covered_parking|covered_parking","highway":"trunk","lanes":"2","maxspeed":"50","name":"Østre tangent","oneway":"yes","ref":"162;Ring 1","sidewalk:left":"no","sidewalk:right":"separate","surface":"asphalt","turn:lanes":"left|right"},"geometry":{"type":"LineString","coordinates":[[10.7579799,59.9108787],[10.7579819,59.9109139],[10.7579873,59.9109557],[10.7580322,59.9110542],[10.7581484,59.9112334],[10.7581688,59.9112648],[10.7581899,59.9112974],[10.7581987,59.9113112],[10.7582084,59.9113258],[10.758222,59.9113467]]}},{"type":"Feature","id":60770834,"properties":{"foot":"no","highway":"trunk","junction":"roundabout","lanes":"2","maxspeed":"50","name":"Schweigaards gate","name:etymology:wikidata":"Q591793","oneway":"yes","ref":"162;Ring 1","sidewalk":"no","surface":"asphalt","wikidata":"Q11999716"},"geometry":{"type":"LineString","coordinates":[[10.7561705,59.9118544],[10.7561524,59.9118781],[10.7561226,59.9118986]]}},{"type":"Feature","id":97101675,"properties":{"highway":"service","oneway":"yes","parking:lane:left":"no_parking","parking:lane:right":"no_stopping","source":"Bing","surface":"asphalt"},"geometry":{"type":"LineString","coordinates":[[10.759932,59.9113139],[10.758969,59.9114605],[10.7581303,59.9115882],[10.7579655,59.9116152],[10.7579199,59.9116166],[10.7578647,59.9116124]]}},{"type":"Feature","id":97101680,"properties":{"highway":"service","oneway":"yes","surface":"asphalt"},"geometry":{"type":"LineString","coordinates":[[10.7601066,59.9111982],[10.7600086,59.9112607],[10.759932,59.9113139]]}},{"type":"Feature","id":97983019,"properties":{"highway":"service","maxheight":"3.5","surface":"asphalt"},"geometry":{"type":"LineString","coordinates":[[10.7544663,59.912314],[10.7545224,59.9122682],[10.7546523,59.9121633],[10.7546979,59.9121437],[10.7549201,59.912107]]}},{"type":"Feature","id":104944556,"properties":{"highway":"service","service":"parking_aisle","surface":"asphalt"},"geometry":{"type":"LineString","coordinates":[[10.7550433,59.9135475],[10.7550672,59.913513],[10.7550904,59.9134903],[10.755115,59.9134681],[10.7552236,59.9133888],[10.755631,59.9131165],[10.7556823,59.9130911],[10.7557219,59.9130777],[10.7557701,59.91307],[10.7558164,59.91307],[10.7558801,59.9130767],[10.7559438,59.9130935],[10.7559981,59.9131133],[10.7560209,59.9131321],[10.7560591,59.9131651],[10.7560813,59.9131762],[10.7561007,59.9131819]]}},{"type":"Feature","id":108468463,"properties":{"highway":"trunk","lanes":"1","maxheight":"4.3 m","maxspeed":"50","oneway":"yes","ref":"162;Ring 1","sidewalk:left":"no","sidewalk:right":"separate","surface":"asphalt"},"geometry":{"type":"LineString","coordinates":[[10.7562022,59.9121085],[10.7562091,59.9121456]]}},{"type":"Feature","id":108468465,"properties":{"foot":"no","highway":"trunk","junction":"roundabout","lanes":"2","maxspeed":"50","name":"Schweigaards gate","name:etymology:wikidata":"Q591793","oneway":"yes","ref":"162;Ring 1","sidewalk":"no","surface":"asphalt","wikidata":"Q11999716"},"geometry":{"type":"LineString","coordinates":[[10.7558072,59.91179],[10.7558383,59.9117667],[10.7558815,59.9117488],[10.7559331,59.9117378],[10.7559888,59.9117347],[10.756044,59.9117397]]}},{"type":"Feature","id":108469977,"properties":{"access":"no","bus":"yes","highway":"service","oneway":"yes","surface":"asphalt"},"geometry":{"type":"LineString","coordinates":[[10.7562091,59.9121456],[10.7563945,59.9121899],[10.7564428,59.9122022],[10.7564989,59.912212],[10.7565554,59.9122218]]}},{"type":"Feature","id":108651731,"properties":{"foot":"no","highway":"trunk","junction":"roundabout","lanes":"2","maxspeed":"50","name":"Schweigaards gate","name:etymology:wikidata":"Q591793","oneway":"yes","ref":"162;Ring 1","sidewalk":"no","surface":"asphalt","wikidata":"Q11999716"},"geometry":{"type":"LineString","coordinates":[[10.7558255,59.9118889],[10.7557955,59.9118578],[10.7557891,59.9118234],[10.7558072,59.91179]]}},{"type":"Feature","id":111488465,"properties":{"foot":"no","highway":"trunk","junction":"roundabout","lanes":"2","maxspeed":"50","name":"Schweigaards gate","name:etymology:wikidata":"Q591793","oneway":"yes","ref":"162;Ring 1","sidewalk":"no","surface":"asphalt","wikidata":"Q11999716"},"geometry":{"type":"LineString","coordinates":[[10.756044,59.9117397],[10.7561062,59.9117572],[10.7561516,59.9117848],[10.7561741,59.9118187],[10.7561705,59.9118544]]}},{"type":"Feature","id":111488467,"properties":{"highway":"trunk","lanes":"2","maxspeed":"50","name":"Schweigaards gate","name:etymology:wikidata":"Q591793","oneway":"yes","ref":"162;Ring 1","surface":"asphalt","wikidata":"Q11999716"},"geometry":{"type":"LineString","coordinates":[[10.7601066,59.9111982],[10.7599467,59.9112151],[10.7594013,59.9113015]]}},{"type":"Feature","id":127726995,"properties":{"highway":"trunk","junction":"roundabout","lanes":"1","maxspeed":"50","oneway":"yes","ref":"162;Ring 1","surface":"asphalt"},"geometry":{"type":"LineString","coordinates":[[10.7579799,59.9108787],[10.7579141,59.9109074],[10.7578301,59.9109191],[10.7577442,59.9109116],[10.7576852,59.9108926],[10.7576431,59.9108644],[10.7576232,59.9108306],[10.7576281,59.9107955],[10.7576572,59.9107634],[10.7577067,59.9107384],[10.7577705,59.9107237],[10.7578405,59.910721],[10.7579081,59.9107308],[10.7579578,59.9107483],[10.7579945,59.9107726],[10.7580149,59.9108013],[10.7580169,59.9108318],[10.7580044,59.9108564],[10.7579799,59.9108787]]}},{"type":"Feature","id":153219051,"properties":{"destination":"Bussterminalen Grønland","highway":"trunk","lanes":"1","oneway":"yes","ref":"162;Ring 1","surface":"asphalt"},"geometry":{"type":"LineString","coordinates":[[10.758222,59.9113467],[10.7582525,59.9113619],[10.7582881,59.9113717],[10.7583176,59.9113753],[10.7583652,59.9113757],[10.7584505,59.9113685]]}},{"type":"Feature","id":153219052,"properties":{"foot":"no","highway":"trunk","lanes":"1","maxspeed":"50","name":"Østre tangent","oneway":"yes","ref":"162;Ring 1","sidewalk:both":"no","surface":"asphalt"},"geometry":{"type":"LineString","coordinates":[[10.7578678,59.9114315],[10.7579648,59.9114177],[10.7580061,59.9114076],[10.7580353,59.911395],[10.7580581,59.911376],[10.7580668,59.9113614],[10.7580682,59.9113479],[10.7580632,59.911332],[10.7580562,59.9113184],[10.7580337,59.9112862],[10.7579144,59.9110902],[10.7578179,59.9109654],[10.7577442,59.9109116]]}},{"type":"Feature","id":163145627,"properties":{"bicycle":"yes","highway":"pedestrian","motor_vehicle:conditional":"delivery @ (Mo-Fr 06:00-11:00; PH off)","name":"Olafiagangen","surface":"paved","wikidata":"Q19384398"},"geometry":{"type":"LineString","coordinates":[[10.759204,59.9132821],[10.7591406,59.913225],[10.7591172,59.9131973],[10.7587873,59.9127031],[10.7586994,59.9125168]]}},{"type":"Feature","id":178678842,"properties":{"highway":"trunk","lanes":"2","maxspeed":"50","name":"Schweigaards gate","name:etymology:wikidata":"Q591793","oneway":"yes","ref":"162;Ring 1","surface":"asphalt","turn:lanes":"through|through;slight_right","wikidata":"Q11999716"},"geometry":{"type":"LineString","coordinates":[[10.7574304,59.9116002],[10.757019,59.9116582],[10.7566623,59.9117124],[10.7564462,59.911757],[10.7562994,59.9118072],[10.7561705,59.9118544]]}},{"type":"Feature","id":178678845,"properties":{"highway":"service","motor_vehicle":"no","oneway":"yes","surface":"asphalt","taxi":"yes"},"geometry":{"type":"LineString","coordinates":[[10.7574304,59.9116002],[10.7573603,59.9116601],[10.7573333,59.9116794],[10.7572846,59.911708],[10.7572429,59.9117187],[10.7568326,59.9117793],[10.7567446,59.9117905],[10.7566575,59.9117917],[10.756595,59.9117814],[10.7564462,59.911757]]}},{"type":"Feature","id":178678847,"properties":{"area":"yes","bench":"yes","bin":"yes","bus":"yes","check_date:shelter":"2026-06-28","network":"Ruter","operator":"Sporveien Trikken","public_transport":"platform","railway":"platform","ref":"B12","shelter":"yes","tactile_paving":"no","tram":"yes"},"geometry":{"type":"LineString","coordinates":[[10.7594285,59.9110839],[10.7594191,59.9110688],[10.75941,59.9110542],[10.758787,59.9111517],[10.7587974,59.9111684],[10.7588055,59.9111814],[10.7594285,59.9110839]]}},{"type":"Feature","id":178678848,"properties":{"area":"yes","bench":"yes","bin":"yes","bus":"yes","lit":"yes","name":"Oslo bussterminal","network":"Ruter","operator":"Sporveien Trikken","public_transport":"platform","railway":"platform","ref":"B11","shelter":"yes","tactile_paving":"yes","tram":"yes"},"geometry":{"type":"LineString","coordinates":[[10.7596258,59.9111125],[10.7596402,59.9111346],[10.7601143,59.9110571],[10.760175,59.9110472],[10.7601606,59.9110251],[10.7596258,59.9111125]]}},{"type":"Feature","id":178678853,"properties":{"highway":"trunk","lanes":"1","maxheight":"4.3 m","maxspeed":"50","oneway":"yes","ref":"162;Ring 1","sidewalk:left":"no","sidewalk:right":"separate","surface":"asphalt"},"geometry":{"type":"LineString","coordinates":[[10.7562091,59.9121456],[10.7561921,59.9122123]]}},{"type":"Feature","id":178678854,"properties":{"covered":"yes","highway":"trunk","lanes":"2","maxheight":"4.3 m","maxspeed":"50","oneway":"yes","ref":"162;Ring 1","sidewalk:left":"no","sidewalk:right":"separate","surface":"asphalt"},"geometry":{"type":"LineString","coordinates":[[10.7560892,59.9121249],[10.7560106,59.9119921],[10.7559627,59.9119284]]}},{"type":"Feature","id":178678855,"properties":{"highway":"trunk","lanes":"1","maxheight":"4.3 m","maxspeed":"50","oneway":"yes","ref":"162;Ring 1","sidewalk:left":"no","sidewalk:right":"separate","surface":"asphalt"},"geometry":{"type":"LineString","coordinates":[[10.7561921,59.9122123],[10.7561186,59.9121561],[10.7560892,59.9121249]]}},{"type":"Feature","id":178678858,"properties":{"covered":"yes","highway":"trunk","lanes":"1","maxheight":"4.3 m","maxspeed":"50","oneway":"yes","ref":"162;Ring 1","sidewalk:left":"no","sidewalk:right":"separate","surface":"asphalt"},"geometry":{"type":"LineString","coordinates":[[10.7561237,59.9119066],[10.7561409,59.9119725],[10.7561815,59.9120596],[10.7561841,59.9120651],[10.7561909,59.9120814],[10.7562022,59.9121085]]}},{"type":"Feature","id":178678859,"properties":{"highway":"trunk","lanes":"2","maxspeed":"50","ref":"162;Ring 1","surface":"asphalt"},"geometry":{"type":"LineString","coordinates":[[10.7608261,59.9116667],[10.7608089,59.9117019],[10.7607904,59.9117274],[10.7607612,59.9117545],[10.7607316,59.91178],[10.7606793,59.9118115],[10.7606193,59.9118368],[10.7605376,59.9118612],[10.7604638,59.9118797],[10.7603514,59.9119023],[10.7594599,59.9120339]]}},{"type":"Feature","id":190491578,"properties":{"electrified":"contact_line","frequency":"16.67","gauge":"1435","maxspeed":"40","railway":"rail","service":"crossover","voltage":"15000"},"geometry":{"type":"LineString","coordinates":[[10.7578433,59.9100772],[10.7579329,59.9100574],[10.7580247,59.9100392],[10.7581885,59.9100101],[10.758346,59.9099838],[10.7584925,59.9099572],[10.7585934,59.9099388],[10.7586914,59.9099177]]}},{"type":"Feature","id":232683461,"properties":{"electrified":"contact_line","frequency":"16.67","gauge":"1435","operator":"Bane NOR","railway":"rail","voltage":"15000"},"geometry":{"type":"LineString","coordinates":[[10.7600777,59.9099282],[10.7594804,59.910034],[10.7593162,59.9100686],[10.7592188,59.9100896],[10.7591251,59.9101116]]}},{"type":"Feature","id":255790897,"properties":{"highway":"trunk","lanes":"1","maxspeed":"50","name":"Østre tangent","oneway":"yes","ref":"162;Ring 1","surface":"asphalt"},"geometry":{"type":"LineString","coordinates":[[10.7579081,59.9107308],[10.7580488,59.9106994],[10.7581702,59.9106756],[10.758369,59.9106522]]}},{"type":"Feature","id":255790898,"properties":{"highway":"trunk","lanes":"1","maxspeed":"50","name":"Østre tangent","oneway":"yes","ref":"162;Ring 1","surface":"asphalt"},"geometry":{"type":"LineString","coordinates":[[10.758369,59.9106522],[10.7582403,59.9107239],[10.7581289,59.9107766],[10.7580169,59.9108318]]}},{"type":"Feature","id":278087473,"properties":{"access":"no","bus":"yes","highway":"service","service":"parking_aisle","source":"Bing","surface":"asphalt"},"geometry":{"type":"LineString","coordinates":[[10.7583989,59.9120334],[10.7585349,59.9118662],[10.7585495,59.9118488]]}},{"type":"Feature","id":278087474,"properties":{"access":"no","bus":"yes","highway":"service","service":"parking_aisle","source":"Bing","surface":"asphalt"},"geometry":{"type":"LineString","coordinates":[[10.7587495,59.9119825],[10.7588776,59.9118134],[10.7588907,59.911797]]}},{"type":"Feature","id":278087475,"properties":{"access":"no","bus":"yes","highway":"service","service":"parking_aisle","source":"Bing","surface":"asphalt"},"geometry":{"type":"LineString","coordinates":[[10.7590874,59.9119344],[10.7592279,59.9117594],[10.7592408,59.911744]]}},{"type":"Feature","id":278087477,"properties":{"access":"no","bus":"yes","highway":"service","service":"parking_aisle","source":"Bing","surface":"asphalt"},"geometry":{"type":"LineString","coordinates":[[10.7594375,59.9118856],[10.7595764,59.9117058],[10.7595881,59.9116913]]}},{"type":"Feature","id":278087478,"properties":{"access":"no","bus":"yes","highway":"service","service":"parking_aisle","source":"Bing","surface":"asphalt"},"geometry":{"type":"LineString","coordinates":[[10.7592053,59.9119187],[10.7593417,59.9117419]]}},{"type":"Feature","id":278087479,"properties":{"access":"no","bus":"yes","highway":"service","service":"parking_aisle","source":"Bing","surface":"asphalt"},"geometry":{"type":"LineString","coordinates":[[10.7595746,59.9118383],[10.7596931,59.9116878],[10.7597045,59.9116736]]}},{"type":"Feature","id":278087481,"properties":{"access":"no","bus":"yes","covered":"yes","highway":"service","service":"parking_aisle","source":"Bing","surface":"asphalt"},"geometry":{"type":"LineString","coordinates":[[10.7598986,59.9118192],[10.7599244,59.9117848]]}},{"type":"Feature","id":278087482,"properties":{"access":"no","bus":"yes","highway":"service","service":"parking_aisle","source":"Bing","surface":"asphalt"},"geometry":{"type":"LineString","coordinates":[[10.7585186,59.9120149],[10.7586522,59.9118481],[10.7586664,59.9118311]]}},{"type":"Feature","id":278087483,"properties":{"access":"no","bus":"yes","highway":"service","service":"parking_aisle","source":"Bing","surface":"asphalt"},"geometry":{"type":"LineString","coordinates":[[10.7588622,59.9119643],[10.7589957,59.9117952],[10.7590089,59.9117791]]}},{"type":"Feature","id":278087484,"properties":{"access":"no","bus":"yes","highway":"service","service":"parking_aisle","source":"Bing","surface":"asphalt"},"geometry":{"type":"LineString","coordinates":[[10.7596857,59.9118212],[10.7598035,59.9116708],[10.7598148,59.9116569]]}},{"type":"Feature","id":278087486,"properties":{"access":"no","bus":"yes","highway":"service","service":"parking_aisle","source":"Bing","surface":"asphalt"},"geometry":{"type":"LineString","coordinates":[[10.7582956,59.9120481],[10.7584203,59.9118838],[10.7584343,59.9118662]]}},{"type":"Feature","id":278087487,"properties":{"access":"no","bus":"yes","covered":"yes","highway":"service","service":"parking_aisle","source":"Bing","surface":"asphalt"},"geometry":{"type":"LineString","coordinates":[[10.7597782,59.9118374],[10.7598029,59.9118037]]}},{"type":"Feature","id":278087488,"properties":{"access":"no","bus":"yes","highway":"service","service":"parking_aisle","source":"Bing","surface":"asphalt"},"geometry":{"type":"LineString","coordinates":[[10.7580621,59.9120816],[10.7581931,59.9119188],[10.7582083,59.9119005]]}},{"type":"Feature","id":278087489,"properties":{"access":"no","bus":"yes","highway":"service","service":"parking_aisle","source":"Bing","surface":"asphalt"},"geometry":{"type":"LineString","coordinates":[[10.7581777,59.912064],[10.758308,59.9119011],[10.758323,59.9118831]]}},{"type":"Feature","id":278087490,"properties":{"access":"no","bus":"yes","highway":"service","service":"parking_aisle","source":"Bing","surface":"asphalt"},"geometry":{"type":"LineString","coordinates":[[10.7586366,59.9119977],[10.7587688,59.9118301],[10.7587825,59.9118134]]}},{"type":"Feature","id":278087491,"properties":{"access":"no","bus":"yes","highway":"service","service":"parking_aisle","source":"Bing","surface":"asphalt"},"geometry":{"type":"LineString","coordinates":[[10.7589727,59.9119513],[10.7591119,59.9117773],[10.759125,59.9117615]]}},{"type":"Feature","id":278087493,"properties":{"access":"no","bus":"yes","highway":"service","service":"parking_aisle","source":"Bing","surface":"asphalt"},"geometry":{"type":"LineString","coordinates":[[10.7593232,59.9119006],[10.7594578,59.911724],[10.7594696,59.9117093]]}},{"type":"Feature","id":280290305,"properties":{"access":"no","bus":"yes","covered":"yes","highway":"service","oneway":"yes","surface":"asphalt"},"geometry":{"type":"LineString","coordinates":[[10.76034,59.9113158],[10.7602369,59.9113316],[10.7599659,59.9113731],[10.7597849,59.9114009]]}},{"type":"Feature","id":280290306,"properties":{"access":"no","bus":"yes","covered":"yes","highway":"service","oneway":"yes","surface":"asphalt"},"geometry":{"type":"LineString","coordinates":[[10.758131,59.9116543],[10.7580576,59.9116498],[10.7580056,59.9116456],[10.7579364,59.9116302]]}},{"type":"Feature","id":281093413,"properties":{"covered":"yes","foot":"no","highway":"trunk","junction":"roundabout","lanes":"2","maxheight":"4.3","maxspeed":"50","name":"Schweigaards gate","name:etymology:wikidata":"Q591793","oneway":"yes","ref":"162;Ring 1","sidewalk":"no","surface":"asphalt","wikidata":"Q11999716"},"geometry":{"type":"LineString","coordinates":[[10.7560922,59.9119101],[10.7560763,59.9119167],[10.7560213,59.9119269],[10.7559627,59.9119284]]}},{"type":"Feature","id":281093417,"properties":{"highway":"trunk","lanes":"2","maxspeed":"50","name":"Schweigaards gate","name:etymology:wikidata":"Q591793","oneway":"yes","ref":"162;Ring 1","sidewalk:left":"no","sidewalk:right":"separate","surface":"asphalt","turn:lanes":"through|through","wikidata":"Q11999716"},"geometry":{"type":"LineString","coordinates":[[10.7589593,59.9113685],[10.7586143,59.9114226],[10.7585003,59.9114405],[10.758053,59.9115126]]}},{"type":"Feature","id":281093425,"properties":{"access":"no","bus":"yes","highway":"service","service":"parking_aisle","source":"Bing","surface":"asphalt"},"geometry":{"type":"LineString","coordinates":[[10.7579555,59.9120968],[10.7580861,59.9119323],[10.7580981,59.9119172]]}},{"type":"Feature","id":286291247,"properties":{"access":"no","bus":"yes","covered":"yes","highway":"service","note":"just testing showing platform numbers","oneway":"yes","surface":"asphalt"},"geometry":{"type":"LineString","coordinates":[[10.756771,59.9118677],[10.7566543,59.9118852],[10.7565138,59.9119099],[10.7564643,59.9119272],[10.7564345,59.9119528],[10.756413,59.9119891],[10.7564243,59.9120399],[10.7564481,59.9120786]]}},{"type":"Feature","id":286291251,"properties":{"access":"no","bus":"yes","highway":"service","oneway":"yes","surface":"asphalt"},"geometry":{"type":"LineString","coordinates":[[10.7575141,59.9121591],[10.7579555,59.9120968],[10.7580621,59.9120816],[10.7581777,59.912064],[10.7582956,59.9120481],[10.7583989,59.9120334],[10.7585186,59.9120149],[10.7586366,59.9119977],[10.7587495,59.9119825],[10.7588622,59.9119643],[10.7589727,59.9119513],[10.7590874,59.9119344],[10.7592053,59.9119187]]}},{"type":"Feature","id":308634319,"properties":{"access":"private","bicycle":"no","foot":"no","highway":"service","incline":"down","note":"ramp down to service tunnel","surface":"paved"},"geometry":{"type":"LineString","coordinates":[[10.7586443,59.9099938],[10.7592763,59.9098393]]}},{"type":"Feature","id":308634321,"properties":{"access":"private","bicycle":"no","foot":"no","highway":"service","incline":"down","note":"ramp down to service tunnel","surface":"paved"},"geometry":{"type":"LineString","coordinates":[[10.7589062,59.9102687],[10.759545,59.9101153]]}},{"type":"Feature","id":308634322,"properties":{"access":"private","bicycle":"no","foot":"no","highway":"service","incline":"down","note":"ramp down to service tunnel","surface":"paved"},"geometry":{"type":"LineString","coordinates":[[10.7587723,59.910131],[10.7594191,59.9099754]]}},{"type":"Feature","id":308964734,"properties":{"access":"private","bicycle":"no","foot":"no","highway":"service","incline":"down","note":"ramp down to service tunnel","surface":"asphalt"},"geometry":{"type":"LineString","coordinates":[[10.7592588,59.9103581],[10.7597719,59.9102353]]}},{"type":"Feature","id":308964735,"properties":{"highway":"service","surface":"asphalt"},"geometry":{"type":"LineString","coordinates":[[10.7577705,59.9107237],[10.7577535,59.9106884],[10.7577565,59.9106763],[10.7577844,59.9106638],[10.757835,59.9106532]]}},{"type":"Feature","id":308964736,"properties":{"access":"private","highway":"service","surface":"asphalt"},"geometry":{"type":"LineString","coordinates":[[10.757835,59.9106532],[10.7579339,59.9106513],[10.7580607,59.9106414],[10.7582193,59.9106195],[10.7584027,59.9105775],[10.7589145,59.9104484],[10.7592588,59.9103581]]}},{"type":"Feature","id":377796839,"properties":{"highway":"trunk","lanes":"1","maxspeed":"50","name":"Schweigaards gate","name:etymology:wikidata":"Q591793","oneway":"yes","ref":"162;Ring 1","surface":"asphalt","wikidata":"Q11999716"},"geometry":{"type":"LineString","coordinates":[[10.7599501,59.9111481],[10.7600556,59.9111266],[10.7601479,59.911105],[10.7603631,59.9110552]]}},{"type":"Feature","id":433047220,"properties":{"access":"no","bus":"yes","covered":"yes","highway":"service","oneway":"yes","surface":"asphalt"},"geometry":{"type":"LineString","coordinates":[[10.7596611,59.9118533],[10.7597782,59.9118374]]}},{"type":"Feature","id":435436157,"properties":{"access":"no","bus":"yes","covered":"yes","highway":"service","oneway":"yes","surface":"asphalt"},"geometry":{"type":"LineString","coordinates":[[10.7598986,59.9118192],[10.7600028,59.9118047]]}},{"type":"Feature","id":435515055,"properties":{"access":"no","bus":"yes","covered":"yes","highway":"service","oneway":"yes","surface":"asphalt"},"geometry":{"type":"LineString","coordinates":[[10.7597782,59.9118374],[10.7598986,59.9118192]]}},{"type":"Feature","id":435653435,"properties":{"access":"no","bus":"yes","highway":"service","oneway":"yes","surface":"asphalt"},"geometry":{"type":"LineString","coordinates":[[10.7578434,59.9117034],[10.757806,59.9117099],[10.7576017,59.9117429],[10.7572365,59.9117998]]}},{"type":"Feature","id":435653438,"properties":{"access":"no","bus":"yes","covered":"yes","highway":"service","oneway":"yes","surface":"asphalt"},"geometry":{"type":"LineString","coordinates":[[10.759307,59.9114741],[10.7589672,59.9115262],[10.7586209,59.9115793]]}},{"type":"Feature","id":467248318,"properties":{"highway":"trunk","lanes":"3","maxspeed":"50","name":"Schweigaards gate","name:etymology:wikidata":"Q591793","oneway":"yes","ref":"162;Ring 1","surface":"asphalt","turn:lanes":"slight_left|through|through","wikidata":"Q11999716"},"geometry":{"type":"LineString","coordinates":[[10.7551884,59.9118955],[10.7556629,59.9118211],[10.7558072,59.91179]]}},{"type":"Feature","id":467765360,"properties":{"highway":"trunk","lanes":"2","maxheight:signed":"no","maxspeed":"50","name":"Schweigaards gate","name:etymology:wikidata":"Q591793","oneway":"yes","ref":"162;Ring 1","surface":"asphalt","wikidata":"Q11999716"},"geometry":{"type":"LineString","coordinates":[[10.757696,59.9115627],[10.7574304,59.9116002]]}},{"type":"Feature","id":467765361,"properties":{"destination":"Sentrum vest;Carl Berners plass","destination:ref":"Ring 2","foot":"no","highway":"trunk","lanes":"1","maxspeed":"50","name":"Østre tangent","oneway":"yes","ref":"162;Ring 1","sidewalk:both":"no","surface":"asphalt"},"geometry":{"type":"LineString","coordinates":[[10.758222,59.9113467],[10.7582211,59.9113829],[10.7582175,59.9114128],[10.7582118,59.9114337],[10.7581918,59.9114534],[10.7581747,59.9114682],[10.758138,59.9114864],[10.758053,59.9115126]]}},{"type":"Feature","id":467765362,"properties":{"highway":"trunk","lanes":"2","maxspeed":"50","name":"Schweigaards gate","name:etymology:wikidata":"Q591793","oneway":"yes","ref":"162;Ring 1","surface":"asphalt","wikidata":"Q11999716"},"geometry":{"type":"LineString","coordinates":[[10.758961,59.9112942],[10.7594089,59.911227]]}},{"type":"Feature","id":467765363,"properties":{"highway":"trunk","lanes":"2","maxspeed":"50","name":"Schweigaards gate","name:etymology:wikidata":"Q591793","oneway":"yes","ref":"162;Ring 1","sidewalk:left":"no","sidewalk:right":"separate","surface":"asphalt","wikidata":"Q11999716"},"geometry":{"type":"LineString","coordinates":[[10.7584505,59.9113685],[10.758961,59.9112942]]}},{"type":"Feature","id":467765364,"properties":{"destination:lanes":"Bussterminalen Grønland|Sentrum øst","destination:ref:lanes":"|E18;E6","highway":"trunk","lanes":"2","maxspeed":"50","name":"Schweigaards gate","name:etymology:wikidata":"Q591793","oneway":"yes","ref":"162;Ring 1","surface":"asphalt","turn:lanes":"through|slight_right","wikidata":"Q11999716"},"geometry":{"type":"LineString","coordinates":[[10.756044,59.9117397],[10.756193,59.9117216],[10.7564065,59.9116874],[10.7568255,59.9116218]]}},{"type":"Feature","id":504794051,"properties":{"access":"no","bus":"yes","highway":"service","oneway":"yes","service":"parking_aisle","source":"Bing","surface":"asphalt"},"geometry":{"type":"LineString","coordinates":[[10.7569759,59.9121123],[10.757077,59.9120976],[10.7572695,59.9120709]]}},{"type":"Feature","id":504794052,"properties":{"access":"no","bus":"yes","covered":"yes","highway":"service","oneway":"yes","service":"parking_aisle","source":"Bing","surface":"asphalt"},"geometry":{"type":"LineString","coordinates":[[10.7569319,59.9120491],[10.7569966,59.9120396],[10.7571401,59.9120349],[10.7572117,59.9120548]]}},{"type":"Feature","id":504794053,"properties":{"access":"no","bus":"yes","highway":"service","oneway":"yes","service":"parking_aisle","source":"Bing","surface":"asphalt"},"geometry":{"type":"LineString","coordinates":[[10.7566605,59.9121395],[10.7567089,59.912151],[10.7568269,59.9121693],[10.7569416,59.9121717],[10.7572876,59.9121233],[10.7573977,59.9121325]]}},{"type":"Feature","id":515410664,"properties":{"highway":"trunk","lanes":"2","maxspeed":"50","name":"Schweigaards gate","name:etymology:wikidata":"Q591793","oneway":"yes","ref":"162;Ring 1","surface":"asphalt","wikidata":"Q11999716"},"geometry":{"type":"LineString","coordinates":[[10.7594013,59.9113015],[10.7591804,59.9113349],[10.7589593,59.9113685]]}},{"type":"Feature","id":515436438,"properties":{"access":"no","highway":"service","psv":"yes","service":"parking_aisle","source":"Bing","surface":"asphalt"},"geometry":{"type":"LineString","coordinates":[[10.7599188,59.911653],[10.7599296,59.9116395]]}},{"type":"Feature","id":515436450,"properties":{"access":"no","bus":"yes","covered":"yes","highway":"service","note":"just testing showing platform numbers","oneway":"yes","surface":"asphalt"},"geometry":{"type":"LineString","coordinates":[[10.7572365,59.9117998],[10.756771,59.9118677]]}},{"type":"Feature","id":515436461,"properties":{"highway":"trunk","lanes":"2","maxspeed":"50","name":"Schweigaards gate","name:etymology:wikidata":"Q591793","oneway":"yes","ref":"162;Ring 1","surface":"asphalt","wikidata":"Q11999716"},"geometry":{"type":"LineString","coordinates":[[10.7594089,59.911227],[10.7599501,59.9111481]]}},{"type":"Feature","id":515436474,"properties":{"access":"no","bus":"yes","covered":"yes","highway":"service","oneway":"yes","surface":"asphalt"},"geometry":{"type":"LineString","coordinates":[[10.7597849,59.9114009],[10.7596706,59.9114184]]}},{"type":"Feature","id":520220266,"properties":{"access":"no","highway":"service","note":"Car park inaccessible during works to Spektrum","service":"parking_aisle","surface":"asphalt"},"geometry":{"type":"LineString","coordinates":[[10.7565849,59.913549],[10.7563086,59.9135342],[10.7560819,59.9132148],[10.7560799,59.9132024],[10.7560886,59.91319],[10.7561007,59.9131819],[10.756143,59.9131765],[10.7562127,59.9131772],[10.7562865,59.9131748],[10.7563421,59.9131694]]}},{"type":"Feature","id":520220268,"properties":{"bicycle:lanes:backward":"|designated","bicycle:lanes:forward":"|designated","cycleway":"lane","description":"May at times be closed for motor vehicles due to temporary amusement park.","highway":"tertiary","lanes":"4","lanes:backward":"2","lanes:forward":"2","maxheight:signed":"no","maxspeed":"50","motor_vehicle:lanes:backward":"yes|no","motor_vehicle:lanes:forward":"yes|no","name":"Grønland","sidewalk":"separate","smoothness":"excellent","surface":"asphalt","width:lanes:backward":"3.1|2.2","width:lanes:forward":"3.1|2.2","wikidata":"Q11973053"},"geometry":{"type":"LineString","coordinates":[[10.7582649,59.913432],[10.7587239,59.9133554],[10.7590416,59.913307],[10.7591037,59.9132975]]}},{"type":"Feature","id":520220272,"properties":{"bicycle:lanes:backward":"|designated","bicycle:lanes:forward":"|designated","cycleway:both":"lane","description":"May at times be closed for motor vehicles due to temporary amusement park.","highway":"tertiary","lanes":"4","lanes:backward":"2","lanes:forward":"2","lit":"yes","motor_vehicle:lanes:backward":"yes|no","motor_vehicle:lanes:forward":"yes|no","name":"Brugata","sidewalk":"separate","smoothness":"excellent","surface":"asphalt","width:lanes:backward":"3.1|2.2","width:lanes:forward":"3.1|2.2","wikidata":"Q14152522"},"geometry":{"type":"LineString","coordinates":[[10.7570711,59.9136359],[10.7579589,59.9134836]]}},{"type":"Feature","id":619558523,"properties":{"bicycle:lanes:backward":"|designated","bicycle:lanes:forward":"|designated","cycleway":"lane","highway":"tertiary","lanes":"4","lanes:backward":"2","lanes:forward":"2","lit":"yes","maxspeed":"30","motor_vehicle:lanes:backward":"yes|no","motor_vehicle:lanes:forward":"yes|no","name":"Stenersgata","sidewalk":"separate","smoothness":"excellent","surface":"asphalt","width:lanes:backward":"3.1|1.5","width:lanes:forward":"3.1|1.5","wikidata":"Q19390461"},"geometry":{"type":"LineString","coordinates":[[10.7567803,59.9136742],[10.7566996,59.9136826],[10.756655,59.9136873],[10.7565257,59.9136936],[10.7564858,59.9136946],[10.7564531,59.9136954],[10.756409,59.9136964],[10.756326,59.9136984],[10.7561993,59.9136969],[10.7561021,59.9136929],[10.7560246,59.913689],[10.7558972,59.9136764]]}},{"type":"Feature","id":619558537,"properties":{"highway":"service","note":"Parking aisle temporarily a one-way service road during works to Spektrum","oneway":"yes","surface":"asphalt"},"geometry":{"type":"LineString","coordinates":[[10.7563421,59.9131694],[10.7565849,59.913549],[10.7566368,59.9136092],[10.7566457,59.9136194],[10.7566996,59.9136826]]}},{"type":"Feature","id":619558539,"properties":{"highway":"service","name":"Sonja Henies plass","name:etymology:wikidata":"Q204205","oneway":"yes","surface":"paving_stones"},"geometry":{"type":"LineString","coordinates":[[10.7549845,59.9124501],[10.7550268,59.9124496],[10.7550674,59.9124415],[10.7551217,59.9124262],[10.7551821,59.9124165],[10.7552471,59.9124141],[10.7553168,59.9124202],[10.7556793,59.9125138]]}},{"type":"Feature","id":685067835,"properties":{"access":"no","highway":"service","psv":"yes","service":"parking_aisle","source":"Bing","surface":"asphalt"},"geometry":{"type":"LineString","coordinates":[[10.7593417,59.9117419],[10.7593539,59.9117268]]}},{"type":"Feature","id":685067837,"properties":{"access":"no","bus":"yes","highway":"service","oneway":"yes","surface":"asphalt"},"geometry":{"type":"LineString","coordinates":[[10.7592053,59.9119187],[10.7593232,59.9119006],[10.7594375,59.9118856],[10.7594836,59.9118786]]}},{"type":"Feature","id":685067838,"properties":{"highway":"trunk","lanes":"2","maxspeed":"50","name":"Schweigaards gate","name:etymology:wikidata":"Q591793","oneway":"yes","ref":"162;Ring 1","sidewalk:left":"no","sidewalk:right":"separate","surface":"asphalt","wikidata":"Q11999716"},"geometry":{"type":"LineString","coordinates":[[10.758053,59.9115126],[10.757696,59.9115627]]}},{"type":"Feature","id":709042832,"properties":{"access":"no","bus":"yes","covered":"yes","highway":"service","oneway":"yes","surface":"asphalt"},"geometry":{"type":"LineString","coordinates":[[10.7596706,59.9114184],[10.759307,59.9114741]]}},{"type":"Feature","id":709042834,"properties":{"access":"no","bus":"yes","covered":"yes","highway":"service","oneway":"yes","service":"parking_aisle","source":"Bing","surface":"asphalt"},"geometry":{"type":"LineString","coordinates":[[10.7565298,59.9121084],[10.7568851,59.912056],[10.7569319,59.9120491]]}},{"type":"Feature","id":709042838,"properties":{"access":"no","bus":"yes","highway":"service","service":"parking_aisle","source":"Bing","surface":"asphalt"},"geometry":{"type":"LineString","coordinates":[[10.7569759,59.9121123],[10.7567089,59.912151]]}},{"type":"Feature","id":709042839,"properties":{"access":"no","bus":"yes","highway":"service","note":"just testing showing platform numbers","oneway":"yes","surface":"asphalt"},"geometry":{"type":"LineString","coordinates":[[10.7565006,59.9121641],[10.756515,59.9121876],[10.7565554,59.9122218]]}},{"type":"Feature","id":709042840,"properties":{"access":"no","bus":"yes","highway":"service","oneway":"yes","surface":"asphalt"},"geometry":{"type":"LineString","coordinates":[[10.7565554,59.9122218],[10.7566597,59.9122344],[10.756779,59.912243],[10.756946,59.9122392],[10.7575141,59.9121591]]}},{"type":"Feature","id":709042841,"properties":{"access":"no","bus":"yes","highway":"service","oneway":"yes","service":"parking_aisle","source":"Bing","surface":"asphalt"},"geometry":{"type":"LineString","coordinates":[[10.7573977,59.9121325],[10.7575141,59.9121591]]}},{"type":"Feature","id":709042842,"properties":{"access":"no","bus":"yes","highway":"service","oneway":"yes","service":"parking_aisle","source":"Bing","surface":"asphalt"},"geometry":{"type":"LineString","coordinates":[[10.7572695,59.9120709],[10.7573235,59.9120895],[10.7573977,59.9121325]]}},{"type":"Feature","id":884819320,"properties":{"destination":"Sentrum øst","destination:ref":"E18;E6","highway":"trunk","lanes":"1","maxheight:signed":"no","maxspeed":"50","name":"Østre tangent","oneway":"yes","ref":"162;Ring 1","surface":"asphalt","turn:lanes":"right"},"geometry":{"type":"LineString","coordinates":[[10.7568255,59.9116218],[10.7570855,59.9115649],[10.7573641,59.9115109],[10.7577432,59.9114492],[10.7578678,59.9114315]]}},{"type":"Feature","id":885181787,"properties":{"highway":"service","oneway":"yes","surface":"asphalt"},"geometry":{"type":"LineString","coordinates":[[10.7578647,59.9116124],[10.7578172,59.9116016],[10.757696,59.9115627]]}},{"type":"Feature","id":885181788,"properties":{"access":"no","bus":"yes","covered":"yes","highway":"service","oneway":"yes","surface":"asphalt"},"geometry":{"type":"LineString","coordinates":[[10.7599164,59.9113235],[10.7598693,59.9113537],[10.7597849,59.9114009]]}},{"type":"Feature","id":965147215,"properties":{"highway":"pedestrian","motor_vehicle:conditional":"delivery @ (Mo-Fr 06:00-11:00; PH off)","name":"Olafiagangen","surface":"concrete"},"geometry":{"type":"LineString","coordinates":[[10.7588022,59.9125055],[10.7586994,59.9125168]]}},{"type":"Feature","id":972697235,"properties":{"electrified":"contact_line","frequency":"16.67","gauge":"1435","name":"Spor 3","operator":"Bane NOR","railway":"rail","railway:atc":"yes","railway:bidirectional":"regular","railway:etcs":"no","railway:track_ref":"3","usage":"main","voltage":"15000"},"geometry":{"type":"LineString","coordinates":[[10.7591251,59.9101116],[10.7579136,59.9104018],[10.7565907,59.9107188]]}},{"type":"Feature","id":996057848,"properties":{"access":"no","bus":"yes","highway":"service","service":"parking_aisle","source":"Bing","surface":"asphalt"},"geometry":{"type":"LineString","coordinates":[[10.7599244,59.9117848],[10.7600377,59.9116347]]}},{"type":"Feature","id":996057849,"properties":{"access":"no","bus":"yes","highway":"service","service":"parking_aisle","source":"Bing","surface":"asphalt"},"geometry":{"type":"LineString","coordinates":[[10.7598029,59.9118037],[10.7599188,59.911653]]}},{"type":"Feature","id":996057850,"properties":{"access":"no","bus":"yes","covered":"yes","highway":"service","service":"parking_aisle","source":"Bing","surface":"asphalt"},"geometry":{"type":"LineString","coordinates":[[10.7596611,59.9118533],[10.7596857,59.9118212]]}},{"type":"Feature","id":996057851,"properties":{"access":"no","bus":"yes","covered":"yes","highway":"service","service":"parking_aisle","source":"Bing","surface":"asphalt"},"geometry":{"type":"LineString","coordinates":[[10.7595508,59.911868],[10.7595746,59.9118383]]}},{"type":"Feature","id":996057852,"properties":{"access":"no","bus":"yes","covered":"yes","highway":"service","oneway":"yes","surface":"asphalt"},"geometry":{"type":"LineString","coordinates":[[10.7594836,59.9118786],[10.7595508,59.911868],[10.7596611,59.9118533]]}},{"type":"Feature","id":996057862,"properties":{"access":"no","bus":"yes","covered":"yes","highway":"service","service":"parking_aisle","source":"Bing","surface":"asphalt"},"geometry":{"type":"LineString","coordinates":[[10.7597045,59.9116736],[10.759728,59.9116443]]}},{"type":"Feature","id":996057863,"properties":{"access":"no","bus":"yes","covered":"yes","highway":"service","service":"parking_aisle","source":"Bing","surface":"asphalt"},"geometry":{"type":"LineString","coordinates":[[10.7590089,59.9117791],[10.7590345,59.911748]]}},{"type":"Feature","id":996057864,"properties":{"access":"no","bus":"yes","covered":"yes","highway":"service","service":"parking_aisle","source":"Bing","surface":"asphalt"},"geometry":{"type":"LineString","coordinates":[[10.7580981,59.9119172],[10.7581262,59.9118819]]}},{"type":"Feature","id":996057865,"properties":{"access":"no","bus":"yes","covered":"yes","highway":"service","service":"parking_aisle","source":"Bing","surface":"asphalt"},"geometry":{"type":"LineString","coordinates":[[10.7582083,59.9119005],[10.758234,59.9118697]]}},{"type":"Feature","id":996057866,"properties":{"access":"no","bus":"yes","covered":"yes","highway":"service","service":"parking_aisle","source":"Bing","surface":"asphalt"},"geometry":{"type":"LineString","coordinates":[[10.758323,59.9118831],[10.7583437,59.9118583]]}},{"type":"Feature","id":996057867,"properties":{"access":"no","bus":"yes","covered":"yes","highway":"service","service":"parking_aisle","source":"Bing","surface":"asphalt"},"geometry":{"type":"LineString","coordinates":[[10.7584343,59.9118662],[10.7584567,59.9118382]]}},{"type":"Feature","id":996057868,"properties":{"access":"no","bus":"yes","covered":"yes","highway":"service","service":"parking_aisle","source":"Bing","surface":"asphalt"},"geometry":{"type":"LineString","coordinates":[[10.7585495,59.9118488],[10.7585748,59.9118187]]}},{"type":"Feature","id":996057869,"properties":{"access":"no","bus":"yes","covered":"yes","highway":"service","service":"parking_aisle","source":"Bing","surface":"asphalt"},"geometry":{"type":"LineString","coordinates":[[10.7586664,59.9118311],[10.7586889,59.911804]]}},{"type":"Feature","id":996057870,"properties":{"access":"no","bus":"yes","covered":"yes","highway":"service","service":"parking_aisle","source":"Bing","surface":"asphalt"},"geometry":{"type":"LineString","coordinates":[[10.7587825,59.9118134],[10.758807,59.9117836]]}},{"type":"Feature","id":996057871,"properties":{"access":"no","bus":"yes","covered":"yes","highway":"service","service":"parking_aisle","source":"Bing","surface":"asphalt"},"geometry":{"type":"LineString","coordinates":[[10.7588907,59.911797],[10.7589141,59.9117677]]}},{"type":"Feature","id":996057872,"properties":{"access":"no","bus":"yes","covered":"yes","highway":"service","service":"parking_aisle","source":"Bing","surface":"asphalt"},"geometry":{"type":"LineString","coordinates":[[10.759125,59.9117615],[10.7591494,59.9117322]]}},{"type":"Feature","id":996057873,"properties":{"access":"no","bus":"yes","covered":"yes","highway":"service","service":"parking_aisle","source":"Bing","surface":"asphalt"},"geometry":{"type":"LineString","coordinates":[[10.7592408,59.911744],[10.7592649,59.911715]]}},{"type":"Feature","id":996057874,"properties":{"access":"no","covered":"yes","highway":"service","psv":"yes","service":"parking_aisle","source":"Bing","surface":"asphalt"},"geometry":{"type":"LineString","coordinates":[[10.7593539,59.9117268],[10.7593786,59.9116963]]}},{"type":"Feature","id":996057875,"properties":{"access":"no","bus":"yes","covered":"yes","highway":"service","service":"parking_aisle","source":"Bing","surface":"asphalt"},"geometry":{"type":"LineString","coordinates":[[10.7594696,59.9117093],[10.759496,59.9116763]]}},{"type":"Feature","id":996057876,"properties":{"access":"no","bus":"yes","covered":"yes","highway":"service","service":"parking_aisle","source":"Bing","surface":"asphalt"},"geometry":{"type":"LineString","coordinates":[[10.7595881,59.9116913],[10.7596119,59.9116619]]}},{"type":"Feature","id":996057877,"properties":{"access":"no","bus":"yes","covered":"yes","highway":"service","service":"parking_aisle","source":"Bing","surface":"asphalt"},"geometry":{"type":"LineString","coordinates":[[10.7598148,59.9116569],[10.7598425,59.9116229]]}},{"type":"Feature","id":996057878,"properties":{"access":"no","covered":"yes","highway":"service","psv":"yes","service":"parking_aisle","source":"Bing","surface":"asphalt"},"geometry":{"type":"LineString","coordinates":[[10.7599296,59.9116395],[10.7599572,59.9116049]]}},{"type":"Feature","id":996057889,"properties":{"access":"no","bus":"yes","highway":"service","oneway":"yes","surface":"asphalt"},"geometry":{"type":"LineString","coordinates":[[10.759932,59.9113139],[10.7599164,59.9113235]]}},{"type":"Feature","id":996057890,"properties":{"access":"no","bus":"yes","highway":"service","oneway":"yes","surface":"asphalt"},"geometry":{"type":"LineString","coordinates":[[10.7579364,59.9116302],[10.7578647,59.9116124]]}},{"type":"Feature","id":996057891,"properties":{"access":"no","bus":"yes","covered":"yes","highway":"service","oneway":"yes","surface":"asphalt"},"geometry":{"type":"LineString","coordinates":[[10.758131,59.9116543],[10.7580668,59.9116662],[10.7578434,59.9117034]]}},{"type":"Feature","id":996057892,"properties":{"access":"no","bus":"yes","highway":"service","oneway":"yes","service":"parking_aisle","source":"Bing","surface":"asphalt"},"geometry":{"type":"LineString","coordinates":[[10.7572117,59.9120548],[10.7572695,59.9120709]]}},{"type":"Feature","id":996057893,"properties":{"access":"no","bus":"yes","covered":"yes","highway":"service","oneway":"yes","service":"parking_aisle","source":"Bing","surface":"asphalt"},"geometry":{"type":"LineString","coordinates":[[10.7564481,59.9120786],[10.7564916,59.9120968],[10.7565298,59.9121084],[10.7566605,59.9121395]]}},{"type":"Feature","id":996057894,"properties":{"access":"no","bus":"yes","covered":"yes","highway":"service","note":"just testing showing platform numbers","oneway":"yes","surface":"asphalt"},"geometry":{"type":"LineString","coordinates":[[10.7564481,59.9120786],[10.7565006,59.9121641]]}},{"type":"Feature","id":1120559845,"properties":{"electrified":"contact_line","frequency":"16.67","gauge":"1435","name":"Spor 2","operator":"Bane NOR","railway":"rail","railway:track_ref":"2","voltage":"15000"},"geometry":{"type":"LineString","coordinates":[[10.7600777,59.9099282],[10.7592886,59.9101159],[10.7579546,59.9104373],[10.7566268,59.9107569]]}},{"type":"Feature","id":1120559856,"properties":{"electrified":"contact_line","frequency":"16.67","gauge":"1435","name":"Spor 1","operator":"Bane NOR","railway":"rail","railway:atc":"yes","railway:track_ref":"1","usage":"main","voltage":"15000"},"geometry":{"type":"LineString","coordinates":[[10.7547737,59.9113252],[10.7548729,59.9113018],[10.7567188,59.9108577]]}},{"type":"Feature","id":1299781824,"properties":{"access":"no","bus":"yes","covered":"yes","highway":"service","oneway":"yes","surface":"asphalt"},"geometry":{"type":"LineString","coordinates":[[10.7586209,59.9115793],[10.758131,59.9116543]]}},{"type":"Feature","id":1318353693,"properties":{"railway":"platform_edge","ref":"5"},"geometry":{"type":"LineString","coordinates":[[10.7546405,59.9110018],[10.7586013,59.9100399],[10.7597995,59.9097535]]}},{"type":"Feature","id":1504440171,"properties":{"covered":"yes","foot":"no","highway":"trunk","junction":"roundabout","lanes":"2","maxheight":"4.3","maxspeed":"50","name":"Schweigaards gate","name:etymology:wikidata":"Q591793","oneway":"yes","ref":"162;Ring 1","sidewalk":"no","surface":"asphalt","wikidata":"Q11999716"},"geometry":{"type":"LineString","coordinates":[[10.7559627,59.9119284],[10.7559463,59.9119265]]}},{"type":"Feature","id":1504440172,"properties":{"foot":"no","highway":"trunk","junction":"roundabout","lanes":"2","maxspeed":"50","name":"Schweigaards gate","name:etymology:wikidata":"Q591793","oneway":"yes","ref":"162;Ring 1","sidewalk":"no","surface":"asphalt","wikidata":"Q11999716"},"geometry":{"type":"LineString","coordinates":[[10.7561226,59.9118986],[10.7560922,59.9119101]]}},{"type":"Feature","id":1504440177,"properties":{"foot":"no","highway":"trunk","lanes":"1","maxheight":"4.3 m","maxspeed":"50","oneway":"yes","ref":"162;Ring 1","sidewalk":"no","surface":"asphalt"},"geometry":{"type":"LineString","coordinates":[[10.7561226,59.9118986],[10.7561237,59.9119066]]}},{"type":"Feature","id":1509493775,"properties":{"highway":"service","note":"Temporary service road while Spektrum is under construction","oneway":"yes","surface":"asphalt"},"geometry":{"type":"LineString","coordinates":[[10.755716,59.9125914],[10.7558915,59.9126874],[10.7559263,59.9126957],[10.756313,59.9128059],[10.7563477,59.9129571],[10.7563772,59.9130855],[10.7563421,59.9131694]]}},{"type":"Feature","id":1509493776,"properties":{"access":"no","highway":"service","name":"Sonja Henies plass","name:etymology:wikidata":"Q204205","oneway":"yes","surface":"paving_stones"},"geometry":{"type":"LineString","coordinates":[[10.755716,59.9125914],[10.7556861,59.9126075],[10.7556462,59.9126166],[10.7556024,59.9126174],[10.7555613,59.9126098]]}},{"type":"Feature","id":1509493777,"properties":{"access":"no","highway":"service","name":"Sonja Henies plass","name:etymology:wikidata":"Q204205","note":"Temporarily inaccessible while works to Spektrum take place","oneway":"yes","surface":"paving_stones"},"geometry":{"type":"LineString","coordinates":[[10.7555613,59.9126098],[10.7549845,59.9124501]]}},{"type":"Feature","id":1527986253,"properties":{"covered":"no","image":"https://photos.app.goo.gl/xW4tkSneFK4TTjXc9","intermittent":"no","name":"Akerselva","salt":"no","tidal":"no","waterway":"river"},"geometry":{"type":"LineString","coordinates":[[10.7580551,59.9133582],[10.7579561,59.9132105],[10.7577811,59.9129026],[10.7576494,59.9126448],[10.7576447,59.9125972]]}},{"type":"Feature","id":1536630885,"properties":{"covered":"no","image":"https://photos.app.goo.gl/xW4tkSneFK4TTjXc9","intermittent":"no","name":"Akerselva","salt":"no","tidal":"no","waterway":"river"},"geometry":{"type":"LineString","coordinates":[[10.7576494,59.9126448],[10.757604,59.9126027]]}}]}