{"type":"FeatureCollection","features":[{"type":"Feature","id":1481064591,"properties":{"artist_name":"Einar Jónsson","artwork_type":"sculpture","description":"A man who had been convicted of a crime and fled with his wife and child into the highlands of Iceland.... The work depicts the man carrying the lifeless body of his wife on his back, their child in his arms.","name":"Útlagar","name:en":"Outlaws","start_date":"1901","tourism":"artwork"},"geometry":{"type":"Point","coordinates":[-21.9483853,64.1432342]}},{"type":"Feature","id":289935441,"properties":{"amenity":"bench","backrest":"yes"},"geometry":{"type":"Point","coordinates":[-21.9437134,64.142512]}},{"type":"Feature","id":289935442,"properties":{"amenity":"bench","backrest":"yes","check_date":"2023-05-16"},"geometry":{"type":"Point","coordinates":[-21.9436521,64.1422818]}},{"type":"Feature","id":289935443,"properties":{"amenity":"waste_disposal","waste":"trash"},"geometry":{"type":"Point","coordinates":[-21.9436605,64.1422435]}},{"type":"Feature","id":289935444,"properties":{"amenity":"waste_disposal","waste":"trash"},"geometry":{"type":"Point","coordinates":[-21.943689,64.1424779]}},{"type":"Feature","id":2018416315,"properties":{"amenity":"waste_basket","waste":"trash"},"geometry":{"type":"Point","coordinates":[-21.9436674,64.142252]}},{"type":"Feature","id":2018416327,"properties":{"amenity":"waste_basket","check_date":"2023-05-16","waste":"trash"},"geometry":{"type":"Point","coordinates":[-21.9437202,64.1424917]}},{"type":"Feature","id":3694136818,"properties":{"amenity":"waste_basket"},"geometry":{"type":"Point","coordinates":[-21.9478122,64.1432793]}},{"type":"Feature","id":445830928,"properties":{"end_date":"2026-06-20","name":"Kjötborg","opening_hours":"Mo-Sa 11:15-18:30; Su 13:00-18:00","shop":"convenience"},"geometry":{"type":"Point","coordinates":[-21.9512066,64.1459361]}},{"type":"Feature","id":1620366920,"properties":{"name":"Björnsbakarí","opening_hours":"Mo-Fr 07:30-17:30; Sa 08:00-16:00; Su 09:00-16:00","shop":"bakery"},"geometry":{"type":"Point","coordinates":[-21.9508923,64.1439545]}},{"type":"Feature","id":1989830051,"properties":{"amenity":"post_box","operator":"Íslandspóstur","operator:wikidata":"Q291809"},"geometry":{"type":"Point","coordinates":[-21.95175,64.14539]}},{"type":"Feature","id":2018350305,"properties":{"amenity":"bench","backrest":"yes"},"geometry":{"type":"Point","coordinates":[-21.9480972,64.1434661]}},{"type":"Feature","id":2018350311,"properties":{"amenity":"bench","backrest":"yes"},"geometry":{"type":"Point","coordinates":[-21.948602,64.1435782]}},{"type":"Feature","id":2018350314,"properties":{"amenity":"bench","backrest":"yes"},"geometry":{"type":"Point","coordinates":[-21.9488594,64.1436336]}},{"type":"Feature","id":2018350317,"properties":{"amenity":"bench","backrest":"yes"},"geometry":{"type":"Point","coordinates":[-21.9492823,64.1437268]}},{"type":"Feature","id":2018350349,"properties":{"amenity":"bench","backrest":"yes"},"geometry":{"type":"Point","coordinates":[-21.9518405,64.144828]}},{"type":"Feature","id":2018350406,"properties":{"amenity":"bench","backrest":"yes","check_date":"2026-05-15","material":"steel","seats":"3"},"geometry":{"type":"Point","coordinates":[-21.9511567,64.145888]}},{"type":"Feature","id":2018350795,"properties":{"amenity":"bench","armrest":"yes","backrest":"yes","check_date":"2023-05-31"},"geometry":{"type":"Point","coordinates":[-21.9500866,64.1480786]}},{"type":"Feature","id":2018416490,"properties":{"amenity":"waste_basket","lukr:_TEGUND_":"1","lukr:_d_TEGUND_":"Fest á ljósastaur","waste":"trash"},"geometry":{"type":"Point","coordinates":[-21.9489501,64.1436462]}},{"type":"Feature","id":2018416510,"properties":{"amenity":"waste_basket","check_date":"2022-05-18","lukr:_TEGUND_":"3","lukr:_d_TEGUND_":"Fest á járnrör","waste":"trash"},"geometry":{"type":"Point","coordinates":[-21.9508247,64.1438999]}},{"type":"Feature","id":2018416770,"properties":{"amenity":"waste_basket","check_date":"2021-02-14","waste":"trash"},"geometry":{"type":"Point","coordinates":[-21.9480952,64.146012]}},{"type":"Feature","id":2488318765,"properties":{"addr:city":"Reykjavík","addr:housenumber":"30","addr:street":"Túngata","country":"FI","diplomatic":"embassy","embassy":"yes","name":"Sendiráð Finnlands","name:en":"Embassy of Finland","name:fi":"Suomen suurlähetystö","name:fr":"Ambassade de Finlande","name:sv":"Finlands ambassad","office":"diplomatic","opening_hours":"Mo-Su 09:00-12:00","phone":"+354 510 0100","target":"IS","website":"https://finlandabroad.fi/web/isl","wikidata":"Q31886600"},"geometry":{"type":"Point","coordinates":[-21.9507167,64.1483127]}},{"type":"Feature","id":3694142574,"properties":{"information":"map","map_size":"site","map_type":"scheme","tourism":"information"},"geometry":{"type":"Point","coordinates":[-21.9497833,64.1437945]}},{"type":"Feature","id":3694142624,"properties":{"amenity":"bench","backrest":"yes","check_date":"2021-03-01","seats":"3"},"geometry":{"type":"Point","coordinates":[-21.9490273,64.1451176]}},{"type":"Feature","id":6743853122,"properties":{"access":"yes","amenity":"bicycle_parking","bicycle_parking":"stands","capacity":"10","covered":"no","fee":"no"},"geometry":{"type":"Point","coordinates":[-21.9494056,64.1481242]}},{"type":"Feature","id":9126968467,"properties":{"historic":"bell","name":"Lifsverndarklukka","name:en":"The Protection of Life-Bell","tourism":"attraction"},"geometry":{"type":"Point","coordinates":[-21.9485466,64.1478038]}},{"type":"Feature","id":11048680639,"properties":{"access":"yes","amenity":"charging_station","brand":"Orka Náttúrunnar","capacity":"6","charge":"27 ISK/kWh + 0.5 ISK/min","fee":"yes","name":"Hrannarstígur Hverfahleðsla","operator":"Orka náttúrunnar","operator:wikidata":"Q25051792","payment:app":"yes","payment:rfid_card":"yes","socket:type2":"6","socket:type2:output":"22 kW"},"geometry":{"type":"Point","coordinates":[-21.9498785,64.1485773]}},{"type":"Feature","id":11048680640,"properties":{"access":"private","amenity":"charging_station","brand":"Orka Náttúrunnar","capacity":"2","charge":"27 ISK/kWh + 0.5 ISK/min","fee":"yes","name":"Landakot (Landspítali)","note":"Charger is on a private parking lot","operator":"Orka náttúrunnar","operator:wikidata":"Q25051792","payment:app":"yes","payment:rfid_card":"yes","socket:type2":"2","socket:type2:output":"22 kW"},"geometry":{"type":"Point","coordinates":[-21.9495834,64.1487679]}},{"type":"Feature","id":11503104131,"properties":{"access":"permissive","amenity":"charging_station","brand":"Ísorka","capacity":"6","charge":"30 ISK/kWh + 60 ISK/h (after 2 hours)","fee":"yes","name":"Brávallargata - Hverfahleðsla","operator":"Ísorka","payment:app":"yes","payment:rfid_card":"yes","socket:type2":"6","socket:type2:output":"22 kW"},"geometry":{"type":"Point","coordinates":[-21.9506729,64.1451702]}},{"type":"Feature","id":14058979302,"properties":{"artwork_type":"statue","tourism":"artwork"},"geometry":{"type":"Point","coordinates":[-21.9482487,64.1476004]}},{"type":"Feature","id":14059018801,"properties":{"artwork_type":"sculpture","check_date":"2026-07-29","name":"Marteinn Meulenberg","tourism":"artwork"},"geometry":{"type":"Point","coordinates":[-21.9487113,64.1476224]}},{"type":"Feature","id":53037967,"properties":{"access":"yes","amenity":"parking","capacity":"130","fee":"yes","layer":"-1","name":"Ráðhúskjallari","operator":"Bílastæðasjóður Reykjavíkur","parking":"underground","payment:cash":"yes","payment:coins":"yes","payment:credit_cards":"yes","payment:debit_cards":"yes","supervised":"yes","surface":"concrete","wheelchair":"yes"},"geometry":{"type":"Point","coordinates":[-21.9431012,64.1459273]}},{"type":"Feature","id":410522760,"properties":{"addr:housenumber":"17","addr:postcode":"101","addr:street":"Vesturgata","name":"Day Dream Vesturgata 17","operator":"Daydream","operator:website":"https://daydream.is/reykjavik/","reservation:website":"https://property.godo.is/booking.php","tourism":"hostel"},"geometry":{"type":"Point","coordinates":[-21.943942,64.1496793]}},{"type":"Feature","id":676956842,"properties":{"addr:city":"Reykjavík","addr:housenumber":"15","addr:postcode":"101","addr:street":"Tryggvagata","air_conditioning":"yes","amenity":"library","contact:email":"grofin@borgarbokasafn.is","contact:phone":"+354 411 6100","email":"info@borgarbokasafn.is","name":"Borgarbókasafn Reykjavíkur","name:en":"Reykjavík City Library","opening_hours":"Mo-Th 10:00-19:00; Fr 11:00-18:00; Sa-Su 11:00-17:00","opening_hours:url":"https://borgarbokasafn.is/en/library/grofin-en","phone":"+354 411 6100","website":"https://www.borgarbokasafn.is/","wheelchair":"yes","wikidata":"Q16421571","wikipedia":"is:Borgarbókasafn Reykjavíkur"},"geometry":{"type":"Point","coordinates":[-21.9414698,64.149392]}},{"type":"Feature","id":761695672,"properties":{"amenity":"polling_station"},"geometry":{"type":"Point","coordinates":[-21.9423872,64.1461627]}},{"type":"Feature","id":1188297199,"properties":{"access":"yes","amenity":"parking_entrance","maxheight":"2.2","parking":"underground"},"geometry":{"type":"Point","coordinates":[-21.9429258,64.1460147]}},{"type":"Feature","id":1204530503,"properties":{"amenity":"parking","capacity":"106","fee":"yes","name":"Vesturgata 7","operator":"Bílastæðasjóður Reykjavíkur","parking":"multi-storey"},"geometry":{"type":"Point","coordinates":[-21.9431451,64.1490164]}},{"type":"Feature","id":1213739967,"properties":{"addr:city":"Reykjavík","addr:housenumber":"12","addr:postcode":"101","addr:street":"Aðalstræti","amenity":"restaurant","name":"Fiskmarkaðurinn","name:en":"Fish Market","opening_hours":"Su-Th 18:00-22:30; Fr-Sa 18:00-23:35","phone":"+354 578 8877","website":"https://fiskmarkadurinn.is/","wheelchair":"no"},"geometry":{"type":"Point","coordinates":[-21.9422603,64.1477313]}},{"type":"Feature","id":1264717775,"properties":{"addr:city":"Reykjavík","amenity":"restaurant","check_date":"2024-10-04","name":"Fjalakötturinn"},"geometry":{"type":"Point","coordinates":[-21.9424345,64.1474866]}},{"type":"Feature","id":1264724303,"properties":{"addr:city":"Reykjavík","addr:country":"IS","addr:housenumber":"16","addr:postcode":"101","addr:street":"Aðalstræti","alt_name:en":"The Settlement Exhibition","alt_name:is":"Landnámssýningin","check_date":"2026-05-14","check_date:opening_hours":"2026-05-14","contact:phone":"+354 411 6370","fee":"yes","name":"Reykjavík 871±2","opening_hours":"Mo-Su 10:00-17:00","tourism":"museum","website:en":"http://borgarsogusafn.is/en/the-settlement-exhibition","website:is":"http://borgarsogusafn.is/is/landnamssyningin","wheelchair":"yes","wikidata":"Q7319496","wikimedia_commons":"Category:Reykjavík 871 +/-2","wikipedia":"en:The Settlement Exhibition"},"geometry":{"type":"Point","coordinates":[-21.9427823,64.1473511]}},{"type":"Feature","id":1342152268,"properties":{"amenity":"kindergarten","check_date":"2023-08-17","name":"Tjarnarborg"},"geometry":{"type":"Point","coordinates":[-21.9455267,64.1438033]}},{"type":"Feature","id":1433784491,"properties":{"addr:city":"Reykjavík","addr:country":"IS","addr:housenumber":"3b","addr:postcode":"101","addr:street":"Vesturgata","amenity":"restaurant","check_date":"2024-10-04","contact:email":"tapas@tapas.is","contact:phone":"+354 551 2344","contact:website":"http://www.tapas.is","cuisine":"tapas","name":"Tapas barinn","opening_hours":"Su-Th 17:00-23:30; Fr,Sa 17:00-01:00"},"geometry":{"type":"Point","coordinates":[-21.942186,64.1486545]}},{"type":"Feature","id":1470755460,"properties":{"addr:city":"Reykjavík","addr:country":"IS","addr:housenumber":"4","addr:postcode":"101","addr:street":"Aðalstræti","check_date":"2024-10-04","email":"plaza@centerhotels.com","fax":"+354 595 8511","internet_access":"wlan","name":"CenterHotel Plaza","operator":"CenterHotel","phone":"+354 595 8550","tourism":"hotel","wheelchair":"yes","wikidata":"Q111409562"},"geometry":{"type":"Point","coordinates":[-21.9417464,64.1482906]}},{"type":"Feature","id":1668552658,"properties":{"addr:housenumber":"2","addr:postcode":"101","addr:street":"Garðastræti","name":"As We Grow","shop":"clothes"},"geometry":{"type":"Point","coordinates":[-21.9436337,64.1495106]}},{"type":"Feature","id":1906835181,"properties":{"addr:housenumber":"2a","addr:postcode":"101","addr:street":"Vesturgata","amenity":"cafe","check_date":"2026-08-05","check_date:opening_hours":"2026-08-05","cuisine":"coffee_shop","internet_access":"wlan","internet_access:fee":"no","name":"Iða","opening_hours":"Mo-Fr 08:00-22:00; Sa-Su 10:00-22:00","outdoor_seating":"yes","source":"Bing, Local knowledge","takeaway":"yes","website":"http://ida.is/"},"geometry":{"type":"Point","coordinates":[-21.9414711,64.1489442]}},{"type":"Feature","id":1906835209,"properties":{"addr:housenumber":"2a","addr:postcode":"101","addr:street":"Vesturgata","amenity":"restaurant","check_date":"2024-10-04","contact:email":"info@fiskfelagid.is","contact:phone":"+354 552 5300","cuisine":"regional","level":"-1","name":"Fiskfélagið","source":"Bing, Local knowledge","website":"https://www.fiskfelagid.is/","wheelchair":"no"},"geometry":{"type":"Point","coordinates":[-21.9415366,64.1489232]}},{"type":"Feature","id":1989830055,"properties":{"amenity":"post_box","check_date:collection_times":"2026-05-19","collection_times":"Mo-Fr 15:00","operator":"Íslandspóstur"},"geometry":{"type":"Point","coordinates":[-21.9414674,64.148513]}},{"type":"Feature","id":1989830057,"properties":{"amenity":"post_box","check_date:collection_times":"2023-12-22","collection_times":"Mo-Fr 15:00","operator":"Íslandspóstur","operator:wikidata":"Q291809"},"geometry":{"type":"Point","coordinates":[-21.9426695,64.1499051]}},{"type":"Feature","id":2018350320,"properties":{"amenity":"bench","backrest":"yes","check_date":"2021-07-26"},"geometry":{"type":"Point","coordinates":[-21.9448904,64.1438082]}},{"type":"Feature","id":2018350325,"properties":{"amenity":"bench","backrest":"yes","check_date":"2021-10-26"},"geometry":{"type":"Point","coordinates":[-21.9454515,64.1439691]}},{"type":"Feature","id":2018350327,"properties":{"amenity":"bench","backrest":"yes","check_date":"2021-10-26"},"geometry":{"type":"Point","coordinates":[-21.9454233,64.1440053]}},{"type":"Feature","id":2018350328,"properties":{"amenity":"bench","backrest":"yes","check_date":"2021-10-26"},"geometry":{"type":"Point","coordinates":[-21.9453925,64.1440465]}},{"type":"Feature","id":2018350329,"properties":{"amenity":"bench","backrest":"yes","check_date":"2022-05-18"},"geometry":{"type":"Point","coordinates":[-21.9453714,64.1440742]}},{"type":"Feature","id":2018350344,"properties":{"amenity":"bench","backrest":"yes","check_date":"2021-07-26"},"geometry":{"type":"Point","coordinates":[-21.944724,64.1446999]}},{"type":"Feature","id":2018350346,"properties":{"amenity":"bench","backrest":"yes","check_date":"2021-07-26"},"geometry":{"type":"Point","coordinates":[-21.9446656,64.1447432]}},{"type":"Feature","id":2018350363,"properties":{"amenity":"bench","backrest":"yes","check_date":"2021-07-26"},"geometry":{"type":"Point","coordinates":[-21.9442149,64.1451426]}},{"type":"Feature","id":2018350364,"properties":{"amenity":"bench","backrest":"yes","check_date":"2021-07-26"},"geometry":{"type":"Point","coordinates":[-21.9441903,64.1451669]}},{"type":"Feature","id":2018350366,"properties":{"amenity":"bench","backrest":"yes","check_date":"2021-07-26"},"geometry":{"type":"Point","coordinates":[-21.9441482,64.1452084]}},{"type":"Feature","id":2018350402,"properties":{"amenity":"bench","backrest":"yes","check_date":"2021-03-02"},"geometry":{"type":"Point","coordinates":[-21.947398,64.1458707]}},{"type":"Feature","id":2018350425,"properties":{"amenity":"bench","backrest":"no","check_date":"2021-07-26"},"geometry":{"type":"Point","coordinates":[-21.9426828,64.1464569]}},{"type":"Feature","id":2018350472,"properties":{"amenity":"bench","backrest":"yes"},"geometry":{"type":"Point","coordinates":[-21.9477954,64.1468184]}},{"type":"Feature","id":2018350626,"properties":{"amenity":"bench","backrest":"yes","check_date":"2021-02-14"},"geometry":{"type":"Point","coordinates":[-21.9478427,64.1471975]}},{"type":"Feature","id":2018350689,"properties":{"amenity":"bench","backrest":"yes","check_date":"2021-10-27"},"geometry":{"type":"Point","coordinates":[-21.9419396,64.1473243]}},{"type":"Feature","id":2018350696,"properties":{"amenity":"bench","backrest":"yes","check_date":"2021-10-27"},"geometry":{"type":"Point","coordinates":[-21.9420413,64.1473418]}},{"type":"Feature","id":2018350746,"properties":{"amenity":"bench","backrest":"yes","check_date":"2021-10-27"},"geometry":{"type":"Point","coordinates":[-21.9418737,64.1474521]}},{"type":"Feature","id":2018350747,"properties":{"amenity":"bench","backrest":"yes","check_date":"2021-10-27"},"geometry":{"type":"Point","coordinates":[-21.9419275,64.147459]}},{"type":"Feature","id":2018350750,"properties":{"amenity":"bench","backrest":"yes","check_date":"2021-10-27"},"geometry":{"type":"Point","coordinates":[-21.9419796,64.1474704]}},{"type":"Feature","id":2018350752,"properties":{"amenity":"bench","backrest":"yes","check_date":"2021-10-27"},"geometry":{"type":"Point","coordinates":[-21.9418439,64.1474785]}},{"type":"Feature","id":2018350775,"properties":{"amenity":"bench","backrest":"yes"},"geometry":{"type":"Point","coordinates":[-21.9442802,64.1476436]}},{"type":"Feature","id":2018350777,"properties":{"amenity":"bench","backrest":"yes"},"geometry":{"type":"Point","coordinates":[-21.9442851,64.1476783]}},{"type":"Feature","id":2018350779,"properties":{"amenity":"bench","armrest":"yes","backrest":"yes","check_date":"2021-03-02"},"geometry":{"type":"Point","coordinates":[-21.9475063,64.1477539]}},{"type":"Feature","id":2018350790,"properties":{"amenity":"bench","backrest":"yes","check_date":"2025-07-31"},"geometry":{"type":"Point","coordinates":[-21.9416189,64.1479965]}},{"type":"Feature","id":2018350794,"properties":{"amenity":"bench","backrest":"yes","check_date":"2025-07-31"},"geometry":{"type":"Point","coordinates":[-21.9415694,64.1480553]}},{"type":"Feature","id":2018350808,"properties":{"amenity":"bench","backrest":"yes","check_date":"2024-07-11"},"geometry":{"type":"Point","coordinates":[-21.9416324,64.1485507]}},{"type":"Feature","id":2018350813,"properties":{"amenity":"bench","backrest":"yes","check_date":"2023-12-21"},"geometry":{"type":"Point","coordinates":[-21.9418918,64.1486396]}},{"type":"Feature","id":2018350814,"properties":{"amenity":"bench","backrest":"yes","check_date":"2023-12-21"},"geometry":{"type":"Point","coordinates":[-21.9419829,64.1486588]}},{"type":"Feature","id":2018350815,"properties":{"amenity":"bench","backrest":"yes","check_date":"2023-05-14"},"geometry":{"type":"Point","coordinates":[-21.943108,64.14871]}},{"type":"Feature","id":2018350816,"properties":{"amenity":"bench","backrest":"yes","check_date":"2026-05-14"},"geometry":{"type":"Point","coordinates":[-21.9418404,64.1487216]}},{"type":"Feature","id":2018350817,"properties":{"amenity":"bench","backrest":"yes"},"geometry":{"type":"Point","coordinates":[-21.9421214,64.1487181]}},{"type":"Feature","id":2018350830,"properties":{"amenity":"bench","backrest":"yes","material":"wood"},"geometry":{"type":"Point","coordinates":[-21.9464775,64.1495733]}},{"type":"Feature","id":2018416582,"properties":{"amenity":"waste_basket","check_date":"2021-07-26","lukr:_TEGUND_":"3","lukr:_d_TEGUND_":"Fest á járnrör","waste":"trash"},"geometry":{"type":"Point","coordinates":[-21.9446054,64.1447833]}},{"type":"Feature","id":2018416605,"properties":{"amenity":"waste_basket","check_date":"2021-07-26","lukr:_TEGUND_":"1","lukr:_d_TEGUND_":"Fest á ljósastaur","waste":"trash"},"geometry":{"type":"Point","coordinates":[-21.944226,64.1451339]}},{"type":"Feature","id":2018416665,"properties":{"amenity":"waste_basket","check_date":"2021-07-26","lukr:_TEGUND_":"2","lukr:_d_TEGUND_":"Fest á járnboga","waste":"trash"},"geometry":{"type":"Point","coordinates":[-21.9437671,64.1455431]}},{"type":"Feature","id":2018416753,"properties":{"amenity":"waste_basket","check_date":"2021-07-26","lukr:_TEGUND_":"2","lukr:_d_TEGUND_":"Fest á járnboga","waste":"trash"},"geometry":{"type":"Point","coordinates":[-21.9434011,64.1458677]}},{"type":"Feature","id":2018416773,"properties":{"amenity":"waste_basket","check_date":"2021-07-26","lukr:_TEGUND_":"4","lukr:_d_TEGUND_":"Svartur","waste":"trash"},"geometry":{"type":"Point","coordinates":[-21.943218,64.1460166]}},{"type":"Feature","id":2018416873,"properties":{"amenity":"waste_basket","check_date":"2021-07-26","lukr:_TEGUND_":"4","lukr:_d_TEGUND_":"Svartur","waste":"trash"},"geometry":{"type":"Point","coordinates":[-21.9425958,64.1464895]}},{"type":"Feature","id":2018416954,"properties":{"amenity":"waste_basket","check_date":"2021-02-14","lukr:_TEGUND_":"1","lukr:_d_TEGUND_":"Fest á ljósastaur","waste":"trash"},"geometry":{"type":"Point","coordinates":[-21.947776,64.1468453]}},{"type":"Feature","id":2018417166,"properties":{"amenity":"waste_basket","lukr:_TEGUND_":"1","lukr:_d_TEGUND_":"Fest á ljósastaur","waste":"trash"},"geometry":{"type":"Point","coordinates":[-21.947376,64.1473231]}},{"type":"Feature","id":2018417185,"properties":{"amenity":"waste_basket","check_date":"2021-10-27","lukr:_TEGUND_":"4","lukr:_d_TEGUND_":"Svartur","waste":"trash"},"geometry":{"type":"Point","coordinates":[-21.9418865,64.1474752]}},{"type":"Feature","id":2018417186,"properties":{"amenity":"waste_basket","lukr:_TEGUND_":"1","lukr:_d_TEGUND_":"Fest á ljósastaur","waste":"trash"},"geometry":{"type":"Point","coordinates":[-21.9419696,64.1475312]}},{"type":"Feature","id":2018417254,"properties":{"amenity":"waste_basket","check_date":"2024-09-24","lukr:_TEGUND_":"1","lukr:_d_TEGUND_":"Fest á ljósastaur","waste":"trash"},"geometry":{"type":"Point","coordinates":[-21.9432483,64.147884]}},{"type":"Feature","id":2018417304,"properties":{"amenity":"waste_basket","check_date":"2022-05-16","lukr:_TEGUND_":"1","lukr:_d_TEGUND_":"Fest á ljósastaur","waste":"trash"},"geometry":{"type":"Point","coordinates":[-21.9419031,64.1484529]}},{"type":"Feature","id":2018417306,"properties":{"amenity":"waste_basket","check_date":"2023-12-22","lukr:_TEGUND_":"4","lukr:_d_TEGUND_":"Svartur","waste":"trash"},"geometry":{"type":"Point","coordinates":[-21.9414537,64.1485204]}},{"type":"Feature","id":2018417314,"properties":{"amenity":"waste_basket","check_date":"2024-07-11","lukr:_TEGUND_":"4","lukr:_d_TEGUND_":"Svartur","waste":"trash"},"geometry":{"type":"Point","coordinates":[-21.9419162,64.1486451]}},{"type":"Feature","id":2018417316,"properties":{"amenity":"waste_basket","lukr:_TEGUND_":"1","lukr:_d_TEGUND_":"Fest á ljósastaur","waste":"trash"},"geometry":{"type":"Point","coordinates":[-21.9430793,64.1487221]}},{"type":"Feature","id":2018417318,"properties":{"amenity":"waste_basket","check_date":"2026-05-14","lukr:_TEGUND_":"4","lukr:_d_TEGUND_":"Svartur","waste":"trash"},"geometry":{"type":"Point","coordinates":[-21.941756,64.1486961]}},{"type":"Feature","id":2018417321,"properties":{"amenity":"waste_basket","check_date":"2023-05-14","lukr:_TEGUND_":"1","lukr:_d_TEGUND_":"Fest á ljósastaur","waste":"trash"},"geometry":{"type":"Point","coordinates":[-21.9441319,64.1487425]}},{"type":"Feature","id":2018417328,"properties":{"amenity":"waste_basket","check_date":"2026-05-14","waste":"trash"},"geometry":{"type":"Point","coordinates":[-21.9420513,64.1488857]}},{"type":"Feature","id":2018417331,"properties":{"amenity":"waste_basket","check_date":"2026-05-14","lukr:_TEGUND_":"4","lukr:_d_TEGUND_":"Svartur","waste":"trash"},"geometry":{"type":"Point","coordinates":[-21.9422032,64.1489475]}},{"type":"Feature","id":2018417336,"properties":{"amenity":"waste_basket","check_date":"2023-12-22","lukr:_TEGUND_":"1","lukr:_d_TEGUND_":"Fest á ljósastaur","waste":"trash"},"geometry":{"type":"Point","coordinates":[-21.9417982,64.1490392]}},{"type":"Feature","id":2018417353,"properties":{"amenity":"waste_basket","waste":"trash"},"geometry":{"type":"Point","coordinates":[-21.943811,64.1492307]}},{"type":"Feature","id":2018417370,"properties":{"amenity":"waste_basket","check_date":"2024-07-11","lukr:_TEGUND_":"1","lukr:_d_TEGUND_":"Fest á ljósastaur","waste":"trash"},"geometry":{"type":"Point","coordinates":[-21.9435982,64.1496277]}},{"type":"Feature","id":2431097856,"properties":{"addr:city":"Reykjavík","addr:housename":"Lighthouse Apartments","addr:housenumber":"9","addr:postcode":"101","addr:street":"Ránargata","internet_access":"wlan","internet_access:fee":"no","name":"Lighthouse Apartments","tourism":"hotel"},"geometry":{"type":"Point","coordinates":[-21.9456994,64.1494353]}},{"type":"Feature","id":2488318763,"properties":{"addr:city":"Reykjavík","addr:housenumber":"14","addr:postcode":"101","addr:street":"Túngata","country":"CA","diplomatic":"embassy","email":"rkjvk@international.gc.ca","embassy":"yes","fax":"+354 575 6501","name":"Sendiráð Kanada","name:de":"Kanadische Botschaft","name:en":"Canadian Embassy","name:fr":"Ambassade du Canada","office":"diplomatic","opening_hours":"Mo-Fr 09:00-12:00","phone":"+354 575 6500","target":"IS","website":"https://www.international.gc.ca/country-pays/iceland-islande/reykjavik.aspx?lang=eng","wikidata":"Q104383238"},"geometry":{"type":"Point","coordinates":[-21.9449988,64.1480085]}},{"type":"Feature","id":3009197137,"properties":{"addr:city":"Reykjavík","addr:country":"IS","addr:housenumber":"2","addr:postcode":"101","addr:street":"Aðalstræti","amenity":"restaurant","brand":"Loving Hut","brand:wikidata":"Q3491655","brand:wikipedia":"en:Loving Hut","check_date":"2024-10-04","contact:facebook":"https://www.facebook.com/lovinghutveganworldpeace","contact:phone":"+354 556 2200","contact:website":"https://lovinghut.com/is/","cuisine":"international","diet:vegan":"only","diet:vegetarian":"only","level":"0.5","name":"Loving Hut","name:en":"Vegan World Peace","opening_hours":"Tu-Sa 11:00-21:00; Su 16:00-22:00","outdoor_seating":"no","wheelchair":"no"},"geometry":{"type":"Point","coordinates":[-21.9420647,64.1486314]}},{"type":"Feature","id":3009197138,"properties":{"check_date:opening_hours":"2023-12-22","contact:website":"https://kirs.is","name":"Kirsuberjatréð","opening_hours":"Mo-Fr 10:00-18:00; Sa,Su 10:00-17:00","shop":"clothes","wheelchair":"no"},"geometry":{"type":"Point","coordinates":[-21.9421982,64.1491572]}},{"type":"Feature","id":3009197139,"properties":{"addr:housenumber":"1","addr:street":"Vesturgata","amenity":"restaurant","bar":"yes","check_date":"2024-10-04","level":"-0.5","name":"Kjallarinn","name:en":"Food Cellar","wheelchair":"no"},"geometry":{"type":"Point","coordinates":[-21.9419312,64.1486344]}},{"type":"Feature","id":3009298284,"properties":{"addr:postcode":"101","addr:street":"Aðalstræti","name":"swimslow","opening_hours":"We 13:00-17:00","shop":"clothes"},"geometry":{"type":"Point","coordinates":[-21.9419459,64.1476793]}},{"type":"Feature","id":3009373797,"properties":{"addr:city":"Reykjavík","addr:housenumber":"16","addr:postcode":"101","addr:street":"Tryggvagata","amenity":"restaurant","check_date":"2026-08-06","cuisine":"noodle","diet:vegan":"yes","diet:vegetarian":"yes","name":"Ramen Momo","opening_hours":"Mo-Fr 11:30-21:00; Sa-Su 12:00-21:30","phone":"+354 765 6540","toilets":"no","website":"https://ramenmomo.is/"},"geometry":{"type":"Point","coordinates":[-21.9430848,64.1499125]}},{"type":"Feature","id":3179096654,"properties":{"addr:city":"Reykjavík","addr:housenumber":"14","addr:postcode":"101","addr:street":"Túngata","country":"FO","diplomatic":"liaison","liaison":"subnational","name":"Sendiráð Færeyja","name:en":"Representation of the Faroes","name:fo":"Sendistova Føroya","office":"diplomatic","wikidata":"Q7314201","wikipedia":"en:Representation of the Faroes, Reykjavík"},"geometry":{"type":"Point","coordinates":[-21.9449304,64.1478799]}},{"type":"Feature","id":3457524580,"properties":{"addr:city":"Reykjavík","addr:country":"IS","addr:housenumber":"9","addr:postcode":"101","addr:street":"Aðalstræti","amenity":"pub","brewery":"yes;various","check_date":"2026-08-06","check_date:opening_hours":"2026-05-14","internet_access":"wlan","internet_access:fee":"no","name":"Skúli Craft","opening_hours":"Su-We 12:00-23:00, Th 12:00-24:00, Sa,Su 12:00-01:00","website":"https://www.skulicraftbar.is"},"geometry":{"type":"Point","coordinates":[-21.9416336,64.1475268]}},{"type":"Feature","id":3676719625,"properties":{"name":"Black Pearl","name:fa":"بلک پرل","stars":"5","toilets:wheelchair":"yes","tourism":"hotel","wheelchair":"yes"},"geometry":{"type":"Point","coordinates":[-21.9422224,64.1494141]}},{"type":"Feature","id":3676900606,"properties":{"addr:city":"Reykjavík","amenity":"bar","check_date":"2026-05-14","check_date:opening_hours":"2026-05-14","name":"Uppsalir","opening_hours":"Mo-Su 12:00-23:00","website":"http://en.hotelcentrum.is/about-us/uppsalir"},"geometry":{"type":"Point","coordinates":[-21.9425607,64.1474475]}},{"type":"Feature","id":3703639224,"properties":{"addr:city":"Reykjavík","addr:housenumber":"6","addr:postcode":"101","addr:street":"Garðastræti","name":"Lola Florens","shop":"clothes"},"geometry":{"type":"Point","coordinates":[-21.9437912,64.1492615]}},{"type":"Feature","id":3705817246,"properties":{"name":"Þrjár systur","tourism":"guest_house"},"geometry":{"type":"Point","coordinates":[-21.9462394,64.1497294]}},{"type":"Feature","id":3781008370,"properties":{"addr:city":"Reykjavík","amenity":"bar","name":"Tjarnarbarinn","opening_hours":"17:00-23:00"},"geometry":{"type":"Point","coordinates":[-21.9435813,64.1461514]}},{"type":"Feature","id":3924340685,"properties":{"amenity":"parking_entrance"},"geometry":{"type":"Point","coordinates":[-21.9430159,64.1489213]}},{"type":"Feature","id":4112394905,"properties":{"addr:city":"Reykjavík","addr:housenumber":"11","addr:postcode":"101","addr:street":"Bárugata","name":"Hotel Hilda","name:fa":"هتل هیلدا","phone":"+354 552 3020","tourism":"hotel","website":"https://hotelhilda.is/"},"geometry":{"type":"Point","coordinates":[-21.9460441,64.1489433]}},{"type":"Feature","id":4307024700,"properties":{"name":"Brattagata Guesthouse","tourism":"guest_house"},"geometry":{"type":"Point","coordinates":[-21.9429066,64.147923]}},{"type":"Feature","id":4342611890,"properties":{"artist_name":"Ásmundur Sveinsson","artwork_type":"statue","name":"Fýkur yfir hæðir","tourism":"artwork"},"geometry":{"type":"Point","coordinates":[-21.9451804,64.1477783]}},{"type":"Feature","id":4342611895,"properties":{"artist_name":"Steinunn Þórarinsdóttir","artwork_type":"statue","name":"Horfur","name:en":"Prospect","name:is":"Horfur","tourism":"artwork"},"geometry":{"type":"Point","coordinates":[-21.9419384,64.148676]}},{"type":"Feature","id":4342611896,"properties":{"artist_name":"Guðmundur Einarsson","artwork_type":"statue","historic":"memorial","inscription:is":"Verzlunarmannafélag Reykjavíkur gaf Reykjavíkurbæ styttu þessa til minningar um hundrað ára frjálsa verzlun á Íslandi 1954","memorial":"statue","name":"Skúli Magnússon","start_date":"1954-08-18","tourism":"artwork"},"geometry":{"type":"Point","coordinates":[-21.9419198,64.1473636]}},{"type":"Feature","id":4342611901,"properties":{"amenity":"bench","artist_name":"Halla Gunnarsdóttir","artwork_type":"statue","backrest":"yes","check_date":"2021-07-26","name":"Tómas Guðmundsson","note":"1901-1983 The artwork is a statue which is sitting on the bench. There is room for a person to sit on the bench itself.","tourism":"artwork"},"geometry":{"type":"Point","coordinates":[-21.9448873,64.1437718]}},{"type":"Feature","id":4342611904,"properties":{"artwork_type":"sculpture","historic":"memorial","inscription:en":"Atomic-bombed Stone Pledging Peace Message from Hiroshima August 6, 1991","memorial":"stone","tourism":"artwork"},"geometry":{"type":"Point","coordinates":[-21.9451326,64.1439514]}},{"type":"Feature","id":4342611906,"properties":{"artwork_type":"sculpture","tourism":"artwork"},"geometry":{"type":"Point","coordinates":[-21.9416591,64.1472851]}},{"type":"Feature","id":4342611909,"properties":{"artwork_type":"sculpture","name":"Úr álögum","tourism":"artwork"},"geometry":{"type":"Point","coordinates":[-21.9444161,64.1433952]}},{"type":"Feature","id":4471294089,"properties":{"addr:postcode":"101","email":"info@ita.is","name:en":"Iceland Travel Assistance","phone":"+354 570 7700","tourism":"information","website":"https://www.ita.is/"},"geometry":{"type":"Point","coordinates":[-21.941773,64.1491284]}},{"type":"Feature","id":4652155170,"properties":{"amenity":"atm","cash_in":"no","check_date":"2025-07-08","operator":"Tomato"},"geometry":{"type":"Point","coordinates":[-21.9419457,64.1479691]}},{"type":"Feature","id":5054679985,"properties":{"amenity":"waste_basket","check_date":"2024-08-07","waste":"trash"},"geometry":{"type":"Point","coordinates":[-21.9444377,64.148266]}},{"type":"Feature","id":5111051125,"properties":{"addr:city":"Reykjavík","addr:housenumber":"12","addr:postcode":"101","addr:street":"Vesturgata","amenity":"restaurant","cuisine":"indian","diet:meat":"yes","diet:vegetarian":"yes","name":"Indian Curry House","opening_hours":"Tu-Th, Su 17:00-21:00; Fr-Sa 17:00 - 22:00","phone":"+354 583 4242","website":"https://www.indiancurryhouse.is/"},"geometry":{"type":"Point","coordinates":[-21.9433458,64.1496834]}},{"type":"Feature","id":5347336421,"properties":{"name":"Garðahlynur","tourism":"attraction"},"geometry":{"type":"Point","coordinates":[-21.9433298,64.1467772]}},{"type":"Feature","id":5784044590,"properties":{"addr:city":"Reykjavík","addr:housenumber":"13","addr:postcode":"101","addr:street":"Tryggvagata","amenity":"restaurant","capacity":"55","check_date":"2026-08-20","check_date:opening_hours":"2026-06-06","cuisine":"chinese;regional","delivery":"yes","diet:vegan":"yes","diet:vegetarian":"yes","name":"Biang Reykjavík","opening_hours":"Mo-Su 11:30-21:30","toilets":"yes","website":"https://www.instagram.com/biang.reykjavik?igsh=MXN2NHJpcTZqeW1hOQ=="},"geometry":{"type":"Point","coordinates":[-21.942012,64.1496564]}},{"type":"Feature","id":6288313603,"properties":{"access":"yes","amenity":"bicycle_parking","bicycle_parking":"stands","capacity":"6","covered":"no"},"geometry":{"type":"Point","coordinates":[-21.9433422,64.1459839]}},{"type":"Feature","id":6550954468,"properties":{"consulate":"consular_agency","country":"AU","diplomatic":"consulate","name":"Ræðismálaþjónusta Ástralíu","name:en":"Australia Consular Services","office":"diplomatic","target":"IS"},"geometry":{"type":"Point","coordinates":[-21.9448501,64.1480761]}},{"type":"Feature","id":6688311738,"properties":{"addr:city":"Reykjavík","addr:housenumber":"7","addr:postcode":"101","addr:street":"Vesturgata","amenity":"clinic","email":"midbaer@heilsugaeslan.is","emergency":"no","healthcare":"clinic","name":"Heilsugæslan Miðbæ","opening_hours":"Mo-Fr 08:00-17:00","phone":"+354 513 5950","website":"https://island.is/s/hh/midbaer"},"geometry":{"type":"Point","coordinates":[-21.9432395,64.1493179]}},{"type":"Feature","id":6691771935,"properties":{"amenity":"waste_basket"},"geometry":{"type":"Point","coordinates":[-21.9442939,64.1476284]}},{"type":"Feature","id":6702717186,"properties":{"addr:housenumber":"16","addr:postcode":"101","addr:street":"Tryggvagata","name":"I8 Gallery","opening_hours":"Mo-Fr 11:00-17:00; Sa 13:00-17:00","tourism":"gallery","website":"https://i8.is/"},"geometry":{"type":"Point","coordinates":[-21.9429854,64.1498302]}},{"type":"Feature","id":7242684497,"properties":{"addr:city":"Reykjavík","addr:housenumber":"13","addr:postcode":"101","addr:street":"Tryggvagata","amenity":"cafe","cuisine":"syrian;ice_cream;coffee","name":"Aleppo Cafe","opening_hours":"Mo-Su 08:00-20:00"},"geometry":{"type":"Point","coordinates":[-21.9419088,64.1496343]}},{"type":"Feature","id":7887074784,"properties":{"access":"yes","amenity":"bicycle_parking","bicycle_parking":"stands","brand":"Bikeep","capacity":"10","covered":"yes","description":"App and wifi required to access stands.","fee":"no","layer":"-1","level":"-1"},"geometry":{"type":"Point","coordinates":[-21.9424683,64.1460519]}},{"type":"Feature","id":7982215055,"properties":{"addr:city":"Reykjavík","addr:country":"IS","addr:housenumber":"6","addr:postcode":"101","addr:street":"Aðalstræti","amenity":"ice_cream","check_date":"2024-10-04","delivery":"yes","drive_through":"no","email":"gaeta@gelato.is","name":"Gaeta","opening_hours":"Mo-Su 12:00-23:00","takeaway":"yes","website":"https://gelato.is/"},"geometry":{"type":"Point","coordinates":[-21.9418313,64.1481765]}},{"type":"Feature","id":7983174947,"properties":{"amenity":"vending_machine","check_date":"2026-05-15","operator":"Reykjavíkurborg","payment:coins":"yes","payment:credit_cards":"yes","payment:debit_cards":"yes","vending":"parking_tickets"},"geometry":{"type":"Point","coordinates":[-21.947183,64.1457712]}},{"type":"Feature","id":8103518593,"properties":{"amenity":"waste_basket","waste":"trash"},"geometry":{"type":"Point","coordinates":[-21.9453716,64.1452699]}},{"type":"Feature","id":8623210155,"properties":{"access":"yes","amenity":"bicycle_parking","bicycle_parking":"stands","capacity":"8","covered":"no","fee":"no"},"geometry":{"type":"Point","coordinates":[-21.9462789,64.1478575]}},{"type":"Feature","id":8725546860,"properties":{"addr:housenumber":"4A","addr:postcode":"101","addr:street":"Vesturgata","check_date":"2024-10-04","name":"Icewear Wool House","ref:HNITNUM":"10139677","shop":"clothes","source:addr":"Staðfangaskrá","wheelchair":"no"},"geometry":{"type":"Point","coordinates":[-21.9420283,64.1490695]}},{"type":"Feature","id":8766301149,"properties":{"addr:city":"Reykjavík","addr:housenumber":"2","addr:postcode":"101","addr:street":"Aðalstræti","amenity":"restaurant","contact:email":"info@matarkjallarinn.is","contact:phone":"558 0000","name":"Matarkjallarinn","name:en":"Food Cellar","opening_hours":"Mo-Th 11:30-14:30,17:00-22:00; Fr 11:30-14:30,17:00-22:30; Sa 17:00-22:30; Su 17:00-22:00","website":"https://matarkjallarinn.is/"},"geometry":{"type":"Point","coordinates":[-21.9417624,64.1485309]}},{"type":"Feature","id":8926783504,"properties":{"addr:city":"Reykjavík","addr:housenumber":"15","addr:postcode":"101","addr:street":"Ránargata","name":"Pétursbúð","opening_hours":"Mo-Fr 09:00-22:00; Su,PH 10:00-22:00","shop":"convenience"},"geometry":{"type":"Point","coordinates":[-21.9463895,64.149544]}},{"type":"Feature","id":9129965105,"properties":{"name":"Skálda","opening_hours":"Mo-Fr 11:00-17:00; Sa 12:00-16:00; PH off","phone":"+354 571 1060","shop":"books","website":"https://skalda.is/"},"geometry":{"type":"Point","coordinates":[-21.9431539,64.1496056]}},{"type":"Feature","id":9393931699,"properties":{"country":"GL","diplomatic":"liaison","liaison":"subnational","name":"Sendiskrifstofa Grænlands","name:en":"Greenland Representation","name:kl":"Kalaallit Nunaata Sinniisoqarfia","office":"diplomatic","target":"IS","website":"https://naalakkersuisut.gl/da/Naalakkersuisut/Groenlands-Repraesentation-i-Reykjavik"},"geometry":{"type":"Point","coordinates":[-21.9445562,64.147434]}},{"type":"Feature","id":9393931700,"properties":{"country":"FR","diplomatic":"embassy","embassy":"yes","name":"Franska sendiráðið","name:de":"Französische Botschaft","name:en":"Embassy of France","name:es":"Embajada de Francia","name:fr":"Ambassade de France","office":"diplomatic","phone":"+354 575 9600","target":"IS","website":"https://is.ambafrance.org","wikidata":"Q2841753"},"geometry":{"type":"Point","coordinates":[-21.9467921,64.1482108]}},{"type":"Feature","id":9393931701,"properties":{"country":"RU","diplomatic":"consulate","name":"Sendiráð Rússlands","name:en":"Embassy of Russia - Consular Department","name:fr":"Ambassade de Russie - Section consulaire","office":"diplomatic","website":"https://reykjavik.kdmid.ru/"},"geometry":{"type":"Point","coordinates":[-21.9474668,64.1481796]}},{"type":"Feature","id":9393931702,"properties":{"country":"IN","diplomatic":"embassy","embassy":"yes","name":"Sendiráð Indlands","name:de":"Botschaft von Indien","name:en":"Embassy of India","name:fr":"Ambassade d'Inde","office":"diplomatic","phone":"+354 534 9955","target":"IS","website":"https://indianembassyreykjavik.gov.in/","wikidata":"Q73101477"},"geometry":{"type":"Point","coordinates":[-21.9452876,64.1475389]}},{"type":"Feature","id":9393931703,"properties":{"country":"RU","diplomatic":"embassy","embassy":"yes","name":"Sendiráð Rússlands","name:en":"Embassy of Russia","name:fr":"Ambassade de Russie","name:ru":"Посольство Российской Федерации","office":"diplomatic","target":"IS","website":"https://iceland.mid.ru/"},"geometry":{"type":"Point","coordinates":[-21.9448478,64.1472096]}},{"type":"Feature","id":9393931704,"properties":{"country":"CN","diplomatic":"embassy","embassy":"branch_embassy","name":"Embassy of China - Commercial Office","name:fr":"Bureau commercial de l'Ambassade de Chine","office":"diplomatic"},"geometry":{"type":"Point","coordinates":[-21.9458465,64.1463428]}},{"type":"Feature","id":9907446928,"properties":{"amenity":"cafe","name":"The Hungry Chef Cafe"},"geometry":{"type":"Point","coordinates":[-21.9416477,64.1497321]}},{"type":"Feature","id":9907446929,"properties":{"amenity":"restaurant","name":"The Sushi Train"},"geometry":{"type":"Point","coordinates":[-21.942093,64.1498696]}},{"type":"Feature","id":9907457617,"properties":{"addr:city":"Reykjavík","addr:housenumber":"8","addr:postcode":"101","addr:street":"Aðalstræti","contact:facebook":"https://www.facebook.com/p/Corner-Market-100063975495870/","name":"Corner Market","opening_hours":"Su-We 06:00-03:00, Th-Sa 00:00+","payment:credit_cards":"yes","payment:debit_cards":"yes","shop":"convenience","wheelchair":"yes;no"},"geometry":{"type":"Point","coordinates":[-21.9419814,64.1479399]}},{"type":"Feature","id":9997028747,"properties":{"email":"butterfly@butterfly.is","guest_house":"guest_house","internet_access":"yes","internet_access:fee":"no","name":"Butterfly Guesthouse","phone":"+354 894 1864","tourism":"hostel","website":"https://butterfly.is/"},"geometry":{"type":"Point","coordinates":[-21.9451769,64.1495016]}},{"type":"Feature","id":9997028748,"properties":{"email":"local101@local101.is","internet_access":"yes","name":"LOCAL 101","tourism":"hotel","website":"https://www.local101.is"},"geometry":{"type":"Point","coordinates":[-21.9444903,64.1493753]}},{"type":"Feature","id":9997028749,"properties":{"name":"Alfholl Guesthouse","tourism":"hostel"},"geometry":{"type":"Point","coordinates":[-21.9450267,64.1494806]}},{"type":"Feature","id":10973731323,"properties":{"amenity":"bench","backrest":"yes","material":"wood"},"geometry":{"type":"Point","coordinates":[-21.9418675,64.1488176]}},{"type":"Feature","id":11049344269,"properties":{"access":"yes","amenity":"charging_station","brand":"Ísorka","capacity":"4","covered":"yes","description":"In the parking garage.","fee":"no","name":"RVK-Borg Vesturgata","operator":"Ísorka","socket:type2":"4","socket:type2:output":"22 kW"},"geometry":{"type":"Point","coordinates":[-21.9429572,64.1490191]}},{"type":"Feature","id":11166725434,"properties":{"amenity":"bar","name":"Uppi"},"geometry":{"type":"Point","coordinates":[-21.9422747,64.147702]}},{"type":"Feature","id":11348850354,"properties":{"access":"yes","amenity":"bicycle_parking","bicycle_parking":"stands","capacity":"10","covered":"no","fee":"no"},"geometry":{"type":"Point","coordinates":[-21.9418261,64.1474471]}},{"type":"Feature","id":11446203333,"properties":{"artwork_type":"statue","material":"bronze","tourism":"artwork"},"geometry":{"type":"Point","coordinates":[-21.9441296,64.14522]}},{"type":"Feature","id":12030068088,"properties":{"access":"yes","amenity":"bicycle_parking","bicycle_parking":"stands","capacity":"10","covered":"no","fee":"no","note":"Stands positioned directly against a wall, so effective capacity may be lower"},"geometry":{"type":"Point","coordinates":[-21.9419562,64.1488631]}},{"type":"Feature","id":12284894750,"properties":{"amenity":"bench","armrest":"yes","backrest":"yes","seats":"3"},"geometry":{"type":"Point","coordinates":[-21.9479366,64.1471615]}},{"type":"Feature","id":12319188872,"properties":{"addr:city":"Reykjavík","addr:housenumber":"3","addr:postcode":"101","addr:street":"Fischersund","name":"Fischersund","opening_hours":"Mo-Tu 12:00-18:00; We-Fr 12:00-18:00; Sa 12:00-17:00; Su off","shop":"perfumery","website":"https://www.fischersund.com/"},"geometry":{"type":"Point","coordinates":[-21.9426388,64.1485408]}},{"type":"Feature","id":13768397262,"properties":{"name":"Kogga keramik galleri","name:en":"Kogga Ceramic Studio","name:is":"Kogga keramik galleri","tourism":"gallery"},"geometry":{"type":"Point","coordinates":[-21.942277,64.1489933]}},{"type":"Feature","id":13829707751,"properties":{"amenity":"bench","armrest":"yes","backrest":"yes"},"geometry":{"type":"Point","coordinates":[-21.9449312,64.1477514]}},{"type":"Feature","id":13829707752,"properties":{"amenity":"bench","armrest":"yes","backrest":"yes"},"geometry":{"type":"Point","coordinates":[-21.9450213,64.147763]}},{"type":"Feature","id":13837748412,"properties":{"amenity":"waste_basket"},"geometry":{"type":"Point","coordinates":[-21.9430787,64.147203]}},{"type":"Feature","id":13837748413,"properties":{"amenity":"waste_basket"},"geometry":{"type":"Point","coordinates":[-21.9424472,64.1473211]}},{"type":"Feature","id":14058698301,"properties":{"addr:housenumber":"18","addr:street":"Túngata","check_date":"2026-07-29","name":"Bundesrepublik Deutschland Residenz","office":"diplomatic"},"geometry":{"type":"Point","coordinates":[-21.945817,64.1480264]}},{"type":"Feature","id":14081812412,"properties":{"board_type":"history;geology;tourism","information":"board","name":"Grjótaþorp","tourism":"information"},"geometry":{"type":"Point","coordinates":[-21.9435004,64.14784]}},{"type":"Feature","id":14180367901,"properties":{"addr:housenumber":"11","addr:street":"Tjarnargata","amenity":"toilets","check_date":"2026-09-14"},"geometry":{"type":"Point","coordinates":[-21.942772,64.1461781]}},{"type":"Feature","id":346740894,"properties":{"addr:city":"Reykjavík","addr:housenumber":"1","addr:postcode":"101","addr:street":"Geirsgata","alt_name":"Hamborgarabúllan","amenity":"fast_food","branch":"Geirsgata","brand":"Tommi's Burger Joint","brand:wikidata":"Q126741276","cuisine":"burger","delivery":"yes","drive_through":"no","email":"info@tommis.is","loc_name":"Búllan","name":"Tommi's Burger Joint","name:en":"Tommi's Burger Joint","name:is":"Hamborgarabúlla Tómasar","official_name":"Hamborgarabúlla Tómasar","opening_hours":"Mo-Su 11:00-21:00","phone":"+354 511 0800","takeaway":"yes","website":"https://tommis.is/is/","wheelchair":"no"},"geometry":{"type":"Point","coordinates":[-21.9450051,64.150902]}},{"type":"Feature","id":1295178578,"properties":{"addr:city":"Reykjavík","addr:country":"IS","addr:housenumber":"8","addr:postcode":"101","addr:street":"Geirsgata","amenity":"restaurant","check_date":"2026-08-20","contact:phone":"+354 553 1500","cuisine":"seafood","name":"Sægreifinn","name:en":"Seabaron","opening_hours":"11:30-17:00,18:00-22:00"},"geometry":{"type":"Point","coordinates":[-21.9440241,64.1508111]}},{"type":"Feature","id":1722852395,"properties":{"addr:city":"Reykjavík","addr:housenumber":"14","addr:postcode":"101","addr:street":"Nýlendugata","amenity":"restaurant","contact:email":"info@forrettabarinn.is","cuisine":"regional","name":"Forréttabarinn","opening_hours":"Mo-Su 16:00-23:00","phone":"+354 517 1800","website":"https://www.forrettabarinn.is/"},"geometry":{"type":"Point","coordinates":[-21.946257,64.1507948]}},{"type":"Feature","id":3009373771,"properties":{"name":"ASK Arkitektar","office":"company"},"geometry":{"type":"Point","coordinates":[-21.9431663,64.1504918]}},{"type":"Feature","id":3009373772,"properties":{"name":"Alliance française de Reykjavík","office":"association"},"geometry":{"type":"Point","coordinates":[-21.9439854,64.1505455]}},{"type":"Feature","id":3009373773,"properties":{"amenity":"cafe","name":"Café Haiti","toilets:wheelchair":"yes","wheelchair":"limited"},"geometry":{"type":"Point","coordinates":[-21.9433757,64.1507385]}},{"type":"Feature","id":3009373774,"properties":{"name":"Ferðamálastofa","office":"government"},"geometry":{"type":"Point","coordinates":[-21.9431618,64.1504895]}},{"type":"Feature","id":3009373775,"properties":{"name":"Fiskhöllin","tourism":"gallery"},"geometry":{"type":"Point","coordinates":[-21.9436389,64.1502473]}},{"type":"Feature","id":3009373776,"properties":{"name":"Friend in Iceland","shop":"travel_agency"},"geometry":{"type":"Point","coordinates":[-21.9435072,64.1506879]}},{"type":"Feature","id":3009373777,"properties":{"amenity":"restaurant","name":"Höfnin"},"geometry":{"type":"Point","coordinates":[-21.9432343,64.1507929]}},{"type":"Feature","id":3009373780,"properties":{"amenity":"restaurant","name":"Dragon Dim Sum"},"geometry":{"type":"Point","coordinates":[-21.9430377,64.1504343]}},{"type":"Feature","id":3009373781,"properties":{"name":"Old Harbour Souvenirs","shop":"gift"},"geometry":{"type":"Point","coordinates":[-21.9436517,64.1510199]}},{"type":"Feature","id":3009373782,"properties":{"name":"Sindrafiskur ehf.","office":"company"},"geometry":{"type":"Point","coordinates":[-21.9440669,64.1510192]}},{"type":"Feature","id":3009373783,"properties":{"name":"Sjóstangaveiðifélag Reykjavíkur","office":"association"},"geometry":{"type":"Point","coordinates":[-21.9436351,64.1506387]}},{"type":"Feature","id":3009373784,"properties":{"addr:city":"Reykjavík","addr:housenumber":"4-6","addr:postcode":"101","addr:street":"Tryggvagata","amenity":"restaurant","contact:phone":"+354 561 1111","contact:website":"http://www.steak.is","cuisine":"steak_house","name":"Steikhúsið","opening_hours":"Mo-Su 17:00+"},"geometry":{"type":"Point","coordinates":[-21.944147,64.1506238]}},{"type":"Feature","id":3009373785,"properties":{"name":"Sædís","shop":"clothes"},"geometry":{"type":"Point","coordinates":[-21.9437323,64.150916]}},{"type":"Feature","id":3009373786,"properties":{"addr:city":"Reykjavík","amenity":"cinema","name":"The Cinema","name:en":"The Cinema"},"geometry":{"type":"Point","coordinates":[-21.9433211,64.1507595]}},{"type":"Feature","id":3018136401,"properties":{"addr:city":"Reykjavík","addr:country":"IS","addr:housenumber":"11","addr:postcode":"101","addr:street":"Tryggvagata","amenity":"restaurant","name":"lóla","opening_hours":"Tu-Sa 17:30-00:00"},"geometry":{"type":"Point","coordinates":[-21.9426487,64.1499474]}},{"type":"Feature","id":3320141405,"properties":{"amenity":"restaurant","cuisine":"seafood","name":"Reykjavik Fish","opening_hours":"Mo-Su 11:30-22:00"},"geometry":{"type":"Point","coordinates":[-21.9438547,64.1504005]}},{"type":"Feature","id":5583089022,"properties":{"addr:postcode":"101","amenity":"restaurant","contact:email":"info@himalayanspice.is","cuisine":"curry;fish;international","name":"Himalayan Spice Restaurant and Bar","opening_hours":"Mo-Su 16:00-22:00","phone":"+354 519 7444","website":"https://www.himalayanspice.is/"},"geometry":{"type":"Point","coordinates":[-21.9441117,64.1509355]}},{"type":"Feature","id":5910172385,"properties":{"name:en":"Mural painting","tourism":"artwork"},"geometry":{"type":"Point","coordinates":[-21.9432528,64.150528]}},{"type":"Feature","id":6444255565,"properties":{"addr:city":"Reykjavík","addr:housenumber":"14","addr:postcode":"101","addr:street":"Tryggvagata","amenity":"restaurant","check_date":"2026-08-20","cuisine":"burger","name":"Le Kock","opening_hours":"11:30-23:00","phone":"+354 571 1555","website":"https://www.lekock.is"},"geometry":{"type":"Point","coordinates":[-21.9434116,64.1501199]}},{"type":"Feature","id":6489455817,"properties":{"amenity":"cafe","diet:vegetarian":"no","internet_access":"wlan","internet_access:fee":"customers","name":"Reykjavik Röst","opening_hours":"PH,Mo-Su 08:00-18:00"},"geometry":{"type":"Point","coordinates":[-21.9435557,64.150968]}},{"type":"Feature","id":6905332522,"properties":{"access":"yes","amenity":"bicycle_parking","bicycle_parking":"stands","capacity":"4","colour":"gray","covered":"no","fee":"no"},"geometry":{"type":"Point","coordinates":[-21.9433769,64.1501776]}},{"type":"Feature","id":6905332526,"properties":{"access":"yes","amenity":"bicycle_parking","bicycle_parking":"stands","capacity":"6","colour":"gray","covered":"no","fee":"no"},"geometry":{"type":"Point","coordinates":[-21.9434916,64.1502556]}},{"type":"Feature","id":6905332528,"properties":{"access":"yes","amenity":"bicycle_parking","bicycle_parking":"stands","capacity":"2","colour":"gray","covered":"no","fee":"no"},"geometry":{"type":"Point","coordinates":[-21.9435562,64.1502995]}},{"type":"Feature","id":6905332529,"properties":{"artwork_type":"sculpture","material":"steel","name":"Skrúfuhringur","name:en":"propeller shield","tourism":"artwork"},"geometry":{"type":"Point","coordinates":[-21.94316,64.1501496]}},{"type":"Feature","id":8614930617,"properties":{"addr:city":"Reykjavík","addr:housenumber":"14","addr:postcode":"101","addr:street":"Tryggvagata","check_date":"2026-08-20","name":"Deig","opening_hours":"Mo-Su 07:00-16:00","phone":"+354 571 1555","shop":"bakery","website":"https://www.lekock.is"},"geometry":{"type":"Point","coordinates":[-21.943303,64.1500349]}},{"type":"Feature","id":9907446930,"properties":{"name":"Haf Store","shop":"gift"},"geometry":{"type":"Point","coordinates":[-21.9436555,64.150627]}},{"type":"Feature","id":9907451220,"properties":{"name":"Iceland Travel Hub","shop":"travel_agency"},"geometry":{"type":"Point","coordinates":[-21.943571,64.1506599]}},{"type":"Feature","id":14080378556,"properties":{"amenity":"bench","backrest":"no"},"geometry":{"type":"Point","coordinates":[-21.9431788,64.1508824]}},{"type":"Feature","id":14080406158,"properties":{"amenity":"waste_basket"},"geometry":{"type":"Point","coordinates":[-21.9432116,64.1509113]}},{"type":"Feature","id":289930573,"properties":{"amenity":"bench","backrest":"yes","check_date":"2026-07-17"},"geometry":{"type":"Point","coordinates":[-21.940823,64.1427917]}},{"type":"Feature","id":1243838205,"properties":{"artwork_type":"sculpture","name":"Berliner Bär","tourism":"artwork"},"geometry":{"type":"Point","coordinates":[-21.9374058,64.1431055]}},{"type":"Feature","id":2018350275,"properties":{"amenity":"bench","backrest":"yes"},"geometry":{"type":"Point","coordinates":[-21.940633,64.1424856]}},{"type":"Feature","id":2018350286,"properties":{"amenity":"bench","backrest":"yes","check_date":"2026-07-17"},"geometry":{"type":"Point","coordinates":[-21.9407329,64.1427358]}},{"type":"Feature","id":2018350296,"properties":{"amenity":"bench"},"geometry":{"type":"Point","coordinates":[-21.9374131,64.1431313]}},{"type":"Feature","id":2018350301,"properties":{"amenity":"bench","backrest":"yes","check_date":"2021-07-26"},"geometry":{"type":"Point","coordinates":[-21.9403725,64.1432152]}},{"type":"Feature","id":2018350303,"properties":{"amenity":"bench","backrest":"yes","check_date":"2021-07-26"},"geometry":{"type":"Point","coordinates":[-21.9403589,64.1432546]}},{"type":"Feature","id":2018416324,"properties":{"amenity":"waste_basket","check_date":"2023-05-15","lukr:_TEGUND_":"2","lukr:_d_TEGUND_":"Fest á járnboga","waste":"trash"},"geometry":{"type":"Point","coordinates":[-21.9403749,64.1424375]}},{"type":"Feature","id":2018416332,"properties":{"amenity":"waste_basket","lukr:_TEGUND_":"1","lukr:_d_TEGUND_":"Fest á ljósastaur","waste":"trash"},"geometry":{"type":"Point","coordinates":[-21.9399178,64.1426149]}},{"type":"Feature","id":2018416349,"properties":{"amenity":"waste_basket","check_date":"2021-07-26","lukr:_TEGUND_":"1","lukr:_d_TEGUND_":"Fest á ljósastaur","waste":"trash"},"geometry":{"type":"Point","coordinates":[-21.9412325,64.1428543]}},{"type":"Feature","id":2018416356,"properties":{"amenity":"waste_basket","waste":"trash"},"geometry":{"type":"Point","coordinates":[-21.9370977,64.1429912]}},{"type":"Feature","id":2018416387,"properties":{"amenity":"waste_basket","check_date":"2021-07-26","lukr:_TEGUND_":"2","lukr:_d_TEGUND_":"Fest á járnboga","waste":"trash"},"geometry":{"type":"Point","coordinates":[-21.9403678,64.1432304]}},{"type":"Feature","id":4342452710,"properties":{"artist_name":"Ásmundur Sveinsson","artwork_type":"statue","name":"Piltur og stúlka","tourism":"artwork"},"geometry":{"type":"Point","coordinates":[-21.9388263,64.1430434]}},{"type":"Feature","id":4342452714,"properties":{"artwork_type":"statue","tourism":"artwork"},"geometry":{"type":"Point","coordinates":[-21.9398737,64.1429765]}},{"type":"Feature","id":4342452715,"properties":{"artwork_type":"sculpture","tourism":"artwork"},"geometry":{"type":"Point","coordinates":[-21.9389306,64.1432497]}},{"type":"Feature","id":6402585510,"properties":{"bicycle":"yes","colour:arrow":"green","colour:back":"white","information":"guidepost","note":"Green cycle route, icon and arrow only","tourism":"information"},"geometry":{"type":"Point","coordinates":[-21.9405693,64.1425875]}},{"type":"Feature","id":6568834385,"properties":{"admin_level":"2","name":"Skrifstofa forseta Íslands","name:en":"Office of the President of Iceland","office":"government"},"geometry":{"type":"Point","coordinates":[-21.939294,64.1426353]}},{"type":"Feature","id":6691732043,"properties":{"amenity":"bench","backrest":"yes"},"geometry":{"type":"Point","coordinates":[-21.9409136,64.1427396]}},{"type":"Feature","id":6691755555,"properties":{"amenity":"waste_basket","check_date":"2026-08-26"},"geometry":{"type":"Point","coordinates":[-21.9407406,64.1427274]}},{"type":"Feature","id":12222685626,"properties":{"amenity":"arts_centre","name":"Junior Chamber Island"},"geometry":{"type":"Point","coordinates":[-21.9365272,64.1430447]}},{"type":"Feature","id":71622238,"properties":{"amenity":"pub","check_date":"2025-06-24","name":"The Dubliner"},"geometry":{"type":"Point","coordinates":[-21.9402744,64.1485454]}},{"type":"Feature","id":74080779,"properties":{"addr:city":"Reykjavík","addr:country":"IS","addr:housenumber":"8-10","addr:postcode":"101","addr:street":"Austurstræti","amenity":"pub","check_date":"2026-05-19","fast_food":"yes","indoor_seating":"yes","internet_access":"wlan","internet_access:fee":"no","name":"American Bar","outdoor_seating":"no","payment:cash":"yes","payment:credit_cards":"yes","payment:debit_cards":"yes","wheelchair":"limited"},"geometry":{"type":"Point","coordinates":[-21.9400997,64.1477506]}},{"type":"Feature","id":75973298,"properties":{"amenity":"pub","name":"Bird","old_name:en":"Fredriksen"},"geometry":{"type":"Point","coordinates":[-21.9398559,64.1486444]}},{"type":"Feature","id":75973561,"properties":{"amenity":"pub","name":"Crystal Champagne Bar"},"geometry":{"type":"Point","coordinates":[-21.9404036,64.1487969]}},{"type":"Feature","id":279225242,"properties":{"addr:city":"Reykjavík","addr:country":"IS","addr:housenumber":"12","addr:postcode":"101","addr:street":"Austurstræti","amenity":"pub","check_date":"2026-05-19","contact:phone":"+354 578 0400","contact:website":"https://www.enskibarinn.is","indoor_seating":"yes","internet_access":"wlan","internet_access:fee":"no","name":"The English Pub","opening_hours":"Mo-Th,Su 12:00-01:00; Fr-Sa 12:00-04:00","outdoor_seating":"yes","wheelchair":"no"},"geometry":{"type":"Point","coordinates":[-21.9392855,64.1475636]}},{"type":"Feature","id":286588682,"properties":{"addr:city":"Reykjavík","addr:country":"IS","amenity":"restaurant","check_date":"2026-05-19","check_date:opening_hours":"2025-07-08","cuisine":"pakistani","indoor_seating":"yes","name":"Shalimar","opening_hours":"Mo-Fr 11:30-22:30; Sa-Su 16:00-23:00","outdoor_seating":"yes","wheelchair":"yes"},"geometry":{"type":"Point","coordinates":[-21.9405991,64.1478842]}},{"type":"Feature","id":316138190,"properties":{"addr:city":"Reykjavík","addr:country":"IS","addr:housenumber":"17","addr:postcode":"101","addr:street":"Austurstræti","brand":"10-11","brand:wikidata":"Q65336720","brand:wikipedia":"is:10-11","capacity":"8","contact:email":"austurstraeti@10-11.is","contact:fax":"+354 552 1045","contact:phone":"+354 552 1011","description":"Við bjóðum m.a. uppá nýmalað kaffi til að taka með og ferskan og freistandi salatbar.","description:is":"Við bjóðum m.a. uppá nýmalað kaffi til að taka með og ferskan og freistandi salatbar.","indoor_seating":"yes","name":"10-11","name:en":"10-11 (supermarket)","opening_hours":"24/7","operator":"Guðmundur Hafsteinsson","shop":"convenience","wheelchair":"yes"},"geometry":{"type":"Point","coordinates":[-21.937874,64.1475723]}},{"type":"Feature","id":316138191,"properties":{"amenity":"atm","operator":"Arion banki"},"geometry":{"type":"Point","coordinates":[-21.9400101,64.1479095]}},{"type":"Feature","id":324809033,"properties":{"amenity":"atm","operator":"spron"},"geometry":{"type":"Point","coordinates":[-21.9361506,64.1476981]}},{"type":"Feature","id":324809071,"properties":{"amenity":"atm","cash_in":"no","check_date":"2025-07-31","operator":"Landsbankinn"},"geometry":{"type":"Point","coordinates":[-21.9389992,64.1476005]}},{"type":"Feature","id":324809996,"properties":{"amenity":"atm","check_date":"2025-07-26","operator":"Íslandsbanki"},"geometry":{"type":"Point","coordinates":[-21.9380601,64.1487444]}},{"type":"Feature","id":441785759,"properties":{"access":"yes","amenity":"parking","check_date:fee":"2023-12-23","fee":"yes","parking":"surface"},"geometry":{"type":"Point","coordinates":[-21.9392837,64.1464047]}},{"type":"Feature","id":441787603,"properties":{"amenity":"taxi","name":"BSR","phone":"+354 561 0000"},"geometry":{"type":"Point","coordinates":[-21.9367696,64.1467999]}},{"type":"Feature","id":441791514,"properties":{"amenity":"post_box","collection_times":"Mo-Fr 15:00","operator":"Íslandspóstur"},"geometry":{"type":"Point","coordinates":[-21.9382455,64.1476084]}},{"type":"Feature","id":688998252,"properties":{"amenity":"restaurant","check_date:opening_hours":"2026-08-15","indoor_seating":"yes","internet_access":"wlan","name":"Iðnó","opening_hours:signed":"no","outdoor_seating":"yes","wheelchair":"limited"},"geometry":{"type":"Point","coordinates":[-21.9401854,64.1458699]}},{"type":"Feature","id":688998258,"properties":{"check_date":"2024-10-04","contact:phone":"+354 411 6400","fee":"yes","name":"Listasafn Reykjavíkur","name:en":"Reykjavik Art Museum","name:ru":"Музей искусств Рейкьявика","opening_hours":"Mo-We 10:00-17:00; Th 10:00-22:00; Fr-Su 10:00-17:00","tourism":"museum","website":"https://listasafnreykjavikur.is/","wheelchair":"yes","wikidata":"Q3358410","wikipedia":"en:Reykjavik Art Museum"},"geometry":{"type":"Point","coordinates":[-21.9404443,64.1490648]}},{"type":"Feature","id":688998265,"properties":{"addr:city":"Reykjavík","fee":"yes","level":"6","name":"Ljósmyndasafn Reykjavíkur","name:en":"Reykjavik Museum of Photography","opening_hours":"Mo-Th 10:00-18:00; Fr 11:00-18:00; Sa, Su 13:00-17:00","tourism":"museum","website":"https://borgarsogusafn.is/ljosmyndasafn","wikidata":"Q16420866","wikimedia_commons":"Category:Reykjavík Museum of Photography","wikipedia":"en:Reykjavík Museum of Photography"},"geometry":{"type":"Point","coordinates":[-21.9413481,64.1493077]}},{"type":"Feature","id":688998282,"properties":{"addr:city":"Reykjavík","addr:housenumber":"7","addr:postcode":"101","addr:street":"Fríkirkjuvegur","contact:email":"info@listasafn.is","contact:phone":"+354 515 9600","museum":"art","name":"Listasafn Íslands","name:en":"National Gallery of Iceland","name:zh":"冰岛国家美术馆","opening_hours":"Mo-Su 10:00-17:00","tourism":"museum","website":"https://www.listasafn.is/","wheelchair":"yes","wikidata":"Q3480309","wikimedia_commons":"Category:National Gallery of Iceland","wikipedia":"is:Listasafn Íslands"},"geometry":{"type":"Point","coordinates":[-21.9392189,64.1441073]}},{"type":"Feature","id":754499261,"properties":{"addr:city":"Reykjavík","addr:country":"IS","addr:housenumber":"2","addr:postcode":"101","addr:street":"Pósthússtræti","brand":"Radisson Blu","brand:wikidata":"Q7281341","brand:wikipedia":"en:Radisson Blu","check_date":"2024-10-04","contact:email":"1919.reykjavik@radissonblu.com","contact:fax":"+354 599 1001","contact:phone":"+354 599 1000","contact:website":"https://www.radissonblu.com/1919hotel-reykjavik","internet_access":"wlan","name":"Radisson Blu 1919 Hotel, Reykjavík","rooms":"88","stars":"4","tourism":"hotel","website":"https://www.radissonhotels.com/en-us/hotels/radisson-blu-reykjavik-1919","wikidata":"Q111409555"},"geometry":{"type":"Point","coordinates":[-21.9385928,64.1482053]}},{"type":"Feature","id":972856108,"properties":{"artwork_type":"statue","name":"Pallas Athena","tourism":"artwork"},"geometry":{"type":"Point","coordinates":[-21.937104,64.1459237]}},{"type":"Feature","id":1016031075,"properties":{"addr:city":"Reykjavík","amenity":"restaurant","check_date":"2024-10-17","check_date:opening_hours":"2024-10-17","indoor_seating":"yes","name":"Hornið","opening_hours":"Mo-Su 11:00-22:00","outdoor_seating":"yes","wheelchair":"no"},"geometry":{"type":"Point","coordinates":[-21.9381541,64.1480398]}},{"type":"Feature","id":1041048404,"properties":{"access":"private","amenity":"parking","layer":"-1","operator":"Alþingi","operator:type":"government","parking":"underground","surface":"concrete"},"geometry":{"type":"Point","coordinates":[-21.9405971,64.1463977]}},{"type":"Feature","id":1064179023,"properties":{"amenity":"pub","check_date":"2025-06-24","name":"Gamli Gaukurinn","old_name":"Sódoma Reykjavik"},"geometry":{"type":"Point","coordinates":[-21.9401271,64.148706]}},{"type":"Feature","id":1110038049,"properties":{"addr:city":"Reykjavík","addr:country":"IS","addr:housenumber":"11","addr:postcode":"101","addr:street":"Austurstræti","amenity":"bank","bic":"NBIIISRE","contact:email":"info@landsbankinn.is","contact:phone":"+354 410 4000","contact:website":"https://www.landsbankinn.is/","name":"Landsbankinn","opening_hours":"Mo-Fr 09:00-16:00","operator":"Landsbankinn hf.","wheelchair":"limited","wheelchair:description":"entrance on the north-side of the building (Hafnarstræti)"},"geometry":{"type":"Point","coordinates":[-21.9386694,64.1478028]}},{"type":"Feature","id":1110038051,"properties":{"alt_name":"Jon Sigurdsson","artist_name":"Einar Jónsson","artwork_type":"statue","historic":"memorial","inscription:en":"Jón Sigurðsson - Leader of Iceland's independence movement","inscription:is":"Jón Sigurðsson forseti 17.6.1811 - 7.12.1879 - Leiðtogi sjálfstæðisbaráttu Íslendinga á 19. öld - Styttuna og lágmyndina „Brautryðjandinn“ gerði Einar Jónsson myndhöggvari í tilefni af 100 ára afmæli Jóns Sigurðssonar 1911. [..]","memorial":"statue","name":"Jón Sigurðsson","name:en":"Jon Sigurdsson","name:is":"Jón Sigurðsson","subject:wikidata":"Q321275","subject:wikimedia_commons":"Category:Jón Sigurðsson","subject:wikipedia":"is:Jón Sigurðsson (forseti)","tourism":"artwork","wheelchair":"yes"},"geometry":{"type":"Point","coordinates":[-21.9397068,64.1471915]}},{"type":"Feature","id":1110042506,"properties":{"addr:city":"Reykjavík","addr:country":"IS","amenity":"fast_food","check_date":"2024-10-04","cuisine":"sandwich","name":"Hlöllabátar","wheelchair":"yes"},"geometry":{"type":"Point","coordinates":[-21.9412032,64.1483022]}},{"type":"Feature","id":1207630136,"properties":{"addr:city":"Reykjavík","addr:country":"IS","amenity":"nightclub","name":"Útópía"},"geometry":{"type":"Point","coordinates":[-21.9398432,64.1478936]}},{"type":"Feature","id":1226786699,"properties":{"amenity":"parking_entrance","level":"-1","parking":"underground"},"geometry":{"type":"Point","coordinates":[-21.9382718,64.146588]}},{"type":"Feature","id":1229343215,"properties":{"addr:city":"Reykjavík","addr:country":"IS","addr:housenumber":"2","addr:postcode":"101","addr:street":"Bankastræti","amenity":"restaurant","check_date":"2026-05-19","check_date:opening_hours":"2026-05-19","contact:email":"bakabaka@bakabaka.is","contact:phone":"+354 551 4430","cuisine":"pizza","name":"BakaBaka","opening_hours":"Mo-Su 07:30-17:00,17:30-21:00","shop":"bakery","website":"https://www.bakabaka.is/"},"geometry":{"type":"Point","coordinates":[-21.9357708,64.146912]}},{"type":"Feature","id":1299379832,"properties":{"access":"yes","amenity":"bicycle_parking","bicycle_parking":"stands","capacity":"12","covered":"no","fee":"no"},"geometry":{"type":"Point","coordinates":[-21.9359728,64.1476713]}},{"type":"Feature","id":1324164494,"properties":{"amenity":"restaurant","check_date":"2026-07-09","check_date:opening_hours":"2024-10-17","indoor_seating":"yes","name":"Tivoli","opening_hours":"Su-Th 11:45-22:00, Fr,Sa 11:45-23:00","outdoor_seating":"no","website":"https://tivolibistro.is/"},"geometry":{"type":"Point","coordinates":[-21.93838,64.1481521]}},{"type":"Feature","id":1376096677,"properties":{"addr:city":"Reykjavík","addr:country":"IS","check_date":"2026-05-19","name":"CityCenter Hotel","tourism":"hotel","wikidata":"Q111409560"},"geometry":{"type":"Point","coordinates":[-21.94045,64.1478155]}},{"type":"Feature","id":1376097185,"properties":{"addr:city":"Reykjavík","addr:country":"IS","addr:housenumber":"3B","addr:postcode":"101","addr:street":"Veltusund","amenity":"fast_food","check_date":"2024-10-04","cuisine":"syrian;shawarma","drive_through":"no","email":"mandi@mandi.is","name":"Mandi","opening_hours":"Mo-Fr 00:00-02:00,10:00-24:00; Sa 00:00-06:00,11:00-24:00; Su 00:00-06:00,11:00-24:00","phone":"+354 571 1444","takeaway":"yes","website":"https://www.mandi.is","wheelchair":"no"},"geometry":{"type":"Point","coordinates":[-21.9409505,64.1477579]}},{"type":"Feature","id":1470766362,"properties":{"artwork_type":"sculpture","name":"Vatnsberinn","tourism":"artwork"},"geometry":{"type":"Point","coordinates":[-21.9363117,64.1470269]}},{"type":"Feature","id":1470766363,"properties":{"capacity":"20","indoor_seating":"yes","name":"Eymundsson","opening_hours":"Mo-Fr 09:00-20:00; Sa,Su 10:00-20:00","outdoor_seating":"yes","shop":"books","wikidata":"Q18389773","wikipedia":"en:Eymundsson"},"geometry":{"type":"Point","coordinates":[-21.9380716,64.1474164]}},{"type":"Feature","id":1470766365,"properties":{"consulate":"yes","country":"LK","diplomatic":"consulate","name":"Ræðisskrifstofa Srí Lanka","name:en":"Consulate of The Democratic Socialist Republic of Sri Lanka","name:fr":"Consulat du Sri Lanka","office":"diplomatic","target":"IS"},"geometry":{"type":"Point","coordinates":[-21.9374447,64.1467991]}},{"type":"Feature","id":1470766368,"properties":{"alt_name":"G19","amenity":"restaurant","name":"Grillmarkaðurinn"},"geometry":{"type":"Point","coordinates":[-21.9373009,64.1471522]}},{"type":"Feature","id":1470797149,"properties":{"artist_name":"Einar Jónsson","artwork_type":"statue","height":"2.15","material":"metal","memorial":"statue","name":"Hannes Hafstein","start_date":"1928","tourism":"artwork","width":"0.8"},"geometry":{"type":"Point","coordinates":[-21.9357089,64.147233]}},{"type":"Feature","id":1470797159,"properties":{"artist_name":"Einar Jónsson","artwork_type":"statue","height":"2.4","material":"metal","memorial":"statue","name":"Kristján IX","name:en":"King Christian IX of Denmark","start_date":"1907..1908","tourism":"artwork","width":"0.75"},"geometry":{"type":"Point","coordinates":[-21.935328,64.1474809]}},{"type":"Feature","id":1511563888,"properties":{"addr:city":"Reykjavík","addr:housenumber":"2","addr:postcode":"101","addr:street":"Geirsgata","check_date:opening_hours":"2026-08-26","fee":"yes","name":"Hið Íslenzka Reðasafn","name:da":"Det Islandske Fallologiske Museum","name:en":"The Icelandic Phallological Museum","name:ru":"Исландский фаллологический музей","name:zh":"生殖器博物館","opening_hours":"10:00-19:00","tourism":"museum","website":"https://www.phallus.is/","wheelchair":"no","wikidata":"Q177174","wikimedia_commons":"Category:Icelandic Phallological Museum","wikipedia":"en:Icelandic Phallological Museum"},"geometry":{"type":"Point","coordinates":[-21.9357603,64.1484683]}},{"type":"Feature","id":1764456566,"properties":{"addr:city":"Reykjavík","historic":"locomotive","name":"Minør","tourism":"attraction","wheelchair":"yes"},"geometry":{"type":"Point","coordinates":[-21.9383226,64.1494032]}},{"type":"Feature","id":1920475347,"properties":{"amenity":"bench","backrest":"yes","check_date":"2021-07-23"},"geometry":{"type":"Point","coordinates":[-21.9378086,64.1482247]}},{"type":"Feature","id":2018350308,"properties":{"amenity":"bench","backrest":"yes","check_date":"2021-07-26"},"geometry":{"type":"Point","coordinates":[-21.9402268,64.1435079]}},{"type":"Feature","id":2018350309,"properties":{"amenity":"bench","backrest":"yes","check_date":"2021-07-26"},"geometry":{"type":"Point","coordinates":[-21.940201,64.1435605]}},{"type":"Feature","id":2018350319,"properties":{"amenity":"bench","backrest":"yes","check_date":"2021-07-26"},"geometry":{"type":"Point","coordinates":[-21.9401265,64.1437845]}},{"type":"Feature","id":2018350347,"properties":{"amenity":"bench","backrest":"yes","check_date":"2023-05-14"},"geometry":{"type":"Point","coordinates":[-21.939674,64.1447767]}},{"type":"Feature","id":2018350348,"properties":{"amenity":"bench","backrest":"yes","check_date":"2023-05-14"},"geometry":{"type":"Point","coordinates":[-21.9396642,64.1447979]}},{"type":"Feature","id":2018350351,"properties":{"amenity":"bench","backrest":"yes","check_date":"2023-05-14"},"geometry":{"type":"Point","coordinates":[-21.9396372,64.1448604]}},{"type":"Feature","id":2018350355,"properties":{"amenity":"bench","backrest":"yes","check_date":"2023-05-14"},"geometry":{"type":"Point","coordinates":[-21.9395759,64.1450084]}},{"type":"Feature","id":2018350357,"properties":{"amenity":"bench","backrest":"yes","check_date":"2023-05-14"},"geometry":{"type":"Point","coordinates":[-21.9395694,64.1450379]}},{"type":"Feature","id":2018350358,"properties":{"amenity":"bench","backrest":"yes","check_date":"2023-05-14"},"geometry":{"type":"Point","coordinates":[-21.9395454,64.1450836]}},{"type":"Feature","id":2018350360,"properties":{"amenity":"bench","backrest":"yes","check_date":"2023-05-14"},"geometry":{"type":"Point","coordinates":[-21.9395379,64.1451037]}},{"type":"Feature","id":2018350376,"properties":{"amenity":"bench","backrest":"yes","check_date":"2021-07-26"},"geometry":{"type":"Point","coordinates":[-21.9381717,64.1455519]}},{"type":"Feature","id":2018350378,"properties":{"amenity":"bench","backrest":"yes","check_date":"2021-07-26"},"geometry":{"type":"Point","coordinates":[-21.9382258,64.145597]}},{"type":"Feature","id":2018350379,"properties":{"amenity":"bench","backrest":"yes","check_date":"2023-05-14"},"geometry":{"type":"Point","coordinates":[-21.9399297,64.1456706]}},{"type":"Feature","id":2018350380,"properties":{"amenity":"bench","backrest":"yes","check_date":"2023-05-14"},"geometry":{"type":"Point","coordinates":[-21.9399891,64.1456862]}},{"type":"Feature","id":2018350381,"properties":{"amenity":"bench","backrest":"yes","check_date":"2023-05-14"},"geometry":{"type":"Point","coordinates":[-21.9400529,64.1456975]}},{"type":"Feature","id":2018350382,"properties":{"amenity":"bench","backrest":"yes","check_date":"2023-05-14"},"geometry":{"type":"Point","coordinates":[-21.9401264,64.1457107]}},{"type":"Feature","id":2018350383,"properties":{"amenity":"bench","backrest":"yes","check_date":"2021-07-26"},"geometry":{"type":"Point","coordinates":[-21.9382451,64.1457243]}},{"type":"Feature","id":2018350384,"properties":{"amenity":"bench","backrest":"yes","check_date":"2023-05-14"},"geometry":{"type":"Point","coordinates":[-21.9401861,64.1457284]}},{"type":"Feature","id":2018350385,"properties":{"amenity":"bench","backrest":"yes","check_date":"2023-05-14"},"geometry":{"type":"Point","coordinates":[-21.9402547,64.1457396]}},{"type":"Feature","id":2018350401,"properties":{"amenity":"bench","backrest":"yes","check_date":"2024-08-07"},"geometry":{"type":"Point","coordinates":[-21.9403719,64.1458465]}},{"type":"Feature","id":2018350404,"properties":{"amenity":"bench","backrest":"yes","check_date":"2023-05-14"},"geometry":{"type":"Point","coordinates":[-21.9403469,64.1458842]}},{"type":"Feature","id":2018350412,"properties":{"amenity":"bench","backrest":"yes"},"geometry":{"type":"Point","coordinates":[-21.9409571,64.1460756]}},{"type":"Feature","id":2018350418,"properties":{"amenity":"bench","backrest":"yes","check_date":"2026-08-14"},"geometry":{"type":"Point","coordinates":[-21.9357377,64.1462829]}},{"type":"Feature","id":2018350421,"properties":{"amenity":"bench","backrest":"no","check_date":"2021-07-26"},"geometry":{"type":"Point","coordinates":[-21.9412564,64.1463969]}},{"type":"Feature","id":2018350424,"properties":{"amenity":"bench","backrest":"yes","check_date":"2025-07-31"},"geometry":{"type":"Point","coordinates":[-21.9364437,64.1464361]}},{"type":"Feature","id":2018350427,"properties":{"amenity":"bench","backrest":"no","check_date":"2026-05-15"},"geometry":{"type":"Point","coordinates":[-21.941177,64.1464941]}},{"type":"Feature","id":2018350428,"properties":{"amenity":"bench","backrest":"yes"},"geometry":{"type":"Point","coordinates":[-21.9363291,64.146526]}},{"type":"Feature","id":2018350429,"properties":{"amenity":"bench","backrest":"no","check_date":"2026-05-15"},"geometry":{"type":"Point","coordinates":[-21.9410988,64.1465793]}},{"type":"Feature","id":2018350433,"properties":{"amenity":"bench","backrest":"yes"},"geometry":{"type":"Point","coordinates":[-21.9360127,64.1466033]}},{"type":"Feature","id":2018350442,"properties":{"amenity":"bench","backrest":"yes","check_date":"2021-07-26"},"geometry":{"type":"Point","coordinates":[-21.9368946,64.146657]}},{"type":"Feature","id":2018350466,"properties":{"amenity":"bench","backrest":"yes","check_date":"2021-07-26"},"geometry":{"type":"Point","coordinates":[-21.9367136,64.1467657]}},{"type":"Feature","id":2018350478,"properties":{"amenity":"bench","backrest":"yes","check_date":"2024-10-03"},"geometry":{"type":"Point","coordinates":[-21.935903,64.1468225]}},{"type":"Feature","id":2018350494,"properties":{"amenity":"bench","backrest":"yes","check_date":"2021-07-26"},"geometry":{"type":"Point","coordinates":[-21.936586,64.1468776]}},{"type":"Feature","id":2018350520,"properties":{"amenity":"bench","backrest":"yes","check_date":"2023-05-14"},"geometry":{"type":"Point","coordinates":[-21.9358531,64.1469412]}},{"type":"Feature","id":2018350549,"properties":{"amenity":"bench","backrest":"yes","check_date":"2023-05-14"},"geometry":{"type":"Point","coordinates":[-21.9359419,64.1470341]}},{"type":"Feature","id":2018350554,"properties":{"amenity":"bench","backrest":"yes","check_date":"2023-05-14"},"geometry":{"type":"Point","coordinates":[-21.9359844,64.1470388]}},{"type":"Feature","id":2018350564,"properties":{"amenity":"bench","backrest":"yes","material":"wood"},"geometry":{"type":"Point","coordinates":[-21.9404007,64.1470523]}},{"type":"Feature","id":2018350566,"properties":{"amenity":"bench","backrest":"yes","check_date":"2021-10-27"},"geometry":{"type":"Point","coordinates":[-21.9394375,64.1470652]}},{"type":"Feature","id":2018350567,"properties":{"amenity":"waste_basket","waste":"trash"},"geometry":{"type":"Point","coordinates":[-21.9404861,64.1470668]}},{"type":"Feature","id":2018350585,"properties":{"amenity":"bench","backrest":"yes","material":"wood"},"geometry":{"type":"Point","coordinates":[-21.9405738,64.1470781]}},{"type":"Feature","id":2018350590,"properties":{"amenity":"bench","backrest":"yes","check_date":"2021-10-27"},"geometry":{"type":"Point","coordinates":[-21.9394214,64.147095]}},{"type":"Feature","id":2018350601,"properties":{"amenity":"bench","backrest":"yes"},"geometry":{"type":"Point","coordinates":[-21.9395089,64.1471122]}},{"type":"Feature","id":2018350605,"properties":{"access":"yes","amenity":"bench","backrest":"yes","colour":"black","lit":"no","seats":"3"},"geometry":{"type":"Point","coordinates":[-21.9395488,64.1471398]}},{"type":"Feature","id":2018350611,"properties":{"access":"yes","amenity":"bench","backrest":"yes","check_date":"2021-12-19","colour":"black","lit":"no","seats":"3","source":"survey"},"geometry":{"type":"Point","coordinates":[-21.93992,64.1471541]}},{"type":"Feature","id":2018350620,"properties":{"amenity":"bench","backrest":"yes","check_date":"2021-12-19"},"geometry":{"type":"Point","coordinates":[-21.9398999,64.1471749]}},{"type":"Feature","id":2018350630,"properties":{"amenity":"bench","backrest":"yes","check_date":"2021-12-19"},"geometry":{"type":"Point","coordinates":[-21.9398792,64.1472015]}},{"type":"Feature","id":2018350636,"properties":{"amenity":"bench","backrest":"yes","check_date":"2021-12-19"},"geometry":{"type":"Point","coordinates":[-21.9398601,64.1472238]}},{"type":"Feature","id":2018350645,"properties":{"access":"yes","amenity":"bench","backrest":"yes","check_date":"2021-10-27","colour":"black","lit":"no","seats":"3"},"geometry":{"type":"Point","coordinates":[-21.9395869,64.147239]}},{"type":"Feature","id":2018350651,"properties":{"amenity":"bench","backrest":"yes","check_date":"2021-10-27"},"geometry":{"type":"Point","coordinates":[-21.9396308,64.1472444]}},{"type":"Feature","id":2018350660,"properties":{"amenity":"bench","backrest":"yes","check_date":"2021-10-27"},"geometry":{"type":"Point","coordinates":[-21.939682,64.1472507]}},{"type":"Feature","id":2018350666,"properties":{"amenity":"bench","backrest":"yes","check_date":"2021-10-27"},"geometry":{"type":"Point","coordinates":[-21.9397531,64.1472629]}},{"type":"Feature","id":2018350693,"properties":{"amenity":"bench","backrest":"yes"},"geometry":{"type":"Point","coordinates":[-21.935707,64.14733]}},{"type":"Feature","id":2018350711,"properties":{"amenity":"bench","backrest":"yes"},"geometry":{"type":"Point","coordinates":[-21.9391426,64.1473747]}},{"type":"Feature","id":2018350722,"properties":{"amenity":"bench","backrest":"yes"},"geometry":{"type":"Point","coordinates":[-21.9392527,64.1473926]}},{"type":"Feature","id":2018350734,"properties":{"amenity":"bench","backrest":"yes"},"geometry":{"type":"Point","coordinates":[-21.9394154,64.147419]}},{"type":"Feature","id":2018350740,"properties":{"amenity":"bench","backrest":"yes"},"geometry":{"type":"Point","coordinates":[-21.9355496,64.147434]}},{"type":"Feature","id":2018350742,"properties":{"amenity":"bench","backrest":"yes"},"geometry":{"type":"Point","coordinates":[-21.9394872,64.1474307]}},{"type":"Feature","id":2018350744,"properties":{"amenity":"bench","backrest":"yes"},"geometry":{"type":"Point","coordinates":[-21.9395357,64.1474386]}},{"type":"Feature","id":2018350745,"properties":{"amenity":"bench","backrest":"yes","check_date":"2021-07-26"},"geometry":{"type":"Point","coordinates":[-21.9371193,64.1474516]}},{"type":"Feature","id":2018350748,"properties":{"amenity":"bench","backrest":"yes","check_date":"2024-11-02"},"geometry":{"type":"Point","coordinates":[-21.9369391,64.1474631]}},{"type":"Feature","id":2018350749,"properties":{"amenity":"bench","backrest":"yes"},"geometry":{"type":"Point","coordinates":[-21.9396298,64.1474539]}},{"type":"Feature","id":2018350751,"properties":{"amenity":"bench","backrest":"yes","check_date":"2021-07-26"},"geometry":{"type":"Point","coordinates":[-21.9372079,64.1474708]}},{"type":"Feature","id":2018350753,"properties":{"amenity":"bench","backrest":"yes","check_date":"2021-07-26"},"geometry":{"type":"Point","coordinates":[-21.9372667,64.1474801]}},{"type":"Feature","id":2018350754,"properties":{"amenity":"bench","backrest":"yes","check_date":"2021-07-26"},"geometry":{"type":"Point","coordinates":[-21.9373643,64.1474928]}},{"type":"Feature","id":2018350755,"properties":{"amenity":"bench","backrest":"yes"},"geometry":{"type":"Point","coordinates":[-21.9397954,64.1474808]}},{"type":"Feature","id":2018350756,"properties":{"amenity":"bench","backrest":"yes","check_date":"2023-05-15"},"geometry":{"type":"Point","coordinates":[-21.9362623,64.1474936]}},{"type":"Feature","id":2018350757,"properties":{"amenity":"bench","backrest":"yes"},"geometry":{"type":"Point","coordinates":[-21.9398923,64.1474965]}},{"type":"Feature","id":2018350758,"properties":{"amenity":"bench","backrest":"yes","check_date":"2024-11-02"},"geometry":{"type":"Point","coordinates":[-21.9368963,64.147512]}},{"type":"Feature","id":2018350759,"properties":{"amenity":"bench","backrest":"yes","check_date":"2022-07-25"},"geometry":{"type":"Point","coordinates":[-21.9378601,64.1475395]}},{"type":"Feature","id":2018350760,"properties":{"amenity":"bench","backrest":"yes","check_date":"2023-05-15"},"geometry":{"type":"Point","coordinates":[-21.936148,64.1475408]}},{"type":"Feature","id":2018350761,"properties":{"amenity":"bench","backrest":"yes"},"geometry":{"type":"Point","coordinates":[-21.9362675,64.1475452]}},{"type":"Feature","id":2018350762,"properties":{"amenity":"bench","backrest":"yes","check_date":"2025-07-31"},"geometry":{"type":"Point","coordinates":[-21.9379381,64.1475484]}},{"type":"Feature","id":2018350763,"properties":{"amenity":"bench","backrest":"yes"},"geometry":{"type":"Point","coordinates":[-21.9362508,64.1475647]}},{"type":"Feature","id":2018350766,"properties":{"amenity":"bench","backrest":"yes","check_date":"2022-07-25"},"geometry":{"type":"Point","coordinates":[-21.938178,64.1475877]}},{"type":"Feature","id":2018350767,"properties":{"amenity":"bench","backrest":"yes","check_date":"2024-11-02"},"geometry":{"type":"Point","coordinates":[-21.9368221,64.1475891]}},{"type":"Feature","id":2018350768,"properties":{"amenity":"bench","backrest":"yes","check_date":"2026-06-19"},"geometry":{"type":"Point","coordinates":[-21.9360734,64.1475902]}},{"type":"Feature","id":2018350769,"properties":{"amenity":"bench","backrest":"yes","check_date":"2025-07-31"},"geometry":{"type":"Point","coordinates":[-21.9382462,64.1475947]}},{"type":"Feature","id":2018350770,"properties":{"amenity":"bench","backrest":"yes"},"geometry":{"type":"Point","coordinates":[-21.936026,64.1476233]}},{"type":"Feature","id":2018350771,"properties":{"amenity":"bench","backrest":"yes"},"geometry":{"type":"Point","coordinates":[-21.9361717,64.1476259]}},{"type":"Feature","id":2018350773,"properties":{"amenity":"bench","backrest":"yes","check_date":"2024-11-02"},"geometry":{"type":"Point","coordinates":[-21.9367846,64.1476379]}},{"type":"Feature","id":2018350774,"properties":{"amenity":"bench","backrest":"yes"},"geometry":{"type":"Point","coordinates":[-21.9361472,64.1476559]}},{"type":"Feature","id":2018350783,"properties":{"amenity":"bench","backrest":"yes","check_date":"2025-07-31"},"geometry":{"type":"Point","coordinates":[-21.9411818,64.1478921]}},{"type":"Feature","id":2018350787,"properties":{"amenity":"bench","backrest":"yes","check_date":"2025-07-31"},"geometry":{"type":"Point","coordinates":[-21.9411309,64.1479562]}},{"type":"Feature","id":2018350796,"properties":{"amenity":"bench","armrest":"yes","backrest":"yes","check_date":"2021-07-26"},"geometry":{"type":"Point","coordinates":[-21.9409833,64.1481267]}},{"type":"Feature","id":2018350799,"properties":{"amenity":"bench","backrest":"yes","check_date":"2026-05-14"},"geometry":{"type":"Point","coordinates":[-21.941392,64.1482488]}},{"type":"Feature","id":2018350801,"properties":{"amenity":"bench","backrest":"yes","check_date":"2021-07-26"},"geometry":{"type":"Point","coordinates":[-21.9409096,64.1483068]}},{"type":"Feature","id":2018350802,"properties":{"amenity":"bench","backrest":"yes","check_date":"2021-07-26"},"geometry":{"type":"Point","coordinates":[-21.9410466,64.1483287]}},{"type":"Feature","id":2018416438,"properties":{"amenity":"waste_basket","check_date":"2021-07-26","lukr:_TEGUND_":"1","lukr:_d_TEGUND_":"Fest á ljósastaur","waste":"trash"},"geometry":{"type":"Point","coordinates":[-21.9402213,64.143532]}},{"type":"Feature","id":2018416507,"properties":{"amenity":"waste_basket","check_date":"2021-07-26","lukr:_TEGUND_":"2","lukr:_d_TEGUND_":"Fest á járnboga","waste":"trash"},"geometry":{"type":"Point","coordinates":[-21.9400991,64.1438043]}},{"type":"Feature","id":2018416526,"properties":{"amenity":"waste_basket","check_date":"2023-05-22","lukr:_TEGUND_":"1","lukr:_d_TEGUND_":"Fest á ljósastaur","waste":"trash"},"geometry":{"type":"Point","coordinates":[-21.9356253,64.1441014]}},{"type":"Feature","id":2018416540,"properties":{"amenity":"waste_basket","check_date":"2021-07-26","lukr:_TEGUND_":"1","lukr:_d_TEGUND_":"Fest á ljósastaur","waste":"trash"},"geometry":{"type":"Point","coordinates":[-21.9396199,64.1441578]}},{"type":"Feature","id":2018416561,"properties":{"amenity":"waste_basket","check_date":"2023-05-14","lukr:_TEGUND_":"1","lukr:_d_TEGUND_":"Fest á ljósastaur","waste":"trash"},"geometry":{"type":"Point","coordinates":[-21.9398123,64.1444752]}},{"type":"Feature","id":2018416587,"properties":{"amenity":"waste_basket","check_date":"2023-05-14","lukr:_TEGUND_":"2","lukr:_d_TEGUND_":"Fest á járnboga","waste":"trash"},"geometry":{"type":"Point","coordinates":[-21.9396402,64.1448478]}},{"type":"Feature","id":2018416602,"properties":{"amenity":"waste_basket","check_date":"2023-05-14","lukr:_TEGUND_":"2","lukr:_d_TEGUND_":"Fest á járnboga","waste":"trash"},"geometry":{"type":"Point","coordinates":[-21.9395572,64.1450592]}},{"type":"Feature","id":2018416623,"properties":{"amenity":"waste_basket","check_date":"2023-02-09","lukr:_TEGUND_":"9","lukr:_d_TEGUND_":"Auka stampar um helgar","waste":"trash"},"geometry":{"type":"Point","coordinates":[-21.9393955,64.1452751]}},{"type":"Feature","id":2018416640,"properties":{"amenity":"waste_basket","check_date":"2023-02-09","lukr:_TEGUND_":"4","lukr:_d_TEGUND_":"Svartur","waste":"trash"},"geometry":{"type":"Point","coordinates":[-21.9394453,64.145355]}},{"type":"Feature","id":2018416655,"properties":{"amenity":"waste_basket","check_date":"2023-02-09","lukr:_TEGUND_":"2","lukr:_d_TEGUND_":"Fest á járnboga","waste":"trash"},"geometry":{"type":"Point","coordinates":[-21.9395717,64.1454702]}},{"type":"Feature","id":2018416682,"properties":{"amenity":"waste_basket","check_date":"2021-07-26","lukr:_TEGUND_":"4","lukr:_d_TEGUND_":"Svartur","waste":"trash"},"geometry":{"type":"Point","coordinates":[-21.938326,64.1455989]}},{"type":"Feature","id":2018416683,"properties":{"amenity":"waste_basket","check_date":"2024-05-17","lukr:_TEGUND_":"2","lukr:_d_TEGUND_":"Fest á járnboga","waste":"trash"},"geometry":{"type":"Point","coordinates":[-21.9398772,64.1455806]}},{"type":"Feature","id":2018416685,"properties":{"amenity":"waste_basket","check_date":"2024-05-17","lukr:_TEGUND_":"4","lukr:_d_TEGUND_":"Svartur","waste":"trash"},"geometry":{"type":"Point","coordinates":[-21.9396525,64.1455859]}},{"type":"Feature","id":2018416690,"properties":{"amenity":"waste_basket","check_date":"2026-06-19","lukr:_TEGUND_":"1","lukr:_d_TEGUND_":"Fest á ljósastaur","waste":"trash"},"geometry":{"type":"Point","coordinates":[-21.9391237,64.1456462]}},{"type":"Feature","id":2018416691,"properties":{"amenity":"waste_basket","check_date":"2026-04-25","lukr:_TEGUND_":"4","lukr:_d_TEGUND_":"Svartur","waste":"trash"},"geometry":{"type":"Point","coordinates":[-21.9391475,64.1456496]}},{"type":"Feature","id":2018416693,"properties":{"amenity":"waste_basket","check_date":"2023-05-14","lukr:_TEGUND_":"4","lukr:_d_TEGUND_":"Svartur","waste":"trash"},"geometry":{"type":"Point","coordinates":[-21.9400914,64.1457065]}},{"type":"Feature","id":2018416721,"properties":{"amenity":"waste_basket","check_date":"2023-05-14","lukr:_TEGUND_":"2","lukr:_d_TEGUND_":"Fest á járnboga","waste":"trash"},"geometry":{"type":"Point","coordinates":[-21.9404093,64.1457008]}},{"type":"Feature","id":2018416744,"properties":{"amenity":"waste_basket","check_date":"2021-07-26","lukr:_TEGUND_":"4","lukr:_d_TEGUND_":"Svartur","waste":"trash"},"geometry":{"type":"Point","coordinates":[-21.938304,64.1458125]}},{"type":"Feature","id":2018416745,"properties":{"amenity":"waste_basket","check_date":"2023-05-14","lukr:_TEGUND_":"2","lukr:_d_TEGUND_":"Fest á járnboga","waste":"trash"},"geometry":{"type":"Point","coordinates":[-21.9403773,64.145817]}},{"type":"Feature","id":2018416749,"properties":{"amenity":"waste_basket","check_date":"2023-12-23","lukr:_TEGUND_":"4","lukr:_d_TEGUND_":"Svartur","waste":"trash"},"geometry":{"type":"Point","coordinates":[-21.9403331,64.1458595]}},{"type":"Feature","id":2018416750,"properties":{"amenity":"waste_basket","check_date":"2024-09-02","lukr:_TEGUND_":"2","lukr:_d_TEGUND_":"Fest á járnboga","waste":"trash"},"geometry":{"type":"Point","coordinates":[-21.9403497,64.1458638]}},{"type":"Feature","id":2018416775,"properties":{"amenity":"waste_basket","check_date":"2023-05-14","lukr:_TEGUND_":"1","lukr:_d_TEGUND_":"Fest á ljósastaur","waste":"trash"},"geometry":{"type":"Point","coordinates":[-21.9406915,64.1460241]}},{"type":"Feature","id":2018416780,"properties":{"amenity":"waste_basket","check_date":"2021-07-26","lukr:_TEGUND_":"4","lukr:_d_TEGUND_":"Svartur","waste":"trash"},"geometry":{"type":"Point","coordinates":[-21.937924,64.1460564]}},{"type":"Feature","id":2018416783,"properties":{"amenity":"waste_basket","check_date":"2021-07-26","lukr:_TEGUND_":"9","lukr:_d_TEGUND_":"Auka stampar um helgar","waste":"trash"},"geometry":{"type":"Point","coordinates":[-21.9379207,64.1460579]}},{"type":"Feature","id":2018416803,"properties":{"amenity":"waste_basket","check_date":"2023-05-14","lukr:_TEGUND_":"1","lukr:_d_TEGUND_":"Fest á ljósastaur","waste":"trash"},"geometry":{"type":"Point","coordinates":[-21.9412629,64.1461415]}},{"type":"Feature","id":2018416844,"properties":{"amenity":"waste_basket","check_date":"2023-09-01","lukr:_TEGUND_":"4","lukr:_d_TEGUND_":"Svartur","waste":"trash"},"geometry":{"type":"Point","coordinates":[-21.9379769,64.1463927]}},{"type":"Feature","id":2018416856,"properties":{"amenity":"waste_basket","check_date":"2021-07-26","lukr:_TEGUND_":"4","lukr:_d_TEGUND_":"Svartur","waste":"trash"},"geometry":{"type":"Point","coordinates":[-21.9372866,64.1464191]}},{"type":"Feature","id":2018416860,"properties":{"amenity":"waste_basket","check_date":"2024-05-17","lukr:_TEGUND_":"4","lukr:_d_TEGUND_":"Svartur","waste":"trash"},"geometry":{"type":"Point","coordinates":[-21.9399999,64.1465783]}},{"type":"Feature","id":2018416933,"properties":{"amenity":"waste_basket","check_date":"2021-07-26","lukr:_TEGUND_":"4","lukr:_d_TEGUND_":"Svartur","waste":"trash"},"geometry":{"type":"Point","coordinates":[-21.9366802,64.1467563]}},{"type":"Feature","id":2018416947,"properties":{"amenity":"waste_basket","lukr:_TEGUND_":"4","lukr:_d_TEGUND_":"Svartur","waste":"trash"},"geometry":{"type":"Point","coordinates":[-21.9389656,64.1468221]}},{"type":"Feature","id":2018416983,"properties":{"amenity":"waste_basket","check_date":"2022-05-19","lukr:_TEGUND_":"4","lukr:_d_TEGUND_":"Svartur","waste":"trash"},"geometry":{"type":"Point","coordinates":[-21.9356474,64.1468836]}},{"type":"Feature","id":2018416989,"properties":{"amenity":"waste_basket","check_date":"2022-05-19","lukr:_TEGUND_":"2","lukr:_d_TEGUND_":"Fest á járnboga","waste":"trash"},"geometry":{"type":"Point","coordinates":[-21.9356509,64.1468901]}},{"type":"Feature","id":2018416996,"properties":{"amenity":"waste_basket","check_date":"2021-07-26","lukr:_TEGUND_":"4","lukr:_d_TEGUND_":"Svartur","waste":"trash"},"geometry":{"type":"Point","coordinates":[-21.9364936,64.1468975]}},{"type":"Feature","id":2018417045,"properties":{"amenity":"waste_basket","check_date":"2021-07-26","lukr:_TEGUND_":"4","lukr:_d_TEGUND_":"Svartur","waste":"trash"},"geometry":{"type":"Point","coordinates":[-21.9351224,64.147003]}},{"type":"Feature","id":2018417054,"properties":{"amenity":"waste_basket","check_date":"2023-05-14","lukr:_TEGUND_":"4","lukr:_d_TEGUND_":"Svartur","waste":"trash"},"geometry":{"type":"Point","coordinates":[-21.935875,64.1470428]}},{"type":"Feature","id":2018417074,"properties":{"amenity":"waste_basket","check_date":"2021-07-26","lukr:_TEGUND_":"4","lukr:_d_TEGUND_":"Svartur","waste":"trash"},"geometry":{"type":"Point","coordinates":[-21.9357074,64.1471381]}},{"type":"Feature","id":2018417109,"properties":{"amenity":"waste_basket","check_date":"2021-07-26","lukr:_TEGUND_":"4","lukr:_d_TEGUND_":"Svartur","waste":"trash"},"geometry":{"type":"Point","coordinates":[-21.9366457,64.1471737]}},{"type":"Feature","id":2018417116,"properties":{"amenity":"waste_basket","check_date":"2021-12-19","lukr:_TEGUND_":"4","lukr:_d_TEGUND_":"Svartur","waste":"trash"},"geometry":{"type":"Point","coordinates":[-21.9398915,64.1471925]}},{"type":"Feature","id":2018417124,"properties":{"amenity":"waste_basket","check_date":"2021-10-27","lukr:_TEGUND_":"4","lukr:_d_TEGUND_":"Svartur","waste":"trash"},"geometry":{"type":"Point","coordinates":[-21.939539,64.1471569]}},{"type":"Feature","id":2018417132,"properties":{"amenity":"waste_basket","check_date":"2021-10-27","lukr:_TEGUND_":"4","lukr:_d_TEGUND_":"Svartur","waste":"trash"},"geometry":{"type":"Point","coordinates":[-21.9397023,64.1472505]}},{"type":"Feature","id":2018417137,"properties":{"amenity":"waste_basket","check_date":"2022-08-02","lukr:_TEGUND_":"1","lukr:_d_TEGUND_":"Fest á ljósastaur","waste":"trash"},"geometry":{"type":"Point","coordinates":[-21.938716,64.1472686]}},{"type":"Feature","id":2018417141,"properties":{"amenity":"waste_basket","check_date":"2021-10-27","lukr:_TEGUND_":"4","lukr:_d_TEGUND_":"Svartur","waste":"trash"},"geometry":{"type":"Point","coordinates":[-21.939798,64.1472704]}},{"type":"Feature","id":2018417160,"properties":{"amenity":"waste_basket","check_date":"2021-11-21","lukr:_TEGUND_":"9","lukr:_d_TEGUND_":"Auka stampar um helgar","waste":"trash"},"geometry":{"type":"Point","coordinates":[-21.9368629,64.1473034]}},{"type":"Feature","id":2018417161,"properties":{"amenity":"waste_basket","check_date":"2021-11-21","lukr:_TEGUND_":"4","lukr:_d_TEGUND_":"Svartur","waste":"trash"},"geometry":{"type":"Point","coordinates":[-21.9368793,64.1473041]}},{"type":"Feature","id":2018417167,"properties":{"amenity":"waste_basket","check_date":"2024-09-02","lukr:_TEGUND_":"4","lukr:_d_TEGUND_":"Svartur","waste":"trash"},"geometry":{"type":"Point","coordinates":[-21.9356707,64.1473497]}},{"type":"Feature","id":2018417168,"properties":{"amenity":"waste_basket","check_date":"2025-07-31","lukr:_TEGUND_":"4","lukr:_d_TEGUND_":"Svartur","waste":"trash"},"geometry":{"type":"Point","coordinates":[-21.9372555,64.1473519]}},{"type":"Feature","id":2018417169,"properties":{"amenity":"waste_basket","check_date":"2021-10-27","lukr:_TEGUND_":"4","lukr:_d_TEGUND_":"Svartur","waste":"trash"},"geometry":{"type":"Point","coordinates":[-21.9389516,64.147355]}},{"type":"Feature","id":2018417171,"properties":{"access":"yes","amenity":"waste_basket","check_date":"2026-05-19","colour":"black","waste":"trash"},"geometry":{"type":"Point","coordinates":[-21.9364325,64.1473845]}},{"type":"Feature","id":2018417173,"properties":{"amenity":"waste_basket","check_date":"2024-07-11","lukr:_TEGUND_":"4","lukr:_d_TEGUND_":"Svartur","waste":"trash"},"geometry":{"type":"Point","coordinates":[-21.9369227,64.1473962]}},{"type":"Feature","id":2018417175,"properties":{"amenity":"waste_basket","check_date":"2022-08-02","lukr:_TEGUND_":"4","lukr:_d_TEGUND_":"Svartur","waste":"trash"},"geometry":{"type":"Point","coordinates":[-21.9387951,64.1473995]}},{"type":"Feature","id":2018417176,"properties":{"amenity":"waste_basket","check_date":"2021-10-27","lukr:_TEGUND_":"4","lukr:_d_TEGUND_":"Svartur","waste":"trash"},"geometry":{"type":"Point","coordinates":[-21.9390659,64.1474059]}},{"type":"Feature","id":2018417181,"properties":{"amenity":"waste_basket","check_date":"2023-05-15","lukr:_TEGUND_":"4","lukr:_d_TEGUND_":"Svartur","waste":"trash"},"geometry":{"type":"Point","coordinates":[-21.9363064,64.1474478]}},{"type":"Feature","id":2018417182,"properties":{"amenity":"waste_basket","check_date":"2023-05-15","lukr:_TEGUND_":"1","lukr:_d_TEGUND_":"Fest á ljósastaur","waste":"trash"},"geometry":{"type":"Point","coordinates":[-21.9363014,64.1474534]}},{"type":"Feature","id":2018417195,"properties":{"amenity":"waste_basket","check_date":"2023-05-15","waste":"trash"},"geometry":{"type":"Point","coordinates":[-21.9363563,64.1474969]}},{"type":"Feature","id":2018417202,"properties":{"amenity":"waste_basket","check_date":"2023-05-14","lukr:_TEGUND_":"4","lukr:_d_TEGUND_":"Svartur","waste":"trash"},"geometry":{"type":"Point","coordinates":[-21.9400054,64.1475418]}},{"type":"Feature","id":2018417205,"properties":{"amenity":"waste_basket","check_date":"2022-07-25","lukr:_TEGUND_":"1","lukr:_d_TEGUND_":"Fest á ljósastaur","waste":"trash"},"geometry":{"type":"Point","coordinates":[-21.93801,64.1475566]}},{"type":"Feature","id":2018417214,"properties":{"amenity":"waste_basket","waste":"trash"},"geometry":{"type":"Point","coordinates":[-21.9362418,64.1475959]}},{"type":"Feature","id":2018417217,"properties":{"amenity":"waste_basket","lukr:_TEGUND_":"1","lukr:_d_TEGUND_":"Fest á ljósastaur","waste":"trash"},"geometry":{"type":"Point","coordinates":[-21.9360427,64.1476002]}},{"type":"Feature","id":2018417235,"properties":{"amenity":"waste_basket","lukr:_TEGUND_":"4","lukr:_d_TEGUND_":"Svartur","waste":"trash"},"geometry":{"type":"Point","coordinates":[-21.9360398,64.1476026]}},{"type":"Feature","id":2018417236,"properties":{"amenity":"waste_basket","lukr:_TEGUND_":"4","lukr:_d_TEGUND_":"Svartur","waste":"trash"},"geometry":{"type":"Point","coordinates":[-21.9368172,64.1476098]}},{"type":"Feature","id":2018417237,"properties":{"amenity":"waste_basket","check_date":"2024-07-11","lukr:_TEGUND_":"4","lukr:_d_TEGUND_":"Svartur","waste":"trash"},"geometry":{"type":"Point","coordinates":[-21.9383512,64.147616]}},{"type":"Feature","id":2018417239,"properties":{"amenity":"waste_basket","check_date":"2025-07-31","lukr:_TEGUND_":"1","lukr:_d_TEGUND_":"Fest á ljósastaur","waste":"trash"},"geometry":{"type":"Point","coordinates":[-21.9387927,64.1476161]}},{"type":"Feature","id":2018417245,"properties":{"amenity":"waste_basket","check_date":"2021-07-26","lukr:_TEGUND_":"1","lukr:_d_TEGUND_":"Fest á ljósastaur","waste":"trash"},"geometry":{"type":"Point","coordinates":[-21.9396142,64.147734]}},{"type":"Feature","id":2018417249,"properties":{"amenity":"waste_basket","check_date":"2021-07-26","lukr:_TEGUND_":"9","lukr:_d_TEGUND_":"Auka stampar um helgar","waste":"trash"},"geometry":{"type":"Point","coordinates":[-21.9397208,64.1478264]}},{"type":"Feature","id":2018417255,"properties":{"amenity":"waste_basket","lukr:_TEGUND_":"9","lukr:_d_TEGUND_":"Auka stampar um helgar","waste":"trash"},"geometry":{"type":"Point","coordinates":[-21.9372135,64.14791]}},{"type":"Feature","id":2018417260,"properties":{"amenity":"waste_basket","check_date":"2021-07-26","lukr:_TEGUND_":"4","lukr:_d_TEGUND_":"Svartur","waste":"trash"},"geometry":{"type":"Point","coordinates":[-21.940388,64.1479353]}},{"type":"Feature","id":2018417263,"properties":{"amenity":"waste_basket","check_date":"2021-07-26","lukr:_TEGUND_":"4","lukr:_d_TEGUND_":"Svartur","waste":"trash"},"geometry":{"type":"Point","coordinates":[-21.9404697,64.1479525]}},{"type":"Feature","id":2018417271,"properties":{"amenity":"waste_basket","check_date":"2021-07-26","lukr:_TEGUND_":"4","lukr:_d_TEGUND_":"Svartur","waste":"trash"},"geometry":{"type":"Point","coordinates":[-21.940742,64.1480042]}},{"type":"Feature","id":2018417277,"properties":{"amenity":"waste_basket","check_date":"2021-06-27","lukr:_TEGUND_":"4","lukr:_d_TEGUND_":"Svartur","waste":"trash"},"geometry":{"type":"Point","coordinates":[-21.9409137,64.1480374]}},{"type":"Feature","id":2018417286,"properties":{"amenity":"waste_basket","check_date":"2026-05-19","lukr:_TEGUND_":"1","lukr:_d_TEGUND_":"Fest á ljósastaur","waste":"trash"},"geometry":{"type":"Point","coordinates":[-21.9402142,64.1482175]}},{"type":"Feature","id":2018417287,"properties":{"amenity":"waste_basket","check_date":"2026-05-19","lukr:_TEGUND_":"4","lukr:_d_TEGUND_":"Svartur","waste":"trash"},"geometry":{"type":"Point","coordinates":[-21.9402165,64.1482179]}},{"type":"Feature","id":2018417288,"properties":{"amenity":"waste_basket","check_date":"2021-06-27","lukr:_TEGUND_":"4","lukr:_d_TEGUND_":"Svartur","waste":"trash"},"geometry":{"type":"Point","coordinates":[-21.9414509,64.1482227]}},{"type":"Feature","id":2018417301,"properties":{"amenity":"waste_basket","check_date":"2021-07-26","lukr:_TEGUND_":"4","lukr:_d_TEGUND_":"Svartur","waste":"trash"},"geometry":{"type":"Point","coordinates":[-21.9409282,64.1483412]}},{"type":"Feature","id":2018417302,"properties":{"amenity":"waste_basket","check_date":"2021-07-26","lukr:_TEGUND_":"4","lukr:_d_TEGUND_":"Svartur","waste":"trash"},"geometry":{"type":"Point","coordinates":[-21.9410444,64.1483591]}},{"type":"Feature","id":2018417320,"properties":{"amenity":"waste_basket","check_date":"2024-07-11","lukr:_TEGUND_":"1","lukr:_d_TEGUND_":"Fest á ljósastaur","waste":"trash"},"geometry":{"type":"Point","coordinates":[-21.9414478,64.1487021]}},{"type":"Feature","id":2018417330,"properties":{"amenity":"waste_basket","check_date":"2022-08-02","lukr:_TEGUND_":"1","lukr:_d_TEGUND_":"Fest á ljósastaur","waste":"trash"},"geometry":{"type":"Point","coordinates":[-21.9376471,64.1489316]}},{"type":"Feature","id":2018417348,"properties":{"amenity":"waste_basket","lukr:_TEGUND_":"1","lukr:_d_TEGUND_":"Fest á ljósastaur","waste":"trash"},"geometry":{"type":"Point","coordinates":[-21.9381193,64.1493939]}},{"type":"Feature","id":2018417360,"properties":{"amenity":"waste_basket","lukr:_TEGUND_":"1","lukr:_d_TEGUND_":"Fest á ljósastaur","waste":"trash"},"geometry":{"type":"Point","coordinates":[-21.9394367,64.1493459]}},{"type":"Feature","id":2022953488,"properties":{"check_date":"2024-10-13","name":"Nordic Store","opening_hours":"Mo-Fr 09:00-22:00, Sa 10:00-22:00, Su 09:00-22:00","shop":"gift"},"geometry":{"type":"Point","coordinates":[-21.9368476,64.1471335]}},{"type":"Feature","id":2076135241,"properties":{"addr:city":"Reykjavík","addr:country":"IS","addr:housenumber":"3","addr:postcode":"101","addr:street":"Austurstræti","amenity":"restaurant","check_date":"2025-06-24","cuisine":"mediterranean;turkish","indoor_seating":"yes","internet_access":"wlan","name":"101 Bistro","opening_hours":"Mo-Su 11:00-23:00","outdoor_seating":"yes","phone":"+354 588 0015","website":"https://101bistro.is"},"geometry":{"type":"Point","coordinates":[-21.9405215,64.1480068]}},{"type":"Feature","id":2091653037,"properties":{"amenity":"clock","check_date":"2026-05-19"},"geometry":{"type":"Point","coordinates":[-21.936689,64.14742]}},{"type":"Feature","id":2118126655,"properties":{"amenity":"shelter","check_date":"2026-06-11","note:en":"Strætóskýli","shelter_type":"public_transport"},"geometry":{"type":"Point","coordinates":[-21.9372379,64.1464467]}},{"type":"Feature","id":2240026731,"properties":{"amenity":"shelter","check_date":"2026-06-11","shelter_type":"public_transport"},"geometry":{"type":"Point","coordinates":[-21.9362826,64.1474735]}},{"type":"Feature","id":2466760479,"properties":{"addr:city":"Reykjavík","addr:country":"IS","amenity":"bar","name":"The Jungle Cocktail Bar","outdoor_seating":"no","website":"https://www.facebook.com/jungle.rvk/"},"geometry":{"type":"Point","coordinates":[-21.9396283,64.1478476]}},{"type":"Feature","id":2652007265,"properties":{"addr:city":"Reykjavík","addr:housenumber":"7","addr:postcode":"101","addr:street":"Hafnarstræti","email":"straeto@straeto.is","government":"transportation","name":"Strætó Bs.","office":"government","opening_hours":"Mo-Th 09:00-16:00; Fr 09:00-14:00","phone":"+354 540 2700","website":"https://www.straeto.is/"},"geometry":{"type":"Point","coordinates":[-21.939492,64.1482336]}},{"type":"Feature","id":2906198019,"properties":{"amenity":"nightclub","name":"Paloma","website":"https://www.facebook.com/BarPaloma"},"geometry":{"type":"Point","coordinates":[-21.9403003,64.1485844]}},{"type":"Feature","id":2957354375,"properties":{"contact:email":"info@icelandicartcenter.is","contact:phone":"+354 562 7262","contact:website":"https://icelandicartcenter.is","name":"Kynningarmiðstöð íslenskrar myndlistar","name:en":"Icelandic Art Center","name:is":"Kynningarmiðstöð íslenskrar myndlistar","office":"foundation","opening_hours":"Mo-Th 10:00-14:00","wikidata":"Q1053593","wikipedia":"en:Icelandic Art Center"},"geometry":{"type":"Point","coordinates":[-21.9361143,64.1466601]}},{"type":"Feature","id":2984584920,"properties":{"artwork_type":"sculpture","inscription:is":"874 Þá er Ingólfr sá Ísland skaut hann fyrir borð öndvegissúlum sínum til heilla. Hann tók sér bústað þar sem öndvegissúlur hans höfðu á land komit; hann bjó í Reykjavík. (Landnáma)","note":"Two stone pillars with engraving","tourism":"artwork","wheelchair":"yes"},"geometry":{"type":"Point","coordinates":[-21.9413535,64.1479625]}},{"type":"Feature","id":2990518409,"properties":{"information":"office","name":"Icelandic Travel Market","name:abbreviation":"ITM","tourism":"information","url":"http://www.icelandictravelmarket.is/"},"geometry":{"type":"Point","coordinates":[-21.9358695,64.1467088]}},{"type":"Feature","id":2990527527,"properties":{"addr:city":"Reykjavík","addr:postcode":"101","addr:street":"Hafnarstræti","contact:email":"iceland@grayline.is","ele":"0","entrance":"yes","information":"office","name":"Gray Line Iceland","office":"travel_agent","old_name":"Iceland Excursions","phone":"+354 540 1313","tourism":"information","url":"http://www.grayline.is/","website":"https://grayline.is/","wheelchair":"yes"},"geometry":{"type":"Point","coordinates":[-21.9360624,64.1477019]}},{"type":"Feature","id":3002904307,"properties":{"name":"Opus lögmenn","office":"lawyer"},"geometry":{"type":"Point","coordinates":[-21.9390885,64.147601]}},{"type":"Feature","id":3002904312,"properties":{"name":"Valva lögmenn","office":"lawyer"},"geometry":{"type":"Point","coordinates":[-21.935657,64.1481793]}},{"type":"Feature","id":3005750473,"properties":{"amenity":"restaurant","check_date":"2026-05-19","name":"Borg Restaurant"},"geometry":{"type":"Point","coordinates":[-21.9387911,64.1469411]}},{"type":"Feature","id":3005750474,"properties":{"name":"Centric Guesthouse","tourism":"guest_house"},"geometry":{"type":"Point","coordinates":[-21.9379518,64.1465905]}},{"type":"Feature","id":3005750475,"properties":{"amenity":"restaurant","indoor_seating":"yes","name":"Jómfrúin","opening_hours":"Mo-Su 11:00-22:00","outdoor_seating":"yes","wheelchair":"yes"},"geometry":{"type":"Point","coordinates":[-21.937356,64.1468583]}},{"type":"Feature","id":3005750477,"properties":{"name":"Lögmenn Lækjargötu","office":"lawyer"},"geometry":{"type":"Point","coordinates":[-21.9370361,64.1471444]}},{"type":"Feature","id":3005750480,"properties":{"amenity":"restaurant","cuisine":"regional","name":"Skólabrú"},"geometry":{"type":"Point","coordinates":[-21.9385892,64.146555]}},{"type":"Feature","id":3005947175,"properties":{"amenity":"restaurant","name":"Kebab Grill"},"geometry":{"type":"Point","coordinates":[-21.9382459,64.1463166]}},{"type":"Feature","id":3005947177,"properties":{"name":"Umboðsmaður Alþingis","office":"government"},"geometry":{"type":"Point","coordinates":[-21.9400093,64.1461511]}},{"type":"Feature","id":3007770876,"properties":{"name":"Alþingi - nefndasvið","office":"government"},"geometry":{"type":"Point","coordinates":[-21.9402451,64.1476338]}},{"type":"Feature","id":3007770877,"properties":{"name":"Alþingi - skrifstofur þingmanna","office":"government"},"geometry":{"type":"Point","coordinates":[-21.9390078,64.1476019]}},{"type":"Feature","id":3007770878,"properties":{"name":"Alþingi - skrifstofur þingmanna","office":"government"},"geometry":{"type":"Point","coordinates":[-21.9402558,64.147636]}},{"type":"Feature","id":3007770882,"properties":{"amenity":"nightclub","name":"Exit"},"geometry":{"type":"Point","coordinates":[-21.9406792,64.1480913]}},{"type":"Feature","id":3007770883,"properties":{"addr:postcode":"101","addr:street":"Ingólfstorg","amenity":"fast_food","name":"Pítubarinn"},"geometry":{"type":"Point","coordinates":[-21.9409084,64.148245]}},{"type":"Feature","id":3007770884,"properties":{"addr:city":"Reykjavík","addr:country":"IS","check_date":"2026-05-19","name":"Thorvaldsens Bazar","opening_hours":"Mo-Fr 10:00-18:00; Sa 11:00-15:00","shop":"clothes","wheelchair":"no"},"geometry":{"type":"Point","coordinates":[-21.9407889,64.1479165]}},{"type":"Feature","id":3007770885,"properties":{"addr:city":"Reykjavík","addr:country":"IS","addr:housenumber":"10","addr:postcode":"101","addr:street":"Austurstræti","amenity":"restaurant","cuisine":"burger;chicken","delivery":"yes","indoor_seating":"yes","internet_access":"wlan","internet_access:fee":"customers","name":"Dirty Burger & Ribs","opening_hours":"Mo,Tu,We,Th,Fr,Sa,Su 11:00-22:00","outdoor_seating":"yes","takeaway":"yes","website":"https://dbr.is/"},"geometry":{"type":"Point","coordinates":[-21.9398006,64.1477051]}},{"type":"Feature","id":3008778028,"properties":{"addr:city":"Reykjavík","addr:housenumber":"26","addr:postcode":"101","addr:street":"Tryggvagata","amenity":"restaurant","cuisine":"indian","name":"Taj Mahal","opening_hours":"Mo-Fr 11:00-22:00","phone":"+354 454 0400","website":"https://tryggvagata.tajmahal.is/"},"geometry":{"type":"Point","coordinates":[-21.9391263,64.1484838]}},{"type":"Feature","id":3008778029,"properties":{"name":"DCG","office":"company"},"geometry":{"type":"Point","coordinates":[-21.9400042,64.1488507]}},{"type":"Feature","id":3008778030,"properties":{"name":"Eignarhald ehf.","office":"company"},"geometry":{"type":"Point","coordinates":[-21.940006,64.1488511]}},{"type":"Feature","id":3008778031,"properties":{"amenity":"restaurant","name":"Litla Fabrikkan"},"geometry":{"type":"Point","coordinates":[-21.9408098,64.1489038]}},{"type":"Feature","id":3008778032,"properties":{"name":"Hópkaup","office":"company"},"geometry":{"type":"Point","coordinates":[-21.9400078,64.1488516]}},{"type":"Feature","id":3008780536,"properties":{"name":"Leit.is","office":"company"},"geometry":{"type":"Point","coordinates":[-21.9400016,64.14885]}},{"type":"Feature","id":3008780537,"properties":{"addr:city":"Reykjavík","addr:country":"IS","addr:housenumber":"5","addr:postcode":"101","addr:street":"Hafnarstræti","check_date":"2026-08-28","check_date:opening_hours":"2026-08-28","contact:phone":"+354 519 6070","name":"The Viking","opening_hours":"Mo-Su 10:00-18:00","operator":"Aarctic Shopping ehf","shop":"gift"},"geometry":{"type":"Point","coordinates":[-21.9401411,64.1483252]}},{"type":"Feature","id":3008780538,"properties":{"name":"Miðbæjarstofan","shop":"hairdresser"},"geometry":{"type":"Point","coordinates":[-21.9395752,64.1485809]}},{"type":"Feature","id":3008780540,"properties":{"name":"Hafnarhaus","office":"coworking"},"geometry":{"type":"Point","coordinates":[-21.9399995,64.1488495]}},{"type":"Feature","id":3008780541,"properties":{"name":"Senter","shop":"hairdresser"},"geometry":{"type":"Point","coordinates":[-21.938856,64.148416]}},{"type":"Feature","id":3008780542,"properties":{"name":"Mimos","opening_hours":"Mo-Fr 09:00-19:00; Sa 10:00-18:00; Su 12:00-18:00","shop":"beauty"},"geometry":{"type":"Point","coordinates":[-21.9397956,64.1482702]}},{"type":"Feature","id":3008780543,"properties":{"addr:city":"Reykjavík","entrance":"yes","name":"Tollstjóri","name:zh":"跳蚤市場入口","office":"government"},"geometry":{"type":"Point","coordinates":[-21.9383557,64.1485455]}},{"type":"Feature","id":3029306354,"properties":{"addr:city":"Reykjavík","addr:housenumber":"16","addr:postcode":"101","addr:street":"Austurstræti","brand":"Keahotels","check_date":"2026-05-19","name":"Apótek Hótel","name:en":"Apotek Hotel","operator":"Keahotels","phone":"+354 460 2050","rooms":"45","smoking":"outside","stars":"4","tourism":"hotel","website":"https://www.keahotels.is/apotek-hotel"},"geometry":{"type":"Point","coordinates":[-21.9385318,64.1472812]}},{"type":"Feature","id":3163126185,"properties":{"addr:housenumber":"2","addr:postcode":"101","addr:street":"Bankastræti","check_date":"2026-05-19","name":"Islandia","note":"Tourist shop","opening_hours":"10:00-18:00","payment:cash":"yes","payment:credit_cards":"yes","payment:debit_cards":"yes","shop":"gift","source":"Survey","wheelchair":"no"},"geometry":{"type":"Point","coordinates":[-21.9356044,64.1468187]}},{"type":"Feature","id":3408671677,"properties":{"amenity":"restaurant","name":"Hannesarholt","opening_hours":"Mo-Su,PH 11:30-16:00"},"geometry":{"type":"Point","coordinates":[-21.9356448,64.1442763]}},{"type":"Feature","id":3539485903,"properties":{"access":"yes","amenity":"bicycle_parking","bicycle_parking":"stands","capacity":"2","covered":"no","fee":"no"},"geometry":{"type":"Point","coordinates":[-21.9384844,64.1476657]}},{"type":"Feature","id":3539485904,"properties":{"access":"yes","amenity":"bicycle_parking","bicycle_parking":"stands","capacity":"2","covered":"no","fee":"no"},"geometry":{"type":"Point","coordinates":[-21.9382187,64.1480821]}},{"type":"Feature","id":3539485905,"properties":{"access":"yes","amenity":"bicycle_parking","bicycle_parking":"stands","capacity":"4","covered":"no","fee":"no"},"geometry":{"type":"Point","coordinates":[-21.9381948,64.1482687]}},{"type":"Feature","id":3652850066,"properties":{"Sightseeing":"Sales_Office","addr:city":"Reykjavík","addr:housenumber":"20","addr:postcode":"101","addr:street":"Hafnarstræti","contact:email":"iceland@grayline.is","information":"office","name":"Gray Line Iceland","operator":"Gray Line Iceland","phone":"+354 540 1313","tourism":"information","website":"https://grayline.is/","wheelchair":"yes"},"geometry":{"type":"Point","coordinates":[-21.9359466,64.147792]}},{"type":"Feature","id":3767441543,"properties":{"addr:city":"Reykjavík","addr:country":"IS","addr:housenumber":"16","addr:postcode":"101","addr:street":"Austurstræti","amenity":"restaurant","contact:email":"apotek@apotekrestaurant.is","contact:phone":"+354 551 0011","contact:website":"https://www.apotek.is","name":"Apotek"},"geometry":{"type":"Point","coordinates":[-21.9385041,64.1474266]}},{"type":"Feature","id":3769068470,"properties":{"addr:city":"Reykjavík","addr:country":"IS","addr:housenumber":"10a","addr:postcode":"101","addr:street":"Austurstræti","branch":"Austurstræti","brand":"Vínbúðin","check_date":"2026-05-19","email":"austurstraeti@vinbudin.is","min_age":"20","name":"Vínbúðin","opening_hours":"Mo-Th,Sa 11:00-18:00; Fr 11:00-19:00; PH off","operator":"ÁTVR","payment:cash":"yes","payment:credit_cards":"yes","payment:debit_cards":"yes","phone":"+354 560 7828","shop":"alcohol","website":"https://www.vinbudin.is","wheelchair":"yes"},"geometry":{"type":"Point","coordinates":[-21.9395365,64.1476688]}},{"type":"Feature","id":3888419371,"properties":{"addr:city":"Reykjavík","addr:housenumber":"1","addr:postcode":"101","addr:street":"Amtmannsstígur","amenity":"restaurant","cuisine":"regional","name":"Torfan veitingahús","opening_hours":"Mo off; Tu 17:00-22:00; We-Su 11:30-22:00","phone":"+354 546 6900","website":"https://www.torfan.is/"},"geometry":{"type":"Point","coordinates":[-21.9362887,64.1464589]}},{"type":"Feature","id":3888419374,"properties":{"check_date":"2026-05-19","name":"aurum","opening_hours":"Mo-Fr 10:00-18:00; Sa 11:00-17:00","payment:cash":"yes","payment:credit_cards":"yes","payment:debit_cards":"yes","shop":"interior_decoration","wheelchair":"no"},"geometry":{"type":"Point","coordinates":[-21.9350576,64.146839]}},{"type":"Feature","id":3891077137,"properties":{"artwork_type":"sculpture","historic":"memorial","material":"stone","memorial":"stele","name":"Svarta keilan, minnisvarði um borgaralega óhlýðni","name:en":"The black cone, monument to civil disobedience","name:is":"Svarta keilan, minnisvarði um borgaralega óhlýðni","tourism":"artwork","wikidata":"Q45391397"},"geometry":{"type":"Point","coordinates":[-21.9405287,64.1470329]}},{"type":"Feature","id":3891077143,"properties":{"artwork_type":"statue","name":"Ingibjörg H. Bjarnason","subject:wikidata":"Q16429109","subject:wikipedia":"is:Ingibjörg H. Bjarnason","tourism":"artwork","wikimedia_commons":"Category:Ingibjörg H. Bjarnason"},"geometry":{"type":"Point","coordinates":[-21.9406925,64.1468772]}},{"type":"Feature","id":3891080207,"properties":{"addr:housenumber":"2","addr:street":"Bankastræti","check_date":"2024-10-03","fee":"yes","name":"Icelandic Punk Museum","name:en":"Icelandic Punk Museum","name:is":"Pönksafn Íslands","opening_hours":"Mo-Su 10:00-18:00","tourism":"museum","wheelchair":"no"},"geometry":{"type":"Point","coordinates":[-21.935909,64.147028]}},{"type":"Feature","id":3925337294,"properties":{"addr:city":"Reykjavík","addr:country":"IS","addr:housenumber":"14","addr:postcode":"101","addr:street":"Austurstræti","amenity":"cafe","name":"Gamla Reykjavik","outdoor_seating":"yes","website":"https://www.gamlareykjavik.is/"},"geometry":{"type":"Point","coordinates":[-21.9389465,64.1474984]}},{"type":"Feature","id":4185290490,"properties":{"name":"Apartment K","tourism":"hotel"},"geometry":{"type":"Point","coordinates":[-21.9349718,64.1466315]}},{"type":"Feature","id":4332460947,"properties":{"email":"4@4.is","internet_access":"wlan","name":"Castle House Luxury Apartments","tourism":"hotel","website":"https://4.is/"},"geometry":{"type":"Point","coordinates":[-21.9385399,64.1443308]}},{"type":"Feature","id":4332603026,"properties":{"amenity":"restaurant","check_date":"2026-05-19","contact:email":"saetasvinid@saetasvinid.is","cuisine":"regional","internet_access":"wlan","internet_access:fee":"customers","name":"Sæta Svínið","opening_hours":"Mo-Su 11:30-23:30","payment:cash":"yes","payment:credit_cards":"yes","payment:debit_cards":"yes","website":"https://saetasvinid.is","wheelchair":"no"},"geometry":{"type":"Point","coordinates":[-21.9412026,64.1484708]}},{"type":"Feature","id":4337281296,"properties":{"name":"Rætur","tourism":"artwork"},"geometry":{"type":"Point","coordinates":[-21.9351209,64.1469911]}},{"type":"Feature","id":4342452707,"properties":{"artist_name":"Sigurjón Ólafsson","artwork_type":"sculpture","name":"Fótboltamaðurinn","tourism":"artwork"},"geometry":{"type":"Point","coordinates":[-21.9394314,64.1440865]}},{"type":"Feature","id":4342452709,"properties":{"artist_name":"Nína Sæmundsson","artwork_type":"statue","name":"Móðurást","tourism":"artwork"},"geometry":{"type":"Point","coordinates":[-21.9382953,64.1455607]}},{"type":"Feature","id":4342452711,"properties":{"artist_name":"Sigurjón Ólafsson","artwork_type":"statue","inscription":"Síra FRIÐRIK FRIÐRIKSSON leiðtogi KFUM og KFUK","name":"Sr. Friðrik og drengurinn","tourism":"artwork"},"geometry":{"type":"Point","coordinates":[-21.9367715,64.1465761]}},{"type":"Feature","id":4342452712,"properties":{"artist_name":"Ólöf Pálsdóttir","artwork_type":"statue","name":"Stúlkumynd","tourism":"artwork"},"geometry":{"type":"Point","coordinates":[-21.9393141,64.1438972]}},{"type":"Feature","id":4342452713,"properties":{"artist_name":"Sigurjón Ólafsson","artwork_type":"sculpture","name":"Víkingurinn","tourism":"artwork"},"geometry":{"type":"Point","coordinates":[-21.9394226,64.1442258]}},{"type":"Feature","id":4342452717,"properties":{"artist_name":"Ásmundur Sveinsson","artwork_type":"sculpture","height":"5","material":"metal","name":"Andlit Sólar","name:en":"Face of the Sun","start_date":"1969","tourism":"artwork","website":"https://safneign.listasafnreykjavikur.is/is/verk/H-064"},"geometry":{"type":"Point","coordinates":[-21.9375246,64.146097]}},{"type":"Feature","id":4342611892,"properties":{"artwork_type":"mural","name":"Miðja Reykjavikur","name:en":"Hub of Reykjavík","name:is":"Miðja Reykjavikur","tourism":"artwork"},"geometry":{"type":"Point","coordinates":[-21.9412924,64.1485973]}},{"type":"Feature","id":4342611899,"properties":{"artwork_type":"bust","memorial":"bust","name":"Séra Bjarni Jónsson","subject:wikidata":"Q85970559","subject:wikipedia":"is:Bjarni Jónsson (vígslubiskup)","tourism":"artwork"},"geometry":{"type":"Point","coordinates":[-21.9390911,64.1465412]}},{"type":"Feature","id":4342611900,"properties":{"alt_name":"Óþekkti embættismaðurinn","artist_name":"Magnús Tómasson","artwork_type":"sculpture","material":"basalt_and_bronze","name":"Minnisvarði um óþekkta embættismanninn","name:de":"Unbekannter Beamter","name:en":"The Unknown Bureaucrat","name:ru":"Неизвестный бюрократ","tourism":"artwork"},"geometry":{"type":"Point","coordinates":[-21.9403461,64.1457834]}},{"type":"Feature","id":4342611905,"properties":{"artwork_type":"bust","name":"Jón Vídalín","subject:wikidata":"Q1715059","subject:wikipedia":"is:Jón Vídalín","tourism":"artwork","wheelchair":"yes"},"geometry":{"type":"Point","coordinates":[-21.9394874,64.1465851]}},{"type":"Feature","id":4502580490,"properties":{"amenity":"restaurant","cuisine":"seafood","indoor_seating":"yes","internet_access":"wlan","name":"Messinn","outdoor_seating":"yes"},"geometry":{"type":"Point","coordinates":[-21.9378295,64.1465625]}},{"type":"Feature","id":4652154769,"properties":{"amenity":"fountain"},"geometry":{"type":"Point","coordinates":[-21.9409946,64.1483176]}},{"type":"Feature","id":4652162217,"properties":{"addr:city":"Reykjavík","amenity":"pub","check_date":"2025-06-24","indoor_seating":"yes","name":"The Drunk Rabbit","outdoor_seating":"yes"},"geometry":{"type":"Point","coordinates":[-21.9403507,64.1479802]}},{"type":"Feature","id":4734353495,"properties":{"addr:city":"Reykjavík","addr:housenumber":"20","addr:postcode":"101","addr:street":"Hafnarstræti","amenity":"cafe","cuisine":"coffee_shop","email":"laekjartorg@teogkaffi.is","internet_access":"wlan","internet_access:fee":"no","name":"Te & Kaffi","opening_hours":"Mo-Fr 08:00-18:00; Sa-Su 10:00-18:00","phone":"+354 527 2882","website":"https://www.teogkaffi.is"},"geometry":{"type":"Point","coordinates":[-21.9364041,64.1477029]}},{"type":"Feature","id":4993614622,"properties":{"addr:postcode":"101","amenity":"restaurant","cuisine":"burger;american","internet_access":"wlan","name":"Hard Rock Cafe","opening_hours":"Mo-Su 11:00-23:00","phone":"+354 560 0800","website":"https://hardrock.com/"},"geometry":{"type":"Point","coordinates":[-21.9371682,64.1469665]}},{"type":"Feature","id":5000050382,"properties":{"access":"yes","amenity":"bicycle_parking","bicycle_parking":"stands","capacity":"16","colour":"green","covered":"no","fee":"no"},"geometry":{"type":"Point","coordinates":[-21.941222,64.1492947]}},{"type":"Feature","id":5000050383,"properties":{"access":"yes","amenity":"bicycle_parking","bicycle_parking":"stands","capacity":"12","colour":"green","covered":"no","fee":"no"},"geometry":{"type":"Point","coordinates":[-21.940829,64.1482759]}},{"type":"Feature","id":5009295110,"properties":{"access":"yes","amenity":"bicycle_parking","bicycle_parking":"stands","capacity":"6","check_date:capacity":"2023-05-14","covered":"no","fee":"no"},"geometry":{"type":"Point","coordinates":[-21.9366354,64.1479042]}},{"type":"Feature","id":5009295111,"properties":{"access":"yes","amenity":"bicycle_parking","bicycle_parking":"stands","capacity":"6","covered":"no","fee":"no"},"geometry":{"type":"Point","coordinates":[-21.9371189,64.1479016]}},{"type":"Feature","id":5009295113,"properties":{"access":"yes","amenity":"bicycle_parking","bicycle_parking":"stands","capacity":"4","covered":"no","fee":"no"},"geometry":{"type":"Point","coordinates":[-21.937609,64.1479151]}},{"type":"Feature","id":5518828356,"properties":{"amenity":"fast_food","indoor_seating":"yes","name":"Just JK Kebab","outdoor_seating":"yes"},"geometry":{"type":"Point","coordinates":[-21.9379344,64.1464992]}},{"type":"Feature","id":5629478190,"properties":{"access":"yes","amenity":"bicycle_parking","bicycle_parking":"wide_stands","capacity":"10","colour":"green","covered":"no","fee":"no"},"geometry":{"type":"Point","coordinates":[-21.9366853,64.1471585]}},{"type":"Feature","id":5629478191,"properties":{"access":"yes","amenity":"bicycle_parking","bicycle_parking":"stands","capacity":"12","covered":"no","fee":"no"},"geometry":{"type":"Point","coordinates":[-21.9404767,64.1483209]}},{"type":"Feature","id":5629478198,"properties":{"access":"yes","amenity":"bicycle_parking","bicycle_parking":"stands","capacity":"10","covered":"no","fee":"no"},"geometry":{"type":"Point","coordinates":[-21.939913,64.147804]}},{"type":"Feature","id":5641741998,"properties":{"access":"yes","amenity":"bicycle_parking","bicycle_parking":"stands","capacity":"16","check_date:capacity":"2024-10-13","covered":"no","fee":"no"},"geometry":{"type":"Point","coordinates":[-21.9385743,64.1477056]}},{"type":"Feature","id":5935692469,"properties":{"access":"yes","amenity":"bicycle_parking","bicycle_parking":"stands","capacity":"8","check_date:capacity":"2023-12-30","covered":"no","fee":"no"},"geometry":{"type":"Point","coordinates":[-21.9381102,64.1475582]}},{"type":"Feature","id":5979753655,"properties":{"addr:city":"Reykjavík","addr:postcode":"101","brand":"H&M","brand:wikidata":"Q188326","brand:wikipedia":"en:H&M","name":"H&M","opening_hours":"Mo-Sa 10:00-18:00; Su 12:00-17:00","shop":"clothes"},"geometry":{"type":"Point","coordinates":[-21.9353508,64.1480953]}},{"type":"Feature","id":5979753656,"properties":{"addr:city":"Reykjavík","addr:postcode":"101","name":"H&M Home","opening_hours":"Mo-Sa 10:00-18:00; Su 12:00-17:00","payment:credit_cards":"yes","payment:debit_cards":"yes","shop":"houseware"},"geometry":{"type":"Point","coordinates":[-21.9357281,64.1483279]}},{"type":"Feature","id":5996275771,"properties":{"access":"yes","amenity":"bicycle_parking","bicycle_parking":"stands","capacity":"6","covered":"no","fee":"no"},"geometry":{"type":"Point","coordinates":[-21.9357852,64.1478956]}},{"type":"Feature","id":5996275772,"properties":{"access":"yes","amenity":"bicycle_parking","bicycle_parking":"stands","capacity":"6","covered":"no","fee":"no"},"geometry":{"type":"Point","coordinates":[-21.9361324,64.1479966]}},{"type":"Feature","id":5996275773,"properties":{"access":"yes","amenity":"bicycle_parking","bicycle_parking":"stands","capacity":"6","covered":"no","fee":"no"},"geometry":{"type":"Point","coordinates":[-21.9373321,64.1482921]}},{"type":"Feature","id":6037749068,"properties":{"addr:floor":"1","amenity":"bar","internet_access":"wlan","name":"Tres Locos"},"geometry":{"type":"Point","coordinates":[-21.940294,64.1481512]}},{"type":"Feature","id":6222128224,"properties":{"access":"yes","amenity":"bicycle_parking","bicycle_parking":"stands","capacity":"10","check_date:capacity":"2024-07-11","covered":"no","fee":"no","traffic_calming":"island"},"geometry":{"type":"Point","coordinates":[-21.9360183,64.1487196]}},{"type":"Feature","id":6235981331,"properties":{"access":"yes","amenity":"bicycle_parking","bicycle_parking":"stands","capacity":"6","covered":"no","fee":"no"},"geometry":{"type":"Point","coordinates":[-21.9380885,64.1482614]}},{"type":"Feature","id":6386854353,"properties":{"access":"yes","amenity":"bicycle_parking","bicycle_parking":"stands","capacity":"8","check_date:capacity":"2025-07-31","covered":"no","fee":"no"},"geometry":{"type":"Point","coordinates":[-21.9389227,64.1468133]}},{"type":"Feature","id":6391230825,"properties":{"access":"customers","amenity":"charging_station","brand":"ON","capacity":"2","charge":"69 ISK/kWh","fee":"yes","name":"Fríkirkjuvegur","network":"Orka náttúrunnar","operator":"Orka náttúrunnar","operator:wikidata":"Q25051792","operator:wikipedia":"en:Orka náttúrunnar","payment:app":"yes","payment:rfid_card":"yes","socket:chademo":"1","socket:chademo:output":"50 kW","socket:type2_combo":"1","socket:type2_combo:output":"50 kW"},"geometry":{"type":"Point","coordinates":[-21.9394381,64.1446303]}},{"type":"Feature","id":6402585511,"properties":{"bicycle":"yes","colour:arrow":"green","colour:back":"white","information":"guidepost","tourism":"information"},"geometry":{"type":"Point","coordinates":[-21.9394385,64.1452678]}},{"type":"Feature","id":6480807846,"properties":{"amenity":"parking_entrance"},"geometry":{"type":"Point","coordinates":[-21.9375078,64.1487334]}},{"type":"Feature","id":6485838852,"properties":{"amenity":"restaurant","cuisine":"local","indoor_seating":"yes","name":"Icelandic Street Food","outdoor_seating":"yes","website":"https://www.icelandicfoods.com/"},"geometry":{"type":"Point","coordinates":[-21.9380388,64.1464497]}},{"type":"Feature","id":6485838854,"properties":{"check_date:opening_hours":"2024-04-25","name":"DJI Reykjavík","opening_hours":"Mo-Fr 11:00-18:00, Sa 12:00-17:00","operator":"Reykjavik Drones ehf","shop":"electronics","wheelchair":"yes"},"geometry":{"type":"Point","coordinates":[-21.9372383,64.1469252]}},{"type":"Feature","id":6592238596,"properties":{"addr:city":"Reykjavík","addr:housenumber":"19","addr:postcode":"101","addr:street":"Hafnarstræti","amenity":"pharmacy","branch":"Hafnarstræti","check_date:opening_hours":"2024-05-30","dispensing":"yes","drive_through":"no","email":"lyfja@lyfja.is","healthcare":"pharmacy","name":"Lyfja","opening_hours":"Mo-Fr 09:00-18:00; Sa 11:00-16:00","operator":"Lyfja hf.","phone":"+354 552 4045","website":"https://www.lyfja.is"},"geometry":{"type":"Point","coordinates":[-21.9371883,64.1480511]}},{"type":"Feature","id":6601402849,"properties":{"amenity":"charging_station"},"geometry":{"type":"Point","coordinates":[-21.9394541,64.149349]}},{"type":"Feature","id":6638686785,"properties":{"amenity":"toilets","fee":"no"},"geometry":{"type":"Point","coordinates":[-21.9388133,64.1452985]}},{"type":"Feature","id":6691788385,"properties":{"alt_name":"Kolaport","amenity":"marketplace","name":"Kolaportið","opening_hours":"Sa-Su 11:00-17:00","website":"https://kolaportid.is/","wikidata":"Q3481191","wikimedia_commons":"Category:Kolaportið","wikipedia":"is:Kolaportið"},"geometry":{"type":"Point","coordinates":[-21.9386094,64.1488381]}},{"type":"Feature","id":6795799685,"properties":{"addr:postcode":"101","amenity":"restaurant","name":"La Barceloneta","opening_hours":"We-Su 17:30-21:30"},"geometry":{"type":"Point","coordinates":[-21.9398907,64.1463101]}},{"type":"Feature","id":6813296222,"properties":{"access":"private","amenity":"waste_disposal"},"geometry":{"type":"Point","coordinates":[-21.9375002,64.1486808]}},{"type":"Feature","id":6813296223,"properties":{"access":"private","amenity":"waste_disposal"},"geometry":{"type":"Point","coordinates":[-21.937425,64.1486621]}},{"type":"Feature","id":6813296224,"properties":{"access":"private","amenity":"recycling","recycling:paper":"yes","recycling_type":"container"},"geometry":{"type":"Point","coordinates":[-21.9373541,64.1486461]}},{"type":"Feature","id":6813296225,"properties":{"access":"private","amenity":"recycling","recycling:plastic":"yes","recycling_type":"container"},"geometry":{"type":"Point","coordinates":[-21.9372252,64.1486115]}},{"type":"Feature","id":6813296226,"properties":{"access":"private","amenity":"recycling","fixme":"Metals?","recycling_type":"container"},"geometry":{"type":"Point","coordinates":[-21.9371564,64.1485974]}},{"type":"Feature","id":6816867306,"properties":{"access":"yes","amenity":"recycling","recycling:plastic":"yes","recycling_type":"bin"},"geometry":{"type":"Point","coordinates":[-21.9364463,64.1473884]}},{"type":"Feature","id":6816867307,"properties":{"access":"yes","amenity":"recycling","recycling:cardboard":"yes","recycling:paper":"yes","recycling_type":"bin"},"geometry":{"type":"Point","coordinates":[-21.9364181,64.1473804]}},{"type":"Feature","id":7023754816,"properties":{"addr:city":"Reykjavík","addr:country":"IS","addr:housenumber":"2","addr:postcode":"101","addr:street":"Reykjastræti","alt_name:en":"EU delegation to Iceland","check_date:opening_hours":"2026-08-28","contact:email":"Delegation-Iceland@eeas.europa.eu","contact:facebook":"https://www.facebook.com/Evropusambandid/","contact:instagram":"https://www.instagram.com/euiniceland/","contact:phone":"+354 520 3399","contact:twitter":"https://twitter.com/euiniceland","contact:website":"https://www.eeas.europa.eu/delegations/iceland_is","contact:youtube":"https://www.youtube.com/channel/UC9btRmbvOZYikJZIM11B0SQ/featured","country":"EU","diplomatic":"embassy","embassy":"delegation","name":"Sendinefnd Evrópusambandsins (ESB)","name:az":"Avropa İttifaqının Nümayəndəliyi","name:bg":"Делегация на Европейския съюз","name:cs":"Delegace Evropské unie","name:cy":"Dirprwyo'r Undeb Ewropeaidd","name:da":"Delegationen af Den Europæiske Union","name:de":"Delegation der Europäischen Union","name:el":"Αντιπροσωπεία της Ευρωπαϊκής Ένωσης","name:en":"Delegation of the European Union","name:es":"Delegación de la Unión Europea","name:et":"Euroopa Liidu delegatsioon","name:fi":"Euroopan unionin valtuuskunta","name:fr":"Délégation de l'Union européenne","name:ga":"Toscaireacht an Aontais Eorpaigh","name:gd":"Tiomnadh an Aonaidh Eòrpaich","name:hr":"Delegacija Europske unije","name:hu":"Az Európai Unió küldöttsége","name:is":"Sendinefnd Evrópusambandsins á Íslandi","name:it":"Delegazione dell'Unione europea","name:kw":"Kanasedh Unyans Europek","name:lt":"Europos Sąjungos delegacija","name:lv":"Eiropas Savienības delegācija","name:mt":"Delegazzjoni tal-Unjoni Ewropea","name:nl":"Delegatie van de Europese Unie","name:pl":"Delegacja Unii Europejskiej","name:pt":"Delegação da União Europeia","name:ro":"Delegația Uniunii Europene","name:sco":"Delegation o the European Union","name:sk":"Delegácia Európskej únie","name:sl":"Delegacija Evropske unije","name:sv":"Europeiska unionens delegation","name:tr":"Avrupa Birliği Temsilciliği","office":"diplomatic","opening_hours":"Mo-Fr 09:30-12:00,14:00-16:00","opening_hours:signed":"no","target":"IS"},"geometry":{"type":"Point","coordinates":[-21.9360229,64.1481094]}},{"type":"Feature","id":7242648950,"properties":{"amenity":"bar","name":"Djúpið"},"geometry":{"type":"Point","coordinates":[-21.9380614,64.1481484]}},{"type":"Feature","id":7242648951,"properties":{"amenity":"nightclub","contact:email":"info@radarclub.is","contact:facebook":"https://www.facebook.com/radar.reykjavik","music":"techno","name":"Radar Reykjavik"},"geometry":{"type":"Point","coordinates":[-21.9402086,64.1486536]}},{"type":"Feature","id":7633295571,"properties":{"access":"yes","amenity":"bicycle_parking","bicycle_parking":"stands","capacity":"8","covered":"no","fee":"no"},"geometry":{"type":"Point","coordinates":[-21.9408744,64.1468441]}},{"type":"Feature","id":7897153608,"properties":{"amenity":"bicycle_parking","bicycle_parking":"stands","capacity":"12","colour":"yellow","covered":"no","fee":"no"},"geometry":{"type":"Point","coordinates":[-21.9372744,64.1491929]}},{"type":"Feature","id":7897153609,"properties":{"amenity":"bicycle_parking","bicycle_parking":"stands","capacity":"6","colour":"yellow","covered":"no","fee":"no"},"geometry":{"type":"Point","coordinates":[-21.9369334,64.1492471]}},{"type":"Feature","id":7897153610,"properties":{"amenity":"bicycle_parking","bicycle_parking":"stands","capacity":"6","colour":"yellow","covered":"no","fee":"no"},"geometry":{"type":"Point","coordinates":[-21.9367904,64.1493863]}},{"type":"Feature","id":7914147223,"properties":{"amenity":"bicycle_parking","bicycle_parking":"stands","capacity":"6","colour":"yellow","covered":"no","fee":"no"},"geometry":{"type":"Point","coordinates":[-21.9366199,64.149517]}},{"type":"Feature","id":8014895105,"properties":{"access":"yes","amenity":"bicycle_parking","bicycle_parking":"stands","capacity":"8","covered":"yes","fee":"no"},"geometry":{"type":"Point","coordinates":[-21.9378439,64.1489969]}},{"type":"Feature","id":8014895106,"properties":{"access":"yes","amenity":"bicycle_parking","bicycle_parking":"stands","capacity":"16","check_date:capacity":"2025-07-31","covered":"no","fee":"no"},"geometry":{"type":"Point","coordinates":[-21.9413386,64.1497661]}},{"type":"Feature","id":8047296255,"properties":{"access":"yes","amenity":"bicycle_parking","bicycle_parking":"stands","capacity":"8","covered":"no","fee":"no","fixme":"Resurvey"},"geometry":{"type":"Point","coordinates":[-21.9354596,64.1442286]}},{"type":"Feature","id":8738822016,"properties":{"contact:email":"info@flaedi.com","contact:facebook":"https://www.facebook.com/flaediartvenue/","contact:instagram":"https://www.instagram.com/_flaedi_","fixme":"improve location","name":"Flæði","tourism":"gallery","url":"https://www.flaedi.com/"},"geometry":{"type":"Point","coordinates":[-21.9410756,64.1491358]}},{"type":"Feature","id":8744910782,"properties":{"artist_name":"Ingi Þ. Gíslason","artwork_type":"statue","material":"bronze","name":"Horft Til Hafs","name:en":"Facing the Sea","start_date":"1997","tourism":"artwork"},"geometry":{"type":"Point","coordinates":[-21.9388138,64.1496577]}},{"type":"Feature","id":8805317053,"properties":{"addr:city":"Reykjavík","addr:housenumber":"1","addr:postcode":"101","addr:street":"Lækjargata","email":"for@for.is","name":"Forsætisráðuneytið","name:en":"Prime Minister's Office","office":"government","opening_hours":"Mo-Fr 08:30-16:00","phone":"+354 545 8400","wikidata":"Q16424176","wikipedia":"is:Forsætisráðuneyti Íslands"},"geometry":{"type":"Point","coordinates":[-21.935321,64.1473113]}},{"type":"Feature","id":8856354025,"properties":{"addr:city":"Reykjavík","addr:housenumber":"1-3","addr:postcode":"101","addr:street":"Hafnarstræti","amenity":"restaurant","check_date":"2024-10-04","email":"fjallkona@fjallkona.is","name":"Fjallkonan","opening_hours":"Mo-Su 11:30-23:00","phone":"+354 555 0950","website":"https://fjallkona.is","wheelchair":"no"},"geometry":{"type":"Point","coordinates":[-21.9408498,64.1484244]}},{"type":"Feature","id":8926785454,"properties":{"amenity":"waste_basket"},"geometry":{"type":"Point","coordinates":[-21.9382106,64.1482438]}},{"type":"Feature","id":8933900690,"properties":{"name":"Nullid","tourism":"gallery"},"geometry":{"type":"Point","coordinates":[-21.9357915,64.1471589]}},{"type":"Feature","id":8934019065,"properties":{"amenity":"cafe","level":"2"},"geometry":{"type":"Point","coordinates":[-21.9381987,64.1472818]}},{"type":"Feature","id":9129990626,"properties":{"addr:housenumber":"9","addr:postcode":"101","addr:street":"Austurstræti","amenity":"cafe","check_date":"2026-07-19","check_date:opening_hours":"2026-07-19","contact:instagram":"thelaundromatcafereykjavik","email":"laundromatcafe@gmail.com","internet_access":"wlan","internet_access:fee":"customers","name":"The Laundromat Cafe","opening_hours":"Mo-We 09:00-21:00; Th-Fr 09:00-22:00; Sa 10:00-22:00; Su 10:00-18:00","phone":"+354 771 9660","website":"https://www.thelaundromatcafe.is/","website:menu":"https://www.thelaundromatcafe.is/matse%C3%B0ill"},"geometry":{"type":"Point","coordinates":[-21.939552,64.1478478]}},{"type":"Feature","id":9291525122,"properties":{"addr:floor":"0","addr:housenumber":"20","addr:street":"Austurstræti","amenity":"restaurant","check_date":"2026-05-19","check_date:opening_hours":"2026-05-19","contact:instagram":"nyihresso","cuisine":"regional","internet_access":"wlan","internet_access:fee":"customers","level":"0","name":"Hressó","opening_hours":"Mo-Su 16:00-22:00","payment:cash":"yes","payment:mastercard":"yes","payment:visa":"yes","website":"https://hresso.com/","wheelchair":"no"},"geometry":{"type":"Point","coordinates":[-21.9378009,64.1473724]}},{"type":"Feature","id":9291525123,"properties":{"addr:city":"Reykjavík","addr:country":"IS","addr:housenumber":"1","addr:postcode":"101","addr:street":"Laugavegur","amenity":"bar","check_date":"2025-06-24","name":"Tipsy","wheelchair":"limited"},"geometry":{"type":"Point","coordinates":[-21.9404822,64.1483738]}},{"type":"Feature","id":9307253375,"properties":{"amenity":"bar","cuisine":"mexican","name":"Pablo Discobar","name:en":"Pablo Discobar","opening_hours":"Fr-Sa 16:00-03:00; Su-Th 16:00-01:00","phone":"+354 552 7333","website":"http://www.burro.is"},"geometry":{"type":"Point","coordinates":[-21.9405294,64.1481537]}},{"type":"Feature","id":9324935721,"properties":{"access":"yes","amenity":"bicycle_parking","bicycle_parking":"stands","capacity":"8","covered":"no","fee":"no"},"geometry":{"type":"Point","coordinates":[-21.938792,64.1443025]}},{"type":"Feature","id":9346571953,"properties":{"access":"yes","amenity":"bicycle_parking","bicycle_parking":"stands","capacity":"10","covered":"no","fee":"no"},"geometry":{"type":"Point","coordinates":[-21.9388599,64.1485062]}},{"type":"Feature","id":9437495103,"properties":{"government":"parliament","name":"Alþingi","name:en":"Althing","office":"government","opening_hours":"\"Alþingi\"","website":"https://www.althingi.is/","wheelchair":"yes","wikidata":"Q131279","wikipedia":"en:Althing"},"geometry":{"type":"Point","coordinates":[-21.940168,64.1467583]}},{"type":"Feature","id":9450367046,"properties":{"artwork_type":"mural","tourism":"artwork"},"geometry":{"type":"Point","coordinates":[-21.9388493,64.1486514]}},{"type":"Feature","id":9450367060,"properties":{"access":"yes","amenity":"bicycle_parking","bicycle_parking":"stands","capacity":"6","covered":"no","fee":"no"},"geometry":{"type":"Point","coordinates":[-21.9394021,64.1486356]}},{"type":"Feature","id":9450367068,"properties":{"amenity":"bench","backrest":"no","material":"wood"},"geometry":{"type":"Point","coordinates":[-21.9396127,64.1487262]}},{"type":"Feature","id":9450367069,"properties":{"amenity":"bench","backrest":"no","material":"wood"},"geometry":{"type":"Point","coordinates":[-21.9395422,64.1487171]}},{"type":"Feature","id":9450367070,"properties":{"amenity":"bench","backrest":"no","material":"wood"},"geometry":{"type":"Point","coordinates":[-21.9395403,64.1487311]}},{"type":"Feature","id":9450367072,"properties":{"amenity":"bench","backrest":"no","material":"wood"},"geometry":{"type":"Point","coordinates":[-21.9385031,64.1484724]}},{"type":"Feature","id":9450367073,"properties":{"amenity":"bench","backrest":"no","material":"wood"},"geometry":{"type":"Point","coordinates":[-21.9385111,64.1484939]}},{"type":"Feature","id":9498523817,"properties":{"amenity":"bar","check_date":"2026-07-09","internet_access":"wlan","name":"Lemmy"},"geometry":{"type":"Point","coordinates":[-21.9378544,64.1473923]}},{"type":"Feature","id":9566924376,"properties":{"access":"yes","amenity":"bicycle_parking","bicycle_parking":"stands","capacity":"10","covered":"no","fee":"no"},"geometry":{"type":"Point","coordinates":[-21.9403191,64.1488335]}},{"type":"Feature","id":9566924377,"properties":{"access":"yes","amenity":"bicycle_parking","bicycle_parking":"stands","capacity":"6","covered":"no","fee":"no"},"geometry":{"type":"Point","coordinates":[-21.9408601,64.148971]}},{"type":"Feature","id":9789265004,"properties":{"addr:city":"Reykjavík","addr:housenumber":"2","addr:postcode":"101","addr:street":"Austurbakki","amenity":"cafe","cuisine":"cafe","diet:vegan":"yes","diet:vegetarian":"yes","name":"TIDES Café","opening_hours":"PH,Mo-Su 06:00-17:00","phone":"+354 582 0002","website":"https://www.tidesrestaurant.is/","wheelchair":"yes"},"geometry":{"type":"Point","coordinates":[-21.9357945,64.1498292]}},{"type":"Feature","id":9789265005,"properties":{"addr:city":"Reykjavík","addr:housenumber":"2","addr:postcode":"101","addr:street":"Austurbakki","brand":"Edition","brand:wikidata":"Q91218404","check_date":"2023-03-13","email":"info.rek@editionhotels.com","internet_access":"wlan","internet_access:fee":"customers","name":"The Reykjavik EDITION","phone":"+354 582 0000","rooms":"253","tourism":"hotel","website":"https://www.editionhotels.com/reykjavik/","wheelchair":"yes"},"geometry":{"type":"Point","coordinates":[-21.9353278,64.1497906]}},{"type":"Feature","id":9895697888,"properties":{"addr:street":"Reykjastræti","name":"66° North","shop":"clothes"},"geometry":{"type":"Point","coordinates":[-21.9357305,64.149089]}},{"type":"Feature","id":9895705602,"properties":{"addr:street":"Reykjastræti","brand":"The North Face","brand:wikidata":"Q152784","clothes":"outdoor","name":"The North Face","name:en":"The North Face","opening_hours":"Mo-Fr 11:00-18:00; Sa 11:00-18:00; Su 12:00-17:00","shop":"clothes"},"geometry":{"type":"Point","coordinates":[-21.935924,64.1488936]}},{"type":"Feature","id":9907446818,"properties":{"access":"yes","amenity":"bicycle_parking","bicycle_parking":"stands","capacity":"8","covered":"no","fee":"no"},"geometry":{"type":"Point","coordinates":[-21.9386468,64.1459295]}},{"type":"Feature","id":9907446819,"properties":{"access":"yes","amenity":"charging_station","bicycle":"no","brand":"Ísorka","capacity":"4","charge":"26 ISK/kWh + 180 ISK/h (no time fee for the first 2 hours)","fee":"yes","name":"RVK-Borg Kirkjutorg","operator":"Ísorka","payment:app":"yes","payment:rfid_card":"yes","socket:type2":"4","socket:type2:output":"22 kW"},"geometry":{"type":"Point","coordinates":[-21.9397734,64.1464646]}},{"type":"Feature","id":9907446834,"properties":{"amenity":"drinking_water","fountain":"drinking"},"geometry":{"type":"Point","coordinates":[-21.9370351,64.1473764]}},{"type":"Feature","id":9907446835,"properties":{"check_date":"2026-08-19","internet_access":"wlan","name":"Icewear Magasín","opening_hours":"Mo-Su 09:00-22:00","shop":"gift"},"geometry":{"type":"Point","coordinates":[-21.9401379,64.1479426]}},{"type":"Feature","id":9907446836,"properties":{"check_date:opening_hours":"2026-05-19","name":"Souvenir Outlet","name:en":"Souvenir Outlet","opening_hours":"Mo-Su 10:00-20:00","shop":"gift"},"geometry":{"type":"Point","coordinates":[-21.9405329,64.1482226]}},{"type":"Feature","id":9907446840,"properties":{"amenity":"restaurant","cuisine":"pizza","name":"Napoli","opening_hours":"Su-Th 11:30-22:00; Fr,Sa 11:30-23:00","phone":"+354 545 5545","takeaway":"only"},"geometry":{"type":"Point","coordinates":[-21.9396649,64.148606]}},{"type":"Feature","id":9907446841,"properties":{"amenity":"charging_station","name:en":"EVink"},"geometry":{"type":"Point","coordinates":[-21.939552,64.1488519]}},{"type":"Feature","id":9907446917,"properties":{"name":"NLSN","shop":"furniture"},"geometry":{"type":"Point","coordinates":[-21.9351944,64.1468881]}},{"type":"Feature","id":9907446918,"properties":{"amenity":"food_court","name":"Pósthús","opening_hours":"Mo-Su 11:00-22:00","website":"https://www.posthusfoodhall.is/"},"geometry":{"type":"Point","coordinates":[-21.9381785,64.1476806]}},{"type":"Feature","id":9907446919,"properties":{"name":"Lost Horse","opening_hours":"Fr 19:00-22:00; Sa,Su 12:00-20:00","shop":"clothes"},"geometry":{"type":"Point","coordinates":[-21.9374269,64.1487586]}},{"type":"Feature","id":9907446921,"properties":{"amenity":"bicycle_parking","bicycle_parking":"stands","capacity":"10","covered":"no"},"geometry":{"type":"Point","coordinates":[-21.9356191,64.1486347]}},{"type":"Feature","id":9907446934,"properties":{"check_date":"2024-10-04","name":"Gryfjan","shop":"e-cigarette"},"geometry":{"type":"Point","coordinates":[-21.9405963,64.1481649]}},{"type":"Feature","id":9907447017,"properties":{"check_date":"2024-10-03","name":"Islandia","opening_hours":"Mo-Su 10:00-18:00","shop":"gift"},"geometry":{"type":"Point","coordinates":[-21.9354534,64.146936]}},{"type":"Feature","id":9907447018,"properties":{"amenity":"restaurant","name":"Shanghai"},"geometry":{"type":"Point","coordinates":[-21.9386839,64.1467828]}},{"type":"Feature","id":9907447019,"properties":{"amenity":"bar","name":"Bad Mickey","website":"https://www.instagram.com/badmickeybar"},"geometry":{"type":"Point","coordinates":[-21.9386596,64.1471929]}},{"type":"Feature","id":9907447020,"properties":{"amenity":"post_box","collection_times":"Mo-Fr 15:00","operator":"Íslandspóstur","post_box:type":"wall"},"geometry":{"type":"Point","coordinates":[-21.9383674,64.1477692]}},{"type":"Feature","id":9907447021,"properties":{"amenity":"drinking_water","fountain":"bubbler"},"geometry":{"type":"Point","coordinates":[-21.9379891,64.14829]}},{"type":"Feature","id":9907447417,"properties":{"amenity":"bar","name":"Gilligogg"},"geometry":{"type":"Point","coordinates":[-21.9391727,64.1474988]}},{"type":"Feature","id":9907451217,"properties":{"name":"Collections","opening_hours":"Mo-Fr 10:00-18:00; Sa 11:00-17:00; Su 13:00-17:00","shop":"clothes"},"geometry":{"type":"Point","coordinates":[-21.936263,64.1486015]}},{"type":"Feature","id":9907653117,"properties":{"name":"GK Reykjavík","shop":"clothes"},"geometry":{"type":"Point","coordinates":[-21.9374162,64.1483497]}},{"type":"Feature","id":9907653217,"properties":{"air_conditioning":"yes","amenity":"cafe","brand":"Joe & The Juice","brand:wikidata":"Q26221514","check_date":"2026-07-03","cuisine":"coffee_shop","indoor_seating":"yes","name":"Joe & The Juice","opening_hours":"Mo-Fr 08:00-20:00; Sa,Su 09:00-19:00","outdoor_seating":"yes","smoking":"outside","takeaway":"yes"},"geometry":{"type":"Point","coordinates":[-21.9375687,64.1483994]}},{"type":"Feature","id":9907653218,"properties":{"name":"Optical Studio","opening_hours":"Mo-Fr 11:00-18:00; Sa 12:00-17:00","shop":"optician","website":"https://www.opticalstudio.is/"},"geometry":{"type":"Point","coordinates":[-21.9369286,64.1482439]}},{"type":"Feature","id":9908657317,"properties":{"access":"yes","amenity":"charging_station","brand":"Reykjavík","capacity":"4","charge":"26 ISK/kWh + 180 ISK/h (no time fee for the first 2 hours)","fee":"yes","name":"RVK-Borg Listasafn","operator":"Ísorka","payment:app":"yes","payment:rfid_card":"yes","socket:type2":"4","socket:type2:output":"22 kW"},"geometry":{"type":"Point","coordinates":[-21.9408418,64.149654]}},{"type":"Feature","id":9921201366,"properties":{"amenity":"atm","cash_in":"no","opening_hours":"24/7","operator":"Hraðbanki"},"geometry":{"type":"Point","coordinates":[-21.937388,64.1468294]}},{"type":"Feature","id":10290353799,"properties":{"amenity":"food_court","name":"Hafnartorg Gallery","website":"https://www.hafnartorggallery.is/"},"geometry":{"type":"Point","coordinates":[-21.9362748,64.1491414]}},{"type":"Feature","id":10755855089,"properties":{"addr:city":"Reykjavík","addr:housenumber":"2-6","addr:postcode":"101","addr:street":"Thorvaldsensstræti","brand":"Curio Collection","brand:wikidata":"Q19903229","check_date":"2026-05-14","contact:facebook":"https://www.facebook.com/icelandparliamenthotel","contact:instagram":"https://www.instagram.com/iceland.parliament.hotel/","internet_access":"wlan","internet_access:fee":"no","name":"Iceland Parliament Hotel, Curio Collection by Hilton","operator":"Hilton","payment:cash":"yes","payment:credit_cards":"yes","payment:debit_cards":"yes","phone":"+354 513 3000","rooms":"163","tourism":"hotel","website":"https://www.hilton.com/en/hotels/rekpsqq-iceland-parliament-hotel/","wheelchair":"yes"},"geometry":{"type":"Point","coordinates":[-21.9408909,64.147263]}},{"type":"Feature","id":10947635005,"properties":{"addr:city":"Reykjavík","addr:housenumber":"12","addr:postcode":"101","addr:street":"Grundarstígur","check_date":"2024-12-29","contact:instagram":"https://www.instagram.com/blahornid/","currency:XBT":"no","name":"Bláhornið","opening_hours":"Mo-Sa 11:00-23:30; Su 12:00-23:30","payment:lightning":"no","payment:lightning_contactless":"no","payment:onchain":"no","phone":"+354 571 0449","shop":"convenience"},"geometry":{"type":"Point","coordinates":[-21.9357437,64.1440693]}},{"type":"Feature","id":11007760649,"properties":{"access":"yes","amenity":"bicycle_parking","bicycle_parking":"stands","capacity":"8","covered":"no","fee":"no"},"geometry":{"type":"Point","coordinates":[-21.9389418,64.1481159]}},{"type":"Feature","id":11035829120,"properties":{"access":"permissive","amenity":"bicycle_parking","bicycle_parking":"stands","capacity":"10","covered":"yes","description":"In the underground parking garage. Close to the underground entrance for Hafnartorg food court.","fee":"no","fixme":"Needs a more accurately marked location.","level":"-1"},"geometry":{"type":"Point","coordinates":[-21.9356697,64.1490742]}},{"type":"Feature","id":11039938912,"properties":{"access":"yes","amenity":"bicycle_parking","bicycle_parking":"stands","capacity":"8","colour":"green","covered":"no","fee":"no"},"geometry":{"type":"Point","coordinates":[-21.9382629,64.1461625]}},{"type":"Feature","id":11039938915,"properties":{"amenity":"bench","backrest":"yes","material":"wood"},"geometry":{"type":"Point","coordinates":[-21.9381694,64.1462205]}},{"type":"Feature","id":11039938917,"properties":{"amenity":"bench","backrest":"yes","material":"wood"},"geometry":{"type":"Point","coordinates":[-21.9386965,64.1458996]}},{"type":"Feature","id":11039938918,"properties":{"amenity":"bench","backrest":"yes","material":"wood"},"geometry":{"type":"Point","coordinates":[-21.9387299,64.1458768]}},{"type":"Feature","id":11049346257,"properties":{"access":"customers","amenity":"charging_station","brand":"Ísorka","capacity":"8","charge":"24 ISK/kWh + 180 ISK/h (no time fee for the first 4 hours)","covered":"yes","description":"In the underground parking garage. Take a left after entering through the entrance by Steinbryggja.","fee":"yes","level":"-1","name":"Hafnartorg","operator":"Ísorka","payment:app":"yes","payment:rfid_card":"yes","socket:type2":"8","socket:type2:output":"22 kW"},"geometry":{"type":"Point","coordinates":[-21.9364563,64.1487237]}},{"type":"Feature","id":11049382947,"properties":{"access":"yes","amenity":"charging_station","brand":"Ísorka","capacity":"4","charge":"26 ISK/kWh + 180 ISK/h (no time fee for the first 2 hours)","fee":"yes","name":"RVK-Borg Amtmannsstígur","operator":"Ísorka","payment:app":"yes","payment:rfid_card":"yes","socket:type2":"4","socket:type2:output":"22 kW"},"geometry":{"type":"Point","coordinates":[-21.937141,64.1464102]}},{"type":"Feature","id":11141933996,"properties":{"amenity":"bench","backrest":"yes"},"geometry":{"type":"Point","coordinates":[-21.9361955,64.1470033]}},{"type":"Feature","id":11160854293,"properties":{"amenity":"ice_cream","indoor_seating":"yes","name":"Ísbúdin við lækinn","outdoor_seating":"no"},"geometry":{"type":"Point","coordinates":[-21.9379673,64.1464813]}},{"type":"Feature","id":11166725433,"properties":{"amenity":"nightclub","name":"Auto","website":"https://www.autoclub.is/"},"geometry":{"type":"Point","coordinates":[-21.9372464,64.1469101]}},{"type":"Feature","id":11266685725,"properties":{"amenity":"restaurant","cuisine":"italian","name":"Enoteca","opening_hours":"Mo-Su 11:00-22:00"},"geometry":{"type":"Point","coordinates":[-21.9379954,64.1476636]}},{"type":"Feature","id":11266685726,"properties":{"amenity":"restaurant","cuisine":"korean","name":"Fuku Mama","opening_hours":"Mo-Su 11:00-22:00"},"geometry":{"type":"Point","coordinates":[-21.9380075,64.1476379]}},{"type":"Feature","id":11266685727,"properties":{"amenity":"restaurant","cuisine":"burger","name":"Mossley","opening_hours":"Mo-Su 11:00-22:00"},"geometry":{"type":"Point","coordinates":[-21.938159,64.1476999]}},{"type":"Feature","id":11266685728,"properties":{"amenity":"restaurant","cuisine":"pizza","name":"Pizza Popolare","opening_hours":"Mo-Su 11:00-22:00"},"geometry":{"type":"Point","coordinates":[-21.9382381,64.1477092]}},{"type":"Feature","id":11266685729,"properties":{"amenity":"bar","name":"Drykk","opening_hours":"Mo-Su 11:00-22:00"},"geometry":{"type":"Point","coordinates":[-21.9381537,64.1477478]}},{"type":"Feature","id":11266685730,"properties":{"amenity":"restaurant","cuisine":"indian","name":"Funky Bhangra","opening_hours":"Mo-Su 11:00-22:00"},"geometry":{"type":"Point","coordinates":[-21.9383186,64.1477473]}},{"type":"Feature","id":11266685731,"properties":{"amenity":"restaurant","cuisine":"sushi","name":"Djúsi Sushi","opening_hours":"Mo-Su 11:00-22:00"},"geometry":{"type":"Point","coordinates":[-21.9381376,64.1476514]}},{"type":"Feature","id":11266685732,"properties":{"amenity":"fast_food","cuisine":"burger","name":"Yuzu","opening_hours":"Mo-Su 11:00-22:00"},"geometry":{"type":"Point","coordinates":[-21.9380155,64.1476186]}},{"type":"Feature","id":11266685733,"properties":{"amenity":"restaurant","cuisine":"french","name":"Finsen","opening_hours":"Mo-Su 11:00-22:00"},"geometry":{"type":"Point","coordinates":[-21.9381644,64.1476227]}},{"type":"Feature","id":11329594862,"properties":{"email":"saga@hotelreykjavik.is","internet_access":"wlan","internet_access:fee":"customers","name":"Hotel Reykjavík Saga","phone":"+354 514 5000","rooms":"130","tourism":"hotel","website":"https://www.islandshotel.is/hotels-in-iceland/hotel-reykjavik-saga/"},"geometry":{"type":"Point","coordinates":[-21.9388962,64.1459235]}},{"type":"Feature","id":11339455058,"properties":{"access":"yes","amenity":"bicycle_parking","bicycle_parking":"stands","capacity":"8","covered":"no","fee":"no"},"geometry":{"type":"Point","coordinates":[-21.938719,64.1473028]}},{"type":"Feature","id":11465768164,"properties":{"artwork_type":"sculpture","material":"steel","name":"Hafnarsaga","start_date":"1997","tourism":"artwork"},"geometry":{"type":"Point","coordinates":[-21.9380363,64.1493378]}},{"type":"Feature","id":11698984202,"properties":{"amenity":"cafe","check_date":"2026-08-28","check_date:opening_hours":"2026-08-28","internet_access":"wlan","name":"Kaffi Ó-le","opening_hours":"Mo-Su 08:00-15:00","outdoor_seating":"yes"},"geometry":{"type":"Point","coordinates":[-21.9391863,64.1481946]}},{"type":"Feature","id":11848715947,"properties":{"amenity":"bar","indoor_seating":"yes","name":"Kantrybarinn","outdoor_seating":"no","website":"https://kantrybar.is/"},"geometry":{"type":"Point","coordinates":[-21.9376729,64.1466293]}},{"type":"Feature","id":11897689780,"properties":{"access":"yes","amenity":"parking_space","capacity":"1","parking_space":"disabled"},"geometry":{"type":"Point","coordinates":[-21.9398342,64.1464704]}},{"type":"Feature","id":11897689781,"properties":{"access":"yes","amenity":"parking_space","capacity":"1","parking_space":"disabled"},"geometry":{"type":"Point","coordinates":[-21.9413291,64.1484472]}},{"type":"Feature","id":11914391439,"properties":{"amenity":"vending_machine"},"geometry":{"type":"Point","coordinates":[-21.9396421,64.1455248]}},{"type":"Feature","id":11916026562,"properties":{"amenity":"vending_machine","vending":"parking_tickets"},"geometry":{"type":"Point","coordinates":[-21.9375099,64.1456647]}},{"type":"Feature","id":11916066327,"properties":{"amenity":"bench","backrest":"no"},"geometry":{"type":"Point","coordinates":[-21.9385779,64.145515]}},{"type":"Feature","id":11916068320,"properties":{"amenity":"waste_basket"},"geometry":{"type":"Point","coordinates":[-21.9383604,64.1455403]}},{"type":"Feature","id":11916069450,"properties":{"board_type":"history","information":"board","name":"Kvenfrelsisbaráttan","tourism":"information"},"geometry":{"type":"Point","coordinates":[-21.9400731,64.1463602]}},{"type":"Feature","id":11916073510,"properties":{"amenity":"bench","backrest":"yes"},"geometry":{"type":"Point","coordinates":[-21.9382153,64.1455128]}},{"type":"Feature","id":11916073954,"properties":{"amenity":"bench","backrest":"no"},"geometry":{"type":"Point","coordinates":[-21.9385148,64.1456551]}},{"type":"Feature","id":11916074752,"properties":{"amenity":"bench","backrest":"no"},"geometry":{"type":"Point","coordinates":[-21.9384508,64.1455283]}},{"type":"Feature","id":11916077006,"properties":{"amenity":"bench","backrest":"no"},"geometry":{"type":"Point","coordinates":[-21.9386975,64.1455558]}},{"type":"Feature","id":11916079881,"properties":{"amenity":"bench","backrest":"no"},"geometry":{"type":"Point","coordinates":[-21.9384122,64.1456189]}},{"type":"Feature","id":11916079978,"properties":{"access":"yes","amenity":"bench","backrest":"yes","colour":"black","lit":"no","seats":"3"},"geometry":{"type":"Point","coordinates":[-21.9395251,64.1471787]}},{"type":"Feature","id":12030073554,"properties":{"amenity":"bicycle_parking","bicycle_parking":"stands","capacity":"8","covered":"no"},"geometry":{"type":"Point","coordinates":[-21.9406803,64.1464983]}},{"type":"Feature","id":12193438038,"properties":{"addr:city":"Reykjavík","addr:housenumber":"2","addr:postcode":"101","addr:street":"Bankastræti","amenity":"restaurant","check_date":"2026-06-06","contact:email":"team@mama.is","contact:facebook":"https://www.facebook.com/mamareykjavik","contact:instagram":"https://www.instagram.com/mamareykjavik","cuisine":"asian;thai;indian;sandwich;chocolate;dessert","diet:vegan":"only","diet:vegetarian":"only","internet_access":"wlan","internet_access:fee":"customers","level":"1","name":"Mama Reykjavik","opening_hours":"Mo-Su 11:30-21:00","payment:cash":"yes","payment:mastercard":"yes","payment:visa":"yes","phone":"+354 7666262","website":"https://mama.is/restaurant","website:menu":"https://mama.is/restaurant/menu","website:reservation":"https://www.dineout.is/mamareykjavik?isolation=true","wheelchair":"no"},"geometry":{"type":"Point","coordinates":[-21.9356767,64.1467591]}},{"type":"Feature","id":12244819442,"properties":{"access":"yes","amenity":"parking_space","capacity":"1","parking_space":"disabled","source":"local knowledge"},"geometry":{"type":"Point","coordinates":[-21.9376082,64.1454641]}},{"type":"Feature","id":12319197441,"properties":{"addr:city":"Reykjavík","addr:postcode":"101","addr:street":"Kolagata Hafnartorg","name":"Mikado","opening_hours":"Mo-Sa 11:00-18:00","shop":"perfumery","website":"https://mikado.store/"},"geometry":{"type":"Point","coordinates":[-21.9365107,64.1483276]}},{"type":"Feature","id":12319197442,"properties":{"addr:city":"Reykjavík","addr:housenumber":"25","addr:postcode":"101","addr:street":"Tryggvagata","name":"Michelsen 1909 - Official Rolex Retailer","opening_hours":"Mo-Fr 10:00-18:00; Sa 11:00-16:00","shop":"watches","website":"https://michelsen.is/"},"geometry":{"type":"Point","coordinates":[-21.9365053,64.1481697]}},{"type":"Feature","id":12394095971,"properties":{"amenity":"fast_food","branch":"Austurstræti - 10-11","brand":"Sbarro","brand:wikidata":"Q2589409","cuisine":"pizza","drive_through":"no","name":"Sbarro","opening_hours":"Su-Th 10:00-22:00; Fr-Sa 10:00-28:00","phone":"+354 514 1414","takeaway":"yes","website":"https://sbarro.is"},"geometry":{"type":"Point","coordinates":[-21.9378563,64.1475923]}},{"type":"Feature","id":12702210700,"properties":{"addr:city":"Reykjavík","addr:housenumber":"17","addr:postcode":"101","addr:street":"Austurstræti","name":"Brauð & Co","opening_hours":"Mo-Su 07:00-17:00","operator":"Brauð & Co","phone":"+354 456 7777","shop":"bakery","website":"https://braudogco.is/"},"geometry":{"type":"Point","coordinates":[-21.9376479,64.1475359]}},{"type":"Feature","id":12861578567,"properties":{"addr:city":"Reykjavík","addr:housenumber":"17","addr:postcode":"101","addr:street":"Tryggvagata","name":"Hafnarhaus","note":"Described as coworking (and residency) spaces for creators on the website","office":"coworking","website":"https://hafnar.haus"},"geometry":{"type":"Point","coordinates":[-21.9411315,64.1491517]}},{"type":"Feature","id":13714031571,"properties":{"name":"Arca","note":"Fortune telling & magic","shop":"psychic"},"geometry":{"type":"Point","coordinates":[-21.9406578,64.1481158]}},{"type":"Feature","id":13714154182,"properties":{"addr:city":"Reykjavík","addr:housenumber":"4","addr:postcode":"101","addr:street":"Kirkjutorg","name":"Kvosin Downtown Hotel","name:en":"Kvosin Downtown Hotel","stars":"4","tourism":"hotel","website":"https://kvosinhotel.is/","wikidata":"Q111409563"},"geometry":{"type":"Point","coordinates":[-21.9394353,64.1463692]}},{"type":"Feature","id":13714155625,"properties":{"name":"Samband íslenskra listamanna","office":"ngo"},"geometry":{"type":"Point","coordinates":[-21.9376709,64.1478807]}},{"type":"Feature","id":13714155626,"properties":{"level":"1","name":"Myndstef","office":"ngo"},"geometry":{"type":"Point","coordinates":[-21.937615,64.147876]}},{"type":"Feature","id":13849686265,"properties":{"amenity":"bench","armrest":"no","backrest":"no","material":"wood","seats":"6"},"geometry":{"type":"Point","coordinates":[-21.9391091,64.1469494]}},{"type":"Feature","id":13905309504,"properties":{"addr:housenumber":"5","addr:street":"Pósthússtræti","amenity":"toilets","check_date":"2026-06-02","check_date:opening_hours":"2026-06-02","level":"0","opening_hours":"Mo-Su 11:30-22:00"},"geometry":{"type":"Point","coordinates":[-21.9381084,64.1476215]}},{"type":"Feature","id":13914834476,"properties":{"amenity":"fast_food","branch":"Austurstræti 10-11","cuisine":"hot_dog","drive_through":"no","name":"Bæjarins Beztu Pylsur","opening_hours":"24/7","phone":"+354 511 1566","takeaway":"yes","website":"https://bbp.is"},"geometry":{"type":"Point","coordinates":[-21.9377843,64.1475859]}},{"type":"Feature","id":13930921077,"properties":{"addr:city":"Reykjavík","addr:housenumber":"17","addr:postcode":"101","addr:street":"Geirsgata","amenity":"restaurant","branch":"Hafnartorg","cuisine":"pizza","email":"neopizza@neopizza.is","fixme":"Somewhere in the food court. Resurvey location.","name":"Neó","opening_hours":"Su-Th 11:30-21:00; Fr-Sa 11:30-22:00","phone":"+354 588 2066","website":"https://www.neopizza.is"},"geometry":{"type":"Point","coordinates":[-21.9364314,64.1491432]}},{"type":"Feature","id":13930969067,"properties":{"addr:city":"Reykjavík","addr:housenumber":"17","addr:postcode":"101","addr:street":"Geirsgata","amenity":"cafe","brand":"Starbucks","brand:wikidata":"Q37158","cuisine":"coffee_shop","name":"Starbucks","official_name":"Starbucks Coffee","opening_hours":"Mo-Sa 08:30-20:00; Su 09:30-20:00","operator":"Berjaya Coffee Iceland ehf.","outdoor_seating":"yes","takeaway":"yes","website":"https://www.starbucks.is/is"},"geometry":{"type":"Point","coordinates":[-21.9369503,64.1491022]}},{"type":"Feature","id":13957803585,"properties":{"name":"Gyllti kötturinn","shop":"clothes"},"geometry":{"type":"Point","coordinates":[-21.940249,64.1477855]}},{"type":"Feature","id":13957803586,"properties":{"check_date":"2026-07-03","name":"Konsúlat","shop":"wine"},"geometry":{"type":"Point","coordinates":[-21.9374286,64.1479867]}},{"type":"Feature","id":13957803587,"properties":{"addr:city":"Reykjavík","addr:housenumber":"17-19","addr:postcode":"101","addr:street":"Hafnarstræti","beds":"106","brand":"Hilton","brand:wikidata":"Q598884","brand:wikipedia":"en:Curio Collection by Hilton","check_date":"2024-10-04","contact:facebook":"https://www.facebook.com/reykjavikkonsulathotel","contact:instagram":"https://www.instagram.com/reykjavikkonsulat","contact:linkedin":"https://www.linkedin.com/company/reykjavik-konsulat-hotel-curio-collection-by-hilton/","contact:twitter":"https://twitter.com/konsulathotel","email":"rekcu_res@hilton.com","historic":"building","internet_access":"wlan","internet_access:fee":"no","name":"Reykjavík Konsúlat Hótel, Curio Collection By Hilton","operator":"Hilton","phone":"+354 514 6800","ref:HNITNUM":"10012169","rooms":"50","smoking":"no","source:addr":"Staðfangaskrá","stars":"4","tourism":"hotel","website":"https://www.hilton.com/en/hotels/rekcuqq-reykjavik-konsulat-hotel/","wheelchair":"yes","wikidata":"Q111873652"},"geometry":{"type":"Point","coordinates":[-21.9373358,64.1479989]}},{"type":"Feature","id":13957803588,"properties":{"name":"As We Grow","shop":"clothes"},"geometry":{"type":"Point","coordinates":[-21.9369774,64.1480427]}},{"type":"Feature","id":13957803589,"properties":{"name":"BioEffect","shop":"nutrition_supplements"},"geometry":{"type":"Point","coordinates":[-21.9367088,64.1480096]}},{"type":"Feature","id":13957803591,"properties":{"name":"Bræðurnir Eyjólfsson","shop":"gift"},"geometry":{"type":"Point","coordinates":[-21.936869,64.1478494]}},{"type":"Feature","id":13957803592,"properties":{"name":"Sím","tourism":"gallery"},"geometry":{"type":"Point","coordinates":[-21.9374929,64.1478683]}},{"type":"Feature","id":13957803593,"properties":{"name":"FlyOver Iceland","tourism":"attraction"},"geometry":{"type":"Point","coordinates":[-21.936053,64.1478381]}},{"type":"Feature","id":13957803594,"properties":{"amenity":"ice_cream","contact:facebook":"https://www.facebook.com/profile.php?id=100069035257606","name":"Ísfabrikan","website":"https://isfabrikan.is"},"geometry":{"type":"Point","coordinates":[-21.9364739,64.1475513]}},{"type":"Feature","id":14020869201,"properties":{"addr:housenumber":"7","addr:postcode":"101","addr:street":"Fríkirkjuvegur","internet_access":"wlan","name":"Kaktús Espressobar Listasafn","name:en":"Café Kaktus Art Museum","opening_hours":"Mo-Su 10:00-17:00","phone":"+3548693035","shop":"coffee","website":"https://kaktusespressobar.com/visitus"},"geometry":{"type":"Point","coordinates":[-21.9389585,64.1440333]}},{"type":"Feature","id":14097344858,"properties":{"access":"yes","amenity":"toilets","fee":"no","female":"yes","indoor":"yes","male":"yes","opening_hours":"Sa-Su 11:00-17:00","wheelchair":"designated"},"geometry":{"type":"Point","coordinates":[-21.9381585,64.1487471]}},{"type":"Feature","id":14099087208,"properties":{"access":"yes","amenity":"toilets","fee":"no","level":"0"},"geometry":{"type":"Point","coordinates":[-21.9359128,64.1491365]}},{"type":"Feature","id":14220029102,"properties":{"amenity":"vending_machine","vending":"parking_tickets"},"geometry":{"type":"Point","coordinates":[-21.9405823,64.1483321]}},{"type":"Feature","id":14220038101,"properties":{"amenity":"vending_machine","vending":"parking_tickets"},"geometry":{"type":"Point","coordinates":[-21.9381679,64.1463072]}},{"type":"Feature","id":14220038201,"properties":{"amenity":"vending_machine","vending":"parking_tickets"},"geometry":{"type":"Point","coordinates":[-21.936823,64.1463323]}},{"type":"Feature","id":346737895,"properties":{"addr:city":"Reykjavík","addr:postcode":"101","addr:street":"Bankastræti","amenity":"restaurant","check_date":"2024-10-12","contact:email":"solon@solon.is","contact:phone":"+354) 562-3232","cuisine":"international","name":"Sólon","opening_hours":"Mo-Fr 07:30-21:00; Sa-Su 11:30-22:00","outdoor_seating":"yes","smoking":"no","takeaway":"no","website":"https://solon.is/","wheelchair":"no"},"geometry":{"type":"Point","coordinates":[-21.933706,64.14675]}},{"type":"Feature","id":346739208,"properties":{"addr:city":"Reykjavík","addr:housenumber":"8","addr:postcode":"101","addr:street":"Bankastræti","amenity":"fast_food","check_date":"2026-05-19","cuisine":"japanese","name":"ramen | momo","opening_hours":"Mo,We-Fr 11:30-21:00; Sa-Su 12:00-21:30","payment:cash":"yes","payment:credit_cards":"yes","payment:debit_cards":"yes","source":"Bing, local knowledge","website":"https://www.ramenmomo.is","wheelchair":"limited"},"geometry":{"type":"Point","coordinates":[-21.933983,64.146618]}},{"type":"Feature","id":448541811,"properties":{"amenity":"pub","brewery":"various","name":"Ægir","wheelchair":"no"},"geometry":{"type":"Point","coordinates":[-21.9327839,64.1463922]}},{"type":"Feature","id":448541813,"properties":{"addr:city":"Reykjavík","addr:housenumber":"14","addr:postcode":"101","addr:street":"Bankastræti","amenity":"fast_food","branch":"Bankastræti","brand":"Subway","brand:wikidata":"Q244457","brand:wikipedia":"en:Subway (restaurant)","check_date":"2026-05-19","cuisine":"sandwich","name":"Subway","opening_hours":"Mo-Fr 10:00-21:00; Sa-Su 11:00-21:00","payment:cash":"yes","payment:credit_cards":"yes","payment:debit_cards":"yes","phone":"+354 571 5677","takeaway":"yes","website":"https://subway.is/","wheelchair":"limited"},"geometry":{"type":"Point","coordinates":[-21.9333283,64.1464618]}},{"type":"Feature","id":491115634,"properties":{"amenity":"pub","indoor_seating":"yes","name":"Den Danske Kro","outdoor_seating":"yes","wheelchair":"no"},"geometry":{"type":"Point","coordinates":[-21.9336621,64.1463823]}},{"type":"Feature","id":817319688,"properties":{"addr:city":"Reykjavík","addr:postcode":"101","addr:street":"Skólavörðustígur","alt_name":"Fire and Ice","amenity":"cafe","atm":"no","cuisine":"ice_cream","drive_through":"no","internet_access":"wlan","name":"Eldur og Ís","name:en":"Fire and Ice","opening_hours":"Mo-Th 10:00-21:30; Fr,Sa 10:00-22:00; Su 12:00-18:00","outdoor_seating":"no","smoking":"outside","takeaway":"yes","wheelchair":"limited"},"geometry":{"type":"Point","coordinates":[-21.933134,64.146287]}},{"type":"Feature","id":817319723,"properties":{"addr:city":"Reykjavík","addr:housenumber":"1","addr:postcode":"101","addr:street":"Laugavegur","name":"Rammagerðin","opening_hours":"09:00-21:00","shop":"gift","source":"Kaart Ground Survey 2017"},"geometry":{"type":"Point","coordinates":[-21.9334078,64.1466745]}},{"type":"Feature","id":1213739975,"properties":{"amenity":"bar","name":"Sólon"},"geometry":{"type":"Point","coordinates":[-21.933708,64.1467658]}},{"type":"Feature","id":1229343259,"properties":{"amenity":"bar","name":"Domo"},"geometry":{"type":"Point","coordinates":[-21.9345772,64.1463368]}},{"type":"Feature","id":1229343262,"properties":{"amenity":"restaurant","name":"Domo"},"geometry":{"type":"Point","coordinates":[-21.9346119,64.1462922]}},{"type":"Feature","id":1238019571,"properties":{"addr:city":"Reykjavík","addr:housenumber":"1a","addr:postcode":"101","addr:street":"Ingólfsstræti","amenity":"pub","check_date":"2026-09-26","check_date:currency:XBT":"2025-10-15","contact:facebook":"islenski","contact:instagram":"islenskibarinn","cuisine":"regional","currency:XBT":"yes","name":"Íslenski Barinn","name:en":"The Icelandic Bar","opening_hours":"Mo-Th 11:30-01:00; Fr,Sa 12:15-03:00; Su 11:30-01:00","payment:lightning":"yes","payment:lightning_contactless":"yes","payment:onchain":"yes","phone":"+354 517 6767","website":"https://islenskibarinn.is/"},"geometry":{"type":"Point","coordinates":[-21.933137,64.146924]}},{"type":"Feature","id":1244448361,"properties":{"amenity":"bench","backrest":"yes"},"geometry":{"type":"Point","coordinates":[-21.9331127,64.147857]}},{"type":"Feature","id":1244448394,"properties":{"amenity":"bench","backrest":"yes"},"geometry":{"type":"Point","coordinates":[-21.9329853,64.1477453]}},{"type":"Feature","id":1244448417,"properties":{"amenity":"bench","backrest":"yes"},"geometry":{"type":"Point","coordinates":[-21.9329142,64.1478145]}},{"type":"Feature","id":1244448438,"properties":{"amenity":"bench","backrest":"yes"},"geometry":{"type":"Point","coordinates":[-21.933191,64.1477845]}},{"type":"Feature","id":1246003184,"properties":{"addr:housenumber":"3-5","addr:postcode":"101","addr:street":"Þingholtsstræti","amenity":"bar","name":"Þingholtsbar"},"geometry":{"type":"Point","coordinates":[-21.9343741,64.1464988]}},{"type":"Feature","id":1246003204,"properties":{"name":"Center Hotel Þingholt","operator":"CenterHotel","tourism":"hotel"},"geometry":{"type":"Point","coordinates":[-21.9344345,64.1464444]}},{"type":"Feature","id":1248859674,"properties":{"addr:city":"Reykjavík","addr:postcode":"101","addr:street":"Ingólfsstræti","amenity":"restaurant","indoor_seating":"yes","name":"Kitchen & Wine Restaurant","outdoor_seating":"no","source":"Kaart Ground Survey 2017"},"geometry":{"type":"Point","coordinates":[-21.9333524,64.1470911]}},{"type":"Feature","id":1386186933,"properties":{"access":"yes","amenity":"parking","fee":"yes"},"geometry":{"type":"Point","coordinates":[-21.9346318,64.1452339]}},{"type":"Feature","id":2018350411,"properties":{"amenity":"bench","backrest":"yes","check_date":"2026-05-19","material":"wood"},"geometry":{"type":"Point","coordinates":[-21.9323811,64.1459794]}},{"type":"Feature","id":2018350413,"properties":{"amenity":"bench","backrest":"yes","check_date":"2025-06-28"},"geometry":{"type":"Point","coordinates":[-21.9328663,64.1460793]}},{"type":"Feature","id":2018350423,"properties":{"amenity":"bench","backrest":"yes","check_date":"2021-07-26"},"geometry":{"type":"Point","coordinates":[-21.9325108,64.1464121]}},{"type":"Feature","id":2018416757,"properties":{"amenity":"waste_basket","check_date":"2024-08-07","lukr:_TEGUND_":"1","lukr:_d_TEGUND_":"Fest á ljósastaur","waste":"trash"},"geometry":{"type":"Point","coordinates":[-21.9324932,64.1458931]}},{"type":"Feature","id":2018416795,"properties":{"amenity":"waste_basket","check_date":"2026-08-14","waste":"trash"},"geometry":{"type":"Point","coordinates":[-21.9348644,64.1460925]}},{"type":"Feature","id":2018416864,"properties":{"amenity":"waste_basket","check_date":"2021-07-26","lukr:_TEGUND_":"4","lukr:_d_TEGUND_":"Svartur","waste":"trash"},"geometry":{"type":"Point","coordinates":[-21.9325841,64.146438]}},{"type":"Feature","id":2018416913,"properties":{"amenity":"waste_basket","check_date":"2021-07-26","lukr:_TEGUND_":"4","lukr:_d_TEGUND_":"Svartur","waste":"trash"},"geometry":{"type":"Point","coordinates":[-21.9334883,64.1466533]}},{"type":"Feature","id":2018417112,"properties":{"amenity":"waste_basket","lukr:_TEGUND_":"4","lukr:_d_TEGUND_":"Svartur","waste":"trash"},"geometry":{"type":"Point","coordinates":[-21.9332692,64.147187]}},{"type":"Feature","id":2018417190,"properties":{"amenity":"waste_basket","check_date":"2022-07-16","lukr:_TEGUND_":"4","lukr:_d_TEGUND_":"Svartur","waste":"trash"},"geometry":{"type":"Point","coordinates":[-21.9347794,64.147496]}},{"type":"Feature","id":2018417192,"properties":{"amenity":"waste_basket","check_date":"2022-07-16","lukr:_TEGUND_":"1","lukr:_d_TEGUND_":"Fest á ljósastaur","waste":"trash"},"geometry":{"type":"Point","coordinates":[-21.9347656,64.1474963]}},{"type":"Feature","id":2018417248,"properties":{"amenity":"waste_basket","check_date":"2023-05-14","waste":"trash"},"geometry":{"type":"Point","coordinates":[-21.9331257,64.1478145]}},{"type":"Feature","id":2018417252,"properties":{"amenity":"waste_basket","check_date":"2023-05-14","lukr:_TEGUND_":"4","lukr:_d_TEGUND_":"Svartur","waste":"trash"},"geometry":{"type":"Point","coordinates":[-21.9330298,64.1478235]}},{"type":"Feature","id":2073811105,"properties":{"amenity":"cafe","check_date":"2024-10-04","name":"Grái kötturinn","phone":"+354 551 1544"},"geometry":{"type":"Point","coordinates":[-21.9323266,64.146947]}},{"type":"Feature","id":2406270601,"properties":{"addr:city":"Reykjavík","addr:housenumber":"7","addr:postcode":"101","addr:street":"Bankastræti","name":"Loft Hostel","name:he":"הוסטל לופט","smoking":"outside","tourism":"hostel","website":"https://www.hostel.is/","wheelchair":"yes"},"geometry":{"type":"Point","coordinates":[-21.933862,64.1468003]}},{"type":"Feature","id":2421677844,"properties":{"name":"Reykjavik4You Apartments","tourism":"hotel"},"geometry":{"type":"Point","coordinates":[-21.9333056,64.1448518]}},{"type":"Feature","id":2466760480,"properties":{"addr:housenumber":"7","addr:postcode":"101","addr:street":"Bankastræti","amenity":"bar","brewery":"yes","indoor_seating":"yes","name":"Loft bar","note":"Top floor. Stairs and elevator available","outdoor_seating":"yes","source":"survey","wheelchair":"yes"},"geometry":{"type":"Point","coordinates":[-21.9338254,64.1467805]}},{"type":"Feature","id":3676434229,"properties":{"addr:housenumber":"8","addr:postcode":"101","addr:street":"Skólavörðustígur","name":"iurie fine art","shop":"photo"},"geometry":{"type":"Point","coordinates":[-21.932828,64.1459892]}},{"type":"Feature","id":3768239129,"properties":{"amenity":"pub","check_date":"2026-08-20","check_date:opening_hours":"2026-08-05","cuisine":"burger","email":"info@prikid.is","indoor_seating":"yes","internet_access":"wlan","name":"Prikið","opening_hours":"Mo-We 09:00-23:00; Th 09:00-01:00; Fr-Sa 10:00-02:00; Su 10:00-23:00","outdoor_seating":"no","smoking":"outside","start_date":"1951","toilets":"yes","toilets:menstrual_products":"yes","website":"https://prikid.is/","website:menu":"http://prikid.is/en/pages/menu","wheelchair":"yes"},"geometry":{"type":"Point","coordinates":[-21.9335808,64.1465256]}},{"type":"Feature","id":3781463135,"properties":{"amenity":"drinking_water","bottle":"yes","fountain":"bubbler","indoor":"no","man_made":"drinking_fountain"},"geometry":{"type":"Point","coordinates":[-21.933035,64.1464285]}},{"type":"Feature","id":3888419381,"properties":{"addr:city":"Reykjavík","addr:postcode":"101","addr:street":"Bankastræti","atm":"no","brand":"66° Norður","name":"66° Norður","name:en":"66 North","name:ru":"66 North","opening_hours":"Tu-Sa 09:00-19:00; Su 10:00-18:00","operator":"66° Norður","phone":"+354 535 6680","shop":"clothes","source":"local_knowledge","website":"https://www.66nordur.is","wheelchair":"yes"},"geometry":{"type":"Point","coordinates":[-21.9341698,64.146846]}},{"type":"Feature","id":3888419383,"properties":{"name":"Tóbakverslun Björk","shop":"tobacco"},"geometry":{"type":"Point","coordinates":[-21.9348162,64.1467898]}},{"type":"Feature","id":3901378403,"properties":{"addr:postcode":"101","amenity":"restaurant","cuisine":"italian","name":"Primo","website":"https://primo.is/"},"geometry":{"type":"Point","coordinates":[-21.9342896,64.1466748]}},{"type":"Feature","id":3924286538,"properties":{"information":"map","map_size":"site","map_type":"scheme","tourism":"information"},"geometry":{"type":"Point","coordinates":[-21.933205,64.147333]}},{"type":"Feature","id":3924286700,"properties":{"amenity":"waste_basket","check_date":"2023-05-14","lukr:_TEGUND_":"4","lukr:_d_TEGUND_":"Svartur","waste":"trash"},"geometry":{"type":"Point","coordinates":[-21.932994,64.1477878]}},{"type":"Feature","id":4219371093,"properties":{"amenity":"vending_machine","ref":"P1","vending":"parking_tickets"},"geometry":{"type":"Point","coordinates":[-21.9348273,64.1461395]}},{"type":"Feature","id":4219383190,"properties":{"amenity":"vending_machine","ref":"P1","vending":"parking_tickets"},"geometry":{"type":"Point","coordinates":[-21.9341159,64.1473536]}},{"type":"Feature","id":4265274989,"properties":{"addr:housenumber":"5","addr:postcode":"101","addr:street":"Þingholtsstræti","amenity":"restaurant","name":"Ísafold","website":"https://www.isafoldrestaurant.com/"},"geometry":{"type":"Point","coordinates":[-21.9345903,64.1463177]}},{"type":"Feature","id":4326052089,"properties":{"amenity":"pub","check_date":"2024-10-04","name":"Röntgen"},"geometry":{"type":"Point","coordinates":[-21.9329716,64.1470956]}},{"type":"Feature","id":4327821668,"properties":{"artist_name":"Ólöf Nordal","artwork_type":"monument","name":"Bríetarbrekka","note":"Engraved in polished granite floor. In memory of Bríet Bjarnhéðinsdóttir, suffragette.","source":"Borgarvefsja","tourism":"artwork","website":"http://lukrskjol.reykjavik.is/utilistaverk/bvs/pdf/H-127.pdf"},"geometry":{"type":"Point","coordinates":[-21.9347794,64.1460833]}},{"type":"Feature","id":4356038316,"properties":{"addr:city":"Reykjavík","addr:housenumber":"4-6","addr:postcode":"101","addr:street":"Hverfisgata","email":"ub@barn.is","name":"Umboðsmaður barna","office":"government","opening_hours":"Mo-Th 09:00-15:00; Fr 09:00-12:00","phone":"+354 552 8999","website":"https://www.barn.is"},"geometry":{"type":"Point","coordinates":[-21.9340861,64.1473089]}},{"type":"Feature","id":4362720497,"properties":{"addr:housenumber":"5","addr:postcode":"101","addr:street":"Þingholtsstræti","amenity":"restaurant","cuisine":"sushi;latin","name":"Sushi Social","name:en":"Sushi Social","website":"http://sushisamba.is/?lang=en"},"geometry":{"type":"Point","coordinates":[-21.9345198,64.1464498]}},{"type":"Feature","id":4386224097,"properties":{"amenity":"restaurant","cuisine":"italian","name:en":"No Concept","website":"https://noconcept.is/"},"geometry":{"type":"Point","coordinates":[-21.9339515,64.1472884]}},{"type":"Feature","id":4422042990,"properties":{"addr:city":"Reykjavík","addr:housenumber":"5","addr:postcode":"101","addr:street":"Bankastræti","alt_name":"Hamborgarabúllan","amenity":"fast_food","cuisine":"burger","delivery":"no","description":"Behind the Bar B5","drive_through":"no","email":"bullan@simnet.is","loc_name":"Búllan","name":"Hamborgarabúlla Tómasar","name:en":"Tommi's Burger Joint","official_name":"Hamborgarabúlla Tómasar","opening_hours":"Mo-Su 11:30-21:00","phone":"+354 511 0800","takeaway":"yes","website":"https://tommis.is"},"geometry":{"type":"Point","coordinates":[-21.9342313,64.1469697]}},{"type":"Feature","id":4837651431,"properties":{"addr:city":"Reykjavík","addr:housenumber":"2a","addr:postcode":"101","addr:street":"Ingólfsstræti","amenity":"bar","level":"3","name":"Petersen svítan","name:is":"Petersen-svítan","outdoor_seating":"yes"},"geometry":{"type":"Point","coordinates":[-21.9335769,64.1469153]}},{"type":"Feature","id":5009820144,"properties":{"addr:city":"Reykjavík","addr:postcode":"101","addr:street":"Ingólfsstræti","name":"Kiosk Iceland Designers","shop":"clothes","source":"Kaart Ground Survey 2017"},"geometry":{"type":"Point","coordinates":[-21.9342169,64.1461318]}},{"type":"Feature","id":5009973245,"properties":{"addr:city":"Reykjavík","addr:postcode":"101","addr:street":"Ingólfsstræti","name":"H:N Markadssamskipti","office":"advertising_agency","source":"Kaart Ground Survey 2017"},"geometry":{"type":"Point","coordinates":[-21.9334075,64.1466898]}},{"type":"Feature","id":5009973246,"properties":{"addr:city":"Reykjavík","addr:housenumber":"3","addr:postcode":"101","addr:street":"Ingólfsstræti","name":"Íslenzka Húðflúrstofan","name:en":"The Icelandic Tattoo corp.","name:is":"Íslenzka Húðflúrstofan","phone":"+354 552 7913","shop":"tattoo","source":"Kaart Ground Survey 2017"},"geometry":{"type":"Point","coordinates":[-21.9336784,64.1463498]}},{"type":"Feature","id":5173723323,"properties":{"addr:housenumber":"11","addr:postcode":"101","addr:street":"Bankastræti","check_date":"2024-10-13","internet_access":"wlan","name":"Icemart","opening_hours":"Mo-Su 09:00-21:00","shop":"gift","wheelchair":"yes"},"geometry":{"type":"Point","coordinates":[-21.9329465,64.1465592]}},{"type":"Feature","id":5495666348,"properties":{"addr:city":"Reykjavík","addr:housenumber":"5","addr:postcode":"101","addr:street":"Ingólfsstræti","consulate":"honorary_consul","contact:email":"reykjavik@honorary.mzv.cz","contact:phone":"+354 511 7011","country":"CZ","diplomatic":"consulate","name":"Honorary Consulate of the Czech Republic","name:cs":"Honorární konzulát České republiky","office":"diplomatic","opening_hours":"Mo-Fr 09:00-17:00","website":"https://www.mzv.cz/jnp/cz/o_ministerstvu/adresar_diplomatickych_misi/ceske_urady_v_zahranici/island_honorarni_konzulat_reykjavik.html"},"geometry":{"type":"Point","coordinates":[-21.9337198,64.1463523]}},{"type":"Feature","id":5783949408,"properties":{"bicycle":"yes","colour:arrow":"green","colour:back":"white","colour:text":"green","description":"Blue, green and yellow cycle routes","information":"guidepost","tourism":"information"},"geometry":{"type":"Point","coordinates":[-21.9348102,64.1476595]}},{"type":"Feature","id":5804867375,"properties":{"addr:housenumber":"8","addr:postcode":"101","addr:street":"Ingólfsstræti","amenity":"bar","name":"Daisy","old_name":"Spánski"},"geometry":{"type":"Point","coordinates":[-21.9340774,64.1463017]}},{"type":"Feature","id":6264292343,"properties":{"addr:city":"Reykjavík","addr:housenumber":"4a","addr:postcode":"101","addr:street":"Skólavörðustígur","check_date":"2026-05-19","email":"hyalin@hyalin.is","name":"Hýalín","opening_hours":"Mo-Sa 11:00-18:00","operator":"Arnaud-Pierre Fourtané & Didier Fitan","payment:cash":"yes","payment:credit_cards":"yes","payment:debit_cards":"yes","phone":"+354 519 7171","shop":"convenience","website":"https://www.hyalin.is","wheelchair":"no"},"geometry":{"type":"Point","coordinates":[-21.933039,64.1461842]}},{"type":"Feature","id":6278829936,"properties":{"amenity":"atm","cash_in":"no","check_date":"2024-08-07","indoor":"no","operator":"Tomato"},"geometry":{"type":"Point","coordinates":[-21.9325055,64.1460904]}},{"type":"Feature","id":6287167315,"properties":{"access":"yes","amenity":"bicycle_parking","bicycle_parking":"stands","capacity":"8","covered":"no","fee":"no"},"geometry":{"type":"Point","coordinates":[-21.9339164,64.1463777]}},{"type":"Feature","id":6603464985,"properties":{"amenity":"waste_basket","check_date":"2025-07-31"},"geometry":{"type":"Point","coordinates":[-21.9330206,64.1464468]}},{"type":"Feature","id":6703804790,"properties":{"addr:city":"Reykjavík","addr:housenumber":"2","addr:postcode":"101","addr:street":"Ingólfsstræti","amenity":"fast_food","cuisine":"korean","diet:vegetarian":"yes","drive_through":"no","indoor_seating":"yes","name":"Chikin","opening_hours":"Mo-Su 11:00-21:00","outdoor_seating":"no","website":"https://www.chikin.is/"},"geometry":{"type":"Point","coordinates":[-21.9339151,64.1464391]}},{"type":"Feature","id":6804245685,"properties":{"artwork_type":"street_art","description":"Rainbow road","tourism":"artwork"},"geometry":{"type":"Point","coordinates":[-21.9329382,64.146292]}},{"type":"Feature","id":6812982243,"properties":{"name":"Álafoss","shop":"clothes"},"geometry":{"type":"Point","coordinates":[-21.932323,64.1463041]}},{"type":"Feature","id":7006574943,"properties":{"access":"yes","amenity":"bicycle_parking","bicycle_parking":"stands","capacity":"4","covered":"no","fee":"no"},"geometry":{"type":"Point","coordinates":[-21.9331819,64.1473269]}},{"type":"Feature","id":7429756537,"properties":{"access":"yes","amenity":"bicycle_parking","bicycle_parking":"stands","capacity":"7","covered":"no","fee":"no"},"geometry":{"type":"Point","coordinates":[-21.9324868,64.1460753]}},{"type":"Feature","id":7602787754,"properties":{"access":"yes","amenity":"bicycle_parking","bicycle_parking":"stands","capacity":"6","covered":"no","fee":"no"},"geometry":{"type":"Point","coordinates":[-21.9333196,64.1472397]}},{"type":"Feature","id":7993167472,"properties":{"addr:city":"Reykjavík","addr:housenumber":"1","addr:postcode":"101","addr:street":"Hallveigarstígur","branch":"Hallveigarstíg","brand":"Krónan","brand:wikidata":"Q16419327","brand:wikipedia":"is:Krónan (verslun)","check_date:opening_hours":"2024-04-25","email":"hallveigarstigur@kronan.is","name":"Krónan","opening_hours":"Mo-Su 08:00-21:00","phone":"+354 585 7000","shop":"supermarket","wheelchair":"yes"},"geometry":{"type":"Point","coordinates":[-21.9340892,64.1456287]}},{"type":"Feature","id":8025406246,"properties":{"access":"yes","amenity":"bicycle_parking","bicycle_parking":"stands","capacity":"6","covered":"no","fee":"no"},"geometry":{"type":"Point","coordinates":[-21.9344591,64.1455947]}},{"type":"Feature","id":8417692399,"properties":{"addr:city":"Reykjavík","addr:housenumber":"1","addr:postcode":"101","addr:street":"Hallveigarstígur","amenity":"fast_food","diet:vegan":"yes","diet:vegetarian":"yes","drive_through":"no","indoor_seating":"yes","name":"Chickpea","opening_hours":"Mo-Su 10:00-20:00","outdoor_seating":"no","payment:credit_cards":"yes","payment:debit_cards":"yes","phone":"+354 778 8757","website":"http://www.chickpea.is/","wheelchair":"yes"},"geometry":{"type":"Point","coordinates":[-21.9340987,64.1456958]}},{"type":"Feature","id":8868568017,"properties":{"addr:postcode":"101","amenity":"fast_food","contact:facebook":"reystreetfood","contact:instagram":"reystreetfood","cuisine":"fish_and_chips","email":"info@101reykjavikstreetfood.is","internet_access":"wlan","name":"Reykjavík Street Food","opening_hours":"Mo-Su 11:00-22:00","outdoor_seating":"yes","phone":"+354 869 2952","takeaway":"yes","toilets":"yes","website":"https://101reykjavikstreetfood.is/"},"geometry":{"type":"Point","coordinates":[-21.9326513,64.1458836]}},{"type":"Feature","id":9906743517,"properties":{"addr:city":"Reykjavík","addr:housenumber":"11","addr:postcode":"101","addr:street":"Bankastræti","contact:facebook":"https://www.facebook.com/p/Corner-Market-100063975495870/","name":"Corner Market","shop":"convenience","wheelchair":"no"},"geometry":{"type":"Point","coordinates":[-21.9331636,64.1466134]}},{"type":"Feature","id":9907446817,"properties":{"check_date":"2024-10-13","internet_access":"wlan","name":"Icewear","shop":"gift"},"geometry":{"type":"Point","coordinates":[-21.9345622,64.1467436]}},{"type":"Feature","id":9907446829,"properties":{"addr:housenumber":"8","addr:street":"Skólavörðustígur","amenity":"bar","check_date":"2026-05-19","name":"Studio","payment:cash":"yes","payment:credit_cards":"yes","payment:debit_cards":"yes","wheelchair":"limited"},"geometry":{"type":"Point","coordinates":[-21.9324702,64.1458239]}},{"type":"Feature","id":9907446831,"properties":{"amenity":"cafe","name":"Baboo Tea","opening_hours":"Mo-Sa 12:30-19:30"},"geometry":{"type":"Point","coordinates":[-21.9331298,64.1460218]}},{"type":"Feature","id":9907446832,"properties":{"name":"Ritual Tattoo","shop":"tattoo"},"geometry":{"type":"Point","coordinates":[-21.9330707,64.1459737]}},{"type":"Feature","id":9907446833,"properties":{"name":"Stella","shop":"clothes"},"geometry":{"type":"Point","coordinates":[-21.9348475,64.1469579]}},{"type":"Feature","id":9907446926,"properties":{"addr:housenumber":"8","addr:street":"Skólavörðustígur","amenity":"restaurant","check_date":"2026-05-19","name":"Reykjavík Fish","opening_hours":"11:30-21:30","payment:cash":"yes","payment:credit_cards":"yes","payment:debit_cards":"yes","wheelchair":"limited"},"geometry":{"type":"Point","coordinates":[-21.9325665,64.1458724]}},{"type":"Feature","id":9907446927,"properties":{"check_date":"2024-10-12","name":"Saga","shop":"gift"},"geometry":{"type":"Point","coordinates":[-21.9333568,64.1466601]}},{"type":"Feature","id":9907447424,"properties":{"amenity":"restaurant","name":"Maika'i superfood bar"},"geometry":{"type":"Point","coordinates":[-21.9330512,64.1462442]}},{"type":"Feature","id":9907447425,"properties":{"check_date":"2024-10-12","name":"Zo-on","shop":"clothes"},"geometry":{"type":"Point","coordinates":[-21.9338134,64.1465594]}},{"type":"Feature","id":9907451218,"properties":{"check_date":"2025-06-28","name":"Anna María Design","shop":"jewelry"},"geometry":{"type":"Point","coordinates":[-21.9325153,64.1461334]}},{"type":"Feature","id":9907451219,"properties":{"check_date":"2026-05-19","name":"Gullbúðin","opening_hours":"Mo-Fr 10:00-18:00; Sa 11:00-17:00","shop":"jewelry","wheelchair":"limited"},"geometry":{"type":"Point","coordinates":[-21.9346821,64.1467615]}},{"type":"Feature","id":9907454019,"properties":{"name":"Arctic Explorer","shop":"clothes"},"geometry":{"type":"Point","coordinates":[-21.9339625,64.1468003]}},{"type":"Feature","id":10040120521,"properties":{"access":"yes","amenity":"bicycle_parking","bicycle_parking":"stands","capacity":"16","covered":"no","fee":"no"},"geometry":{"type":"Point","coordinates":[-21.9335377,64.1467565]}},{"type":"Feature","id":10166577811,"properties":{"addr:city":"Reykjavík","addr:housenumber":"14","addr:postcode":"101","addr:street":"Bergstaðastræti","name":"Sweet Aurora Reykjavik","opening_hours":"We-Sa 07:30-18:00; Su 10:00-17:00","phone":"+354 791 9169","shop":"pastry","website":"https://www.sweetaurorareykjavik.com/"},"geometry":{"type":"Point","coordinates":[-21.9335036,64.1446234]}},{"type":"Feature","id":11860951184,"properties":{"amenity":"parcel_locker","brand":"Pósturinn","colour":"red","name":"Póstbox","opening_hours":"24/7","operator":"Íslandspóstur","parcel_locker:type":"cabinet","parcel_mail_in":"yes","parcel_pickup":"yes"},"geometry":{"type":"Point","coordinates":[-21.9335557,64.1454112]}},{"type":"Feature","id":11866471272,"properties":{"amenity":"bicycle_parking","bicycle_parking":"stands"},"geometry":{"type":"Point","coordinates":[-21.9336395,64.1454112]}},{"type":"Feature","id":11916898731,"properties":{"amenity":"waste_basket"},"geometry":{"type":"Point","coordinates":[-21.9342556,64.1458301]}},{"type":"Feature","id":12319543478,"properties":{"amenity":"parking_entrance"},"geometry":{"type":"Point","coordinates":[-21.934563,64.1488548]}},{"type":"Feature","id":13031241801,"properties":{"name":"Rainbow street","opening_hours":"24/7","tourism":"attraction"},"geometry":{"type":"Point","coordinates":[-21.9325495,64.1460224]}},{"type":"Feature","id":13849814952,"properties":{"addr:housenumber":"8","addr:street":"Bankastræti","amenity":"atm","cash_in":"no","check_date":"2026-05-19","operator":"Euronet"},"geometry":{"type":"Point","coordinates":[-21.9340648,64.1466654]}},{"type":"Feature","id":13849814953,"properties":{"addr:housenumber":"12","addr:street":"Bankastræti","check_date":"2026-05-19","name":"MAX&MOI","opening_hours":"Mo-Fr 12:00-18:00; Sa 12:00-17:00","payment:cash":"yes","payment:credit_cards":"yes","payment:debit_cards":"yes","shop":"clothes","wheelchair":"no"},"geometry":{"type":"Point","coordinates":[-21.9334399,64.1465013]}},{"type":"Feature","id":13849814954,"properties":{"amenity":"bench","armrest":"no","backrest":"no","material":"wood","seats":"6"},"geometry":{"type":"Point","coordinates":[-21.9331122,64.1464231]}},{"type":"Feature","id":13849814955,"properties":{"addr:housenumber":"4","addr:street":"Skólavörðustígur","check_date":"2026-05-19","name":"Mjúk","opening_hours":"Mo-Th 11:00-20:00; Fr-Su 10:00-20:00","payment:cash":"yes","payment:credit_cards":"yes","payment:debit_cards":"yes","shop":"clothes","website":"https://mjukiceland.com","wheelchair":"no"},"geometry":{"type":"Point","coordinates":[-21.9329479,64.1461243]}},{"type":"Feature","id":14220036801,"properties":{"amenity":"vending_machine","vending":"parking_tickets"},"geometry":{"type":"Point","coordinates":[-21.9331964,64.147133]}},{"type":"Feature","id":14220038301,"properties":{"amenity":"vending_machine","vending":"parking_tickets"},"geometry":{"type":"Point","coordinates":[-21.9341909,64.1459541]}},{"type":"Feature","id":14220038501,"properties":{"amenity":"vending_machine","vending":"parking_tickets"},"geometry":{"type":"Point","coordinates":[-21.9326345,64.1456906]}},{"type":"Feature","id":9906569017,"properties":{"amenity":"charging_station","capacity":"10"},"geometry":{"type":"Point","coordinates":[-21.9407927,64.1500499]}},{"type":"Feature","id":5014097,"properties":{"foot":"no","highway":"tertiary","lanes":"2","maxspeed":"30","name":"Hofsvallagata","oneway":"no","parking:lane:both":"no_parking","surface":"asphalt","wikidata":"Q16428160","wikipedia":"is:Hofsvallagata"},"geometry":{"type":"LineString","coordinates":[[-21.9503638,64.1480287],[-21.9504487,64.1480236],[-21.9505134,64.1480133],[-21.951279,64.1477514],[-21.9517299,64.1475821],[-21.9525301,64.1472943],[-21.9526505,64.1472498],[-21.9527664,64.1472093],[-21.9529456,64.1471479],[-21.953044,64.1471141],[-21.9535529,64.1469395],[-21.9536155,64.146918],[-21.9537766,64.146866],[-21.9539677,64.1467985],[-21.9540347,64.1467747],[-21.9541017,64.146751],[-21.9547845,64.1465005],[-21.9548552,64.1464774],[-21.9549374,64.1464507],[-21.9550642,64.1464093]]}},{"type":"Feature","id":5170447,"properties":{"bicycle":"designated","coach":"no","cycleway":"no","highway":"residential","lanes":"2","maxlength":"8","maxspeed":"30","name":"Sólvallagata","oneway":"yes","oneway:bicycle":"no","surface":"asphalt","wikidata":"Q16428526","wikipedia":"is:Sólvallagata"},"geometry":{"type":"LineString","coordinates":[[-21.9527664,64.1472093],[-21.9528874,64.1472668],[-21.9549806,64.1482608],[-21.9550545,64.1482949]]}},{"type":"Feature","id":105160844,"properties":{"designation":"S","foot":"no","highway":"primary","lanes":"2","lit":"yes","maxspeed":"40","name":"Hringbraut","oneway":"yes","postal_code":"101","ref":"49","surface":"asphalt","wikidata":"Q65337057","wikipedia":"is:Hringbraut"},"geometry":{"type":"LineString","coordinates":[[-21.9552178,64.1463534],[-21.9550513,64.1462688],[-21.9525267,64.1449611],[-21.9523109,64.1448467],[-21.9522253,64.1448026],[-21.9514263,64.1443902]]}},{"type":"Feature","id":365399257,"properties":{"leaf_cycle":"deciduous","leaf_type":"broadleaved","natural":"scrub"},"geometry":{"type":"LineString","coordinates":[[-21.9481677,64.1428479],[-21.9482588,64.1428354],[-21.948291,64.1428128],[-21.9482552,64.1427481],[-21.9482088,64.1427341],[-21.9481248,64.1427395],[-21.9480873,64.1427762],[-21.948098,64.1428292],[-21.9481677,64.1428479]]}},{"type":"Feature","id":5170602,"properties":{"bicycle":"designated","cycleway:both":"no","highway":"residential","lanes":"1","lit":"yes","maxspeed":"30","name":"Bjarkargata","oneway":"yes","oneway:bicycle":"no","surface":"asphalt"},"geometry":{"type":"LineString","coordinates":[[-21.9449963,64.1431442],[-21.9450103,64.1430996],[-21.9456008,64.1416524],[-21.9456344,64.1415712]]}},{"type":"Feature","id":28616139,"properties":{"bridge":"yes","cycleway:both":"no","foot":"no","highway":"tertiary","lanes":"2","layer":"1","maxspeed":"30","name":"Skothúsvegur","oneway":"no","sidewalk:both":"separate","source":"commons:Category:Campus_Maps_of_University_of_Iceland","surface":"asphalt","wikidata":"Q65336642","wikipedia":"is:Skothúsvegur"},"geometry":{"type":"LineString","coordinates":[[-21.9419483,64.1429544],[-21.9415561,64.1429301]]}},{"type":"Feature","id":52286465,"properties":{"leaf_type":"mixed","natural":"wood"},"geometry":{"type":"LineString","coordinates":[[-21.9442723,64.1430435],[-21.9439068,64.1420739],[-21.9439493,64.1420536],[-21.9440294,64.1420534],[-21.9445343,64.1420645],[-21.9448265,64.142065],[-21.9449844,64.1420469],[-21.9450534,64.1420182],[-21.9452069,64.1415756],[-21.9454566,64.1416128],[-21.9448504,64.1430797],[-21.9442723,64.1430435]]}},{"type":"Feature","id":102411331,"properties":{"addr:housenumber":"42","addr:postcode":"101","addr:street":"Tjarnargata","building":"yes"},"geometry":{"type":"LineString","coordinates":[[-21.9467287,64.1431721],[-21.9467662,64.1431194],[-21.9467394,64.1431153],[-21.9467649,64.1430837],[-21.9465181,64.1430504],[-21.9464591,64.1431335],[-21.9465333,64.1431452],[-21.9465289,64.1431522],[-21.9466791,64.1431732],[-21.9466858,64.1431656],[-21.9467287,64.1431721]]}},{"type":"Feature","id":102411332,"properties":{"addr:housenumber":"39","addr:postcode":"101","addr:street":"Suðurgata","building":"yes"},"geometry":{"type":"LineString","coordinates":[[-21.9473846,64.143017],[-21.9474238,64.1429555],[-21.9474626,64.1429602],[-21.9474837,64.1429271],[-21.9474449,64.1429224],[-21.9474656,64.14289],[-21.9474018,64.1428823],[-21.9474151,64.1428614],[-21.9473371,64.1428519],[-21.9473238,64.1428728],[-21.9472364,64.1428622],[-21.9471555,64.1429892],[-21.9472469,64.1430003],[-21.9472359,64.1430176],[-21.9473073,64.1430262],[-21.9473183,64.143009],[-21.9473846,64.143017]]}},{"type":"Feature","id":102411333,"properties":{"addr:housenumber":"46","addr:postcode":"101","addr:street":"Tjarnargata","building":"yes"},"geometry":{"type":"LineString","coordinates":[[-21.9469658,64.1427893],[-21.9470303,64.1427036],[-21.9467978,64.1426703],[-21.9467333,64.1427561],[-21.9469658,64.1427893]]}},{"type":"Feature","id":102411335,"properties":{"addr:housenumber":"44","addr:postcode":"101","addr:street":"Tjarnargata","building":"apartments"},"geometry":{"type":"LineString","coordinates":[[-21.9468145,64.1429791],[-21.9468682,64.1429083],[-21.9468467,64.1429048],[-21.9468829,64.1428533],[-21.9467595,64.1428352],[-21.9467233,64.1428416],[-21.9466764,64.1428358],[-21.9465905,64.1429492],[-21.946667,64.1429598],[-21.9466576,64.142975],[-21.9467475,64.1429878],[-21.9467595,64.1429726],[-21.9468145,64.1429791]]}},{"type":"Feature","id":102411336,"properties":{"addr:housenumber":"37","addr:postcode":"101","addr:street":"Suðurgata","building":"yes"},"geometry":{"type":"LineString","coordinates":[[-21.9474261,64.1432235],[-21.9474582,64.1431791],[-21.9474328,64.143175],[-21.9474582,64.1431393],[-21.9473067,64.1431183],[-21.9473174,64.1431048],[-21.9472061,64.1430908],[-21.9471283,64.1431943],[-21.9472759,64.1432142],[-21.9473013,64.143206],[-21.9474261,64.1432235]]}},{"type":"Feature","id":102411337,"properties":{"addr:housenumber":"32","addr:postcode":"101","addr:street":"Hringbraut","building":"yes"},"geometry":{"type":"LineString","coordinates":[[-21.9471664,64.1425727],[-21.9473014,64.1425228],[-21.9472778,64.1425106],[-21.9471418,64.1424406],[-21.9470064,64.1424906],[-21.9470728,64.1425248],[-21.9470384,64.1425375],[-21.9470874,64.1425627],[-21.9471222,64.1425499],[-21.9471664,64.1425727]]}},{"type":"Feature","id":102411338,"properties":{"addr:housenumber":"34","addr:postcode":"101","addr:street":"Hringbraut","building":"yes"},"geometry":{"type":"LineString","coordinates":[[-21.9474932,64.1426225],[-21.9473398,64.1425408],[-21.9471949,64.1425925],[-21.9473483,64.1426743],[-21.9474932,64.1426225]]}},{"type":"Feature","id":102411515,"properties":{"addr:housenumber":"45","addr:postcode":"101","addr:street":"Tjarnargata","building":"yes"},"geometry":{"type":"LineString","coordinates":[[-21.9464989,64.1425843],[-21.9465633,64.1424945],[-21.9464603,64.1424805],[-21.9464655,64.1424732],[-21.9463539,64.1424579],[-21.9463206,64.1425043],[-21.946288,64.1424999],[-21.9462517,64.1425506],[-21.9464989,64.1425843]]}},{"type":"Feature","id":102411518,"properties":{"addr:housenumber":"2","addr:postcode":"101","addr:street":"Bjarkargata","building":"yes"},"geometry":{"type":"LineString","coordinates":[[-21.9456585,64.143096],[-21.9456706,64.1430639],[-21.9455861,64.1430569],[-21.9455981,64.1430171],[-21.9455579,64.1430142],[-21.9455673,64.1429872],[-21.945409,64.1429744],[-21.9453983,64.1430007],[-21.9453849,64.1429995],[-21.9453715,64.1430469],[-21.9453849,64.1430481],[-21.9453782,64.1430756],[-21.9456585,64.143096]]}},{"type":"Feature","id":102411519,"properties":{"addr:housenumber":"43","addr:postcode":"101","addr:street":"Tjarnargata","building":"apartments"},"geometry":{"type":"LineString","coordinates":[[-21.9463659,64.1427544],[-21.9464369,64.1426593],[-21.9462514,64.1426329],[-21.9461804,64.1427281],[-21.9463659,64.1427544]]}},{"type":"Feature","id":102411520,"properties":{"addr:city":"Reykjavík","addr:housenumber":"39","addr:postcode":"101","addr:street":"Tjarnargata","building":"yes"},"geometry":{"type":"LineString","coordinates":[[-21.9460834,64.1431275],[-21.9461654,64.1430212],[-21.9458534,64.1429754],[-21.945798,64.1430472],[-21.945883,64.1430597],[-21.9458564,64.1430941],[-21.9460834,64.1431275]]}},{"type":"Feature","id":102411521,"properties":{"addr:housenumber":"4","addr:postcode":"101","addr:street":"Bjarkargata","building":"yes"},"geometry":{"type":"LineString","coordinates":[[-21.9454439,64.1428976],[-21.9454917,64.142772],[-21.9453426,64.1427612],[-21.9452948,64.1428869],[-21.9454439,64.1428976]]}},{"type":"Feature","id":102411522,"properties":{"addr:housenumber":"8","addr:postcode":"101","addr:street":"Bjarkargata","building":"yes"},"geometry":{"type":"LineString","coordinates":[[-21.9457389,64.1424944],[-21.9457733,64.1424124],[-21.9455943,64.1423981],[-21.9455897,64.1424091],[-21.945463,64.142399],[-21.9454379,64.1424587],[-21.9454641,64.1424608],[-21.9454491,64.1424966],[-21.9456513,64.1425128],[-21.9456616,64.1424882],[-21.9457389,64.1424944]]}},{"type":"Feature","id":102411523,"properties":{"addr:housenumber":"10","addr:postcode":"101","addr:street":"Bjarkargata","building":"yes"},"geometry":{"type":"LineString","coordinates":[[-21.9456903,64.1423191],[-21.9457263,64.1422306],[-21.9455397,64.1422161],[-21.9455037,64.1423047],[-21.9456903,64.1423191]]}},{"type":"Feature","id":102411524,"properties":{"addr:housenumber":"41","addr:postcode":"101","addr:street":"Tjarnargata","building":"detached"},"geometry":{"type":"LineString","coordinates":[[-21.9462156,64.1429473],[-21.946293,64.1428399],[-21.9460915,64.1428123],[-21.946014,64.1429197],[-21.9462156,64.1429473]]}},{"type":"Feature","id":102411530,"properties":{"addr:housenumber":"6","addr:postcode":"101","addr:street":"Bjarkargata","building":"yes"},"geometry":{"type":"LineString","coordinates":[[-21.9455871,64.1426949],[-21.9456268,64.1425933],[-21.9453845,64.1425752],[-21.9453447,64.1426769],[-21.9455871,64.1426949]]}},{"type":"Feature","id":107832901,"properties":{"cycleway:both":"no","foot":"no","highway":"tertiary","lanes":"2","lit":"yes","maxspeed":"30","name":"Skothúsvegur","oneway":"no","parking:both":"no","sidewalk:both":"separate","surface":"asphalt","wikidata":"Q65336642","wikipedia":"is:Skothúsvegur"},"geometry":{"type":"LineString","coordinates":[[-21.9475377,64.1433182],[-21.9473995,64.1433066],[-21.9462545,64.1432301],[-21.9449963,64.1431442],[-21.9437002,64.1430628],[-21.9419483,64.1429544]]}},{"type":"Feature","id":121879084,"properties":{"foot":"no","highway":"tertiary","lanes":"2","lit":"yes","maxspeed":"50","name":"Suðurgata","oneway":"yes","surface":"asphalt","wikidata":"Q16427885","wikipedia":"is:Suðurgata"},"geometry":{"type":"LineString","coordinates":[[-21.9478688,64.1429268],[-21.9478492,64.1430112],[-21.9478199,64.14306],[-21.9475377,64.1433182]]}},{"type":"Feature","id":682375813,"properties":{"designation":"S","foot":"no","highway":"primary","lanes":"2","lit":"yes","maxspeed":"40","name":"Hringbraut","oneway":"yes","postal_code":"101","ref":"49","surface":"asphalt","wikidata":"Q65337057","wikipedia":"is:Hringbraut"},"geometry":{"type":"LineString","coordinates":[[-21.9451066,64.1412884],[-21.9456344,64.1415712],[-21.9464763,64.1419984],[-21.9467427,64.1421326],[-21.9468548,64.1421905],[-21.9468826,64.1422046],[-21.946975,64.1422515],[-21.9476452,64.1425997],[-21.947718,64.1426541],[-21.9477324,64.1426648],[-21.9477652,64.1427217]]}},{"type":"Feature","id":703175696,"properties":{"building":"yes"},"geometry":{"type":"LineString","coordinates":[[-21.9468822,64.143092],[-21.9470939,64.1431178],[-21.9470561,64.1431766],[-21.9468444,64.1431508],[-21.9468822,64.143092]]}},{"type":"Feature","id":779963481,"properties":{"building":"garage"},"geometry":{"type":"LineString","coordinates":[[-21.9470787,64.1428545],[-21.9469285,64.1428334],[-21.946957,64.1427948],[-21.9471072,64.1428158],[-21.9470787,64.1428545]]}},{"type":"Feature","id":779963482,"properties":{"building":"yes"},"geometry":{"type":"LineString","coordinates":[[-21.9457001,64.1427504],[-21.9455257,64.142734],[-21.9455405,64.1427041],[-21.9457148,64.1427205],[-21.9457001,64.1427504]]}},{"type":"Feature","id":779963483,"properties":{"building":"yes"},"geometry":{"type":"LineString","coordinates":[[-21.9457617,64.1430007],[-21.9457349,64.1430639],[-21.9456728,64.1430588],[-21.9456996,64.1429957],[-21.9457617,64.1430007]]}},{"type":"Feature","id":779963485,"properties":{"building":"yes"},"geometry":{"type":"LineString","coordinates":[[-21.9458395,64.1423737],[-21.9456907,64.1423615],[-21.9457068,64.1423241],[-21.9458556,64.1423362],[-21.9458395,64.1423737]]}},{"type":"Feature","id":779963487,"properties":{"building":"yes"},"geometry":{"type":"LineString","coordinates":[[-21.9460112,64.1425772],[-21.9457537,64.1425573],[-21.9457665,64.1425258],[-21.946024,64.1425457],[-21.9460112,64.1425772]]}},{"type":"Feature","id":779963488,"properties":{"building":"yes"},"geometry":{"type":"LineString","coordinates":[[-21.9459254,64.1429083],[-21.9458985,64.1429469],[-21.9457965,64.1429334],[-21.9458233,64.1428948],[-21.9459254,64.1429083]]}},{"type":"Feature","id":779963489,"properties":{"building":"yes"},"geometry":{"type":"LineString","coordinates":[[-21.9469821,64.143044],[-21.9468614,64.1430276],[-21.9468823,64.1429983],[-21.947003,64.1430147],[-21.9469821,64.143044]]}},{"type":"Feature","id":1013530299,"properties":{"bicycle":"designated","cycleway:both":"no","highway":"residential","lanes":"1","lit":"yes","maxspeed":"30","name":"Tjarnargata","oneway":"yes","oneway:bicycle":"no","sidewalk":"both","sidewalk:both:surface":"paving_stones","surface":"asphalt"},"geometry":{"type":"LineString","coordinates":[[-21.9462545,64.1432301],[-21.9462864,64.1431867],[-21.9469398,64.1422993],[-21.946975,64.1422515]]}},{"type":"Feature","id":5067827,"properties":{"bicycle":"designated","coach":"no","foot":"designated","highway":"living_street","lanes":"1","lit":"yes","maxlength":"8","maxspeed":"15","name":"Vesturgata","oneway":"yes","source":"survey;http://www.visir.is/vesturgata-verdur-vistgata/article/2009800244403","surface":"asphalt","wikidata":"Q16429960","wikipedia":"is:Vesturgata"},"geometry":{"type":"LineString","coordinates":[[-21.9413786,64.1485698],[-21.9413976,64.1485847],[-21.9416305,64.1487206],[-21.9417444,64.1487975],[-21.9417804,64.148841],[-21.9417864,64.148875],[-21.9418066,64.1489115],[-21.9418494,64.1489467]]}},{"type":"Feature","id":5067828,"properties":{"bicycle":"designated","coach":"no","cycleway":"no","highway":"living_street","lanes":"1","maxlength":"8","maxspeed":"15","name":"Norðurstígur","oneway":"yes","oneway:bicycle":"no","sidewalk":"left","surface":"paving_stones"},"geometry":{"type":"LineString","coordinates":[[-21.9442849,64.1498253],[-21.9442571,64.1498509],[-21.9439913,64.150103],[-21.9439204,64.1501709],[-21.9437594,64.1503253],[-21.943715,64.1503494],[-21.9436654,64.1503701]]}},{"type":"Feature","id":5073589,"properties":{"highway":"tertiary","lanes":"1","maxspeed":"30","name":"Ægisgata","oneway":"yes","parking:both":"no","surface":"asphalt"},"geometry":{"type":"LineString","coordinates":[[-21.9478761,64.1483195],[-21.9481571,64.1480397],[-21.9482083,64.1479883]]}},{"type":"Feature","id":5079415,"properties":{"bicycle":"designated","cycleway:both":"no","highway":"residential","lanes":"1","lit":"yes","maxspeed":"30","name":"Tjarnargata","oneway":"yes","oneway:bicycle":"no","parking:left":"no","parking:right":"street_side","parking:right:orientation":"diagonal","sidewalk:both":"separate","surface":"asphalt"},"geometry":{"type":"LineString","coordinates":[[-21.9462545,64.1432301],[-21.9462112,64.1432897],[-21.9457564,64.1438797],[-21.9455791,64.1439773],[-21.9455321,64.1440408],[-21.9454956,64.1440902],[-21.9454985,64.1441963],[-21.9441359,64.145456],[-21.9440425,64.1455095],[-21.9439888,64.1455402],[-21.9437272,64.1457469]]}},{"type":"Feature","id":5079440,"properties":{"bicycle":"yes","coach":"no","cycleway":"no","foot":"yes","highway":"pedestrian","lanes":"1","lit":"yes","maxlength":"8","maxspeed":"10","motor_vehicle":"private","name":"Kirkjustræti","oneway":"yes","oneway:bicycle":"no","surface":"paving_stones","wikidata":"Q16430322","wikipedia":"is:Kirkjustræti"},"geometry":{"type":"LineString","coordinates":[[-21.9396963,64.1468602],[-21.9397483,64.1468683],[-21.9398292,64.1468808],[-21.9399415,64.1468983],[-21.9407589,64.1470254],[-21.940882,64.1470445],[-21.9417256,64.1471756],[-21.9419757,64.1472145],[-21.9420303,64.147223],[-21.9420658,64.1472285]]}},{"type":"Feature","id":5136815,"properties":{"coach":"no","highway":"residential","lanes":"2","lit":"yes","maxlength":"8","maxspeed":"30","name":"Bárugata","sidewalk":"both","surface":"asphalt"},"geometry":{"type":"LineString","coordinates":[[-21.9514878,64.1500737],[-21.9513005,64.1500343],[-21.9487357,64.1495421],[-21.9486594,64.1495274]]}},{"type":"Feature","id":5136818,"properties":{"coach":"no","highway":"residential","lanes":"2","lit":"yes","maxlength":"8","maxspeed":"30","name":"Stýrimannastígur","oneway":"no","parking:both":"lane","parking:both:charge":"220 ISK/hour","parking:both:fee":"no","parking:both:fee:conditional":"yes @ Mo-Fr 09:00-21:00; yes @ Sa-Su 10:00-21:00","parking:both:orientation":"parallel","parking:both:zone":"P2","sidewalk":"both","surface":"asphalt"},"geometry":{"type":"LineString","coordinates":[[-21.9491367,64.1490521],[-21.9490747,64.1491138],[-21.948708,64.149479],[-21.9486594,64.1495274],[-21.9486021,64.1495845],[-21.9482432,64.1499418],[-21.9481969,64.149988],[-21.9481498,64.1500349],[-21.9477872,64.1503959],[-21.9477347,64.1504482]]}},{"type":"Feature","id":5136823,"properties":{"coach":"no","highway":"residential","lanes":"2","lit":"yes","maxlength":"8","maxspeed":"30","name":"Hávallagata","surface":"asphalt","wikidata":"Q122630221","wikipedia":"is:Hávallagata"},"geometry":{"type":"LineString","coordinates":[[-21.9462975,64.146275],[-21.9464067,64.1462996],[-21.9473871,64.1465081],[-21.9474698,64.1465257],[-21.9483909,64.1467303],[-21.9495904,64.1469913],[-21.9497257,64.147021],[-21.9515825,64.1475409],[-21.9517299,64.1475821]]}},{"type":"Feature","id":5137983,"properties":{"bicycle":"designated","coach":"no","foot":"designated","highway":"living_street","lanes":"1","maxlength":"8","maxspeed":"15","name":"Fischersund","oneway":"yes","surface":"sett","wikidata":"Q31749466","wikipedia":"is:Fischersund"},"geometry":{"type":"LineString","coordinates":[[-21.9414527,64.1483592],[-21.9415312,64.1483731],[-21.9424127,64.1485384],[-21.9427035,64.1485929],[-21.9430418,64.1486596]]}},{"type":"Feature","id":5137994,"properties":{"bicycle":"designated","foot":"designated","goods:conditional":"destination @ (Mo-Fr 07:00-11:00; Sa-Su 08:00-11:00; PH 08:00-11:00)","highway":"pedestrian","lit":"yes","maxspeed":"10","motor_vehicle":"no","name":"Vallarstræti","old_name":"Kæmnergade","oneway":"no","surface":"paving_stones"},"geometry":{"type":"LineString","coordinates":[[-21.941888,64.1478754],[-21.9418171,64.1478638],[-21.941471,64.1478072],[-21.9412967,64.1477788],[-21.9410843,64.1477441],[-21.940261,64.1476095],[-21.9387863,64.1473669],[-21.9387498,64.1473609]]}},{"type":"Feature","id":5170425,"properties":{"coach":"no","highway":"residential","lane_markings":"no","lanes":"2","lit":"yes","maxlength":"8","maxspeed":"30","name":"Hólatorg","oneway":"no","surface":"asphalt","wikidata":"Q16428825","wikipedia":"is:Hólatorg"},"geometry":{"type":"LineString","coordinates":[[-21.9481266,64.1459428],[-21.9474151,64.1457749],[-21.9469929,64.1456753]]}},{"type":"Feature","id":24760359,"properties":{"designation":"S","foot":"no","highway":"primary","lanes":"2","lit":"yes","maxspeed":"40","name":"Hringbraut","oneway":"yes","postal_code":"101","ref":"49","sidewalk:left":"no","sidewalk:right":"separate","surface":"asphalt","wikidata":"Q65337057","wikipedia":"is:Hringbraut"},"geometry":{"type":"LineString","coordinates":[[-21.948274,64.1429882],[-21.9484634,64.1430391],[-21.9485854,64.1430795],[-21.949692,64.1436391]]}},{"type":"Feature","id":28616138,"properties":{"cycleway:both":"no","foot":"no","highway":"tertiary","lanes":"2","lit":"yes","maxspeed":"30","name":"Skothúsvegur","oneway":"no","sidewalk:both":"separate","surface":"asphalt","wikidata":"Q65336642","wikipedia":"is:Skothúsvegur"},"geometry":{"type":"LineString","coordinates":[[-21.9415561,64.1429301],[-21.9404991,64.1428643],[-21.9404569,64.14286]]}},{"type":"Feature","id":38291786,"properties":{"highway":"tertiary","lanes":"2","lit":"yes","maxspeed":"30","name":"Túngata","oneway":"no","surface":"asphalt","wikidata":"Q16429308","wikipedia":"is:Túngata"},"geometry":{"type":"LineString","coordinates":[[-21.9428129,64.1472468],[-21.9430085,64.1472829],[-21.943204,64.147318],[-21.9435457,64.1473803],[-21.9445647,64.1475655],[-21.9447222,64.1475946],[-21.9449154,64.1476328],[-21.9459612,64.1478379],[-21.9461403,64.1478712],[-21.9463116,64.1478997],[-21.9464389,64.1479188],[-21.9466121,64.1479394],[-21.9468196,64.1479522],[-21.947648,64.1479729],[-21.947746,64.1479759],[-21.9478826,64.1479795],[-21.9482083,64.1479883],[-21.9484447,64.1479913],[-21.9484805,64.1479921],[-21.9493811,64.1480121],[-21.9502332,64.1480295],[-21.9503638,64.1480287]]}},{"type":"Feature","id":52275277,"properties":{"leisure":"park","name":"Hljómskálagarðurinn","name:en":"Hljomskalagardurinn Park","wikidata":"Q16427983","wikipedia":"is:Hljómskálagarðurinn"},"geometry":{"type":"LineString","coordinates":[[-21.9406775,64.1428145],[-21.940568,64.1427987],[-21.9404926,64.1427763],[-21.9404038,64.1427457],[-21.9403573,64.1427107],[-21.9380914,64.1398386],[-21.9380291,64.1397507],[-21.9380447,64.1397282],[-21.9381198,64.1396931],[-21.9381788,64.1396229],[-21.9381874,64.1395563],[-21.9385595,64.1393483],[-21.9387999,64.1392644],[-21.9394138,64.1390169],[-21.9394964,64.1390199],[-21.9396027,64.1389801],[-21.939601,64.1389536],[-21.9396317,64.138941],[-21.9397202,64.1389221],[-21.9398705,64.1389126],[-21.9399983,64.1389221],[-21.9400974,64.1389421],[-21.9402259,64.1389789],[-21.9403589,64.1390224],[-21.9417783,64.1396486],[-21.9432039,64.140384],[-21.945477,64.1415566],[-21.9448513,64.1430803],[-21.9449676,64.1431943],[-21.9451071,64.1440529],[-21.9450444,64.1440671],[-21.9449223,64.1439674],[-21.9448352,64.1438909],[-21.944222,64.1434984],[-21.9437713,64.1432668],[-21.9436535,64.1431633],[-21.9435277,64.1431071],[-21.9406775,64.1428145]]}},{"type":"Feature","id":89811581,"properties":{"addr:housename":"Ráðhús Reykjavíkur","addr:housenumber":"11","addr:postcode":"101","addr:street":"Tjarnargata","amenity":"townhall","building":"public","building:levels":"3","check_date":"2026-05-15","check_date:opening_hours":"2026-05-15","name":"Ráðhús Reykjavíkur","name:en":"Reykjavik City Hall","opening_hours":"Mo-Fr 08:00-18:00; Sa 10:00-18:00; Su 12:00-18:00","roof:levels":"0","roof:shape":"round","start_date":"1994","wikidata":"Q196471","wikimedia_commons":"Category:Reykjavík Town Hall","wikipedia":"en:Reykjavík Town Hall"},"geometry":{"type":"LineString","coordinates":[[-21.9419387,64.1460612],[-21.9416356,64.1459926],[-21.9417032,64.145938],[-21.9418986,64.1457825],[-21.9429258,64.1460147],[-21.943013,64.1460344],[-21.9431091,64.1460562],[-21.9429427,64.1461959],[-21.9428515,64.1461749],[-21.9428193,64.1462015],[-21.9428607,64.1462111],[-21.9428057,64.1462574],[-21.9426146,64.1462141],[-21.9426682,64.1461691],[-21.9426192,64.146158],[-21.9425656,64.146203],[-21.9423872,64.1461627],[-21.9419876,64.1460722],[-21.9419599,64.1460954],[-21.9423231,64.1461776],[-21.942356,64.1461849],[-21.9421549,64.1463447],[-21.9421302,64.1463397],[-21.9414221,64.1461795],[-21.9416151,64.1460174],[-21.9419111,64.1460844],[-21.9419387,64.1460612]]}},{"type":"Feature","id":91593480,"properties":{"addr:housenumber":"7","addr:postcode":"101","building":"yes","building:levels":"2","start_date":"1881"},"geometry":{"type":"LineString","coordinates":[[-21.9417846,64.1478394],[-21.9418465,64.1477643],[-21.9413695,64.1476867],[-21.9413429,64.1476824],[-21.9413334,64.1476932],[-21.941286,64.1477511],[-21.9412783,64.1477604],[-21.9413073,64.147765],[-21.9417846,64.1478394]]}},{"type":"Feature","id":91593488,"properties":{"addr:city":"Reykjavík","addr:housename":"Grófarhús","addr:housenumber":"15","addr:postcode":"101","addr:street":"Tryggvagata","building":"public","building:levels":"6","name":"Grófarhús"},"geometry":{"type":"LineString","coordinates":[[-21.9415086,64.1497164],[-21.9417613,64.1495601],[-21.9418699,64.1494922],[-21.941762,64.1494351],[-21.9414421,64.1492659],[-21.9413526,64.1492464],[-21.9413314,64.1492618],[-21.940962,64.1495302],[-21.9409754,64.1495531],[-21.9413815,64.1496775],[-21.9415086,64.1497164]]}},{"type":"Feature","id":91593490,"properties":{"addr:housenumber":"2a","addr:postcode":"101","building":"yes","source":"Bing, Local knowledge","start_date":"2009"},"geometry":{"type":"LineString","coordinates":[[-21.941628,64.14893],[-21.9416519,64.1489441],[-21.9415192,64.1489867],[-21.9414953,64.1489725],[-21.9412958,64.1490365],[-21.9411964,64.1489776],[-21.9414168,64.1489162],[-21.941469,64.1488995],[-21.9416074,64.1488457],[-21.9417069,64.1489047],[-21.941628,64.14893]]}},{"type":"Feature","id":91593491,"properties":{"addr:housenumber":"9","addr:postcode":"101","addr:street":"Aðalstræti","building":"apartments","building:levels":"5","ref:HNITNUM":"10006312","source:addr":"Staðfangaskrá"},"geometry":{"type":"LineString","coordinates":[[-21.9419159,64.1477503],[-21.9419754,64.1476816],[-21.942069,64.1475696],[-21.9416099,64.1474956],[-21.9414327,64.1476718],[-21.9419159,64.1477503]]}},{"type":"Feature","id":97469154,"properties":{"highway":"tertiary","lanes":"2","maxspeed":"30","name":"Ægisgata","oneway":"no","parking:left":"no","parking:right":"lane","parking:right:charge":"220 ISK/hour","parking:right:fee":"no","parking:right:fee:conditional":"yes @ Mo-Fr 09:00-21:00; yes @ Sa-Su 10:00-21:00","parking:right:markings":"no","parking:right:orientation":"parallel","parking:right:zone":"P2","surface":"asphalt"},"geometry":{"type":"LineString","coordinates":[[-21.9478761,64.1483195],[-21.9478246,64.1483728],[-21.9477391,64.1484612],[-21.9475045,64.1487038],[-21.9474661,64.1487435],[-21.9473952,64.1488168],[-21.9470499,64.1491739],[-21.947021,64.1492037],[-21.9469492,64.149278],[-21.9466067,64.1496322],[-21.9465605,64.14968],[-21.9465196,64.1497222],[-21.9461587,64.1500953],[-21.9461062,64.1501496]]}},{"type":"Feature","id":102370732,"properties":{"addr:housenumber":"37","addr:postcode":"101","addr:street":"Tjarnargata","building":"detached","building:levels":"2","roof:levels":"1","roof:shape":"gabled"},"geometry":{"type":"LineString","coordinates":[[-21.9458283,64.1434605],[-21.9459049,64.1433582],[-21.9456916,64.1433278],[-21.9456151,64.1434301],[-21.9458283,64.1434605]]}},{"type":"Feature","id":102370736,"properties":{"addr:housenumber":"40","addr:postcode":"101","addr:street":"Tjarnargata","building":"detached","building:levels":"3","roof:shape":"gabled"},"geometry":{"type":"LineString","coordinates":[[-21.9465036,64.1434319],[-21.9465158,64.1434156],[-21.9465982,64.1434274],[-21.946641,64.1433705],[-21.9465586,64.1433587],[-21.9465689,64.143345],[-21.9463571,64.1433147],[-21.9462918,64.1434016],[-21.9465036,64.1434319]]}},{"type":"Feature","id":102513509,"properties":{"addr:housenumber":"26","addr:postcode":"101","building":"apartments","building:levels":"2","roof:levels":"1","roof:shape":"half-hipped"},"geometry":{"type":"LineString","coordinates":[[-21.948078,64.1486121],[-21.9481512,64.1485369],[-21.9479568,64.148501],[-21.9478837,64.1485762],[-21.948078,64.1486121]]}},{"type":"Feature","id":102640174,"properties":{"addr:housenumber":"9","addr:postcode":"101","addr:street":"Hávallagata","building":"yes"},"geometry":{"type":"LineString","coordinates":[[-21.9481759,64.1466004],[-21.9482424,64.1465369],[-21.9482086,64.1465302],[-21.9482416,64.1464987],[-21.948143,64.1464791],[-21.9481298,64.1464916],[-21.9480229,64.1464703],[-21.9479366,64.1465526],[-21.9481759,64.1466004]]}},{"type":"Feature","id":102640533,"properties":{"highway":"service"},"geometry":{"type":"LineString","coordinates":[[-21.9478246,64.1483728],[-21.9479031,64.1483946],[-21.9481448,64.1484613],[-21.9485927,64.1485843],[-21.9486384,64.1485934],[-21.9486886,64.1485948],[-21.9487366,64.1485883],[-21.9487762,64.1485748],[-21.9488021,64.148556],[-21.948811,64.148536],[-21.9488042,64.1485159],[-21.9487825,64.1484979],[-21.9487483,64.148484],[-21.9487055,64.1484759],[-21.9481448,64.1484613]]}},{"type":"Feature","id":102687355,"properties":{"addr:housenumber":"25","addr:postcode":"101","building":"house","building:levels":"2"},"geometry":{"type":"LineString","coordinates":[[-21.9456156,64.1499852],[-21.9456987,64.1499015],[-21.9456035,64.1498846],[-21.9456384,64.1498495],[-21.9455753,64.149839],[-21.9455418,64.1498741],[-21.945456,64.1498583],[-21.9453728,64.1499436],[-21.9454345,64.1499548],[-21.9454238,64.1499653],[-21.9455378,64.1499846],[-21.9455498,64.1499729],[-21.9456156,64.1499852]]}},{"type":"Feature","id":102687365,"properties":{"addr:housenumber":"27B","addr:postcode":"101","addr:street":"Vesturgata","building":"yes","ref:HNITNUM":"10001620","source:addr":"Staðfangaskrá","start_date":"1904"},"geometry":{"type":"LineString","coordinates":[[-21.9461056,64.1499617],[-21.9461656,64.1498975],[-21.9460336,64.1498741],[-21.9460145,64.1498944],[-21.9459748,64.1498873],[-21.9459553,64.1499083],[-21.945995,64.1499153],[-21.9459735,64.1499382],[-21.9460152,64.1499457],[-21.9460033,64.1499584],[-21.946057,64.149968],[-21.946069,64.1499552],[-21.9461056,64.1499617]]}},{"type":"Feature","id":102687368,"properties":{"addr:housenumber":"23","addr:postcode":"101","building":"apartments","building:levels":"3"},"geometry":{"type":"LineString","coordinates":[[-21.9453634,64.1499518],[-21.9451784,64.1499173],[-21.9452615,64.1498302],[-21.9452682,64.1498232],[-21.945456,64.1498583],[-21.9453728,64.1499436],[-21.9453634,64.1499518]]}},{"type":"Feature","id":102691903,"properties":{"addr:housenumber":"20","addr:postcode":"101","building":"yes"},"geometry":{"type":"LineString","coordinates":[[-21.9445387,64.1499559],[-21.9445849,64.1499071],[-21.9443684,64.1498723],[-21.9442892,64.1498881],[-21.9441512,64.1500365],[-21.9442873,64.1500644],[-21.9443254,64.1500723],[-21.9444662,64.1499457],[-21.9445387,64.1499559]]}},{"type":"Feature","id":102697971,"properties":{"addr:housename":"Hafnarhvoll","addr:housenumber":"11","addr:postcode":"101","addr:street":"Tryggvagata","building":"yes","building:levels":"6","name":"Hafnarhvoll","wikidata":"Q16429071","wikipedia":"is:Tryggvagata"},"geometry":{"type":"LineString","coordinates":[[-21.9423902,64.1497735],[-21.9426893,64.1499331],[-21.9426829,64.1499363],[-21.9427052,64.1499516],[-21.9427159,64.1499696],[-21.9427131,64.1499881],[-21.9426972,64.1500054],[-21.9426696,64.1500195],[-21.9426391,64.1500281],[-21.9426045,64.1500328],[-21.9425683,64.1500333],[-21.9425331,64.1500295],[-21.9425067,64.1500234],[-21.9424995,64.150027],[-21.9421556,64.1499185],[-21.9423902,64.1497735]]}},{"type":"Feature","id":102902645,"properties":{"building":"yes","start_date":"2018"},"geometry":{"type":"LineString","coordinates":[[-21.9438735,64.1501518],[-21.9436778,64.1501024],[-21.9439053,64.1498897],[-21.9439849,64.1498106],[-21.9441466,64.1498415],[-21.9441648,64.1498621],[-21.9438735,64.1501518]]}},{"type":"Feature","id":102902653,"properties":{"addr:housenumber":"14","addr:postcode":"101","addr:street":"Tryggvagata","building":"yes","building:levels":"6","start_date":"2018"},"geometry":{"type":"LineString","coordinates":[[-21.9433746,64.1498004],[-21.943569,64.1498551],[-21.9434181,64.1499695],[-21.9435241,64.1500461],[-21.9433383,64.1500953],[-21.9431754,64.1499859],[-21.9431026,64.149937],[-21.9432981,64.1498516],[-21.9433746,64.1498004]]}},{"type":"Feature","id":102902654,"properties":{"addr:housenumber":"16","addr:postcode":"101","addr:street":"Tryggvagata","building":"yes","building:levels":"5","wikidata":"Q16429071","wikipedia":"is:Tryggvagata"},"geometry":{"type":"LineString","coordinates":[[-21.9432981,64.1498516],[-21.9430615,64.149727],[-21.9430398,64.149737],[-21.9428768,64.1498127],[-21.9428623,64.1498194],[-21.9430929,64.1499412],[-21.9431026,64.149937],[-21.9432981,64.1498516]]}},{"type":"Feature","id":102903430,"properties":{"addr:housenumber":"8","addr:postcode":"101","building":"yes","building:levels":"3","roof:shape":"gabled","start_date":"1893"},"geometry":{"type":"LineString","coordinates":[[-21.9413366,64.1470441],[-21.9416028,64.147084],[-21.9416791,64.1469873],[-21.9414129,64.1469474],[-21.9413366,64.1470441]]}},{"type":"Feature","id":103169770,"properties":{"addr:housenumber":"21","addr:postcode":"101","building":"yes"},"geometry":{"type":"LineString","coordinates":[[-21.9479576,64.1493437],[-21.948035,64.1492602],[-21.9478794,64.1492328],[-21.9478496,64.1492275],[-21.9478138,64.149266],[-21.9477722,64.149311],[-21.9479576,64.1493437]]}},{"type":"Feature","id":103169775,"properties":{"addr:housenumber":"18","addr:postcode":"101","addr:street":"Öldugata","building":"yes"},"geometry":{"type":"LineString","coordinates":[[-21.9481111,64.1490753],[-21.9481896,64.1489955],[-21.947944,64.1489496],[-21.9479199,64.1489742],[-21.9478901,64.1489686],[-21.9478606,64.1489986],[-21.9478917,64.1490044],[-21.9478668,64.1490297],[-21.9481111,64.1490753]]}},{"type":"Feature","id":103170670,"properties":{"addr:housenumber":"5","addr:postcode":"101","building":"yes"},"geometry":{"type":"LineString","coordinates":[[-21.9481372,64.1499166],[-21.9482397,64.1498066],[-21.9481513,64.1497909],[-21.9481295,64.1498143],[-21.9480861,64.1498066],[-21.9480054,64.1498932],[-21.9481372,64.1499166]]}},{"type":"Feature","id":103170673,"properties":{"addr:housenumber":"22","addr:postcode":"101","building":"yes"},"geometry":{"type":"LineString","coordinates":[[-21.9475211,64.1500189],[-21.9475372,64.1499992],[-21.9475984,64.1499349],[-21.9473383,64.1498893],[-21.9472611,64.1499735],[-21.9475211,64.1500189]]}},{"type":"Feature","id":103170683,"properties":{"addr:housenumber":"20","addr:postcode":"101","building":"yes"},"geometry":{"type":"LineString","coordinates":[[-21.947052,64.1500181],[-21.9470577,64.1500125],[-21.9471329,64.1499378],[-21.9470399,64.14992],[-21.9470291,64.1499308],[-21.9469559,64.1499167],[-21.9468859,64.1499862],[-21.947052,64.1500181]]}},{"type":"Feature","id":103170700,"properties":{"addr:housenumber":"18","addr:postcode":"101","addr:street":"Ránargata","building":"yes","ref:HNITNUM":"10025119","source:addr":"Staðfangaskrá"},"geometry":{"type":"LineString","coordinates":[[-21.9467295,64.1499463],[-21.9467989,64.1498736],[-21.9466971,64.1498551],[-21.9466855,64.1498673],[-21.9466094,64.1498535],[-21.9465516,64.149914],[-21.9467295,64.1499463]]}},{"type":"Feature","id":103696277,"properties":{"addr:housenumber":"4","addr:postcode":"101","building":"yes"},"geometry":{"type":"LineString","coordinates":[[-21.9486336,64.1499929],[-21.9486828,64.1499418],[-21.9486595,64.1499376],[-21.9486687,64.149928],[-21.9486001,64.1499155],[-21.9485897,64.1499263],[-21.9485484,64.1499188],[-21.9485005,64.1499686],[-21.9486336,64.1499929]]}},{"type":"Feature","id":103696282,"properties":{"addr:housenumber":"34","addr:postcode":"101","building":"yes"},"geometry":{"type":"LineString","coordinates":[[-21.9498116,64.1499603],[-21.9498904,64.1498786],[-21.9496833,64.1498406],[-21.9496036,64.149922],[-21.9498116,64.1499603]]}},{"type":"Feature","id":133626781,"properties":{"foot":"no","highway":"tertiary","lanes":"2","lit":"yes","maxspeed":"50","name":"Suðurgata","oneway":"yes","surface":"asphalt","wikidata":"Q16427885","wikipedia":"is:Suðurgata"},"geometry":{"type":"LineString","coordinates":[[-21.9475377,64.1433182],[-21.9475827,64.1433104],[-21.9476459,64.1432904],[-21.9477408,64.143245],[-21.9479388,64.1430839],[-21.9479914,64.1430478],[-21.9481045,64.1430088],[-21.9482179,64.1429902]]}},{"type":"Feature","id":138313538,"properties":{"foot":"no","highway":"primary","lanes":"2","lit":"yes","maxspeed":"40","name":"Geirsgata","old_ref":"41","oneway":"yes","surface":"asphalt","wikidata":"Q16424996","wikipedia":"is:Geirsgata"},"geometry":{"type":"LineString","coordinates":[[-21.942793,64.1501616],[-21.9424754,64.1500851],[-21.9392152,64.1493566]]}},{"type":"Feature","id":151389090,"properties":{"designation":"S","foot":"no","highway":"primary","junction":"roundabout","lanes":"2","lit":"yes","maxspeed":"40","name":"Melatorg","ref":"49","surface":"asphalt","wikidata":"Q16422240","wikipedia":"is:Melatorg"},"geometry":{"type":"LineString","coordinates":[[-21.9481015,64.1425884],[-21.948007,64.1426029],[-21.9479219,64.1426257],[-21.9478328,64.1426653],[-21.9477652,64.1427217],[-21.9477438,64.1427636],[-21.9477439,64.1428101],[-21.9477686,64.1428559],[-21.9478165,64.1428978],[-21.9478688,64.1429268],[-21.9479471,64.1429556],[-21.9480215,64.1429734],[-21.9481117,64.1429859],[-21.9482179,64.1429902],[-21.948274,64.1429882],[-21.9483832,64.1429753],[-21.9484801,64.142952],[-21.9485615,64.1429195],[-21.9486322,64.1428713],[-21.9486653,64.1428268],[-21.948674,64.1427777],[-21.9486439,64.1427142],[-21.9485732,64.1426601],[-21.9484847,64.1426228],[-21.9483776,64.1425971],[-21.9482613,64.1425844],[-21.9481015,64.1425884]]}},{"type":"Feature","id":151389098,"properties":{"highway":"residential","lit":"yes","maxspeed":"30","name":"Vonarstræti","oneway":"no","surface":"asphalt","wikidata":"Q16430216","wikipedia":"is:Vonarstræti"},"geometry":{"type":"LineString","coordinates":[[-21.9400854,64.1459702],[-21.9402232,64.1460011],[-21.9403131,64.1460218],[-21.9413212,64.1462536],[-21.941492,64.1462929],[-21.9416229,64.1463229],[-21.941918,64.1463908],[-21.9424406,64.146511],[-21.9427289,64.1465778]]}},{"type":"Feature","id":165289512,"properties":{"designation":"S","foot":"no","highway":"primary","lanes":"2","lit":"yes","maxspeed":"40","name":"Hringbraut","oneway":"yes","postal_code":"107","ref":"49","sidewalk:left":"no","sidewalk:right":"separate","surface":"asphalt","wikidata":"Q65337057","wikipedia":"is:Hringbraut"},"geometry":{"type":"LineString","coordinates":[[-21.9502667,64.1437919],[-21.9487591,64.1430056],[-21.9486888,64.1429496],[-21.9486322,64.1428713]]}},{"type":"Feature","id":191290249,"properties":{"access":"yes","leisure":"playground","lukr:_NR_LEIKSVA_":"241","surface":"rubber"},"geometry":{"type":"LineString","coordinates":[[-21.9482802,64.1467547],[-21.9480674,64.1469546],[-21.9475193,64.1468307],[-21.9475813,64.1467795],[-21.947656,64.146715],[-21.9477552,64.1466388],[-21.9482802,64.1467547]]}},{"type":"Feature","id":191519450,"properties":{"natural":"coastline"},"geometry":{"type":"LineString","coordinates":[[-21.9344458,64.1503859],[-21.9347266,64.1505746],[-21.9347975,64.1506236],[-21.9362709,64.1516411],[-21.9366539,64.1515357],[-21.9351097,64.1504691],[-21.9354455,64.1503843],[-21.936524,64.1498514],[-21.9369253,64.1496495],[-21.9373932,64.1494144],[-21.9374777,64.1493946],[-21.9375354,64.1494092],[-21.9402002,64.1506588],[-21.9403316,64.1507126],[-21.9414407,64.1509921],[-21.9415909,64.1510149],[-21.9417357,64.1509962],[-21.9424426,64.1507872],[-21.9424896,64.1507698],[-21.9427678,64.1506786]]}},{"type":"Feature","id":317262133,"properties":{"coach":"no","highway":"residential","lanes":"1","lit":"yes","maxlength":"8","maxspeed":"30","name":"Aðalstræti","oneway":"yes","sidewalk:both":"separate","surface":"asphalt","wikidata":"Q16420324","wikipedia":"is:Aðalstræti"},"geometry":{"type":"LineString","coordinates":[[-21.9423804,64.1472774],[-21.9423294,64.1473348],[-21.942183,64.1475216],[-21.9421304,64.14759],[-21.9419016,64.1478599],[-21.941888,64.1478754],[-21.941849,64.1479188],[-21.9416632,64.1481252],[-21.9414527,64.1483592]]}},{"type":"Feature","id":365399244,"properties":{"leaf_cycle":"evergreen","leaf_type":"needleleaved","natural":"wood"},"geometry":{"type":"LineString","coordinates":[[-21.9477802,64.1433581],[-21.9479482,64.1434017],[-21.9480483,64.1433924],[-21.9481091,64.1433659],[-21.9481662,64.1432583],[-21.9482878,64.1431477],[-21.9482824,64.1431017],[-21.9482216,64.1430752],[-21.9481484,64.1430736],[-21.9480787,64.1430861],[-21.9477606,64.1433277],[-21.9477802,64.1433581]]}},{"type":"Feature","id":374722559,"properties":{"addr:housenumber":"10","addr:postcode":"101","addr:street":"Vonarstræti","building":"yes"},"geometry":{"type":"LineString","coordinates":[[-21.9418108,64.146456],[-21.9414367,64.1463671],[-21.9412409,64.1465964],[-21.9412717,64.1466016],[-21.9412167,64.1466537],[-21.9413281,64.1466765],[-21.9413173,64.1466876],[-21.9415037,64.146725],[-21.9418108,64.146456]]}},{"type":"Feature","id":542168973,"properties":{"foot":"no","highway":"primary","lanes":"2","lit":"yes","maxspeed":"40","name":"Geirsgata","old_ref":"41","oneway":"yes","surface":"asphalt","wikidata":"Q16424996","wikipedia":"is:Geirsgata"},"geometry":{"type":"LineString","coordinates":[[-21.9391086,64.1494513],[-21.9393235,64.1494985],[-21.9398183,64.1496066],[-21.940814,64.1498242],[-21.9415283,64.1499803],[-21.9422926,64.1501473],[-21.9423784,64.1501661],[-21.9427098,64.1502445]]}},{"type":"Feature","id":646325943,"properties":{"cycleway:left":"opposite_lane","highway":"residential","lanes":"1","maxspeed":"30","name":"Suðurgata","oneway":"yes","oneway:bicycle":"no","surface":"asphalt","wikidata":"Q16427885","wikipedia":"is:Suðurgata"},"geometry":{"type":"LineString","coordinates":[[-21.9452433,64.1452871],[-21.9467038,64.1440315],[-21.9474686,64.143374],[-21.9475377,64.1433182]]}},{"type":"Feature","id":703139701,"properties":{"building":"yes"},"geometry":{"type":"LineString","coordinates":[[-21.9496036,64.149922],[-21.9495566,64.1499709],[-21.9494696,64.149955],[-21.9495166,64.1499061],[-21.9496036,64.149922]]}},{"type":"Feature","id":749245325,"properties":{"coach":"no","highway":"residential","lanes":"2","maxlength":"8","maxspeed":"30","name":"Tryggvagata","oneway":"no","sidewalk":"both","surface":"asphalt","wikidata":"Q16429071","wikipedia":"is:Tryggvagata"},"geometry":{"type":"LineString","coordinates":[[-21.9415067,64.1492098],[-21.9416537,64.1492863],[-21.941835,64.149381],[-21.941956,64.1494452],[-21.9420425,64.1494916],[-21.9424044,64.1496904],[-21.9428576,64.1499394]]}},{"type":"Feature","id":839472964,"properties":{"highway":"service","service":"driveway"},"geometry":{"type":"LineString","coordinates":[[-21.9473441,64.1498275],[-21.9471981,64.1499787],[-21.9474649,64.1500267]]}},{"type":"Feature","id":849242403,"properties":{"addr:housenumber":"4","addr:postcode":"101","addr:street":"Thorvaldsensstræti","building":"yes","building:levels":"6","ref:HNITNUM":"10001593","source:addr":"Staðfangaskrá"},"geometry":{"type":"LineString","coordinates":[[-21.9406935,64.147246],[-21.9408332,64.1470753],[-21.941498,64.1471788],[-21.9412765,64.1474494],[-21.9411885,64.1474357],[-21.9410908,64.147555],[-21.9410771,64.1475717],[-21.9404523,64.1474745],[-21.9406454,64.1472385],[-21.9406935,64.147246]]}},{"type":"Feature","id":849242404,"properties":{"addr:housenumber":"11","addr:postcode":"101","addr:street":"Aðalstræti","building":"yes","building:levels":"6","ref:HNITNUM":"10102277","source:addr":"Staðfangaskrá"},"geometry":{"type":"LineString","coordinates":[[-21.9412765,64.1474494],[-21.9411885,64.1474357],[-21.9410908,64.147555],[-21.9411076,64.1475576],[-21.9410939,64.1475743],[-21.9413455,64.1476157],[-21.9414837,64.1474816],[-21.9412765,64.1474494]]}},{"type":"Feature","id":859906854,"properties":{"area":"yes","highway":"pedestrian","surface":"paving_stones"},"geometry":{"type":"LineString","coordinates":[[-21.9415086,64.1497164],[-21.9413815,64.1496775],[-21.9413207,64.1497148],[-21.9412387,64.1497705],[-21.9412257,64.1497791],[-21.9424933,64.1500645],[-21.9425055,64.1500547],[-21.9425331,64.1500295],[-21.9425067,64.1500234],[-21.9424995,64.150027],[-21.9421556,64.1499185],[-21.9415086,64.1497164]]}},{"type":"Feature","id":929783030,"properties":{"leisure":"park","name":"Landakotstún","wikidata":"Q16419734","wikipedia":"is:Landakotstún"},"geometry":{"type":"LineString","coordinates":[[-21.9483832,64.1467731],[-21.9479312,64.1471761],[-21.9478389,64.1477871],[-21.9467786,64.1477567],[-21.9462698,64.1476692],[-21.9475342,64.1465916],[-21.9483832,64.1467731]]}},{"type":"Feature","id":1007644428,"properties":{"addr:housenumber":"2B","addr:postcode":"101","addr:street":"Vesturgata","building":"yes","ref:HNITNUM":"10026445","source:addr":"Staðfangaskrá"},"geometry":{"type":"LineString","coordinates":[[-21.9414487,64.1487683],[-21.9414011,64.1487393],[-21.9414695,64.148718],[-21.9415171,64.1487469],[-21.9414487,64.1487683]]}},{"type":"Feature","id":1007644429,"properties":{"natural":"water","water":"pond"},"geometry":{"type":"LineString","coordinates":[[-21.9412094,64.1488455],[-21.941212,64.1488338],[-21.9412409,64.1488379],[-21.9412623,64.1488385],[-21.9412791,64.1488344],[-21.941318,64.1488139],[-21.941469,64.1488995],[-21.9414168,64.1489162],[-21.9413314,64.1488782],[-21.9412094,64.1488455]]}},{"type":"Feature","id":1045190035,"properties":{"bicycle":"designated","coach":"no","highway":"living_street","maxlength":"8","maxspeed":"15","name":"Grófin","oneway":"no","surface":"paving_stones","traffic_calming":"table"},"geometry":{"type":"LineString","coordinates":[[-21.9413674,64.1491376],[-21.9414372,64.1490905],[-21.9414787,64.1490728],[-21.941535,64.1490524]]}},{"type":"Feature","id":1045190036,"properties":{"coach":"no","cycleway:both":"no","highway":"residential","lanes":"2","maxlength":"8","name":"Tryggvagata","oneway":"no","sidewalk:both":"yes","surface":"paving_stones","traffic_calming":"table","wikidata":"Q16429071","wikipedia":"is:Tryggvagata"},"geometry":{"type":"LineString","coordinates":[[-21.9413674,64.1491376],[-21.9414734,64.1491926],[-21.9415067,64.1492098]]}},{"type":"Feature","id":1264329599,"properties":{"coach":"no","highway":"residential","lanes":"2","maxlength":"8","maxspeed":"30","name":"Öldugata","parking:both":"lane","parking:both:charge":"220 ISK/hour","parking:both:fee":"no","parking:both:fee:conditional":"yes @ Mo-Fr 09:00-21:00; yes @ Sa-Su 10:00-21:00","parking:both:orientation":"parallel","parking:both:zone":"P2","surface":"asphalt"},"geometry":{"type":"LineString","coordinates":[[-21.9494953,64.1491201],[-21.9491367,64.1490521],[-21.9489842,64.1490239],[-21.9488439,64.148998],[-21.9487414,64.1489791],[-21.947644,64.1487764],[-21.9474661,64.1487435]]}},{"type":"Feature","id":1264329600,"properties":{"coach":"no","highway":"residential","lanes":"2","lit":"yes","maxlength":"8","maxspeed":"30","name":"Bárugata","parking:both":"lane","parking:both:charge":"220 ISK/hour","parking:both:fee":"no","parking:both:fee:conditional":"yes @ Mo-Fr 09:00-21:00; yes @ Sa-Su 10:00-21:00","parking:both:orientation":"parallel","parking:both:zone":"P2","sidewalk":"both","surface":"asphalt"},"geometry":{"type":"LineString","coordinates":[[-21.9486594,64.1495274],[-21.9485651,64.1495089],[-21.9471443,64.1492286],[-21.947021,64.1492037]]}},{"type":"Feature","id":1264329601,"properties":{"coach":"no","highway":"residential","lanes":"2","maxlength":"8","maxspeed":"30","name":"Ránargata","oneway":"no","parking:both":"lane","parking:both:charge":"220 ISK/hour","parking:both:fee":"no","parking:both:fee:conditional":"yes @ Mo-Fr 09:00-21:00; yes @ Sa-Su 10:00-21:00","parking:both:orientation":"parallel","parking:both:zone":"P2","surface":"asphalt","wikidata":"Q16424437","wikipedia":"is:Ránargata"},"geometry":{"type":"LineString","coordinates":[[-21.9481969,64.149988],[-21.9480966,64.1499691],[-21.9473441,64.1498275],[-21.9466603,64.1496988],[-21.9465605,64.14968]]}},{"type":"Feature","id":1300758963,"properties":{"bicycle":"designated","coach":"no","cycleway":"no","highway":"residential","maxlength":"8","maxspeed":"30","name":"Vesturgata","oneway":"yes","oneway:bicycle":"no","parking:left":"no","parking:right":"separate","sidewalk":"both","surface":"asphalt","wikidata":"Q16429960","wikipedia":"is:Vesturgata"},"geometry":{"type":"LineString","coordinates":[[-21.9461062,64.1501496],[-21.9459555,64.1501227],[-21.9442849,64.1498253]]}},{"type":"Feature","id":5170410,"properties":{"coach":"no","highway":"residential","lanes":"1","lit":"yes","maxlength":"8","maxspeed":"30","name":"Ljósvallagata","oneway":"yes","sidewalk":"both","surface":"asphalt","wikidata":"Q16420874","wikipedia":"is:Ljósvallagata"},"geometry":{"type":"LineString","coordinates":[[-21.9505155,64.1440518],[-21.9504231,64.1440885],[-21.9503935,64.1441117],[-21.9502595,64.1442196],[-21.9491651,64.1451012],[-21.9490062,64.1452293],[-21.9486999,64.145476]]}},{"type":"Feature","id":5170411,"properties":{"coach":"no","highway":"residential","lit":"yes","maxlength":"8","maxspeed":"30","name":"Ljósvallagata","sidewalk":"both","surface":"asphalt","wikidata":"Q16420874","wikipedia":"is:Ljósvallagata"},"geometry":{"type":"LineString","coordinates":[[-21.9486999,64.145476],[-21.948613,64.1455465],[-21.948194,64.1458879],[-21.9481266,64.1459428]]}},{"type":"Feature","id":5170416,"properties":{"bicycle":"designated","coach":"no","cycleway:both":"no","highway":"residential","lanes":"1","maxlength":"8","maxspeed":"30","name":"Ásvallagata","oneway":"yes","oneway:bicycle":"no","surface":"asphalt","wikidata":"Q122629812","wikipedia":"is:Ásvallagata"},"geometry":{"type":"LineString","coordinates":[[-21.9486999,64.145476],[-21.9488507,64.1455089],[-21.9508174,64.1459376],[-21.9509346,64.1459631],[-21.9511002,64.1459995],[-21.9527377,64.1463593],[-21.9533504,64.1466617]]}},{"type":"Feature","id":5170421,"properties":{"highway":"residential","maxspeed":"30","name":"Blómvallagata","surface":"paved"},"geometry":{"type":"LineString","coordinates":[[-21.951536,64.1454391],[-21.9514577,64.1455072]]}},{"type":"Feature","id":5170432,"properties":{"coach":"no","highway":"residential","lane_markings":"no","lanes":"2","lit":"yes","maxlength":"8","maxspeed":"30","name":"Sólvallagata","oneway":"no","surface":"asphalt","wikidata":"Q16428526","wikipedia":"is:Sólvallagata"},"geometry":{"type":"LineString","coordinates":[[-21.9481266,64.1459428],[-21.9482776,64.1459771],[-21.9485665,64.1460427],[-21.9502556,64.1464262],[-21.9503819,64.1464549],[-21.9505266,64.1464859],[-21.9517303,64.1467441],[-21.9524757,64.147078]]}},{"type":"Feature","id":5170453,"properties":{"coach":"no","highway":"residential","lanes":"2","maxlength":"8","maxspeed":"30","name":"Öldugata","surface":"asphalt"},"geometry":{"type":"LineString","coordinates":[[-21.9522408,64.1496963],[-21.9521424,64.1496525],[-21.9519964,64.1496068],[-21.9513077,64.1494585],[-21.9511329,64.1494208],[-21.9494953,64.1491201]]}},{"type":"Feature","id":5170473,"properties":{"bicycle":"designated","coach":"no","cycleway":"no","highway":"residential","lanes":"2","lit":"yes","maxlength":"8","maxspeed":"30","name":"Hávallagata","oneway":"yes","oneway:bicycle":"no","sidewalk":"both","surface":"asphalt","wikidata":"Q122630221","wikipedia":"is:Hávallagata"},"geometry":{"type":"LineString","coordinates":[[-21.9517299,64.1475821],[-21.9518839,64.1476466],[-21.9541826,64.1486145],[-21.9543096,64.1486664]]}},{"type":"Feature","id":5170508,"properties":{"bicycle":"designated","coach":"no","cycleway":"no","highway":"residential","lanes":"1","maxlength":"8","maxspeed":"30","name":"Hrannarstígur","oneway":"yes","oneway:bicycle":"no","parking:both":"separate","surface":"asphalt"},"geometry":{"type":"LineString","coordinates":[[-21.9503638,64.1480287],[-21.9504207,64.1480865],[-21.9504628,64.1481275],[-21.949961,64.148648],[-21.9497762,64.1488366],[-21.9495245,64.1490917],[-21.9494953,64.1491201]]}},{"type":"Feature","id":5170510,"properties":{"bicycle":"designated","coach":"no","cycleway":"no","highway":"residential","lanes":"2","maxlength":"8","maxspeed":"30","name":"Túngata","oneway":"yes","oneway:bicycle":"no","surface":"asphalt","wikidata":"Q16429308","wikipedia":"is:Túngata"},"geometry":{"type":"LineString","coordinates":[[-21.9504628,64.1481275],[-21.9506372,64.1481015],[-21.9507119,64.1480997],[-21.9507706,64.1481083],[-21.9521542,64.1485506],[-21.95227,64.1485876],[-21.953474,64.1489909],[-21.9535035,64.1490012],[-21.953583,64.1490288]]}},{"type":"Feature","id":5170514,"properties":{"coach":"no","highway":"residential","lanes":"2","maxlength":"8","maxspeed":"30","name":"Marargata","sidewalk":"both","surface":"asphalt","wikidata":"Q16421814","wikipedia":"is:Marargata"},"geometry":{"type":"LineString","coordinates":[[-21.949961,64.148648],[-21.9500859,64.1486724],[-21.9514885,64.1489372],[-21.9515941,64.1489572]]}},{"type":"Feature","id":5170536,"properties":{"coach":"no","highway":"residential","lanes":"1","maxlength":"8","maxspeed":"30","name":"Brávallagata","oneway":"yes","surface":"asphalt"},"geometry":{"type":"LineString","coordinates":[[-21.9515711,64.1445908],[-21.9514757,64.1446251],[-21.9510004,64.1448006],[-21.9504464,64.1452723],[-21.9514577,64.1455072]]}},{"type":"Feature","id":5972981,"properties":{"foot":"no","highway":"tertiary_link","lanes":"1","maxspeed":"40","name":"Birkimelur","oneway":"yes","surface":"asphalt"},"geometry":{"type":"LineString","coordinates":[[-21.9501005,64.1438457],[-21.9503727,64.143935],[-21.950503,64.1439495],[-21.950572,64.1439446]]}},{"type":"Feature","id":37347142,"properties":{"highway":"residential","maxspeed":"30","name":"Brávallagata","surface":"asphalt"},"geometry":{"type":"LineString","coordinates":[[-21.9533683,64.145522],[-21.953306,64.1455444],[-21.952973,64.145664],[-21.9527443,64.1457461],[-21.952711,64.1457581]]}},{"type":"Feature","id":84201294,"properties":{"addr:housenumber":"1A","addr:postcode":"101","addr:street":"Ljósvallagata","building":"shed","building:levels":"1","name":"Þjónustuhús","ref:HNITNUM":"10019177","roof:shape":"gabled","source:addr":"Staðfangaskrá","start_date":"1989"},"geometry":{"type":"LineString","coordinates":[[-21.9489831,64.1450664],[-21.9488883,64.1451413],[-21.9487651,64.1451117],[-21.9488598,64.1450368],[-21.9489831,64.1450664]]}},{"type":"Feature","id":87263880,"properties":{"addr:city":"Reykjavík","addr:housename":"Grund","addr:housenumber":"50","addr:postcode":"101","addr:street":"Hringbraut","amenity":"nursing_home","building":"yes","name":"Grund, dvalar- og hjúkrunarheimili","source":"Bing, Local knowledge","start_date":"1929"},"geometry":{"type":"LineString","coordinates":[[-21.9519494,64.1449727],[-21.9516514,64.145083],[-21.9518237,64.1451715],[-21.9518432,64.1451643],[-21.9519638,64.1452263],[-21.9519454,64.1452331],[-21.951966,64.1452437],[-21.952072,64.1452981],[-21.9521152,64.1453203],[-21.9524063,64.1452126],[-21.9525514,64.1452871],[-21.9523001,64.1453802],[-21.9525616,64.1455146],[-21.952527,64.1455274],[-21.9526635,64.1455975],[-21.9525521,64.1456388],[-21.9524154,64.1455685],[-21.9523873,64.145579],[-21.9521719,64.1454683],[-21.9521532,64.1454752],[-21.9521148,64.1454895],[-21.9520878,64.1454756],[-21.9520822,64.1454727],[-21.9520175,64.1454966],[-21.9518586,64.145415],[-21.9519154,64.145394],[-21.9517491,64.1453085],[-21.951714,64.1453215],[-21.9515891,64.1452573],[-21.9516337,64.1452408],[-21.9514745,64.1451589],[-21.9514135,64.1451815],[-21.951249,64.145097],[-21.9513674,64.1450531],[-21.9511049,64.1449182],[-21.9511284,64.1449095],[-21.9511001,64.144895],[-21.9512273,64.1448479],[-21.9512667,64.1448682],[-21.9512967,64.1448571],[-21.9515531,64.1449889],[-21.9518019,64.1448968],[-21.9519494,64.1449727]]}},{"type":"Feature","id":90165596,"properties":{"addr:housenumber":"3","addr:postcode":"101","addr:street":"Brávallagata","building":"yes","ref:HNITNUM":"10090404","source:addr":"Staðfangaskrá","start_date":"1937"},"geometry":{"type":"LineString","coordinates":[[-21.9514421,64.1454207],[-21.9507332,64.1452659],[-21.9507441,64.1452563],[-21.9506716,64.1452405],[-21.950978,64.1449737],[-21.9511088,64.1450022],[-21.9508953,64.1451881],[-21.9513341,64.1452839],[-21.9513031,64.1453109],[-21.951515,64.1453572],[-21.9514421,64.1454207]]}},{"type":"Feature","id":92625353,"properties":{"highway":"service","oneway":"no","service":"alley","surface":"gravel"},"geometry":{"type":"LineString","coordinates":[[-21.9538091,64.146498],[-21.9530725,64.1461164],[-21.9527142,64.145954]]}},{"type":"Feature","id":93894747,"properties":{"addr:city":"Reykjavík","addr:housenumber":"13","addr:postcode":"101","addr:street":"Túngata","alt_name":"Dómkirkja Krists Konungs","alt_name:en":"Christ the King Cathedral","amenity":"place_of_worship","architect":"Guðjón Samúelsson","basilica":"minor","building":"church","check_date":"2026-05-14","denomination":"roman_catholic","name":"Landakotskirkja","name:de":"Christ-König-Basilika","name:fr":"Cathédrale du Christ-Roi","ref:HNITNUM":"10024408","religion":"christian","service_times":"Mo-Fr 18:00; Mo 20:00; We 20:00; Fr 20:00; Sa 16:00, 18:00; Su 10:30, 13:00, 18:00","source:addr":"Staðfangaskrá","wikidata":"Q794242","wikimedia_commons":"Category:Landakotskirkja","wikipedia":"is:Basilíka Krists konungs"},"geometry":{"type":"LineString","coordinates":[[-21.9483928,64.1474695],[-21.9483528,64.1474689],[-21.9483643,64.1473286],[-21.9484253,64.1473295],[-21.9484562,64.1473111],[-21.9485003,64.1472987],[-21.9485516,64.147294],[-21.9485947,64.1472965],[-21.948634,64.1473045],[-21.9486661,64.1473172],[-21.948688,64.1473336],[-21.948739,64.1473344],[-21.9487275,64.1474747],[-21.9486729,64.1474739],[-21.9486639,64.1475835],[-21.9485991,64.1475825],[-21.9485942,64.1476432],[-21.9485191,64.147642],[-21.948444,64.1476408],[-21.9484489,64.1475802],[-21.9483839,64.1475792],[-21.9483928,64.1474695]]}},{"type":"Feature","id":98046269,"properties":{"addr:housenumber":"37","addr:postcode":"101","building":"apartments","building:levels":"5","start_date":"1942"},"geometry":{"type":"LineString","coordinates":[[-21.9512063,64.1441136],[-21.9509835,64.1439996],[-21.9509464,64.1439806],[-21.950979,64.1439685],[-21.9510249,64.1439514],[-21.951048,64.1439632],[-21.9511285,64.1439333],[-21.9513416,64.1440425],[-21.9512629,64.1440717],[-21.9512865,64.1440838],[-21.9512063,64.1441136]]}},{"type":"Feature","id":102511013,"properties":{"addr:housenumber":"16","addr:postcode":"101","addr:street":"Hávallagata","building":"yes"},"geometry":{"type":"LineString","coordinates":[[-21.949312,64.1471933],[-21.9494454,64.1470766],[-21.9492593,64.1470361],[-21.9491839,64.1471021],[-21.9491259,64.1471528],[-21.9491445,64.1471569],[-21.949312,64.1471933]]}},{"type":"Feature","id":102511015,"properties":{"building":"yes"},"geometry":{"type":"LineString","coordinates":[[-21.9492828,64.1473493],[-21.9492978,64.1472136],[-21.9491149,64.1472098],[-21.9490919,64.1472093],[-21.949077,64.1473449],[-21.9492828,64.1473493]]}},{"type":"Feature","id":102511016,"properties":{"addr:housenumber":"14","addr:postcode":"101","addr:street":"Hávallagata","building":"yes","ref:HNITNUM":"10001153","source:addr":"Staðfangaskrá","start_date":"1997"},"geometry":{"type":"LineString","coordinates":[[-21.9487698,64.1470303],[-21.9487753,64.1470251],[-21.9488315,64.1469713],[-21.9487016,64.1469455],[-21.9486399,64.1470046],[-21.9487698,64.1470303]]}},{"type":"Feature","id":102511019,"properties":{"addr:housenumber":"22","addr:postcode":"101","addr:street":"Hávallagata","building":"yes"},"geometry":{"type":"LineString","coordinates":[[-21.9504724,64.1474689],[-21.9505619,64.1474084],[-21.9508205,64.1474813],[-21.9506802,64.147576],[-21.9504383,64.1475079],[-21.9504082,64.1475283],[-21.9503282,64.1475057],[-21.9504092,64.1474511],[-21.9504724,64.1474689]]}},{"type":"Feature","id":102511021,"properties":{"addr:housenumber":"20","addr:postcode":"101","addr:street":"Hávallagata","building":"yes"},"geometry":{"type":"LineString","coordinates":[[-21.9502727,64.1474326],[-21.9503468,64.1473827],[-21.9503176,64.1473745],[-21.9503712,64.1473384],[-21.9502405,64.1473015],[-21.9502294,64.147309],[-21.950165,64.1472908],[-21.9500485,64.1473693],[-21.9502727,64.1474326]]}},{"type":"Feature","id":102511022,"properties":{"addr:housenumber":"14","addr:postcode":"101","addr:street":"Hávallagata","building":"yes"},"geometry":{"type":"LineString","coordinates":[[-21.9491216,64.1470887],[-21.9491969,64.1470224],[-21.9492107,64.1470103],[-21.9489299,64.1469496],[-21.9488408,64.147028],[-21.9491216,64.1470887]]}},{"type":"Feature","id":102511023,"properties":{"addr:city":"Reykjavík","addr:housenumber":"1","addr:postcode":"101","addr:street":"Hofsvallagata","building":"house","source":"Kaart Ground Survey 2017"},"geometry":{"type":"LineString","coordinates":[[-21.9507015,64.1478326],[-21.9508428,64.1477368],[-21.9506779,64.1476905],[-21.9506471,64.1476913],[-21.9506273,64.1477005],[-21.9506217,64.1477125],[-21.9506335,64.1477201],[-21.9506135,64.1477342],[-21.9505651,64.1477207],[-21.9505079,64.1477595],[-21.9505403,64.1477686],[-21.9504451,64.1478331],[-21.9505712,64.1478685],[-21.9506469,64.1478173],[-21.9507015,64.1478326]]}},{"type":"Feature","id":102511025,"properties":{"building":"yes"},"geometry":{"type":"LineString","coordinates":[[-21.9491149,64.1472098],[-21.9491445,64.1471569],[-21.949312,64.1471933],[-21.9492978,64.1472136],[-21.9491149,64.1472098]]}},{"type":"Feature","id":102511026,"properties":{"addr:city":"Reykjavík","addr:housenumber":"24","addr:postcode":"101","addr:street":"Hávallagata","building":"apartments","source":"Kaart Ground Survey 2017"},"geometry":{"type":"LineString","coordinates":[[-21.9511274,64.14768],[-21.9512493,64.1476005],[-21.951052,64.147543],[-21.9509988,64.1475777],[-21.9509734,64.1475703],[-21.9509048,64.1476151],[-21.9511274,64.14768]]}},{"type":"Feature","id":102511027,"properties":{"addr:housenumber":"15","addr:postcode":"101","addr:street":"Túngata","building":"yes","ref:HNITNUM":"10024407","source:addr":"Staðfangaskrá","wikidata":"Q6484299","wikipedia":"is:Landakotsskóli"},"geometry":{"type":"LineString","coordinates":[[-21.9494555,64.1478733],[-21.9494582,64.1478568],[-21.9495757,64.1478599],[-21.949577,64.1478507],[-21.9497366,64.1478549],[-21.9497349,64.147867],[-21.9498278,64.1478695],[-21.9498415,64.1477709],[-21.9497995,64.14777],[-21.9498241,64.1476024],[-21.9498561,64.1476033],[-21.9498555,64.1476076],[-21.9502116,64.1476164],[-21.950223,64.1475287],[-21.9501099,64.1475259],[-21.9501123,64.1475005],[-21.9498776,64.1474964],[-21.9498776,64.1475046],[-21.9498307,64.147504],[-21.9498427,64.1474403],[-21.9495759,64.1473619],[-21.9495531,64.1474964],[-21.9495016,64.1474945],[-21.9495036,64.1474798],[-21.9491495,64.1474707],[-21.9491376,64.1475593],[-21.9494916,64.1475684],[-21.949651,64.1475724],[-21.9496485,64.1475975],[-21.9496175,64.1475966],[-21.9496063,64.1476735],[-21.9495536,64.147672],[-21.949549,64.1477036],[-21.9496017,64.147705],[-21.949593,64.1477643],[-21.9496197,64.147765],[-21.9496162,64.1477907],[-21.9494699,64.1477862],[-21.9491035,64.1477746],[-21.949089,64.1478618],[-21.9494555,64.1478733]]}},{"type":"Feature","id":102511028,"properties":{"building":"yes"},"geometry":{"type":"LineString","coordinates":[[-21.9491969,64.1470224],[-21.9492593,64.1470361],[-21.9491839,64.1471021],[-21.9491216,64.1470887],[-21.9491969,64.1470224]]}},{"type":"Feature","id":102511029,"properties":{"building":"shed"},"geometry":{"type":"LineString","coordinates":[[-21.9494967,64.1472596],[-21.9496295,64.1471426],[-21.9496027,64.1471368],[-21.9496067,64.1471309],[-21.9495396,64.1471291],[-21.9495329,64.1471742],[-21.9494686,64.1471718],[-21.9494605,64.1471993],[-21.9493961,64.147197],[-21.9493881,64.1472566],[-21.9494967,64.1472596]]}},{"type":"Feature","id":102511031,"properties":{"addr:housenumber":"18","addr:postcode":"101","addr:street":"Hávallagata","building":"apartments"},"geometry":{"type":"LineString","coordinates":[[-21.9499162,64.1473386],[-21.9496991,64.1472765],[-21.9497665,64.1472318],[-21.949789,64.1472382],[-21.9498475,64.1471994],[-21.9499438,64.147227],[-21.9499345,64.1472332],[-21.9499991,64.1472517],[-21.9499601,64.1472775],[-21.9499939,64.1472872],[-21.9499508,64.1473158],[-21.9500555,64.1473458],[-21.9499809,64.1473952],[-21.9498762,64.1473651],[-21.9499162,64.1473386]]}},{"type":"Feature","id":102513510,"properties":{"addr:housenumber":"19","addr:postcode":"101","addr:street":"Öldugata","building":"house","building:use":"kindergarten"},"geometry":{"type":"LineString","coordinates":[[-21.9482875,64.1488429],[-21.9483664,64.1487613],[-21.9480704,64.1487068],[-21.9480276,64.1487511],[-21.9480996,64.1487643],[-21.9480635,64.1488016],[-21.9482875,64.1488429]]}},{"type":"Feature","id":102513511,"properties":{"addr:city":"Reykjavík","addr:housenumber":"23","addr:postcode":"101","addr:street":"Öldugata","building":"yes","source":"Kaart Ground Survey 2017","start_date":"1898"},"geometry":{"type":"LineString","coordinates":[[-21.9492554,64.1490239],[-21.949325,64.1489562],[-21.9492417,64.14894],[-21.9492558,64.1489263],[-21.949179,64.1489113],[-21.9491649,64.1489249],[-21.9490451,64.1489015],[-21.9489755,64.1489692],[-21.9490767,64.148989],[-21.949065,64.1490003],[-21.94915,64.149017],[-21.9491617,64.1490056],[-21.9492554,64.1490239]]}},{"type":"Feature","id":102640165,"properties":{"addr:housenumber":"10","addr:postcode":"101","addr:street":"Sólvallagata","building":"detached"},"geometry":{"type":"LineString","coordinates":[[-21.9499215,64.1466065],[-21.9499538,64.1465786],[-21.9500037,64.1465896],[-21.9500401,64.1465581],[-21.949995,64.1465481],[-21.9500287,64.1465191],[-21.9498066,64.1464702],[-21.9497042,64.1465587],[-21.9499215,64.1466065]]}},{"type":"Feature","id":102640166,"properties":{"addr:housenumber":"15","addr:postcode":"101","building":"yes"},"geometry":{"type":"LineString","coordinates":[[-21.9492445,64.1468238],[-21.949326,64.1467505],[-21.9491347,64.14671],[-21.9490532,64.1467833],[-21.9492445,64.1468238]]}},{"type":"Feature","id":102640169,"properties":{"addr:housenumber":"13","addr:postcode":"101","addr:street":"Hávallagata","building":"yes"},"geometry":{"type":"LineString","coordinates":[[-21.9489042,64.1467517],[-21.9490063,64.1466616],[-21.9489292,64.146645],[-21.9489423,64.1466335],[-21.9488517,64.1466139],[-21.948834,64.1466295],[-21.9487372,64.1466086],[-21.9486397,64.1466946],[-21.9489042,64.1467517]]}},{"type":"Feature","id":102640170,"properties":{"addr:city":"Reykjavík","addr:housenumber":"17","addr:postcode":"101","addr:street":"Hávallagata","building":"residential","building:levels":"4"},"geometry":{"type":"LineString","coordinates":[[-21.949645,64.1469246],[-21.9497466,64.1468357],[-21.949519,64.1467863],[-21.9494174,64.1468751],[-21.949645,64.1469246]]}},{"type":"Feature","id":102640171,"properties":{"addr:housenumber":"11","addr:postcode":"101","addr:street":"Hávallagata","building":"yes"},"geometry":{"type":"LineString","coordinates":[[-21.94849,64.1466648],[-21.9485349,64.1466237],[-21.9485585,64.1466286],[-21.9486037,64.1465872],[-21.9485267,64.1465712],[-21.9485354,64.1465631],[-21.9484395,64.1465433],[-21.9484267,64.146555],[-21.9483597,64.1465412],[-21.9482738,64.14662],[-21.94849,64.1466648]]}},{"type":"Feature","id":102640172,"properties":{"addr:housenumber":"8","addr:postcode":"101","addr:street":"Sólvallagata","building":"yes"},"geometry":{"type":"LineString","coordinates":[[-21.9494967,64.1464993],[-21.9495544,64.1464525],[-21.9495222,64.1464449],[-21.9495627,64.1464128],[-21.949368,64.1463689],[-21.9492661,64.1464496],[-21.9493546,64.1464683],[-21.9493251,64.146494],[-21.9493988,64.146511],[-21.9494288,64.1464847],[-21.9494967,64.1464993]]}},{"type":"Feature","id":102640173,"properties":{"addr:housenumber":"6","addr:postcode":"101","addr:street":"Sólvallagata","building":"yes"},"geometry":{"type":"LineString","coordinates":[[-21.949078,64.1464163],[-21.9491778,64.1463289],[-21.9489083,64.1462704],[-21.9488085,64.1463578],[-21.949078,64.1464163]]}},{"type":"Feature","id":102640176,"properties":{"addr:housenumber":"4","addr:postcode":"101","addr:street":"Sólvallagata","building":"detached"},"geometry":{"type":"LineString","coordinates":[[-21.9486622,64.1463211],[-21.948751,64.1462405],[-21.9485436,64.146197],[-21.9484549,64.1462776],[-21.9486622,64.1463211]]}},{"type":"Feature","id":102640177,"properties":{"addr:housenumber":"2","addr:postcode":"101","addr:street":"Sólvallagata","building":"detached"},"geometry":{"type":"LineString","coordinates":[[-21.9482458,64.1462349],[-21.9483351,64.1461586],[-21.9481319,64.1461133],[-21.9480426,64.1461896],[-21.9482458,64.1462349]]}},{"type":"Feature","id":102640206,"properties":{"addr:housenumber":"14","addr:postcode":"101","addr:street":"Sólvallagata","building":"yes"},"geometry":{"type":"LineString","coordinates":[[-21.9510165,64.146912],[-21.9511214,64.1468217],[-21.9510455,64.1468049],[-21.9510564,64.1467955],[-21.9509588,64.1467739],[-21.9509478,64.1467834],[-21.9508527,64.1467624],[-21.9507478,64.1468526],[-21.9510165,64.146912]]}},{"type":"Feature","id":102640207,"properties":{"addr:city":"Reykjavík","addr:housenumber":"33","addr:postcode":"101","addr:street":"Hávallagata","building":"apartments","source":"Kaart Ground Survey 2017"},"geometry":{"type":"LineString","coordinates":[[-21.9515211,64.1474411],[-21.9516732,64.1474863],[-21.9517698,64.1474244],[-21.9516177,64.1473792],[-21.9515211,64.1474411]]}},{"type":"Feature","id":102640208,"properties":{"addr:housenumber":"16","addr:postcode":"101","addr:street":"Sólvallagata","building":"yes"},"geometry":{"type":"LineString","coordinates":[[-21.951163,64.1469522],[-21.9512723,64.1468455],[-21.9513261,64.146856],[-21.9513179,64.146864],[-21.9513888,64.1468778],[-21.9513946,64.1468721],[-21.9514292,64.1468788],[-21.9514282,64.1468927],[-21.9514178,64.1469028],[-21.9514588,64.1469108],[-21.9514304,64.1469385],[-21.9513868,64.14693],[-21.9513689,64.1469475],[-21.9512638,64.146927],[-21.9512255,64.1469644],[-21.951163,64.1469522]]}},{"type":"Feature","id":102640209,"properties":{"addr:housenumber":"20","addr:postcode":"101","addr:street":"Sólvallagata","building":"yes"},"geometry":{"type":"LineString","coordinates":[[-21.9518452,64.1471949],[-21.9520029,64.1471297],[-21.9518613,64.1470646],[-21.9517036,64.1471297],[-21.9518452,64.1471949]]}},{"type":"Feature","id":102640210,"properties":{"addr:city":"Reykjavík","addr:housenumber":"22","addr:postcode":"101","addr:street":"Sólvallagata","building":"house","source":"Kaart Ground Survey 2017"},"geometry":{"type":"LineString","coordinates":[[-21.9521146,64.1473057],[-21.9519764,64.1472391],[-21.9521101,64.1471864],[-21.9522482,64.1472531],[-21.9521146,64.1473057]]}},{"type":"Feature","id":102640211,"properties":{"addr:housenumber":"21","addr:postcode":"101","addr:street":"Hávallagata","building":"yes"},"geometry":{"type":"LineString","coordinates":[[-21.9504445,64.1471412],[-21.9505359,64.1470803],[-21.9505383,64.1470787],[-21.9505312,64.1470767],[-21.9504367,64.1470497],[-21.9504491,64.1470414],[-21.950374,64.14702],[-21.9503616,64.1470283],[-21.9503524,64.1470257],[-21.9502586,64.1470882],[-21.9504445,64.1471412]]}},{"type":"Feature","id":102640212,"properties":{"addr:housenumber":"18","addr:postcode":"101","addr:street":"Sólvallagata","building":"yes"},"geometry":{"type":"LineString","coordinates":[[-21.9516388,64.1470853],[-21.9517832,64.1470258],[-21.9516161,64.1469487],[-21.9514717,64.1470082],[-21.9516388,64.1470853]]}},{"type":"Feature","id":102640213,"properties":{"addr:housenumber":"29","addr:postcode":"101","addr:street":"Hávallagata","building":"yes"},"geometry":{"type":"LineString","coordinates":[[-21.9511987,64.1472757],[-21.9511114,64.1473316],[-21.9512604,64.1473758],[-21.9513476,64.1473199],[-21.9511987,64.1472757]]}},{"type":"Feature","id":102640214,"properties":{"addr:housenumber":"12","addr:postcode":"101","addr:street":"Sólvallagata","building":"yes"},"geometry":{"type":"LineString","coordinates":[[-21.9504696,64.1468444],[-21.9505211,64.1467982],[-21.9503302,64.1467578],[-21.9503706,64.1467215],[-21.9503336,64.1467136],[-21.9503594,64.1466904],[-21.9503961,64.1466982],[-21.9504375,64.146661],[-21.9507376,64.1467245],[-21.9506833,64.1467732],[-21.9507084,64.1467785],[-21.9506611,64.146821],[-21.9507077,64.1468309],[-21.9506809,64.1468549],[-21.9506179,64.1469116],[-21.9503831,64.1468619],[-21.9503999,64.1468468],[-21.950416,64.1468405],[-21.9504293,64.1468387],[-21.9504432,64.1468388],[-21.9504696,64.1468444]]}},{"type":"Feature","id":102640215,"properties":{"addr:housenumber":"2","addr:postcode":"101","addr:street":"Blómvallagata","building":"house"},"geometry":{"type":"LineString","coordinates":[[-21.9501686,64.1470601],[-21.9500432,64.1470234],[-21.9500459,64.1470217],[-21.9499735,64.1470005],[-21.9500249,64.1469671],[-21.9500484,64.146974],[-21.9501105,64.1469336],[-21.9502471,64.1469736],[-21.950198,64.1470055],[-21.9502212,64.1470123],[-21.9503116,64.1469536],[-21.9503738,64.1469718],[-21.9502705,64.1470389],[-21.9502227,64.147025],[-21.9501686,64.1470601]]}},{"type":"Feature","id":102640216,"properties":{"addr:housenumber":"25","addr:postcode":"101","addr:street":"Hávallagata","building":"yes"},"geometry":{"type":"LineString","coordinates":[[-21.9507043,64.1472157],[-21.9508563,64.14726],[-21.9509479,64.1472002],[-21.9507958,64.1471559],[-21.9507043,64.1472157]]}},{"type":"Feature","id":102640534,"properties":{"leisure":"pitch","sport":"soccer","surface":"artificial_turf"},"geometry":{"type":"LineString","coordinates":[[-21.9488096,64.1488451],[-21.948897,64.1487534],[-21.9485248,64.148686],[-21.9484374,64.1487777],[-21.9488096,64.1488451]]}},{"type":"Feature","id":102640535,"properties":{"highway":"service","service":"parking_aisle","surface":"asphalt"},"geometry":{"type":"LineString","coordinates":[[-21.9497762,64.1488366],[-21.9496277,64.148806],[-21.9494574,64.1487738],[-21.9491251,64.1487111],[-21.9493028,64.1485175],[-21.9497006,64.1485259],[-21.9494574,64.1487738]]}},{"type":"Feature","id":103169771,"properties":{"building":"garage","start_date":"1992"},"geometry":{"type":"LineString","coordinates":[[-21.9483463,64.1491227],[-21.9484146,64.1490502],[-21.9482768,64.1490255],[-21.9482084,64.149098],[-21.9483463,64.1491227]]}},{"type":"Feature","id":103169772,"properties":{"addr:housenumber":"13","addr:postcode":"101","building":"yes"},"geometry":{"type":"LineString","coordinates":[[-21.9486934,64.1493332],[-21.9486943,64.1493323],[-21.94879,64.1492373],[-21.9485898,64.1492008],[-21.9485439,64.1492475],[-21.9485164,64.1492422],[-21.9484708,64.1492934],[-21.9486934,64.1493332]]}},{"type":"Feature","id":103169778,"properties":{"addr:housenumber":"23","addr:postcode":"101","building":"yes"},"geometry":{"type":"LineString","coordinates":[[-21.9482797,64.1493866],[-21.9483446,64.1493199],[-21.9481576,64.1492853],[-21.9480927,64.149352],[-21.9482797,64.1493866]]}},{"type":"Feature","id":103169781,"properties":{"addr:housenumber":"11","addr:postcode":"101","building":"yes","start_date":"1902"},"geometry":{"type":"LineString","coordinates":[[-21.9485856,64.1494524],[-21.9486526,64.1493812],[-21.9484697,64.1493485],[-21.9484027,64.1494196],[-21.9485856,64.1494524]]}},{"type":"Feature","id":103169782,"properties":{"addr:housenumber":"15","addr:postcode":"101","building":"yes","start_date":"1901"},"geometry":{"type":"LineString","coordinates":[[-21.9486762,64.1490384],[-21.9486033,64.1491144],[-21.9485201,64.1490993],[-21.9484903,64.1491304],[-21.9483958,64.1491132],[-21.9484984,64.149006],[-21.9486762,64.1490384]]}},{"type":"Feature","id":103170691,"properties":{"addr:housenumber":"7","addr:postcode":"101","building":"yes"},"geometry":{"type":"LineString","coordinates":[[-21.9482751,64.1497762],[-21.9483473,64.1496973],[-21.9482045,64.1496725],[-21.9481324,64.1497513],[-21.9482751,64.1497762]]}},{"type":"Feature","id":103170702,"properties":{"addr:housenumber":"9","addr:postcode":"101","building":"yes"},"geometry":{"type":"LineString","coordinates":[[-21.9483799,64.1496409],[-21.9484578,64.1495615],[-21.9482694,64.1495263],[-21.9481915,64.1496057],[-21.9483799,64.1496409]]}},{"type":"Feature","id":103172207,"properties":{"addr:housenumber":"17","addr:postcode":"101","addr:street":"Sólvallagata","building":"yes"},"geometry":{"type":"LineString","coordinates":[[-21.951888,64.1466685],[-21.9519797,64.1465903],[-21.951793,64.1465486],[-21.9517463,64.1465885],[-21.9517263,64.146584],[-21.951689,64.1466158],[-21.9517153,64.1466217],[-21.9517076,64.1466283],[-21.951888,64.1466685]]}},{"type":"Feature","id":103172209,"properties":{"addr:housenumber":"8","addr:postcode":"101","addr:street":"Ásvallagata","building":"yes"},"geometry":{"type":"LineString","coordinates":[[-21.9497886,64.1459021],[-21.9497441,64.1458918],[-21.9497728,64.1458682],[-21.9496958,64.1458504],[-21.9496954,64.1458421],[-21.9496871,64.1458347],[-21.9496724,64.1458296],[-21.9496549,64.1458276],[-21.9496371,64.145829],[-21.949622,64.1458334],[-21.9496113,64.1458309],[-21.9495203,64.1459059],[-21.9495289,64.1459079],[-21.9495063,64.1459264],[-21.9496157,64.1459517],[-21.9496394,64.1459322],[-21.9497274,64.1459525],[-21.9497886,64.1459021]]}},{"type":"Feature","id":103172210,"properties":{"addr:housenumber":"18","addr:postcode":"101","addr:street":"Ásvallagata","building":"yes"},"geometry":{"type":"LineString","coordinates":[[-21.9517731,64.1463821],[-21.95185,64.1463157],[-21.9516823,64.1462788],[-21.9516054,64.1463451],[-21.9517731,64.1463821]]}},{"type":"Feature","id":103172213,"properties":{"addr:housenumber":"13","addr:postcode":"101","addr:street":"Sólvallagata","building":"yes"},"geometry":{"type":"LineString","coordinates":[[-21.9513265,64.14654],[-21.9513797,64.146493],[-21.9512924,64.1464742],[-21.9513112,64.1464575],[-21.9511291,64.1464183],[-21.9510481,64.1464899],[-21.9511129,64.1465039],[-21.9510898,64.1465242],[-21.9511533,64.1465379],[-21.9511763,64.1465175],[-21.9512351,64.1465302],[-21.9512441,64.1465222],[-21.9513265,64.14654]]}},{"type":"Feature","id":103172214,"properties":{"addr:housenumber":"7A","addr:postcode":"101","addr:street":"Sólvallagata","building":"yes","ref:HNITNUM":"10019406","source:addr":"Staðfangaskrá"},"geometry":{"type":"LineString","coordinates":[[-21.9497859,64.1462213],[-21.9499487,64.1462575],[-21.9500408,64.1461787],[-21.949878,64.1461426],[-21.9497859,64.1462213]]}},{"type":"Feature","id":103172215,"properties":{"addr:housenumber":"4","addr:postcode":"101","addr:street":"Ásvallagata","building":"yes"},"geometry":{"type":"LineString","coordinates":[[-21.9491121,64.1458418],[-21.9492192,64.1457503],[-21.9490277,64.1457076],[-21.9489206,64.1457991],[-21.9491121,64.1458418]]}},{"type":"Feature","id":103172217,"properties":{"addr:housenumber":"14","addr:postcode":"101","addr:street":"Ásvallagata","building":"yes","start_date":"1928"},"geometry":{"type":"LineString","coordinates":[[-21.9511031,64.1462528],[-21.9511913,64.1461737],[-21.9509837,64.1461297],[-21.9508956,64.1462088],[-21.9511031,64.1462528]]}},{"type":"Feature","id":103172219,"properties":{"addr:housenumber":"21","addr:postcode":"101","addr:street":"Sólvallagata","building":"yes"},"geometry":{"type":"LineString","coordinates":[[-21.952346,64.1468935],[-21.9524966,64.1468324],[-21.9523507,64.146764],[-21.9522001,64.1468251],[-21.952346,64.1468935]]}},{"type":"Feature","id":103172220,"properties":{"addr:housenumber":"20","addr:postcode":"101","addr:street":"Ásvallagata","building":"yes"},"geometry":{"type":"LineString","coordinates":[[-21.9521581,64.1465046],[-21.9522701,64.1464105],[-21.952258,64.1464084],[-21.952258,64.1464005],[-21.952197,64.1463871],[-21.9521782,64.1463914],[-21.952089,64.1463716],[-21.952089,64.1463631],[-21.9520233,64.1463473],[-21.9520032,64.1463537],[-21.9519402,64.1464064],[-21.9519221,64.1464028],[-21.9518811,64.1464366],[-21.9520635,64.1464786],[-21.9520635,64.1464838],[-21.952079,64.1464871],[-21.9520897,64.146495],[-21.9521306,64.1465034],[-21.9521433,64.1465011],[-21.9521581,64.1465046]]}},{"type":"Feature","id":103172222,"properties":{"addr:housenumber":"22","addr:postcode":"101","addr:street":"Ásvallagata","building":"yes"},"geometry":{"type":"LineString","coordinates":[[-21.9524968,64.1465825],[-21.9525369,64.1465556],[-21.9525603,64.1465623],[-21.9526015,64.1465347],[-21.9525784,64.1465282],[-21.9526233,64.1464981],[-21.9524402,64.1464461],[-21.9523141,64.1465306],[-21.9524968,64.1465825]]}},{"type":"Feature","id":103172224,"properties":{"addr:housenumber":"6","addr:postcode":"101","addr:street":"Ásvallagata","building":"yes"},"geometry":{"type":"LineString","coordinates":[[-21.9494152,64.1458806],[-21.9495009,64.1458075],[-21.9493154,64.1457661],[-21.9492297,64.1458392],[-21.9494152,64.1458806]]}},{"type":"Feature","id":103172225,"properties":{"addr:housenumber":"16","addr:postcode":"101","addr:street":"Ásvallagata","building":"yes"},"geometry":{"type":"LineString","coordinates":[[-21.9512282,64.146295],[-21.95135,64.1463226],[-21.9514477,64.1462405],[-21.9513258,64.1462129],[-21.9512282,64.146295]]}},{"type":"Feature","id":103172226,"properties":{"addr:city":"Reykjavík","addr:housenumber":"25","addr:postcode":"101","addr:street":"Sólvallagata","building":"apartments","source":"Kaart Ground Survey 2017"},"geometry":{"type":"LineString","coordinates":[[-21.9529091,64.1470796],[-21.9530314,64.1470202],[-21.9528798,64.1469608],[-21.9527521,64.1470229],[-21.9527805,64.147034],[-21.9527258,64.1470606],[-21.9528134,64.1470949],[-21.9528736,64.1470656],[-21.9529091,64.1470796]]}},{"type":"Feature","id":103172227,"properties":{"building":"yes"},"geometry":{"type":"LineString","coordinates":[[-21.9521665,64.1466412],[-21.9522919,64.1465685],[-21.9522224,64.1465457],[-21.9522099,64.1465416],[-21.9520846,64.1466143],[-21.9521665,64.1466412]]}},{"type":"Feature","id":103172228,"properties":{"addr:housenumber":"15","addr:postcode":"101","addr:street":"Sólvallagata","building":"yes"},"geometry":{"type":"LineString","coordinates":[[-21.9515795,64.1466038],[-21.9516685,64.146526],[-21.9514743,64.1464837],[-21.9513853,64.1465614],[-21.9515795,64.1466038]]}},{"type":"Feature","id":103172229,"properties":{"addr:housenumber":"9","addr:postcode":"101","addr:street":"Sólvallagata","building":"yes"},"geometry":{"type":"LineString","coordinates":[[-21.9503736,64.1463392],[-21.9505286,64.1462121],[-21.9503958,64.1461813],[-21.950338,64.1462288],[-21.9502618,64.1462112],[-21.9501647,64.1462908],[-21.9503736,64.1463392]]}},{"type":"Feature","id":103172230,"properties":{"addr:housenumber":"10A","addr:postcode":"101","addr:street":"Ásvallagata","building":"yes","ref:HNITNUM":"10007325","source:addr":"Staðfangaskrá"},"geometry":{"type":"LineString","coordinates":[[-21.9500236,64.146032],[-21.9501903,64.1460686],[-21.9502848,64.1459866],[-21.9501183,64.1459501],[-21.9500236,64.146032]]}},{"type":"Feature","id":103172231,"properties":{"addr:housenumber":"12","addr:postcode":"101","addr:street":"Ásvallagata","building":"yes"},"geometry":{"type":"LineString","coordinates":[[-21.9503099,64.1460836],[-21.9504627,64.1461166],[-21.9505599,64.1460311],[-21.9504071,64.1459981],[-21.9503099,64.1460836]]}},{"type":"Feature","id":103172232,"properties":{"addr:housenumber":"19","addr:postcode":"101","addr:street":"Sólvallagata","building":"yes"},"geometry":{"type":"LineString","coordinates":[[-21.9521052,64.1467805],[-21.9522583,64.1467202],[-21.9521219,64.1466543],[-21.9519689,64.1467146],[-21.9521052,64.1467805]]}},{"type":"Feature","id":103172233,"properties":{"addr:housenumber":"11","addr:postcode":"101","addr:street":"Sólvallagata","building":"yes"},"geometry":{"type":"LineString","coordinates":[[-21.9509104,64.1464579],[-21.951008,64.1463718],[-21.950855,64.1463388],[-21.950891,64.146307],[-21.9507908,64.1462853],[-21.9506571,64.1464033],[-21.9509104,64.1464579]]}},{"type":"Feature","id":103172234,"properties":{"addr:housenumber":"26","addr:postcode":"101","addr:street":"Ásvallagata","building":"yes"},"geometry":{"type":"LineString","coordinates":[[-21.9531475,64.1467433],[-21.9529743,64.1466608],[-21.9528683,64.146703],[-21.9528816,64.1467093],[-21.9527713,64.1467534],[-21.9529313,64.1468296],[-21.9531475,64.1467433]]}},{"type":"Feature","id":103172235,"properties":{"addr:housenumber":"24","addr:postcode":"101","addr:street":"Ásvallagata","building":"yes"},"geometry":{"type":"LineString","coordinates":[[-21.9526932,64.1467162],[-21.9529057,64.146631],[-21.9527519,64.146558],[-21.9526928,64.1465817],[-21.9526807,64.146576],[-21.9526128,64.1466032],[-21.9526411,64.1466167],[-21.9525557,64.1466509],[-21.9526932,64.1467162]]}},{"type":"Feature","id":103172237,"properties":{"addr:housenumber":"5A","addr:postcode":"101","addr:street":"Sólvallagata","building":"yes","ref:HNITNUM":"10019403","source:addr":"Staðfangaskrá"},"geometry":{"type":"LineString","coordinates":[[-21.9493311,64.1461337],[-21.9495087,64.1461732],[-21.9495964,64.1460982],[-21.9494188,64.1460587],[-21.9493311,64.1461337]]}},{"type":"Feature","id":103172238,"properties":{"building":"yes"},"geometry":{"type":"LineString","coordinates":[[-21.9523197,64.1464651],[-21.952256,64.1464502],[-21.9521668,64.1465277],[-21.9522099,64.1465416],[-21.9522224,64.1465457],[-21.9523197,64.1464651]]}},{"type":"Feature","id":103172239,"properties":{"addr:housenumber":"3","addr:postcode":"101","addr:street":"Sólvallagata","building":"yes"},"geometry":{"type":"LineString","coordinates":[[-21.9490649,64.1460655],[-21.9491557,64.1459884],[-21.9488957,64.1459301],[-21.9488049,64.1460072],[-21.9490649,64.1460655]]}},{"type":"Feature","id":103172240,"properties":{"addr:housenumber":"23","addr:postcode":"101","building":"yes","note":"housenumber extrapolated from surrounding buildings, please resurvey and then delete this note"},"geometry":{"type":"LineString","coordinates":[[-21.952621,64.1470168],[-21.9527944,64.1469312],[-21.9526357,64.14687],[-21.9525055,64.1469342],[-21.9525842,64.1469646],[-21.952541,64.1469859],[-21.952621,64.1470168]]}},{"type":"Feature","id":103172241,"properties":{"addr:housenumber":"1","addr:postcode":"101","addr:street":"Sólvallagata","building":"detached","building:levels":"2","roof:levels":"1","roof:shape":"half-hipped"},"geometry":{"type":"LineString","coordinates":[[-21.9484495,64.1459316],[-21.9485376,64.1458595],[-21.9486841,64.1458936],[-21.948596,64.1459656],[-21.9484495,64.1459316]]}},{"type":"Feature","id":103172242,"properties":{"addr:housenumber":"2","addr:postcode":"101","addr:street":"Ásvallagata","building":"apartments","building:levels":"3","roof:levels":"1","roof:shape":"gabled"},"geometry":{"type":"LineString","coordinates":[[-21.9488249,64.145769],[-21.9489249,64.1456825],[-21.9487644,64.1456472],[-21.9486644,64.1457337],[-21.9488249,64.145769]]}},{"type":"Feature","id":103222609,"properties":{"addr:housenumber":"40","addr:postcode":"101","addr:street":"Brávallagata","building":"yes","social_facility":"assisted_living","social_facility:for":"senior","start_date":"1953"},"geometry":{"type":"LineString","coordinates":[[-21.9522268,64.1458745],[-21.9523203,64.1457928],[-21.9525035,64.1458344],[-21.9524492,64.1458817],[-21.9524847,64.1458905],[-21.9524464,64.1459236],[-21.9522268,64.1458745]]}},{"type":"Feature","id":103222610,"properties":{"addr:housenumber":"21","addr:postcode":"101","addr:street":"Ásvallagata","building":"yes","start_date":"1932"},"geometry":{"type":"LineString","coordinates":[[-21.9516309,64.1460625],[-21.951436,64.14602],[-21.9514371,64.146019],[-21.951488,64.1459745],[-21.9515148,64.1459511],[-21.9517097,64.1459936],[-21.9516309,64.1460625]]}},{"type":"Feature","id":103222611,"properties":{"addr:housenumber":"12","addr:postcode":"101","addr:street":"Blómvallagata","building":"yes","start_date":"1945"},"geometry":{"type":"LineString","coordinates":[[-21.9514772,64.1458046],[-21.9514868,64.1457961],[-21.951572,64.1457206],[-21.9516308,64.1457332],[-21.9517136,64.1456597],[-21.9514992,64.1456137],[-21.9514925,64.1456196],[-21.95148,64.1456169],[-21.9514368,64.1456553],[-21.9514504,64.1456582],[-21.9513319,64.1457633],[-21.9513227,64.1457715],[-21.9514772,64.1458046]]}},{"type":"Feature","id":103222620,"properties":{"addr:housenumber":"27","addr:postcode":"101","addr:street":"Ásvallagata","building":"yes","start_date":"1929"},"geometry":{"type":"LineString","coordinates":[[-21.9522156,64.1461898],[-21.9520207,64.1461474],[-21.9521043,64.1460744],[-21.9522992,64.1461168],[-21.9522156,64.1461898]]}},{"type":"Feature","id":103222621,"properties":{"building":"yes","layer":"2","start_date":"2005"},"geometry":{"type":"LineString","coordinates":[[-21.9521282,64.1455711],[-21.9521532,64.1454752],[-21.9521148,64.1454895],[-21.9520878,64.1454756],[-21.9520757,64.1455109],[-21.9520635,64.1455656],[-21.952045,64.1455711],[-21.9520277,64.1455827],[-21.9520261,64.1455965],[-21.9520364,64.1456056],[-21.9520405,64.1456089],[-21.9520671,64.1456164],[-21.9520936,64.145617],[-21.9520988,64.1456171],[-21.9521271,64.1456108],[-21.9521444,64.1455992],[-21.952146,64.1455854],[-21.9521316,64.1455731],[-21.9521282,64.1455711]]}},{"type":"Feature","id":103222622,"properties":{"addr:housenumber":"23","addr:postcode":"101","addr:street":"Ásvallagata","building":"yes","start_date":"1928"},"geometry":{"type":"LineString","coordinates":[[-21.9518258,64.1461049],[-21.9516309,64.1460625],[-21.9517145,64.1459895],[-21.9519094,64.1460319],[-21.9518258,64.1461049]]}},{"type":"Feature","id":103222623,"properties":{"addr:city":"Reykjavík","addr:housenumber":"35","addr:postcode":"101","addr:street":"Ásvallagata","architect":"Gunnlaugur Halldórsson","building":"yes","start_date":"1937"},"geometry":{"type":"LineString","coordinates":[[-21.9530366,64.1464199],[-21.9528402,64.1463259],[-21.9529541,64.1462651],[-21.9531685,64.1463676],[-21.9530366,64.1464199]]}},{"type":"Feature","id":103222626,"properties":{"addr:housenumber":"10A","addr:postcode":"101","addr:street":"Blómvallagata","building":"yes","ref:HNITNUM":"10008301","source:addr":"Staðfangaskrá","start_date":"1946"},"geometry":{"type":"LineString","coordinates":[[-21.9514772,64.1458046],[-21.9513227,64.1457715],[-21.9512582,64.1458287],[-21.9514193,64.1458633],[-21.9514838,64.1458061],[-21.9514772,64.1458046]]}},{"type":"Feature","id":103222627,"properties":{"addr:housenumber":"42","addr:postcode":"101","addr:street":"Brávallagata","building":"yes","start_date":"1937"},"geometry":{"type":"LineString","coordinates":[[-21.9527987,64.1459472],[-21.952642,64.1458678],[-21.9527958,64.1458128],[-21.952946,64.1458928],[-21.9527987,64.1459472]]}},{"type":"Feature","id":103222631,"properties":{"addr:city":"Reykjavík","addr:housenumber":"33","addr:postcode":"101","addr:street":"Ásvallagata","architect":"Gunnlaugur Halldórsson","building":"yes","building:levels":"2","start_date":"1937"},"geometry":{"type":"LineString","coordinates":[[-21.9526054,64.1462747],[-21.9526824,64.1462074],[-21.9529541,64.1462651],[-21.9528402,64.1463259],[-21.9526054,64.1462747]]}},{"type":"Feature","id":103222632,"properties":{"building":"yes","layer":"2","start_date":"2005"},"geometry":{"type":"LineString","coordinates":[[-21.9519297,64.145701],[-21.9520364,64.1456056],[-21.9520405,64.1456089],[-21.9520671,64.1456164],[-21.9520936,64.145617],[-21.9519799,64.145712],[-21.9519297,64.145701]]}},{"type":"Feature","id":103222633,"properties":{"addr:housenumber":"44","addr:postcode":"101","addr:street":"Brávallagata","building":"yes","start_date":"1937"},"geometry":{"type":"LineString","coordinates":[[-21.952946,64.1458928],[-21.9531022,64.1459713],[-21.9529439,64.1460229],[-21.9527987,64.1459472],[-21.952946,64.1458928]]}},{"type":"Feature","id":103222636,"properties":{"addr:housenumber":"30","addr:postcode":"101","addr:street":"Brávallagata","building":"yes","social_facility":"assisted_living","social_facility:for":"senior","start_date":"1980"},"geometry":{"type":"LineString","coordinates":[[-21.9517136,64.1456597],[-21.9517223,64.1456612],[-21.9517271,64.145657],[-21.9519297,64.145701],[-21.9519799,64.145712],[-21.9519972,64.1457157],[-21.9520195,64.1456962],[-21.9523271,64.1457636],[-21.952305,64.1457887],[-21.9523203,64.1457928],[-21.9522268,64.1458745],[-21.9522233,64.1458775],[-21.9518545,64.1457973],[-21.9518318,64.1458172],[-21.9517327,64.1457956],[-21.9517557,64.1457755],[-21.9516164,64.1457452],[-21.9516308,64.1457332],[-21.9517136,64.1456597]]}},{"type":"Feature","id":103222641,"properties":{"addr:housenumber":"29","addr:postcode":"101","addr:street":"Ásvallagata","building":"yes","start_date":"1930"},"geometry":{"type":"LineString","coordinates":[[-21.9524105,64.1462323],[-21.9522156,64.1461898],[-21.9522992,64.1461168],[-21.9524941,64.1461593],[-21.9524105,64.1462323]]}},{"type":"Feature","id":103222643,"properties":{"addr:housenumber":"19","addr:postcode":"101","addr:street":"Ásvallagata","building":"yes","start_date":"1938"},"geometry":{"type":"LineString","coordinates":[[-21.951488,64.1459745],[-21.9514371,64.146019],[-21.9511361,64.1459534],[-21.9511282,64.1459423],[-21.9511713,64.1459058],[-21.95132,64.1459381],[-21.951488,64.1459745]]}},{"type":"Feature","id":103222648,"properties":{"addr:housenumber":"31","addr:postcode":"101","addr:street":"Ásvallagata","building":"yes","start_date":"1930"},"geometry":{"type":"LineString","coordinates":[[-21.9526054,64.1462747],[-21.9524105,64.1462323],[-21.9524941,64.1461593],[-21.952689,64.1462017],[-21.9526824,64.1462074],[-21.9526054,64.1462747]]}},{"type":"Feature","id":103222649,"properties":{"addr:housenumber":"25","addr:postcode":"101","addr:street":"Ásvallagata","building":"yes","start_date":"1929"},"geometry":{"type":"LineString","coordinates":[[-21.9520207,64.1461474],[-21.9518258,64.1461049],[-21.9519094,64.1460319],[-21.9521043,64.1460744],[-21.9520207,64.1461474]]}},{"type":"Feature","id":103231543,"properties":{"addr:housenumber":"18","addr:postcode":"101","building":"yes","start_date":"1949"},"geometry":{"type":"LineString","coordinates":[[-21.950329,64.1453562],[-21.95022,64.1454527],[-21.9498414,64.1453718],[-21.9499554,64.14528],[-21.9501579,64.1453281],[-21.9502263,64.1453435],[-21.9502607,64.1453409],[-21.950329,64.1453562]]}},{"type":"Feature","id":103231544,"properties":{"addr:housenumber":"10","addr:postcode":"101","building":"apartments","building:levels":"3","roof:levels":"1","roof:shape":"gabled","start_date":"1930"},"geometry":{"type":"LineString","coordinates":[[-21.9494334,64.1453013],[-21.9492439,64.1452597],[-21.9493188,64.145198],[-21.9495018,64.1452394],[-21.9494334,64.1453013]]}},{"type":"Feature","id":103231545,"properties":{"addr:housenumber":"26","addr:postcode":"101","building":"yes","start_date":"1936"},"geometry":{"type":"LineString","coordinates":[[-21.9510685,64.1455218],[-21.9508513,64.1454732],[-21.9507524,64.1455665],[-21.9509714,64.1456132],[-21.9510685,64.1455218]]}},{"type":"Feature","id":103231546,"properties":{"addr:housenumber":"20","addr:postcode":"101","building":"apartments","building:levels":"3","roof:levels":"1","roof:shape":"gabled","start_date":"1943"},"geometry":{"type":"LineString","coordinates":[[-21.9500008,64.1448331],[-21.9498222,64.1447909],[-21.9497212,64.1448727],[-21.9499008,64.1449156],[-21.9500008,64.1448331]]}},{"type":"Feature","id":103231547,"properties":{"addr:housenumber":"44","addr:postcode":"101","addr:street":"Hringbraut","building":"yes","start_date":"1928"},"geometry":{"type":"LineString","coordinates":[[-21.9507736,64.1443619],[-21.9509182,64.1444434],[-21.9507601,64.1445031],[-21.9506124,64.1444223],[-21.9506236,64.1444162],[-21.9507736,64.1443619]]}},{"type":"Feature","id":103231548,"properties":{"addr:housenumber":"11","addr:postcode":"101","building":"yes","start_date":"1931"},"geometry":{"type":"LineString","coordinates":[[-21.9509814,64.1458114],[-21.9508058,64.1457691],[-21.950931,64.1456641],[-21.9509412,64.1456555],[-21.9509815,64.1456647],[-21.951119,64.1456959],[-21.951109,64.1457043],[-21.9509814,64.1458114]]}},{"type":"Feature","id":103231549,"properties":{"addr:housenumber":"8","addr:postcode":"101","building":"apartments","building:levels":"3","roof:levels":"1","roof:shape":"gabled","start_date":"1934"},"geometry":{"type":"LineString","coordinates":[[-21.9494334,64.1453013],[-21.949449,64.1453048],[-21.9494247,64.1453238],[-21.9492518,64.1454581],[-21.949051,64.1454145],[-21.9492212,64.1452779],[-21.9492439,64.1452597],[-21.9494334,64.1453013]]}},{"type":"Feature","id":103231550,"properties":{"addr:housenumber":"16","addr:postcode":"101","building":"apartments","building:levels":"3","roof:levels":"1","roof:shape":"gabled","start_date":"1930"},"geometry":{"type":"LineString","coordinates":[[-21.9497038,64.1450728],[-21.9498009,64.1449954],[-21.9496223,64.1449526],[-21.9495238,64.1450323],[-21.9497038,64.1450728]]}},{"type":"Feature","id":103231551,"properties":{"addr:housenumber":"13","addr:postcode":"101","addr:street":"Ásvallagata","building":"apartments","building:levels":"2","roof:levels":"1","roof:shape":"gabled","start_date":"1930"},"geometry":{"type":"LineString","coordinates":[[-21.9502959,64.1456874],[-21.9502288,64.1457523],[-21.950417,64.1457938],[-21.9504836,64.1457278],[-21.9502959,64.1456874]]}},{"type":"Feature","id":103231552,"properties":{"addr:housenumber":"6","addr:postcode":"101","building":"yes","start_date":"1940"},"geometry":{"type":"LineString","coordinates":[[-21.9507486,64.1448409],[-21.9505571,64.1447953],[-21.9506997,64.1446805],[-21.950858,64.1447507],[-21.9507486,64.1448409]]}},{"type":"Feature","id":103231553,"properties":{"addr:housenumber":"28","addr:postcode":"101","building":"apartments","building:levels":"2","roof:levels":"0","roof:shape":"flat","start_date":"1926"},"geometry":{"type":"LineString","coordinates":[[-21.9500725,64.1445884],[-21.950141,64.1445329],[-21.9502829,64.1445656],[-21.9502662,64.1445792],[-21.9503083,64.1445895],[-21.9502848,64.1446086],[-21.950234,64.1445967],[-21.9502064,64.1446191],[-21.9500725,64.1445884]]}},{"type":"Feature","id":103231554,"properties":{"addr:housenumber":"17","addr:postcode":"101","addr:street":"Ásvallagata","building":"apartments","building:levels":"3","roof:levels":"1","roof:shape":"gabled","start_date":"1936"},"geometry":{"type":"LineString","coordinates":[[-21.9505941,64.1458329],[-21.9506756,64.1457692],[-21.9507802,64.1457917],[-21.9508058,64.1457691],[-21.9509814,64.1458114],[-21.9508848,64.145897],[-21.9505941,64.1458329]]}},{"type":"Feature","id":103231555,"properties":{"addr:housenumber":"30","addr:postcode":"101","building":"apartments","building:levels":"3","roof:levels":"1","roof:shape":"gabled","start_date":"1948"},"geometry":{"type":"LineString","coordinates":[[-21.9502829,64.1445656],[-21.950141,64.1445329],[-21.9502942,64.1444057],[-21.9504421,64.1444415],[-21.9504684,64.1444484],[-21.9504059,64.1444995],[-21.9503704,64.1444916],[-21.9502829,64.1445656]]}},{"type":"Feature","id":103231556,"properties":{"addr:housenumber":"11","addr:postcode":"101","addr:street":"Ásvallagata","building":"apartments","building:levels":"2","roof:levels":"1","roof:shape":"gabled","start_date":"1929"},"geometry":{"type":"LineString","coordinates":[[-21.9501185,64.1456491],[-21.9500519,64.1457133],[-21.9502288,64.1457523],[-21.9502959,64.1456874],[-21.9501185,64.1456491]]}},{"type":"Feature","id":103231557,"properties":{"addr:housenumber":"14","addr:postcode":"101","building":"apartments","building:levels":"3","roof:levels":"1","roof:shape":"gabled","start_date":"1929"},"geometry":{"type":"LineString","coordinates":[[-21.9496056,64.1451532],[-21.9497038,64.1450728],[-21.9495238,64.1450323],[-21.9494243,64.1451127],[-21.9496056,64.1451532]]}},{"type":"Feature","id":103231558,"properties":{"addr:housenumber":"10","addr:postcode":"101","building":"yes","start_date":"1929"},"geometry":{"type":"LineString","coordinates":[[-21.9505536,64.1450017],[-21.9503603,64.1449538],[-21.9504614,64.1448724],[-21.9506542,64.1449187],[-21.9505536,64.1450017]]}},{"type":"Feature","id":103231559,"properties":{"addr:housenumber":"3","addr:postcode":"101","addr:street":"Ásvallagata","building":"apartments","building:levels":"2","roof:levels":"1","roof:shape":"gabled","start_date":"1928"},"geometry":{"type":"LineString","coordinates":[[-21.9495017,64.145592],[-21.9495684,64.1455306],[-21.9493903,64.1454923],[-21.9493766,64.1455032],[-21.9493179,64.1455515],[-21.9495017,64.145592]]}},{"type":"Feature","id":103231560,"properties":{"addr:housenumber":"48","addr:postcode":"101","addr:street":"Hringbraut","building":"yes","start_date":"1937"},"geometry":{"type":"LineString","coordinates":[[-21.9510811,64.1446678],[-21.9512388,64.1446091],[-21.9510588,64.1445157],[-21.9509012,64.1445774],[-21.950976,64.1446161],[-21.9510811,64.1446678]]}},{"type":"Feature","id":103231561,"properties":{"addr:housenumber":"4","addr:postcode":"101","building":"yes","start_date":"1938"},"geometry":{"type":"LineString","coordinates":[[-21.950858,64.1447507],[-21.9510811,64.1446678],[-21.950976,64.1446161],[-21.9508637,64.1446572],[-21.9508191,64.1446354],[-21.9506997,64.1446805],[-21.950858,64.1447507]]}},{"type":"Feature","id":103231562,"properties":{"addr:housenumber":"22","addr:postcode":"101","building":"yes","start_date":"1933"},"geometry":{"type":"LineString","coordinates":[[-21.9506614,64.1454306],[-21.9505601,64.1455254],[-21.9503749,64.1454858],[-21.9504816,64.1453904],[-21.9506614,64.1454306]]}},{"type":"Feature","id":103231563,"properties":{"addr:housenumber":"24","addr:postcode":"101","building":"apartments","building:levels":"3","roof:levels":"1","roof:shape":"gabled","start_date":"1940"},"geometry":{"type":"LineString","coordinates":[[-21.9501366,64.1446787],[-21.9500006,64.1446468],[-21.9499103,64.1447199],[-21.9500931,64.1447631],[-21.9501281,64.1447362],[-21.9501483,64.1447407],[-21.950208,64.1446944],[-21.9501366,64.1446787]]}},{"type":"Feature","id":103231564,"properties":{"addr:housenumber":"9","addr:postcode":"101","addr:street":"Ásvallagata","building":"apartments","building:levels":"2","roof:levels":"1","roof:shape":"gabled","start_date":"1929"},"geometry":{"type":"LineString","coordinates":[[-21.9499392,64.1456105],[-21.9498724,64.1456737],[-21.9500519,64.1457133],[-21.9501185,64.1456491],[-21.9499392,64.1456105]]}},{"type":"Feature","id":103231565,"properties":{"addr:housenumber":"12","addr:postcode":"101","building":"yes","start_date":"1943"},"geometry":{"type":"LineString","coordinates":[[-21.9504551,64.1450829],[-21.950261,64.1450338],[-21.9503603,64.1449538],[-21.9505536,64.1450017],[-21.9504551,64.1450829]]}},{"type":"Feature","id":103231566,"properties":{"addr:housenumber":"20","addr:postcode":"101","building":"yes","start_date":"1933"},"geometry":{"type":"LineString","coordinates":[[-21.9504816,64.1453904],[-21.950329,64.1453562],[-21.95022,64.1454527],[-21.9503749,64.1454858],[-21.9504816,64.1453904]]}},{"type":"Feature","id":103231567,"properties":{"addr:housenumber":"22","addr:postcode":"101","building":"apartments","building:levels":"3","roof:levels":"1","roof:shape":"gabled","start_date":"1940"},"geometry":{"type":"LineString","coordinates":[[-21.9500931,64.1447631],[-21.9499103,64.1447199],[-21.9498222,64.1447909],[-21.9500008,64.1448331],[-21.9500278,64.1448113],[-21.9500637,64.1448197],[-21.9500901,64.1447985],[-21.9500585,64.144791],[-21.9500931,64.1447631]]}},{"type":"Feature","id":103231568,"properties":{"addr:housenumber":"7","addr:postcode":"101","addr:street":"Ásvallagata","building":"apartments","building:levels":"2","roof:levels":"1","roof:shape":"gabled","start_date":"1929"},"geometry":{"type":"LineString","coordinates":[[-21.9497515,64.1455701],[-21.9496869,64.1456328],[-21.9498724,64.1456737],[-21.9499392,64.1456105],[-21.9497515,64.1455701]]}},{"type":"Feature","id":103231569,"properties":{"addr:housenumber":"12","addr:postcode":"101","building":"apartments","building:levels":"3","roof:levels":"1","roof:shape":"gabled","start_date":"1928"},"geometry":{"type":"LineString","coordinates":[[-21.9496056,64.1451532],[-21.9495018,64.1452394],[-21.9493188,64.145198],[-21.9494243,64.1451127],[-21.9496056,64.1451532]]}},{"type":"Feature","id":103231570,"properties":{"addr:housenumber":"13","addr:postcode":"101","building":"yes","start_date":"1941"},"geometry":{"type":"LineString","coordinates":[[-21.951119,64.1456959],[-21.9512603,64.1455648],[-21.9510685,64.1455218],[-21.9509714,64.1456132],[-21.9510232,64.1456243],[-21.9509815,64.1456647],[-21.951119,64.1456959]]}},{"type":"Feature","id":103231571,"properties":{"addr:housenumber":"32","addr:postcode":"101","addr:street":"Ljósvallagata","building":"apartments","building:levels":"2","ref:HNITNUM":"10019176","roof:levels":"1","roof:shape":"gabled","source:addr":"Staðfangaskrá","start_date":"1928"},"geometry":{"type":"LineString","coordinates":[[-21.9502942,64.1444057],[-21.9504421,64.1444415],[-21.9505275,64.1443688],[-21.9505415,64.1443676],[-21.9505867,64.1443946],[-21.9505095,64.1444226],[-21.9505473,64.1444448],[-21.9506124,64.1444223],[-21.9506236,64.1444162],[-21.9507736,64.1443619],[-21.9506166,64.1442863],[-21.9504046,64.1442993],[-21.9502942,64.1444057]]}},{"type":"Feature","id":103231572,"properties":{"addr:housenumber":"8","addr:postcode":"101","building":"yes","start_date":"1929"},"geometry":{"type":"LineString","coordinates":[[-21.9506542,64.1449187],[-21.9504614,64.1448724],[-21.9505571,64.1447953],[-21.9507486,64.1448409],[-21.9506542,64.1449187]]}},{"type":"Feature","id":103231573,"properties":{"addr:housenumber":"14","addr:postcode":"101","building":"yes","start_date":"1942"},"geometry":{"type":"LineString","coordinates":[[-21.9503573,64.1451636],[-21.9501611,64.1451143],[-21.950261,64.1450338],[-21.9504551,64.1450829],[-21.9503573,64.1451636]]}},{"type":"Feature","id":103231574,"properties":{"addr:housenumber":"1","addr:postcode":"101","addr:street":"Ásvallagata","building":"apartments","building:levels":"2","roof:levels":"1","roof:shape":"gabled","start_date":"1930"},"geometry":{"type":"LineString","coordinates":[[-21.9492518,64.1454581],[-21.949051,64.1454145],[-21.948975,64.1454759],[-21.9493179,64.1455515],[-21.9493766,64.1455032],[-21.9492325,64.1454735],[-21.9492518,64.1454581]]}},{"type":"Feature","id":103231575,"properties":{"addr:housenumber":"18","addr:postcode":"101","building":"apartments","building:levels":"3","roof:levels":"1","roof:shape":"gabled","start_date":"1931"},"geometry":{"type":"LineString","coordinates":[[-21.9498009,64.1449954],[-21.9499008,64.1449156],[-21.9497212,64.1448727],[-21.9496223,64.1449526],[-21.9498009,64.1449954]]}},{"type":"Feature","id":103231576,"properties":{"addr:housenumber":"24","addr:postcode":"101","building":"yes","start_date":"1932"},"geometry":{"type":"LineString","coordinates":[[-21.9508513,64.1454732],[-21.9507524,64.1455665],[-21.9505601,64.1455254],[-21.9506614,64.1454306],[-21.9508513,64.1454732]]}},{"type":"Feature","id":103231577,"properties":{"addr:housenumber":"15","addr:postcode":"101","addr:street":"Ásvallagata","building":"apartments","building:levels":"2","roof:levels":"1","roof:shape":"gabled","start_date":"1930"},"geometry":{"type":"LineString","coordinates":[[-21.9504836,64.1457278],[-21.950417,64.1457938],[-21.9505941,64.1458329],[-21.9506756,64.1457692],[-21.9504836,64.1457278]]}},{"type":"Feature","id":103231578,"properties":{"addr:housenumber":"46","addr:postcode":"101","addr:street":"Hringbraut","building":"yes","start_date":"1938"},"geometry":{"type":"LineString","coordinates":[[-21.9510588,64.1445157],[-21.9509182,64.1444434],[-21.9507601,64.1445031],[-21.9509012,64.1445774],[-21.9510588,64.1445157]]}},{"type":"Feature","id":103231579,"properties":{"addr:housenumber":"16","addr:postcode":"101","building":"yes","start_date":"1943"},"geometry":{"type":"LineString","coordinates":[[-21.9502526,64.14525],[-21.9503573,64.1451636],[-21.9501611,64.1451143],[-21.9500528,64.1452015],[-21.9502526,64.14525]]}},{"type":"Feature","id":103231580,"properties":{"addr:housenumber":"16a","addr:postcode":"101","building":"yes","start_date":"1943"},"geometry":{"type":"LineString","coordinates":[[-21.9501579,64.1453281],[-21.9502526,64.14525],[-21.9500528,64.1452015],[-21.9499554,64.14528],[-21.9501579,64.1453281]]}},{"type":"Feature","id":103231581,"properties":{"addr:housenumber":"5","addr:postcode":"101","addr:street":"Ásvallagata","building":"apartments","building:levels":"2","roof:levels":"1","roof:shape":"gabled","start_date":"1928"},"geometry":{"type":"LineString","coordinates":[[-21.9495684,64.1455306],[-21.9495017,64.145592],[-21.9496869,64.1456328],[-21.9497515,64.1455701],[-21.9495684,64.1455306]]}},{"type":"Feature","id":103696265,"properties":{"addr:housenumber":"30a","addr:postcode":"101","building":"yes"},"geometry":{"type":"LineString","coordinates":[[-21.9491254,64.149678],[-21.9490686,64.1497396],[-21.9490819,64.149742],[-21.949102,64.1497455],[-21.9490791,64.1497704],[-21.9491806,64.1497882],[-21.9492603,64.1497016],[-21.9491254,64.149678]]}},{"type":"Feature","id":103696267,"properties":{"addr:housenumber":"6","addr:postcode":"101","building":"yes"},"geometry":{"type":"LineString","coordinates":[[-21.9486267,64.149869],[-21.9487119,64.1497748],[-21.9485394,64.1497452],[-21.9484542,64.1498394],[-21.9486267,64.149869]]}},{"type":"Feature","id":103696276,"properties":{"addr:housenumber":"29a","addr:postcode":"101","building":"yes"},"geometry":{"type":"LineString","coordinates":[[-21.9491123,64.1499251],[-21.9491781,64.1498524],[-21.9489992,64.1498216],[-21.9489334,64.1498943],[-21.9491123,64.1499251]]}},{"type":"Feature","id":103696279,"properties":{"addr:housenumber":"8","addr:postcode":"101","building":"yes"},"geometry":{"type":"LineString","coordinates":[[-21.948794,64.1496985],[-21.9488586,64.149627],[-21.948699,64.1495996],[-21.9486328,64.1496728],[-21.9486741,64.1496799],[-21.9486646,64.1496904],[-21.948718,64.1496996],[-21.9487291,64.1496874],[-21.948794,64.1496985]]}},{"type":"Feature","id":103696284,"properties":{"addr:housenumber":"32","addr:postcode":"101","building":"yes"},"geometry":{"type":"LineString","coordinates":[[-21.9494766,64.1498901],[-21.9494967,64.1498702],[-21.9495327,64.1498771],[-21.9495649,64.1498454],[-21.9495247,64.1498376],[-21.9495479,64.1498147],[-21.9493859,64.1497835],[-21.9493103,64.1498581],[-21.9494766,64.1498901]]}},{"type":"Feature","id":104068256,"properties":{"addr:city":"Reykjavík","addr:housenumber":"24","addr:postcode":"101","addr:street":"Öldugata","building":"house","source":"Kaart Ground Survey 2017"},"geometry":{"type":"LineString","coordinates":[[-21.9496073,64.1493711],[-21.9496746,64.1492984],[-21.9498641,64.1493318],[-21.9498413,64.1493564],[-21.9498812,64.1493635],[-21.9498574,64.1493891],[-21.9498104,64.1493808],[-21.9497897,64.1494032],[-21.9496073,64.1493711]]}},{"type":"Feature","id":104068259,"properties":{"addr:housenumber":"31","addr:postcode":"101","building":"yes"},"geometry":{"type":"LineString","coordinates":[[-21.9500368,64.1497264],[-21.9501136,64.1496484],[-21.9499502,64.1496178],[-21.9499305,64.1496378],[-21.9498733,64.1496958],[-21.9500368,64.1497264]]}},{"type":"Feature","id":104068261,"properties":{"addr:city":"Reykjavík","addr:housenumber":"28","addr:postcode":"101","addr:street":"Öldugata","building":"house","source":"Kaart Ground Survey 2017"},"geometry":{"type":"LineString","coordinates":[[-21.9504176,64.1495275],[-21.95044,64.1495055],[-21.9504812,64.1495135],[-21.9505122,64.1494831],[-21.9504709,64.1494751],[-21.9504952,64.1494513],[-21.9503248,64.1494182],[-21.9502492,64.1494942],[-21.9504176,64.1495275]]}},{"type":"Feature","id":104068263,"properties":{"addr:housenumber":"29","addr:postcode":"101","building":"yes"},"geometry":{"type":"LineString","coordinates":[[-21.9497063,64.1496635],[-21.9497792,64.1495882],[-21.9495866,64.1495528],[-21.9495137,64.1496281],[-21.9497063,64.1496635]]}},{"type":"Feature","id":104068266,"properties":{"addr:housenumber":"14","addr:postcode":"101","addr:street":"Stýrimannastígur","building":"yes"},"geometry":{"type":"LineString","coordinates":[[-21.9492587,64.14926],[-21.9493294,64.1491833],[-21.9491319,64.1491487],[-21.9490611,64.1492254],[-21.9492587,64.14926]]}},{"type":"Feature","id":104068267,"properties":{"addr:housenumber":"10","addr:postcode":"101","building":"yes"},"geometry":{"type":"LineString","coordinates":[[-21.9489825,64.1495252],[-21.9490562,64.1494516],[-21.9488634,64.1494149],[-21.9487876,64.1494906],[-21.9488413,64.1495008],[-21.9488356,64.1495065],[-21.9489253,64.1495236],[-21.9489332,64.1495158],[-21.9489825,64.1495252]]}},{"type":"Feature","id":104068268,"properties":{"addr:city":"Reykjavík","addr:housenumber":"26","addr:postcode":"101","addr:street":"Öldugata","building":"house","source":"Kaart Ground Survey 2017"},"geometry":{"type":"LineString","coordinates":[[-21.9499485,64.1494388],[-21.9500192,64.1493666],[-21.9501894,64.1493983],[-21.9501645,64.1494237],[-21.9502047,64.1494312],[-21.9501787,64.1494577],[-21.9501429,64.1494511],[-21.9501231,64.1494713],[-21.9499485,64.1494388]]}},{"type":"Feature","id":104068269,"properties":{"addr:housenumber":"12","addr:postcode":"101","building":"yes"},"geometry":{"type":"LineString","coordinates":[[-21.9493006,64.1494445],[-21.9493888,64.1493514],[-21.9492374,64.1493241],[-21.9492146,64.1493482],[-21.9491787,64.1493418],[-21.9491134,64.1494108],[-21.9493006,64.1494445]]}},{"type":"Feature","id":104118709,"properties":{"addr:city":"Reykjavík","addr:housenumber":"25A","addr:postcode":"101","addr:street":"Öldugata","building":"yes","ref:HNITNUM":"10017043","source":"Kaart Ground Survey 2017","source:addr":"Staðfangaskrá"},"geometry":{"type":"LineString","coordinates":[[-21.9498902,64.1491396],[-21.950057,64.1491687],[-21.9501312,64.1490975],[-21.9499636,64.1490643],[-21.9498902,64.1491396]]}},{"type":"Feature","id":104118710,"properties":{"addr:city":"Reykjavík","addr:housenumber":"2","addr:postcode":"101","building":"yes","source":"Kaart Ground Survey 2017"},"geometry":{"type":"LineString","coordinates":[[-21.9502198,64.1489145],[-21.9502915,64.1488385],[-21.9502323,64.1488279],[-21.9502125,64.1488125],[-21.9501551,64.1488032],[-21.9501284,64.1488092],[-21.9500377,64.1487928],[-21.9500265,64.1488047],[-21.949987,64.1488124],[-21.949968,64.1488298],[-21.9499885,64.1488449],[-21.9499659,64.1488688],[-21.9502198,64.1489145]]}},{"type":"Feature","id":104118711,"properties":{"addr:city":"Reykjavík","addr:housenumber":"25","addr:postcode":"101","addr:street":"Öldugata","building":"yes","source":"Kaart Ground Survey 2017"},"geometry":{"type":"LineString","coordinates":[[-21.9499636,64.1490643],[-21.9497988,64.149034],[-21.9497241,64.1491092],[-21.9498902,64.1491396],[-21.9499636,64.1490643]]}},{"type":"Feature","id":104118712,"properties":{"addr:housenumber":"6","addr:postcode":"101","building":"yes","note":"housenumber extrapolated from surrounding buildings, please resurvey and then delete this note"},"geometry":{"type":"LineString","coordinates":[[-21.9512321,64.14908],[-21.951212,64.149101],[-21.9509375,64.149051],[-21.9510247,64.1489599],[-21.9512992,64.1490099],[-21.9512612,64.1490496],[-21.9513059,64.1490577],[-21.9512768,64.1490881],[-21.9512321,64.14908]]}},{"type":"Feature","id":104118713,"properties":{"addr:city":"Reykjavík","addr:housenumber":"29","addr:postcode":"101","addr:street":"Öldugata","building":"yes","source":"Kaart Ground Survey 2017"},"geometry":{"type":"LineString","coordinates":[[-21.9510771,64.149298],[-21.9510281,64.149348],[-21.9507638,64.1492988],[-21.9508514,64.1492094],[-21.9510092,64.1492388],[-21.951038,64.1492094],[-21.9511879,64.1492373],[-21.9511204,64.1493061],[-21.9510771,64.149298]]}},{"type":"Feature","id":104118714,"properties":{"addr:city":"Reykjavík","addr:housenumber":"27","addr:postcode":"101","addr:street":"Öldugata","building":"yes","source":"Kaart Ground Survey 2017"},"geometry":{"type":"LineString","coordinates":[[-21.9505307,64.1492611],[-21.9506114,64.1491779],[-21.9503988,64.1491387],[-21.9503723,64.1491661],[-21.950327,64.1491577],[-21.9502976,64.149188],[-21.9503446,64.1491966],[-21.9503197,64.1492222],[-21.9505307,64.1492611]]}},{"type":"Feature","id":104118715,"properties":{"addr:housenumber":"4","addr:postcode":"101","building":"yes"},"geometry":{"type":"LineString","coordinates":[[-21.9507374,64.1490055],[-21.9508085,64.14893],[-21.9505837,64.1488898],[-21.9505126,64.1489653],[-21.9507374,64.1490055]]}},{"type":"Feature","id":104119002,"properties":{"addr:housenumber":"36","addr:postcode":"101","addr:street":"Túngata","building":"yes"},"geometry":{"type":"LineString","coordinates":[[-21.9518301,64.1486999],[-21.9519571,64.1486238],[-21.9517108,64.1485457],[-21.9515839,64.1486218],[-21.9518301,64.1486999]]}},{"type":"Feature","id":104119003,"properties":{"addr:housenumber":"3","addr:postcode":"101","building":"yes"},"geometry":{"type":"LineString","coordinates":[[-21.9508179,64.1487445],[-21.9508975,64.1486606],[-21.9506554,64.1486169],[-21.9505758,64.1487008],[-21.9508179,64.1487445]]}},{"type":"Feature","id":104119004,"properties":{"addr:housenumber":"34","addr:postcode":"101","building":"yes"},"geometry":{"type":"LineString","coordinates":[[-21.9514057,64.1485728],[-21.9515176,64.1485042],[-21.9513595,64.1484552],[-21.9512476,64.1485238],[-21.9514057,64.1485728]]}},{"type":"Feature","id":104119005,"properties":{"addr:housenumber":"5","addr:postcode":"101","building":"yes"},"geometry":{"type":"LineString","coordinates":[[-21.9512442,64.1487677],[-21.9512831,64.148723],[-21.9512073,64.1487089],[-21.9512153,64.1486999],[-21.9511181,64.1486826],[-21.9511087,64.1486917],[-21.9510283,64.1486768],[-21.9509391,64.1487671],[-21.9511228,64.1487999],[-21.9511503,64.1487677],[-21.9512089,64.148778],[-21.9512222,64.1487639],[-21.9512442,64.1487677]]}},{"type":"Feature","id":104119006,"properties":{"addr:city":"Reykjavík","addr:housenumber":"3","addr:postcode":"101","addr:street":"Hrannarstígur","building":"yes","source":"Kaart Ground Survey 2017"},"geometry":{"type":"LineString","coordinates":[[-21.9504504,64.1485099],[-21.9505277,64.1484338],[-21.9505457,64.1484161],[-21.9504537,64.1483984],[-21.950355,64.1483793],[-21.9502597,64.1484731],[-21.9504504,64.1485099]]}},{"type":"Feature","id":104119007,"properties":{"addr:housenumber":"32","addr:postcode":"101","addr:street":"Túngata","building":"yes"},"geometry":{"type":"LineString","coordinates":[[-21.9511204,64.1484694],[-21.9512419,64.1483978],[-21.9510604,64.1483392],[-21.9509368,64.1484121],[-21.9509736,64.148424],[-21.9509409,64.1484432],[-21.951021,64.1484691],[-21.9510558,64.1484485],[-21.9511204,64.1484694]]}},{"type":"Feature","id":104119008,"properties":{"addr:city":"Reykjavík","addr:housenumber":"1","addr:postcode":"101","addr:street":"Marargata","building":"yes","source":"Kaart Ground Survey 2017"},"geometry":{"type":"LineString","coordinates":[[-21.9504137,64.14867],[-21.9504874,64.1485933],[-21.9502619,64.1485522],[-21.9501883,64.1486289],[-21.9504137,64.14867]]}},{"type":"Feature","id":104119009,"properties":{"addr:housenumber":"7","addr:postcode":"101","building":"yes"},"geometry":{"type":"LineString","coordinates":[[-21.9515043,64.148869],[-21.951581,64.1487879],[-21.9514027,64.1487559],[-21.9513261,64.1488369],[-21.9515043,64.148869]]}},{"type":"Feature","id":104119010,"properties":{"addr:city":"Reykjavík","addr:housenumber":"30","addr:postcode":"101","addr:street":"Hrannarstígur","building":"yes","source":"Kaart Ground Survey 2017"},"geometry":{"type":"LineString","coordinates":[[-21.950745,64.1483831],[-21.9507824,64.1483604],[-21.9508236,64.1483733],[-21.9508743,64.1483427],[-21.9508313,64.1483292],[-21.9508741,64.1483033],[-21.9506743,64.1482405],[-21.9505434,64.1483197],[-21.950745,64.1483831]]}},{"type":"Feature","id":104182720,"properties":{"addr:housenumber":"37","addr:postcode":"101","addr:street":"Túngata","building":"yes"},"geometry":{"type":"LineString","coordinates":[[-21.951501,64.1481292],[-21.9513776,64.1482033],[-21.9514968,64.148241],[-21.9516201,64.1481669],[-21.951501,64.1481292]]}},{"type":"Feature","id":104182725,"properties":{"addr:housenumber":"32","addr:postcode":"101","addr:street":"Hávallagata","building":"yes"},"geometry":{"type":"LineString","coordinates":[[-21.9517387,64.1478319],[-21.9518674,64.1478839],[-21.9519726,64.1478345],[-21.9518439,64.1477824],[-21.9517387,64.1478319]]}},{"type":"Feature","id":104182731,"properties":{"addr:housenumber":"43","addr:postcode":"101","building":"yes"},"geometry":{"type":"LineString","coordinates":[[-21.9521719,64.1484557],[-21.95229,64.1483837],[-21.9522161,64.1483606],[-21.9522317,64.1483511],[-21.9521295,64.1483192],[-21.9519957,64.1484007],[-21.9521719,64.1484557]]}},{"type":"Feature","id":104182736,"properties":{"addr:housenumber":"33","addr:postcode":"101","addr:street":"Túngata","building":"yes"},"geometry":{"type":"LineString","coordinates":[[-21.9511238,64.1480108],[-21.9509967,64.1480872],[-21.9511222,64.1481269],[-21.9512493,64.1480505],[-21.9511238,64.1480108]]}},{"type":"Feature","id":104182742,"properties":{"addr:housenumber":"36","addr:postcode":"101","addr:street":"Hávallagata","building":"yes"},"geometry":{"type":"LineString","coordinates":[[-21.9522224,64.1479355],[-21.9521104,64.1479882],[-21.9522392,64.1480403],[-21.9523512,64.1479876],[-21.9522224,64.1479355]]}},{"type":"Feature","id":104182752,"properties":{"addr:housenumber":"41","addr:postcode":"101","addr:street":"Túngata","building":"yes"},"geometry":{"type":"LineString","coordinates":[[-21.9518861,64.1482628],[-21.9517666,64.1483339],[-21.9518802,64.1483702],[-21.9519997,64.1482991],[-21.9518861,64.1482628]]}},{"type":"Feature","id":104207347,"properties":{"addr:housenumber":"41","addr:postcode":"101","addr:street":"Hávallagata","building":"yes"},"geometry":{"type":"LineString","coordinates":[[-21.9525157,64.1478181],[-21.9526541,64.1478728],[-21.9527633,64.1478202],[-21.9526249,64.1477656],[-21.9525157,64.1478181]]}},{"type":"Feature","id":104207370,"properties":{"addr:housenumber":"37","addr:postcode":"101","addr:street":"Hávallagata","building":"yes"},"geometry":{"type":"LineString","coordinates":[[-21.9521597,64.1476745],[-21.9522936,64.147728],[-21.9524057,64.1476746],[-21.9522718,64.1476211],[-21.9521597,64.1476745]]}},{"type":"Feature","id":104207373,"properties":{"addr:housenumber":"26","addr:postcode":"101","building":"yes"},"geometry":{"type":"LineString","coordinates":[[-21.9528121,64.1474048],[-21.9526624,64.1474656],[-21.9527671,64.1475146],[-21.9529167,64.1474538],[-21.9528121,64.1474048]]}},{"type":"Feature","id":107840707,"properties":{"addr:housenumber":"35","addr:postcode":"101","addr:street":"Hringbraut","building":"yes","building:levels":"1","ref:HNITNUM":"10020627","source:addr":"Staðfangaskrá","start_date":"1944"},"geometry":{"type":"LineString","coordinates":[[-21.9508521,64.1439015],[-21.950979,64.1439685],[-21.9509464,64.1439806],[-21.9509835,64.1439996],[-21.9509394,64.1440156],[-21.9508121,64.1439483],[-21.9508056,64.1439406],[-21.9508083,64.1439318],[-21.9508521,64.1439015]]}},{"type":"Feature","id":133263894,"properties":{"addr:postcode":"101","foot":"no","highway":"tertiary_link","lanes":"1","lit":"yes","maxspeed":"30","name":"Hringbraut","oneway":"yes","sidewalk:left":"no","sidewalk:right":"separate","surface":"asphalt"},"geometry":{"type":"LineString","coordinates":[[-21.9508383,64.143772],[-21.9506907,64.1438034],[-21.9505875,64.1438152],[-21.9504405,64.1438136],[-21.9502667,64.1437919]]}},{"type":"Feature","id":135987521,"properties":{"addr:housenumber":"10","addr:postcode":"101","addr:street":"Ásvallagata","building":"yes"},"geometry":{"type":"LineString","coordinates":[[-21.9500236,64.146032],[-21.9501183,64.1459501],[-21.9499521,64.1459137],[-21.9498576,64.1459956],[-21.9500236,64.146032]]}},{"type":"Feature","id":135987525,"properties":{"addr:housenumber":"5","addr:postcode":"101","addr:street":"Sólvallagata","building":"yes"},"geometry":{"type":"LineString","coordinates":[[-21.9494188,64.1460587],[-21.94925,64.1460212],[-21.9491623,64.1460962],[-21.9493311,64.1461337],[-21.9494188,64.1460587]]}},{"type":"Feature","id":135987526,"properties":{"addr:housenumber":"7","addr:postcode":"101","addr:street":"Sólvallagata","building":"yes"},"geometry":{"type":"LineString","coordinates":[[-21.949878,64.1461426],[-21.9497285,64.1461093],[-21.9496364,64.1461881],[-21.9497859,64.1462213],[-21.949878,64.1461426]]}},{"type":"Feature","id":135987529,"properties":{"addr:housenumber":"10","addr:postcode":"101","building":"yes","start_date":"1928"},"geometry":{"type":"LineString","coordinates":[[-21.9511713,64.1459058],[-21.9512582,64.1458287],[-21.9514193,64.1458633],[-21.9514216,64.1458637],[-21.9513457,64.145931],[-21.9513314,64.1459279],[-21.95132,64.1459381],[-21.9511713,64.1459058]]}},{"type":"Feature","id":136039991,"properties":{"addr:housenumber":"23","addr:postcode":"101","addr:street":"Hávallagata","building":"yes"},"geometry":{"type":"LineString","coordinates":[[-21.9507958,64.1471559],[-21.950636,64.1471094],[-21.9505445,64.1471692],[-21.9507043,64.1472157],[-21.9507958,64.1471559]]}},{"type":"Feature","id":136039993,"properties":{"addr:housenumber":"27","addr:postcode":"101","addr:street":"Hávallagata","building":"yes"},"geometry":{"type":"LineString","coordinates":[[-21.9511987,64.1472757],[-21.9510446,64.14723],[-21.951004,64.147256],[-21.9509574,64.1472859],[-21.9511114,64.1473316],[-21.9511987,64.1472757]]}},{"type":"Feature","id":136039994,"properties":{"addr:housenumber":"30","addr:postcode":"101","addr:street":"Hávallagata","building":"yes"},"geometry":{"type":"LineString","coordinates":[[-21.9518439,64.1477824],[-21.9517061,64.1477266],[-21.9516009,64.1477761],[-21.9517387,64.1478319],[-21.9518439,64.1477824]]}},{"type":"Feature","id":136039995,"properties":{"addr:city":"Reykjavík","addr:housenumber":"31","addr:postcode":"101","addr:street":"Hávallagata","building":"apartments","source":"Kaart Ground Survey 2017"},"geometry":{"type":"LineString","coordinates":[[-21.9516177,64.1473792],[-21.9514522,64.1473301],[-21.9513556,64.147392],[-21.9515211,64.1474411],[-21.9516177,64.1473792]]}},{"type":"Feature","id":136039996,"properties":{"addr:housenumber":"31","addr:postcode":"101","addr:street":"Túngata","building":"yes"},"geometry":{"type":"LineString","coordinates":[[-21.9509967,64.1480872],[-21.9511238,64.1480108],[-21.9509958,64.1479703],[-21.9508687,64.1480467],[-21.9509967,64.1480872]]}},{"type":"Feature","id":136039997,"properties":{"addr:housenumber":"34","addr:postcode":"101","addr:street":"Hávallagata","building":"yes"},"geometry":{"type":"LineString","coordinates":[[-21.9521104,64.1479882],[-21.9522224,64.1479355],[-21.9520842,64.1478796],[-21.9519722,64.1479323],[-21.9521104,64.1479882]]}},{"type":"Feature","id":136039998,"properties":{"addr:housenumber":"35","addr:postcode":"101","addr:street":"Hávallagata","building":"yes"},"geometry":{"type":"LineString","coordinates":[[-21.9522718,64.1476211],[-21.9521284,64.1475638],[-21.9520162,64.1476172],[-21.9521597,64.1476745],[-21.9522718,64.1476211]]}},{"type":"Feature","id":136039999,"properties":{"addr:housenumber":"35","addr:postcode":"101","addr:street":"Túngata","building":"yes"},"geometry":{"type":"LineString","coordinates":[[-21.9513776,64.1482033],[-21.951501,64.1481292],[-21.9513692,64.1480875],[-21.9512459,64.1481616],[-21.9513776,64.1482033]]}},{"type":"Feature","id":136040000,"properties":{"addr:housenumber":"39","addr:postcode":"101","addr:street":"Hávallagata","building":"yes"},"geometry":{"type":"LineString","coordinates":[[-21.9526249,64.1477656],[-21.9524901,64.1477123],[-21.9523809,64.1477649],[-21.9525157,64.1478181],[-21.9526249,64.1477656]]}},{"type":"Feature","id":141488349,"properties":{"coach":"no","highway":"residential","lanes":"2","lit":"yes","maxlength":"8","maxspeed":"30","name":"Blómvallagata","surface":"asphalt"},"geometry":{"type":"LineString","coordinates":[[-21.9514577,64.1455072],[-21.9514102,64.1455487],[-21.951202,64.1457289],[-21.9510019,64.1459026],[-21.9509346,64.1459631],[-21.9508411,64.1460463],[-21.9504674,64.1463789],[-21.9503819,64.1464549],[-21.9503137,64.1465138],[-21.9498136,64.1469451],[-21.9497257,64.147021]]}},{"type":"Feature","id":166972149,"properties":{"designation":"S","foot":"no","highway":"primary","lanes":"2","lit":"yes","maxspeed":"40","name":"Hringbraut","oneway":"yes","postal_code":"101","ref":"49","surface":"asphalt","wikidata":"Q65337057","wikipedia":"is:Hringbraut"},"geometry":{"type":"LineString","coordinates":[[-21.9501005,64.1438457],[-21.95038,64.1439871],[-21.9505155,64.1440518],[-21.9505855,64.1440867],[-21.9515711,64.1445908],[-21.952011,64.144808],[-21.9520665,64.1448354],[-21.9520978,64.144852],[-21.9523836,64.145004],[-21.9533683,64.145522],[-21.9542744,64.1459859]]}},{"type":"Feature","id":233642415,"properties":{"addr:housenumber":"26","addr:postcode":"101","building":"apartments","building:levels":"2","roof:levels":"0","roof:shape":"flat","start_date":"1926"},"geometry":{"type":"LineString","coordinates":[[-21.9500725,64.1445884],[-21.9502064,64.1446191],[-21.9501819,64.144639],[-21.9502315,64.1446506],[-21.9502075,64.1446701],[-21.9501607,64.1446591],[-21.9501366,64.1446787],[-21.9500006,64.1446468],[-21.9500725,64.1445884]]}},{"type":"Feature","id":233662708,"properties":{"addr:housenumber":"24","addr:postcode":"101","building":"yes"},"geometry":{"type":"LineString","coordinates":[[-21.9528121,64.1474048],[-21.952712,64.147358],[-21.9525624,64.1474187],[-21.9526624,64.1474656],[-21.9528121,64.1474048]]}},{"type":"Feature","id":233662711,"properties":{"addr:housenumber":"39","addr:postcode":"101","addr:street":"Túngata","building":"yes"},"geometry":{"type":"LineString","coordinates":[[-21.9518861,64.1482628],[-21.9517547,64.1482208],[-21.9516353,64.1482919],[-21.9517666,64.1483339],[-21.9518861,64.1482628]]}},{"type":"Feature","id":233689150,"properties":{"addr:housenumber":"30","addr:postcode":"101","addr:street":"Bárugata","building":"yes","ref:HNITNUM":"10006875","source:addr":"Staðfangaskrá"},"geometry":{"type":"LineString","coordinates":[[-21.9491254,64.149678],[-21.949011,64.149658],[-21.9489412,64.1497338],[-21.9489657,64.1497381],[-21.9489399,64.1497661],[-21.949009,64.1497782],[-21.9490334,64.1497517],[-21.9490674,64.1497577],[-21.9490819,64.149742],[-21.9490686,64.1497396],[-21.9491254,64.149678]]}},{"type":"Feature","id":365399282,"properties":{"leaf_type":"broadleaved","natural":"wood"},"geometry":{"type":"LineString","coordinates":[[-21.9510148,64.1435002],[-21.9508351,64.1434581],[-21.9507587,64.1434551],[-21.9507439,64.1434364],[-21.9505146,64.1433868],[-21.9504368,64.1434037],[-21.9503859,64.1433873],[-21.9503081,64.1433768],[-21.9502316,64.1433803],[-21.9501539,64.1434054],[-21.9501378,64.143444],[-21.9501257,64.143475],[-21.9502719,64.1436008],[-21.9502182,64.1436043],[-21.9502196,64.1436429],[-21.9503577,64.1437043],[-21.9504959,64.1436534],[-21.950465,64.1436119],[-21.9505146,64.143585],[-21.9505294,64.1435727],[-21.9505669,64.1435739],[-21.950634,64.1435598],[-21.950693,64.1435516],[-21.9507386,64.1435212],[-21.9508647,64.1435686],[-21.9509746,64.1435551],[-21.9510269,64.1435546],[-21.9510537,64.1435371],[-21.9510148,64.1435002]]}},{"type":"Feature","id":381101296,"properties":{"addr:city":"Reykjavík","addr:housenumber":"17 bakhús","addr:postcode":"101","addr:street":"Hávallagata","building":"house","building:levels":"1"},"geometry":{"type":"LineString","coordinates":[[-21.9498353,64.1467219],[-21.9495634,64.1466631],[-21.9496082,64.1466237],[-21.9496352,64.1466295],[-21.9498802,64.1466825],[-21.9498353,64.1467219]]}},{"type":"Feature","id":516676458,"properties":{"designation":"S","foot":"no","highway":"primary","lanes":"3","lit":"yes","maxspeed":"40","name":"Hringbraut","oneway":"yes","postal_code":"101","ref":"49","sidewalk:left":"no","sidewalk:right":"separate","surface":"asphalt","turn:lanes":"left|through|through","wikidata":"Q65337057","wikipedia":"is:Hringbraut"},"geometry":{"type":"LineString","coordinates":[[-21.949692,64.1436391],[-21.9501005,64.1438457]]}},{"type":"Feature","id":517756422,"properties":{"designation":"S","foot":"no","highway":"primary","lanes":"2","lit":"yes","maxspeed":"40","name":"Hringbraut","oneway":"yes","postal_code":"101","ref":"49","surface":"asphalt","wikidata":"Q65337057","wikipedia":"is:Hringbraut"},"geometry":{"type":"LineString","coordinates":[[-21.950572,64.1439446],[-21.9502667,64.1437919]]}},{"type":"Feature","id":517756423,"properties":{"designation":"S","foot":"no","highway":"primary","lanes":"2","lit":"yes","maxspeed":"40","name":"Hringbraut","oneway":"yes","postal_code":"101","ref":"49","surface":"asphalt","turn:lanes":"through|through;right","wikidata":"Q65337057","wikipedia":"is:Hringbraut"},"geometry":{"type":"LineString","coordinates":[[-21.9514263,64.1443902],[-21.9507544,64.1440435],[-21.9507267,64.1440291],[-21.950572,64.1439446]]}},{"type":"Feature","id":581012748,"properties":{"highway":"service"},"geometry":{"type":"LineString","coordinates":[[-21.951536,64.1454391],[-21.9515983,64.1453847],[-21.95163,64.1453571],[-21.9511061,64.1451126]]}},{"type":"Feature","id":634348762,"properties":{"foot":"no","highway":"tertiary","lanes":"1","maxspeed":"30","name":"Birkimelur","oneway":"yes","sidewalk:left":"no","sidewalk:right":"separate","surface":"asphalt"},"geometry":{"type":"LineString","coordinates":[[-21.950572,64.1439446],[-21.9506825,64.143873],[-21.9508383,64.143772]]}},{"type":"Feature","id":696521699,"properties":{"building":"shed","start_date":"1960"},"geometry":{"type":"LineString","coordinates":[[-21.9505232,64.1446041],[-21.9505793,64.1446174],[-21.9506268,64.1445791],[-21.9505708,64.1445658],[-21.9505653,64.1445645],[-21.9505472,64.1445791],[-21.9505526,64.1445804],[-21.9505232,64.1446041]]}},{"type":"Feature","id":696521700,"properties":{"building":"shed","start_date":"1927"},"geometry":{"type":"LineString","coordinates":[[-21.9501974,64.1448668],[-21.9502835,64.1447973],[-21.9502307,64.1447848],[-21.9501446,64.1448543],[-21.9501974,64.1448668]]}},{"type":"Feature","id":696521701,"properties":{"building":"yes","start_date":"1944"},"geometry":{"type":"LineString","coordinates":[[-21.9501807,64.1449423],[-21.9501185,64.1449918],[-21.9501671,64.1450034],[-21.9502293,64.144954],[-21.9501807,64.1449423]]}},{"type":"Feature","id":696521702,"properties":{"building":"yes"},"geometry":{"type":"LineString","coordinates":[[-21.9508761,64.1456165],[-21.9508507,64.1456362],[-21.9508987,64.145648],[-21.9509241,64.1456283],[-21.9508761,64.1456165]]}},{"type":"Feature","id":696521703,"properties":{"building":"shed","start_date":"1926"},"geometry":{"type":"LineString","coordinates":[[-21.9504441,64.1446679],[-21.9505144,64.1446112],[-21.9504605,64.1445985],[-21.9503899,64.1446554],[-21.9504441,64.1446679]]}},{"type":"Feature","id":696521704,"properties":{"building":"shed","start_date":"1926"},"geometry":{"type":"LineString","coordinates":[[-21.9503731,64.1447252],[-21.9504441,64.1446679],[-21.9503899,64.1446554],[-21.950319,64.1447125],[-21.9503731,64.1447252]]}},{"type":"Feature","id":696521705,"properties":{"building":"shed","start_date":"1947"},"geometry":{"type":"LineString","coordinates":[[-21.9501974,64.1448668],[-21.9501446,64.1448543],[-21.9501157,64.1448474],[-21.9500665,64.1448871],[-21.9501482,64.1449064],[-21.9501974,64.1448668]]}},{"type":"Feature","id":696521706,"properties":{"building":"shed"},"geometry":{"type":"LineString","coordinates":[[-21.9505144,64.1446112],[-21.9505232,64.1446041],[-21.9505526,64.1445804],[-21.9505472,64.1445791],[-21.9503827,64.1445402],[-21.9503444,64.1445711],[-21.9504605,64.1445985],[-21.9505144,64.1446112]]}},{"type":"Feature","id":696521707,"properties":{"building":"shed","start_date":"1934"},"geometry":{"type":"LineString","coordinates":[[-21.9502307,64.1447848],[-21.9502835,64.1447973],[-21.9503731,64.1447252],[-21.950319,64.1447125],[-21.950278,64.1447456],[-21.9502449,64.1447378],[-21.9501966,64.1447767],[-21.9502307,64.1447848]]}},{"type":"Feature","id":696521708,"properties":{"building":"shed"},"geometry":{"type":"LineString","coordinates":[[-21.9500214,64.1449261],[-21.949969,64.1449681],[-21.9500273,64.1449819],[-21.9500797,64.1449399],[-21.9500214,64.1449261]]}},{"type":"Feature","id":703139703,"properties":{"building":"yes"},"geometry":{"type":"LineString","coordinates":[[-21.9502492,64.1494942],[-21.9501994,64.1495487],[-21.950113,64.1495337],[-21.9501628,64.1494792],[-21.9502492,64.1494942]]}},{"type":"Feature","id":703139704,"properties":{"building":"yes"},"geometry":{"type":"LineString","coordinates":[[-21.9507974,64.1490609],[-21.9509023,64.1490805],[-21.9508542,64.1491295],[-21.9507493,64.14911],[-21.9507765,64.1490822],[-21.9507974,64.1490609]]}},{"type":"Feature","id":703139705,"properties":{"building":"yes"},"geometry":{"type":"LineString","coordinates":[[-21.9508542,64.1491295],[-21.950814,64.1491706],[-21.950709,64.149151],[-21.9507171,64.1491428],[-21.9507493,64.14911],[-21.9508542,64.1491295]]}},{"type":"Feature","id":703175693,"properties":{"building":"yes"},"geometry":{"type":"LineString","coordinates":[[-21.9504537,64.1483984],[-21.950491,64.1483617],[-21.9507068,64.1484034],[-21.9506515,64.1484578],[-21.9505277,64.1484338],[-21.9505457,64.1484161],[-21.9504537,64.1483984]]}},{"type":"Feature","id":703175694,"properties":{"building":"yes"},"geometry":{"type":"LineString","coordinates":[[-21.9511758,64.1485151],[-21.9512455,64.1485373],[-21.9511595,64.1485886],[-21.9511187,64.1485756],[-21.9510898,64.1485664],[-21.9511758,64.1485151]]}},{"type":"Feature","id":718105937,"properties":{"highway":"service","surface":"asphalt"},"geometry":{"type":"LineString","coordinates":[[-21.9484805,64.1479921],[-21.9485449,64.1480334],[-21.9486386,64.1480655],[-21.9487586,64.1480897],[-21.9489021,64.1480976],[-21.9490753,64.1480897],[-21.9492058,64.1480701],[-21.9492912,64.1480493],[-21.9493811,64.1480121]]}},{"type":"Feature","id":779963496,"properties":{"building":"yes","start_date":"1964"},"geometry":{"type":"LineString","coordinates":[[-21.9524765,64.1459988],[-21.9523923,64.1459809],[-21.9524771,64.145905],[-21.9525613,64.1459229],[-21.9524765,64.1459988]]}},{"type":"Feature","id":779963497,"properties":{"building":"yes"},"geometry":{"type":"LineString","coordinates":[[-21.9524244,64.1466443],[-21.9525424,64.146601],[-21.9525886,64.146625],[-21.9524706,64.1466683],[-21.9524244,64.1466443]]}},{"type":"Feature","id":779963499,"properties":{"building":"yes"},"geometry":{"type":"LineString","coordinates":[[-21.9521213,64.1482899],[-21.9520435,64.1483391],[-21.9519889,64.1483226],[-21.9520667,64.1482735],[-21.9521213,64.1482899]]}},{"type":"Feature","id":779963536,"properties":{"building":"yes"},"geometry":{"type":"LineString","coordinates":[[-21.9484453,64.1462987],[-21.9483819,64.1463503],[-21.9482116,64.1463106],[-21.948275,64.1462589],[-21.9484453,64.1462987]]}},{"type":"Feature","id":779963537,"properties":{"building":"yes"},"geometry":{"type":"LineString","coordinates":[[-21.9487321,64.1463592],[-21.9488753,64.146391],[-21.948808,64.1464486],[-21.9487885,64.1464443],[-21.9486648,64.1464168],[-21.9487321,64.1463592]]}},{"type":"Feature","id":779963538,"properties":{"building":"yes"},"geometry":{"type":"LineString","coordinates":[[-21.9510055,64.1462794],[-21.950971,64.1463087],[-21.950861,64.1462842],[-21.9508955,64.1462548],[-21.9510055,64.1462794]]}},{"type":"Feature","id":779963539,"properties":{"building":"yes"},"geometry":{"type":"LineString","coordinates":[[-21.9496236,64.1465397],[-21.9495783,64.1465796],[-21.9496695,64.1465993],[-21.9496352,64.1466295],[-21.9496082,64.1466237],[-21.9494267,64.1465844],[-21.9494623,64.1465531],[-21.9495084,64.1465631],[-21.9495524,64.1465244],[-21.9496236,64.1465397]]}},{"type":"Feature","id":779963540,"properties":{"building":"yes"},"geometry":{"type":"LineString","coordinates":[[-21.9487483,64.1465557],[-21.9486768,64.1465399],[-21.9487885,64.1464443],[-21.948808,64.1464486],[-21.9488599,64.1464601],[-21.9488279,64.1464875],[-21.9487483,64.1465557]]}},{"type":"Feature","id":779963541,"properties":{"building":"yes"},"geometry":{"type":"LineString","coordinates":[[-21.9488105,64.1465696],[-21.9487483,64.1465557],[-21.9488279,64.1464875],[-21.9488901,64.1465013],[-21.9488105,64.1465696]]}},{"type":"Feature","id":779963542,"properties":{"building":"yes"},"geometry":{"type":"LineString","coordinates":[[-21.9495598,64.1467402],[-21.9494618,64.1468259],[-21.9493908,64.1468104],[-21.9494887,64.1467248],[-21.9495598,64.1467402]]}},{"type":"Feature","id":779963544,"properties":{"building":"yes"},"geometry":{"type":"LineString","coordinates":[[-21.9514802,64.1470513],[-21.9514212,64.1470993],[-21.9513317,64.1470784],[-21.9513907,64.1470304],[-21.9514802,64.1470513]]}},{"type":"Feature","id":779963545,"properties":{"building":"yes"},"geometry":{"type":"LineString","coordinates":[[-21.9505173,64.1476262],[-21.9505119,64.1476412],[-21.9505278,64.1476547],[-21.9505589,64.1476616],[-21.9505933,64.1476592],[-21.9506179,64.1476484],[-21.9506233,64.1476334],[-21.9506074,64.1476199],[-21.9505763,64.147613],[-21.9505419,64.1476154],[-21.9505173,64.1476262]]}},{"type":"Feature","id":779963546,"properties":{"building":"yes"},"geometry":{"type":"LineString","coordinates":[[-21.9507357,64.1476262],[-21.9506705,64.1476089],[-21.9507658,64.1475405],[-21.950831,64.1475577],[-21.950776,64.1475972],[-21.9507357,64.1476262]]}},{"type":"Feature","id":779963547,"properties":{"building":"yes"},"geometry":{"type":"LineString","coordinates":[[-21.9508599,64.147659],[-21.9507357,64.1476262],[-21.950776,64.1475972],[-21.9509001,64.1476301],[-21.9508599,64.147659]]}},{"type":"Feature","id":779963551,"properties":{"building":"yes"},"geometry":{"type":"LineString","coordinates":[[-21.9510685,64.1486385],[-21.9510108,64.1486291],[-21.9510709,64.1485604],[-21.9510898,64.1485664],[-21.9511187,64.1485756],[-21.9510685,64.1486385]]}},{"type":"Feature","id":779963552,"properties":{"building":"yes"},"geometry":{"type":"LineString","coordinates":[[-21.951106,64.1484929],[-21.9511758,64.1485151],[-21.9510898,64.1485664],[-21.9510709,64.1485604],[-21.95102,64.1485442],[-21.951106,64.1484929]]}},{"type":"Feature","id":779963553,"properties":{"building":"yes"},"geometry":{"type":"LineString","coordinates":[[-21.9500801,64.1489542],[-21.9500507,64.1489863],[-21.9499032,64.1489606],[-21.9499326,64.1489285],[-21.9500801,64.1489542]]}},{"type":"Feature","id":779963554,"properties":{"building":"yes"},"geometry":{"type":"LineString","coordinates":[[-21.9503232,64.1490012],[-21.9504044,64.1489248],[-21.9502827,64.1489002],[-21.9502015,64.1489766],[-21.9502477,64.1489859],[-21.9503232,64.1490012]]}},{"type":"Feature","id":779963555,"properties":{"building":"yes"},"geometry":{"type":"LineString","coordinates":[[-21.9501522,64.1490758],[-21.9502477,64.1489859],[-21.9503232,64.1490012],[-21.9502277,64.1490911],[-21.9501522,64.1490758]]}},{"type":"Feature","id":779963556,"properties":{"building":"yes"},"geometry":{"type":"LineString","coordinates":[[-21.9506058,64.1485683],[-21.9505683,64.1486104],[-21.950507,64.1486],[-21.9505446,64.1485579],[-21.9506058,64.1485683]]}},{"type":"Feature","id":779963562,"properties":{"building":"yes"},"geometry":{"type":"LineString","coordinates":[[-21.9495356,64.1493928],[-21.9494069,64.1493671],[-21.9494413,64.1493343],[-21.9495701,64.14936],[-21.9495356,64.1493928]]}},{"type":"Feature","id":779963563,"properties":{"building":"yes","start_date":"2011"},"geometry":{"type":"LineString","coordinates":[[-21.9493693,64.1494934],[-21.9495089,64.1495195],[-21.9494551,64.1495741],[-21.9492512,64.1495359],[-21.9492862,64.1495004],[-21.9493505,64.1495125],[-21.9493693,64.1494934]]}},{"type":"Feature","id":779963564,"properties":{"building":"yes"},"geometry":{"type":"LineString","coordinates":[[-21.9499485,64.1494388],[-21.9499048,64.1494832],[-21.9498467,64.1494723],[-21.9498905,64.1494279],[-21.9499485,64.1494388]]}},{"type":"Feature","id":779963565,"properties":{"building":"yes"},"geometry":{"type":"LineString","coordinates":[[-21.9499728,64.1494969],[-21.9500543,64.1495122],[-21.9499502,64.1496178],[-21.9499305,64.1496378],[-21.949849,64.1496226],[-21.9498775,64.1495937],[-21.9499728,64.1494969]]}},{"type":"Feature","id":817267276,"properties":{"building":"yes"},"geometry":{"type":"LineString","coordinates":[[-21.9491413,64.1487928],[-21.9490248,64.1487719],[-21.9490555,64.1487393],[-21.9491721,64.1487603],[-21.9491413,64.1487928]]}},{"type":"Feature","id":817267277,"properties":{"addr:housenumber":"4","addr:postcode":"101","addr:street":"Hrannarstígur","building":"yes","ref:HNITNUM":"10097479","source:addr":"Staðfangaskrá"},"geometry":{"type":"LineString","coordinates":[[-21.9492781,64.1488174],[-21.9491413,64.1487928],[-21.9491721,64.1487603],[-21.9493089,64.1487848],[-21.9492781,64.1488174]]}},{"type":"Feature","id":839472954,"properties":{"building":"yes"},"geometry":{"type":"LineString","coordinates":[[-21.9498775,64.1495937],[-21.9498087,64.1495808],[-21.949904,64.149484],[-21.9499728,64.1494969],[-21.9498775,64.1495937]]}},{"type":"Feature","id":839472955,"properties":{"building":"yes"},"geometry":{"type":"LineString","coordinates":[[-21.950292,64.1496103],[-21.9502434,64.1496016],[-21.9502893,64.149553],[-21.9503379,64.1495618],[-21.950292,64.1496103]]}},{"type":"Feature","id":839472962,"properties":{"building":"yes"},"geometry":{"type":"LineString","coordinates":[[-21.9488892,64.1499004],[-21.9488368,64.1498914],[-21.9488731,64.1498513],[-21.9489255,64.1498603],[-21.9488892,64.1499004]]}},{"type":"Feature","id":840875872,"properties":{"building":"garage"},"geometry":{"type":"LineString","coordinates":[[-21.952183,64.1481765],[-21.9521247,64.1481536],[-21.952242,64.148097],[-21.9523002,64.1481199],[-21.952183,64.1481765]]}},{"type":"Feature","id":840875873,"properties":{"building":"garage"},"geometry":{"type":"LineString","coordinates":[[-21.9526845,64.1476034],[-21.952626,64.1475765],[-21.9527221,64.1475367],[-21.9527806,64.1475637],[-21.9526845,64.1476034]]}},{"type":"Feature","id":840878546,"properties":{"building":"garage"},"geometry":{"type":"LineString","coordinates":[[-21.9518477,64.1464642],[-21.951771,64.1465274],[-21.951686,64.1465078],[-21.9517626,64.1464446],[-21.9518477,64.1464642]]}},{"type":"Feature","id":840878547,"properties":{"building":"garage"},"geometry":{"type":"LineString","coordinates":[[-21.9519221,64.1464028],[-21.9518811,64.1464366],[-21.9518477,64.1464642],[-21.9517626,64.1464446],[-21.9518371,64.1463832],[-21.9519221,64.1464028]]}},{"type":"Feature","id":856166716,"properties":{"coach":"no","highway":"residential","lane_markings":"yes","lanes":"2","maxlength":"8","maxspeed":"30","name":"Sólvallagata","oneway":"no","surface":"asphalt","wikidata":"Q16428526","wikipedia":"is:Sólvallagata"},"geometry":{"type":"LineString","coordinates":[[-21.9524757,64.147078],[-21.9526816,64.1471712],[-21.9527664,64.1472093]]}},{"type":"Feature","id":886151546,"properties":{"building":"shed"},"geometry":{"type":"LineString","coordinates":[[-21.9480751,64.148704],[-21.9480181,64.1486934],[-21.9480736,64.1486366],[-21.9481305,64.1486472],[-21.9480751,64.148704]]}},{"type":"Feature","id":886151548,"properties":{"highway":"service","service":"parking_aisle"},"geometry":{"type":"LineString","coordinates":[[-21.9488439,64.148998],[-21.9489951,64.1488408],[-21.9494421,64.1489225]]}},{"type":"Feature","id":886151549,"properties":{"building":"yes"},"geometry":{"type":"LineString","coordinates":[[-21.9507171,64.1491428],[-21.9506644,64.149133],[-21.9507238,64.1490724],[-21.9507765,64.1490822],[-21.9507493,64.14911],[-21.9507171,64.1491428]]}},{"type":"Feature","id":906603515,"properties":{"building":"garage"},"geometry":{"type":"LineString","coordinates":[[-21.951004,64.147256],[-21.9509517,64.1472405],[-21.9510155,64.1471996],[-21.9510678,64.1472151],[-21.9510446,64.14723],[-21.951004,64.147256]]}},{"type":"Feature","id":906603516,"properties":{"building":"garage"},"geometry":{"type":"LineString","coordinates":[[-21.9505825,64.1470938],[-21.9505359,64.1470803],[-21.9505383,64.1470787],[-21.9505312,64.1470767],[-21.9505897,64.1470385],[-21.9506433,64.1470541],[-21.9505825,64.1470938]]}},{"type":"Feature","id":906603517,"properties":{"building":"garage"},"geometry":{"type":"LineString","coordinates":[[-21.950636,64.1471094],[-21.9505825,64.1470938],[-21.9506433,64.1470541],[-21.9506969,64.1470697],[-21.950636,64.1471094]]}},{"type":"Feature","id":906603518,"properties":{"addr:housenumber":"16A","addr:postcode":"101","addr:street":"Ásvallagata","building":"yes","ref:HNITNUM":"10007332","source:addr":"Staðfangaskrá"},"geometry":{"type":"LineString","coordinates":[[-21.95135,64.1463226],[-21.9514718,64.1463502],[-21.9515695,64.146268],[-21.9514477,64.1462405],[-21.95135,64.1463226]]}},{"type":"Feature","id":906603519,"properties":{"building":"garage"},"geometry":{"type":"LineString","coordinates":[[-21.9506179,64.1469116],[-21.9506809,64.1468549],[-21.9507802,64.146876],[-21.9507172,64.1469326],[-21.9506179,64.1469116]]}},{"type":"Feature","id":906603520,"properties":{"building":"garage"},"geometry":{"type":"LineString","coordinates":[[-21.9519868,64.1472829],[-21.9518661,64.147216],[-21.9518323,64.1472278],[-21.9517887,64.1472584],[-21.9519234,64.1473043],[-21.9519868,64.1472829]]}},{"type":"Feature","id":906603521,"properties":{"building":"garage"},"geometry":{"type":"LineString","coordinates":[[-21.9512415,64.1481157],[-21.9511826,64.148097],[-21.9512683,64.1480455],[-21.9513272,64.1480641],[-21.9512415,64.1481157]]}},{"type":"Feature","id":906603522,"properties":{"building":"garage"},"geometry":{"type":"LineString","coordinates":[[-21.9517458,64.1481683],[-21.9518003,64.1481857],[-21.9517136,64.1482373],[-21.9516591,64.1482199],[-21.9517458,64.1481683]]}},{"type":"Feature","id":906610099,"properties":{"addr:housenumber":"7","addr:postcode":"101","addr:street":"Blómvallagata","building":"apartments","ref:HNITNUM":"10008299","source:addr":"Staðfangaskrá"},"geometry":{"type":"LineString","coordinates":[[-21.9504627,64.1461166],[-21.9506154,64.1461497],[-21.9507126,64.1460642],[-21.9505599,64.1460311],[-21.9504627,64.1461166]]}},{"type":"Feature","id":1152298563,"properties":{"highway":"service","service":"driveway"},"geometry":{"type":"LineString","coordinates":[[-21.9485665,64.1460427],[-21.948342,64.1462443]]}},{"type":"Feature","id":1210520192,"properties":{"building":"yes","start_date":"2024"},"geometry":{"type":"LineString","coordinates":[[-21.9521049,64.1452854],[-21.9522833,64.1452185],[-21.9521548,64.1451533],[-21.9519764,64.1452201],[-21.9519979,64.145231],[-21.951966,64.1452437],[-21.952072,64.1452981],[-21.9521049,64.1452854]]}},{"type":"Feature","id":1444721895,"properties":{"building":"yes","start_date":"1855"},"geometry":{"type":"LineString","coordinates":[[-21.9497258,64.1479325],[-21.9497349,64.147867],[-21.9497366,64.1478549],[-21.949577,64.1478507],[-21.9495757,64.1478599],[-21.9495661,64.1479283],[-21.9497258,64.1479325]]}},{"type":"Feature","id":4371312,"properties":{"highway":"residential","lit":"yes","maxspeed":"30","name":"Suðurgata","oneway":"no","surface":"asphalt","wikidata":"Q16427885","wikipedia":"is:Suðurgata"},"geometry":{"type":"LineString","coordinates":[[-21.9428129,64.1472468],[-21.9428951,64.1471838],[-21.9433574,64.1468293],[-21.9434648,64.1467469]]}},{"type":"Feature","id":5073587,"properties":{"coach":"no","highway":"residential","lanes":"2","lit":"yes","maxlength":"8","maxspeed":"30","name":"Garðastræti","oneway":"no","surface":"asphalt","wikidata":"Q16424851","wikipedia":"is:Garðastræti"},"geometry":{"type":"LineString","coordinates":[[-21.9469929,64.1456753],[-21.9468986,64.1457566],[-21.9462975,64.146275],[-21.9462491,64.1463153],[-21.9460056,64.1465192],[-21.9447949,64.1475331],[-21.9447222,64.1475946],[-21.9447089,64.1476144],[-21.9446754,64.1476647],[-21.9446506,64.1477014],[-21.9445039,64.1479187],[-21.9443786,64.1481234],[-21.9443577,64.1481574],[-21.9440302,64.1486818],[-21.9439403,64.1488025],[-21.9438512,64.1489263],[-21.9436937,64.1491651],[-21.9435928,64.1493044],[-21.9435016,64.1494176],[-21.9434652,64.1494547],[-21.9434155,64.1494889],[-21.9433583,64.1495152],[-21.9432479,64.1495627]]}},{"type":"Feature","id":5073588,"properties":{"coach":"no","highway":"residential","lanes":"2","lit":"yes","maxlength":"8","maxspeed":"30","name":"Túngata","oneway":"no","sidewalk":"both","surface":"asphalt","wikidata":"Q16429308","wikipedia":"is:Túngata"},"geometry":{"type":"LineString","coordinates":[[-21.9423804,64.1472774],[-21.9424444,64.1472541],[-21.942498,64.1472422],[-21.9425637,64.1472317],[-21.9426211,64.1472305],[-21.9426655,64.1472316],[-21.9428129,64.1472468]]}},{"type":"Feature","id":5073649,"properties":{"bicycle":"designated","coach":"no","cycleway":"no","highway":"residential","maxlength":"8","maxspeed":"30","name":"Vesturgata","oneway":"yes","oneway:bicycle":"no","parking:left":"no","parking:right":"separate","sidewalk:left":"separate","sidewalk:right":"yes","surface":"asphalt","wikidata":"Q16429960","wikipedia":"is:Vesturgata"},"geometry":{"type":"LineString","coordinates":[[-21.9442849,64.1498253],[-21.9440479,64.1497795],[-21.9439682,64.1497641],[-21.9434148,64.1496145],[-21.9432479,64.1495627]]}},{"type":"Feature","id":5136812,"properties":{"bicycle":"designated","coach":"no","cycleway":"no","highway":"residential","lanes":"1","maxlength":"8","maxspeed":"30","name":"Ránargata","oneway":"yes","oneway:bicycle":"no","parking:left":"no","parking:right":"separate","surface":"asphalt","wikidata":"Q16424437","wikipedia":"is:Ránargata"},"geometry":{"type":"LineString","coordinates":[[-21.9465605,64.14968],[-21.9464032,64.1496517],[-21.9444982,64.1493096],[-21.9438414,64.1491916],[-21.9436937,64.1491651]]}},{"type":"Feature","id":5136816,"properties":{"bicycle":"designated","coach":"no","cycleway":"no","highway":"residential","lanes":"1","lit":"yes","maxlength":"8","maxspeed":"30","name":"Bárugata","oneway":"yes","oneway:bicycle":"no","parking:left":"separate","parking:right":"no","sidewalk":"both","surface":"asphalt"},"geometry":{"type":"LineString","coordinates":[[-21.947021,64.1492037],[-21.9468874,64.14918],[-21.9441496,64.1487026],[-21.9440302,64.1486818]]}},{"type":"Feature","id":5136825,"properties":{"coach":"no","highway":"residential","lit":"yes","maxlength":"8","maxspeed":"30","name":"Hólavallagata","oneway":"yes","surface":"asphalt"},"geometry":{"type":"LineString","coordinates":[[-21.9474698,64.1465257],[-21.9474255,64.1465642],[-21.9472717,64.146698],[-21.9461072,64.1477109],[-21.9460842,64.1477309],[-21.9460459,64.1477643],[-21.9460311,64.1477771],[-21.9459612,64.1478379]]}},{"type":"Feature","id":5137978,"properties":{"bicycle":"designated","coach":"no","foot":"designated","highway":"living_street","lit":"yes","maxlength":"8","maxspeed":"15","name":"Mjóstræti","oneway":"no","surface":"sett"},"geometry":{"type":"LineString","coordinates":[[-21.9431511,64.1482149],[-21.9430418,64.1486596],[-21.9429837,64.1487384],[-21.9429166,64.1488179],[-21.9428447,64.1488756]]}},{"type":"Feature","id":5137979,"properties":{"bicycle":"designated","coach":"no","foot":"designated","highway":"living_street","maxlength":"8","maxspeed":"15","name":"Mjóstræti","oneway":"no","surface":"sett"},"geometry":{"type":"LineString","coordinates":[[-21.9422628,64.149115],[-21.9423123,64.1490975],[-21.9425993,64.1489963],[-21.9427902,64.14891],[-21.9428447,64.1488756]]}},{"type":"Feature","id":5137981,"properties":{"bicycle":"designated","coach":"no","foot":"designated","goods":"no","hgv":"no","highway":"living_street","lanes":"1","lit":"yes","maxlength":"8","maxspeed":"15","name":"Brattagata","oneway":"no","surface":"paving_stones"},"geometry":{"type":"LineString","coordinates":[[-21.9419016,64.1478599],[-21.9419856,64.1478743],[-21.942997,64.1480472]]}},{"type":"Feature","id":5170407,"properties":{"bicycle":"designated","coach":"no","cycleway":"no","highway":"residential","maxlength":"8","maxspeed":"30","name":"Öldugata","oneway":"yes","oneway:bicycle":"no","parking:left":"separate","parking:right":"no","surface":"asphalt"},"geometry":{"type":"LineString","coordinates":[[-21.9474661,64.1487435],[-21.9473544,64.1487225],[-21.9445149,64.148187],[-21.9445016,64.1481845],[-21.9443577,64.1481574]]}},{"type":"Feature","id":5170430,"properties":{"coach":"no","highway":"residential","maxlength":"8","maxspeed":"30","name":"Kirkjugarðsstígur","oneway":"yes","surface":"asphalt","wikidata":"Q16430304","wikipedia":"is:Kirkjugarðsstígur"},"geometry":{"type":"LineString","coordinates":[[-21.9452433,64.1452871],[-21.9453157,64.1453032],[-21.9468793,64.1456501],[-21.9469929,64.1456753]]}},{"type":"Feature","id":37680110,"properties":{"bicycle":"designated","coach":"no","foot":"designated","highway":"living_street","lanes":"1","lit":"yes","maxlength":"8","maxspeed":"15","name":"Grjótagata","oneway":"yes","surface":"paving_stones"},"geometry":{"type":"LineString","coordinates":[[-21.9421304,64.14759],[-21.9422095,64.1476022],[-21.9425032,64.1476475],[-21.9433857,64.1477836],[-21.9435778,64.1478132],[-21.9438243,64.1478512],[-21.9445039,64.1479187]]}},{"type":"Feature","id":60845824,"properties":{"natural":"water"},"geometry":{"type":"LineString","coordinates":[[-21.942865,64.1463426],[-21.9428088,64.1463724],[-21.9427624,64.1463938],[-21.9427051,64.1464089],[-21.9426638,64.1464162],[-21.942615,64.1464189],[-21.9425664,64.1464157],[-21.9425096,64.1464075],[-21.9423956,64.1463817],[-21.9422722,64.1463472],[-21.9422381,64.1463327],[-21.9422212,64.1463133],[-21.9422242,64.1462935],[-21.9422454,64.1462759],[-21.9423872,64.1461627],[-21.9425656,64.146203],[-21.9426192,64.146158],[-21.9426682,64.1461691],[-21.9426146,64.1462141],[-21.9428057,64.1462574],[-21.9428607,64.1462111],[-21.9428193,64.1462015],[-21.9428515,64.1461749],[-21.9429427,64.1461959],[-21.9429468,64.1462302],[-21.9429362,64.1462697],[-21.9429086,64.1463076],[-21.9428874,64.1463246],[-21.942744,64.1462906],[-21.9427216,64.1463085],[-21.942865,64.1463426]]}},{"type":"Feature","id":62518432,"properties":{"highway":"service","service":"parking_aisle","surface":"paving_stones"},"geometry":{"type":"LineString","coordinates":[[-21.9460842,64.1477309],[-21.9461616,64.1477431],[-21.9466659,64.1478282],[-21.9476684,64.1478571],[-21.9476568,64.1479231],[-21.947648,64.1479729]]}},{"type":"Feature","id":87291485,"properties":{"cycleway":"shared_lane","highway":"residential","lanes":"1","lit":"yes","maxspeed":"30","name":"Suðurgata","note":"There are shared bicycle lanes (sharrows) on both sides of the road. The one heading south just fades rather quickly due to car traffic.","oneway":"no","surface":"asphalt","wikidata":"Q16427885","wikipedia":"is:Suðurgata"},"geometry":{"type":"LineString","coordinates":[[-21.9434648,64.1467469],[-21.9435503,64.1466767],[-21.9440915,64.1462325],[-21.9452433,64.1452871]]}},{"type":"Feature","id":97469155,"properties":{"highway":"tertiary","lanes":"1","maxspeed":"30","name":"Ægisgata","oneway":"yes","parking:both":"no","surface":"asphalt"},"geometry":{"type":"LineString","coordinates":[[-21.9478826,64.1479795],[-21.9478816,64.1480338],[-21.9478761,64.1483195]]}},{"type":"Feature","id":102370713,"properties":{"addr:housenumber":"30","addr:postcode":"101","addr:street":"Tjarnargata","building":"detached"},"geometry":{"type":"LineString","coordinates":[[-21.9457342,64.1444006],[-21.9458295,64.1443079],[-21.9456,64.144263],[-21.9455468,64.1443148],[-21.9455693,64.1443192],[-21.9455273,64.1443601],[-21.9457342,64.1444006]]}},{"type":"Feature","id":102370715,"properties":{"addr:housenumber":"16","addr:postcode":"101","addr:street":"Tjarnargata","building":"yes"},"geometry":{"type":"LineString","coordinates":[[-21.9441754,64.1458645],[-21.9442823,64.1457806],[-21.944051,64.1457245],[-21.9439441,64.1458085],[-21.9441652,64.145862],[-21.9441754,64.1458645]]}},{"type":"Feature","id":102370716,"properties":{"building":"yes"},"geometry":{"type":"LineString","coordinates":[[-21.946376,64.143637],[-21.9464062,64.1435945],[-21.9462025,64.143567],[-21.9461724,64.1436095],[-21.946376,64.143637]]}},{"type":"Feature","id":102370718,"properties":{"addr:housenumber":"35","addr:postcode":"101","addr:street":"Tjarnargata","building":"detached"},"geometry":{"type":"LineString","coordinates":[[-21.9457554,64.1436589],[-21.9458219,64.143569],[-21.9457669,64.1435613],[-21.9457834,64.143539],[-21.9456939,64.1435264],[-21.9456774,64.1435486],[-21.9456125,64.1435395],[-21.9455459,64.1436294],[-21.9457554,64.1436589]]}},{"type":"Feature","id":102370719,"properties":{"addr:housenumber":"35","addr:postcode":"101","addr:street":"Suðurgata","building":"house"},"geometry":{"type":"LineString","coordinates":[[-21.947171,64.1435167],[-21.947263,64.1434409],[-21.9470862,64.1434001],[-21.9469942,64.1434758],[-21.947171,64.1435167]]}},{"type":"Feature","id":102370720,"properties":{"addr:housenumber":"28","addr:postcode":"101","addr:street":"Tjarnargata","building":"detached","building:levels":"1","roof:levels":"2","roof:shape":"gabled"},"geometry":{"type":"LineString","coordinates":[[-21.9455062,64.14466],[-21.9455745,64.1445987],[-21.9454846,64.1445796],[-21.9455163,64.1445512],[-21.9453431,64.1445145],[-21.9452431,64.1446042],[-21.9455062,64.14466]]}},{"type":"Feature","id":102370723,"properties":{"addr:housenumber":"22","addr:postcode":"101","addr:street":"Tjarnargata","building":"detached","building:levels":"1","roof:levels":"1"},"geometry":{"type":"LineString","coordinates":[[-21.9447493,64.1453219],[-21.9447613,64.145311],[-21.9448861,64.145198],[-21.9446702,64.1451526],[-21.9446324,64.1451869],[-21.9445957,64.1451792],[-21.9444967,64.1452689],[-21.9447493,64.1453219]]}},{"type":"Feature","id":102370725,"properties":{"addr:city":"Reykjavík","addr:housenumber":"32","addr:postcode":"101","addr:street":"Tjarnargata","building":"detached","name":"Ráðherrabústaðurinn","wikidata":"Q16424441","wikipedia":"is:Ráðherrabústaðurinn"},"geometry":{"type":"LineString","coordinates":[[-21.9460987,64.1441928],[-21.9461407,64.1441317],[-21.9459967,64.1441128],[-21.946052,64.1440326],[-21.9458276,64.1440032],[-21.9457303,64.1441446],[-21.9460987,64.1441928]]}},{"type":"Feature","id":102370726,"properties":{"addr:housenumber":"24","addr:postcode":"101","addr:street":"Tjarnargata","building":"detached","building:levels":"1","roof:levels":"2","roof:shape":"gabled"},"geometry":{"type":"LineString","coordinates":[[-21.9450296,64.1450777],[-21.9450753,64.1450358],[-21.9450041,64.145021],[-21.9450243,64.1450025],[-21.9448413,64.1449645],[-21.9447338,64.1450629],[-21.944926,64.1451028],[-21.9449675,64.1450648],[-21.9450296,64.1450777]]}},{"type":"Feature","id":102370727,"properties":{"addr:housenumber":"18","addr:postcode":"101","addr:street":"Tjarnargata","building":"yes"},"geometry":{"type":"LineString","coordinates":[[-21.9443012,64.1457158],[-21.9443644,64.145658],[-21.94432,64.1456488],[-21.9443437,64.1456271],[-21.9441605,64.145589],[-21.9440462,64.1456933],[-21.9442332,64.1457323],[-21.9442605,64.1457073],[-21.9443012,64.1457158]]}},{"type":"Feature","id":102370729,"properties":{"addr:housenumber":"29","addr:postcode":"101","addr:street":"Suðurgata","building":"house"},"geometry":{"type":"LineString","coordinates":[[-21.9466067,64.1439892],[-21.9466857,64.1439178],[-21.9465201,64.143883],[-21.9464412,64.1439543],[-21.9466067,64.1439892]]}},{"type":"Feature","id":102370730,"properties":{"addr:housenumber":"33","addr:postcode":"101","addr:street":"Tjarnargata","building":"detached","name":"Tjarnarborg"},"geometry":{"type":"LineString","coordinates":[[-21.94559,64.1438691],[-21.9456685,64.1437624],[-21.9454719,64.1437349],[-21.9453934,64.1438416],[-21.94559,64.1438691]]}},{"type":"Feature","id":102370733,"properties":{"addr:housenumber":"26","addr:postcode":"101","addr:street":"Tjarnargata","building":"detached","building:levels":"1","roof:levels":"2","roof:shape":"gabled"},"geometry":{"type":"LineString","coordinates":[[-21.9452157,64.1448712],[-21.9453069,64.1447869],[-21.9450819,64.1447407],[-21.9449908,64.144825],[-21.9452157,64.1448712]]}},{"type":"Feature","id":102370735,"properties":{"addr:housenumber":"14","addr:postcode":"101","addr:street":"Tjarnargata","building":"yes"},"geometry":{"type":"LineString","coordinates":[[-21.9440225,64.1459341],[-21.9440488,64.1459127],[-21.9440882,64.1459223],[-21.9441652,64.145862],[-21.9439441,64.1458085],[-21.9438374,64.1458923],[-21.9439864,64.1459264],[-21.9440225,64.1459341]]}},{"type":"Feature","id":102370738,"properties":{"addr:housenumber":"34","addr:postcode":"101","addr:street":"Tjarnargata","building":"detached"},"geometry":{"type":"LineString","coordinates":[[-21.9461272,64.1438888],[-21.9461513,64.1438565],[-21.9461829,64.143861],[-21.9461993,64.143839],[-21.9461672,64.1438344],[-21.9461808,64.1438163],[-21.9459961,64.14379],[-21.9459421,64.1438623],[-21.9460027,64.1438709],[-21.9459915,64.1438859],[-21.9460943,64.1439005],[-21.9461053,64.1438857],[-21.9461272,64.1438888]]}},{"type":"Feature","id":102370739,"properties":{"addr:housenumber":"38","addr:postcode":"101","addr:street":"Tjarnargata","building":"detached","building:levels":"3"},"geometry":{"type":"LineString","coordinates":[[-21.9463664,64.1435617],[-21.9464274,64.1434773],[-21.9462486,64.1434527],[-21.9461876,64.1435372],[-21.9463664,64.1435617]]}},{"type":"Feature","id":102370741,"properties":{"addr:housenumber":"31","addr:postcode":"101","addr:street":"Suðurgata","building":"house"},"geometry":{"type":"LineString","coordinates":[[-21.9467647,64.143852],[-21.9468483,64.1437815],[-21.9466926,64.1437464],[-21.9466404,64.1437905],[-21.9465971,64.1437807],[-21.9465658,64.1438071],[-21.9467647,64.143852]]}},{"type":"Feature","id":102370742,"properties":{"addr:housenumber":"7","addr:postcode":"101","addr:street":"Suðurgata","building":"yes"},"geometry":{"type":"LineString","coordinates":[[-21.9437311,64.1464383],[-21.9434377,64.1466764],[-21.9431762,64.1466138],[-21.9432453,64.1465557],[-21.9433491,64.1465798],[-21.9435627,64.1463988],[-21.9437311,64.1464383]]}},{"type":"Feature","id":102370744,"properties":{"addr:housenumber":"36","addr:postcode":"101","addr:street":"Tjarnargata","building":"detached"},"geometry":{"type":"LineString","coordinates":[[-21.946228,64.1437589],[-21.9462935,64.1436732],[-21.9461059,64.1436459],[-21.9460404,64.1437316],[-21.946228,64.1437589]]}},{"type":"Feature","id":102370745,"properties":{"building":"yes"},"geometry":{"type":"LineString","coordinates":[[-21.9439355,64.1460998],[-21.9441011,64.146136],[-21.9442876,64.145982],[-21.944205,64.145963],[-21.9440708,64.1460742],[-21.9439881,64.1460552],[-21.9439355,64.1460998]]}},{"type":"Feature","id":102370747,"properties":{"addr:housenumber":"33","addr:postcode":"101","addr:street":"Suðurgata","building":"house"},"geometry":{"type":"LineString","coordinates":[[-21.9469687,64.1436743],[-21.9470671,64.1435884],[-21.9469099,64.1435542],[-21.9468115,64.14364],[-21.9469687,64.1436743]]}},{"type":"Feature","id":102370748,"properties":{"addr:housenumber":"20","addr:postcode":"101","addr:street":"Tjarnargata","building":"yes","wikidata":"Q122629407","wikipedia":"is:Tjarnargata 20"},"geometry":{"type":"LineString","coordinates":[[-21.944693,64.1455023],[-21.9447407,64.1454569],[-21.9443816,64.1453851],[-21.9442692,64.1454919],[-21.9444636,64.1455308],[-21.9444954,64.1455006],[-21.9445114,64.1455038],[-21.9445443,64.1454725],[-21.944693,64.1455023]]}},{"type":"Feature","id":102413171,"properties":{"addr:city":"Reykjavík","addr:housenumber":"2","addr:postcode":"101","addr:street":"Kirkjustræti","building":"yes"},"geometry":{"type":"LineString","coordinates":[[-21.9429208,64.14709],[-21.9428328,64.1471625],[-21.9427644,64.1471683],[-21.9424479,64.1471063],[-21.9423782,64.1471818],[-21.9422266,64.147156],[-21.9423782,64.1470087],[-21.9428019,64.1470917],[-21.9428293,64.1470686],[-21.9429208,64.14709]]}},{"type":"Feature","id":102413173,"properties":{"addr:housenumber":"4","addr:postcode":"101","addr:street":"Tjarnargata","building":"yes","ref:HNITNUM":"10023573","source:addr":"Staðfangaskrá"},"geometry":{"type":"LineString","coordinates":[[-21.9426495,64.1470434],[-21.9423993,64.1469907],[-21.9426138,64.1467969],[-21.9428041,64.146837],[-21.9426756,64.146953],[-21.9427356,64.1469656],[-21.9426495,64.1470434]]}},{"type":"Feature","id":102413174,"properties":{"highway":"service","service":"parking_aisle","surface":"asphalt"},"geometry":{"type":"LineString","coordinates":[[-21.9429012,64.1469671],[-21.943093,64.1468057],[-21.9426608,64.1467066],[-21.9426015,64.1466926]]}},{"type":"Feature","id":102413175,"properties":{"addr:housenumber":"3","addr:postcode":"101","building":"yes","description":"The National Queer Organization","name":"Samtökin '78","office":"ngo","opening_hours":"Mo-Fr 13:00-16:00"},"geometry":{"type":"LineString","coordinates":[[-21.9429208,64.14709],[-21.9428293,64.1470686],[-21.9427732,64.1470556],[-21.9428653,64.1469805],[-21.9430129,64.1470149],[-21.9429208,64.14709]]}},{"type":"Feature","id":102513508,"properties":{"addr:housenumber":"17","addr:postcode":"101","addr:street":"Öldugata","building":"apartments","building:levels":"2","roof:levels":"1","roof:shape":"hipped"},"geometry":{"type":"LineString","coordinates":[[-21.9479114,64.1487715],[-21.9479876,64.1486942],[-21.9477378,64.1486474],[-21.9476616,64.1487247],[-21.9479114,64.1487715]]}},{"type":"Feature","id":102550398,"properties":{"addr:housenumber":"36","addr:postcode":"101","addr:street":"Garðastræti","building":"yes"},"geometry":{"type":"LineString","coordinates":[[-21.9457706,64.147236],[-21.9458559,64.1471645],[-21.9456785,64.1471243],[-21.9455932,64.1471957],[-21.9457706,64.147236]]}},{"type":"Feature","id":102550399,"properties":{"addr:housenumber":"34","addr:postcode":"101","addr:street":"Garðastræti","building":"apartments"},"geometry":{"type":"LineString","coordinates":[[-21.9456041,64.1474253],[-21.9457022,64.1473432],[-21.9456147,64.1473233],[-21.9456055,64.1473311],[-21.9454415,64.1472938],[-21.9454045,64.1473248],[-21.9453747,64.1473181],[-21.945323,64.1473613],[-21.9456041,64.1474253]]}},{"type":"Feature","id":102550400,"properties":{"addr:housenumber":"40","addr:postcode":"101","addr:street":"Garðastræti","building":"yes"},"geometry":{"type":"LineString","coordinates":[[-21.9461909,64.1469266],[-21.946323,64.1468174],[-21.9462233,64.1467945],[-21.9462074,64.1468076],[-21.9460597,64.1467736],[-21.9460067,64.1468173],[-21.9459747,64.14681],[-21.9459278,64.1468487],[-21.9460694,64.1468813],[-21.946053,64.1468948],[-21.9461909,64.1469266]]}},{"type":"Feature","id":102550401,"properties":{"addr:housenumber":"5","addr:postcode":"101","building":"yes"},"geometry":{"type":"LineString","coordinates":[[-21.9463278,64.1473645],[-21.9463877,64.1473133],[-21.946366,64.1473085],[-21.9464115,64.1472697],[-21.9461879,64.1472199],[-21.9460817,64.1473105],[-21.9461559,64.1473271],[-21.9461404,64.1473403],[-21.9462035,64.1473544],[-21.9462198,64.1473405],[-21.9463278,64.1473645]]}},{"type":"Feature","id":102550402,"properties":{"addr:housenumber":"9","addr:postcode":"101","building":"yes","country":"RU","fixme":"Please detail if it's an embassy or a consulate + the name","office":"diplomatic","target":"IS"},"geometry":{"type":"LineString","coordinates":[[-21.9458148,64.1477044],[-21.9458519,64.1476653],[-21.9458746,64.1476694],[-21.9459232,64.1476182],[-21.9458028,64.1475964],[-21.9458171,64.1475814],[-21.9457579,64.1475707],[-21.9457021,64.1475606],[-21.9456736,64.1475906],[-21.9456003,64.1475774],[-21.9455262,64.1476554],[-21.9456009,64.1476689],[-21.9455879,64.1476826],[-21.9457325,64.1477087],[-21.945748,64.1476924],[-21.9458148,64.1477044]]}},{"type":"Feature","id":102550403,"properties":{"addr:housenumber":"38","addr:postcode":"101","addr:street":"Garðastræti","building":"apartments"},"geometry":{"type":"LineString","coordinates":[[-21.9459876,64.1470997],[-21.9461135,64.1469934],[-21.9460336,64.1469754],[-21.946042,64.1469684],[-21.9458565,64.1469266],[-21.9457758,64.1469948],[-21.9458862,64.1470197],[-21.9458327,64.1470648],[-21.9459876,64.1470997]]}},{"type":"Feature","id":102550404,"properties":{"addr:housenumber":"13","addr:postcode":"101","building":"apartments","building:levels":"3","roof:levels":"0","roof:shape":"hipped"},"geometry":{"type":"LineString","coordinates":[[-21.9471376,64.1466784],[-21.9472079,64.1466148],[-21.9472277,64.146619],[-21.9472764,64.146575],[-21.9470415,64.1465256],[-21.9469703,64.14659],[-21.9469458,64.1465848],[-21.946877,64.1466471],[-21.9470355,64.1466804],[-21.9470565,64.1466614],[-21.9471376,64.1466784]]}},{"type":"Feature","id":102550405,"properties":{"addr:housenumber":"42","addr:postcode":"101","addr:street":"Garðastræti","building":"yes"},"geometry":{"type":"LineString","coordinates":[[-21.9463432,64.1467296],[-21.9463846,64.1466966],[-21.9463959,64.1466993],[-21.9464461,64.1466593],[-21.9462396,64.14661],[-21.9461972,64.1466437],[-21.9461814,64.14664],[-21.9461321,64.1466792],[-21.9463432,64.1467296]]}},{"type":"Feature","id":102550406,"properties":{"addr:housenumber":"9","addr:postcode":"101","building":"yes"},"geometry":{"type":"LineString","coordinates":[[-21.9467105,64.147045],[-21.946751,64.1470125],[-21.946731,64.1470078],[-21.9467852,64.1469644],[-21.9465844,64.1469167],[-21.9464896,64.1469926],[-21.9467105,64.147045]]}},{"type":"Feature","id":102550407,"properties":{"addr:housenumber":"44","addr:postcode":"101","building":"apartments","building:levels":"3","roof:levels":"1","roof:shape":"hipped"},"geometry":{"type":"LineString","coordinates":[[-21.9466215,64.1465561],[-21.9467475,64.146447],[-21.9465039,64.1463935],[-21.9464421,64.1464471],[-21.9464125,64.1464406],[-21.9463611,64.1464851],[-21.9465566,64.146528],[-21.9465439,64.146539],[-21.9466215,64.1465561]]}},{"type":"Feature","id":102550408,"properties":{"addr:housenumber":"11","addr:postcode":"101","building":"apartments","building:levels":"3","roof:levels":"0"},"geometry":{"type":"LineString","coordinates":[[-21.9469252,64.1468732],[-21.9470376,64.1467778],[-21.9469296,64.1467537],[-21.9469379,64.1467466],[-21.9468623,64.1467297],[-21.9468375,64.1467508],[-21.9468277,64.1467486],[-21.9467976,64.1467742],[-21.9467399,64.1467613],[-21.9466591,64.1468299],[-21.9466967,64.1468383],[-21.946733,64.1468464],[-21.9467244,64.1468537],[-21.9468348,64.1468784],[-21.9468585,64.1468583],[-21.9469252,64.1468732]]}},{"type":"Feature","id":102550409,"properties":{"addr:housenumber":"3","addr:postcode":"101","building":"yes"},"geometry":{"type":"LineString","coordinates":[[-21.9461238,64.1475454],[-21.9462429,64.1474424],[-21.9460245,64.1473944],[-21.9459053,64.1474973],[-21.9461238,64.1475454]]}},{"type":"Feature","id":102550410,"properties":{"addr:city":"Reykjavík","addr:housenumber":"7","addr:postcode":"101","addr:street":"Túngata","building":"government"},"geometry":{"type":"LineString","coordinates":[[-21.9453093,64.1476254],[-21.9453723,64.147559],[-21.945391,64.1475624],[-21.9454368,64.1475141],[-21.9454529,64.1474971],[-21.9453336,64.1474756],[-21.9453222,64.1474876],[-21.9452269,64.1474704],[-21.9451223,64.1475806],[-21.9452195,64.1475982],[-21.9452106,64.1476076],[-21.9453093,64.1476254]]}},{"type":"Feature","id":102550411,"properties":{"addr:housenumber":"7","addr:postcode":"101","building":"yes"},"geometry":{"type":"LineString","coordinates":[[-21.9465051,64.1472184],[-21.9466398,64.1471066],[-21.9464722,64.1470682],[-21.9463376,64.14718],[-21.9465051,64.1472184]]}},{"type":"Feature","id":102579609,"properties":{"addr:housenumber":"18","addr:postcode":"101","addr:street":"Túngata","building":"yes"},"geometry":{"type":"LineString","coordinates":[[-21.9459111,64.1481016],[-21.9460022,64.148014],[-21.9457212,64.1479584],[-21.9455917,64.1480829],[-21.9457504,64.1481143],[-21.9457888,64.1480774],[-21.9459111,64.1481016]]}},{"type":"Feature","id":102579610,"properties":{"addr:city":"Reykjavík","addr:housenumber":"24","addr:postcode":"101","addr:street":"Túngata","building":"yes","building:levels":"3"},"geometry":{"type":"LineString","coordinates":[[-21.9476594,64.1481332],[-21.9476504,64.148225],[-21.9474221,64.1482207],[-21.9474213,64.1482286],[-21.9472741,64.1482259],[-21.9472839,64.1481262],[-21.9476594,64.1481332]]}},{"type":"Feature","id":102579611,"properties":{"addr:city":"Reykjavík","addr:housenumber":"11","addr:postcode":"101","addr:street":"Öldugata","building":"yes","building:levels":"4"},"geometry":{"type":"LineString","coordinates":[[-21.9465634,64.1485216],[-21.94659,64.1484937],[-21.9466106,64.1484974],[-21.9466301,64.148477],[-21.946611,64.1484735],[-21.9466478,64.1484349],[-21.9463929,64.1483887],[-21.94631,64.1484756],[-21.9465634,64.1485216]]}},{"type":"Feature","id":102579613,"properties":{"addr:housenumber":"20","addr:postcode":"101","addr:street":"Túngata","building":"yes"},"geometry":{"type":"LineString","coordinates":[[-21.9464731,64.1481793],[-21.9465347,64.1481161],[-21.9463238,64.148077],[-21.9462884,64.1481134],[-21.9462409,64.1481046],[-21.9462282,64.1481176],[-21.9462076,64.1481216],[-21.9461923,64.148128],[-21.9461913,64.1481386],[-21.9461989,64.1481476],[-21.9461899,64.1481569],[-21.9464018,64.1481962],[-21.9464267,64.1481707],[-21.9464731,64.1481793]]}},{"type":"Feature","id":102579614,"properties":{"addr:city":"Reykjavík","addr:housenumber":"3","addr:postcode":"101","addr:street":"Öldugata","building":"yes"},"geometry":{"type":"LineString","coordinates":[[-21.9451715,64.1482746],[-21.9452621,64.1481805],[-21.9450225,64.1481367],[-21.944932,64.1482307],[-21.9451715,64.1482746]]}},{"type":"Feature","id":102579616,"properties":{"addr:city":"Reykjavík","addr:housenumber":"22","addr:postcode":"101","addr:street":"Túngata","building":"yes"},"geometry":{"type":"LineString","coordinates":[[-21.946932,64.1482768],[-21.9469718,64.1482367],[-21.9469324,64.1482293],[-21.9469589,64.1482026],[-21.9466915,64.1481521],[-21.9466252,64.1482189],[-21.946932,64.1482768]]}},{"type":"Feature","id":102579617,"properties":{"addr:city":"Reykjavík","addr:housenumber":"9A","addr:postcode":"101","addr:street":"Öldugata","building":"yes"},"geometry":{"type":"LineString","coordinates":[[-21.9460673,64.1484335],[-21.9461958,64.1484568],[-21.9462809,64.1483678],[-21.9461524,64.1483444],[-21.9460673,64.1484335]]}},{"type":"Feature","id":102579618,"properties":{"addr:city":"Reykjavík","addr:housenumber":"14","addr:postcode":"101","addr:street":"Túngata","building":"office","building:levels":"4","name":"Hallveigarstaðir","source":"http://timarit.is/view_page_init.jsp?pageId=1068644"},"geometry":{"type":"LineString","coordinates":[[-21.944625,64.1481277],[-21.9448036,64.1479388],[-21.9447165,64.1479231],[-21.9448376,64.1477949],[-21.9452154,64.1478629],[-21.9449739,64.1481184],[-21.9448845,64.1481023],[-21.9448263,64.1481639],[-21.944625,64.1481277]]}},{"type":"Feature","id":102579620,"properties":{"addr:city":"Reykjavík","addr:housenumber":"13","addr:postcode":"101","addr:street":"Öldugata","building":"yes","building:levels":"3"},"geometry":{"type":"LineString","coordinates":[[-21.9469996,64.1486044],[-21.9470464,64.148552],[-21.9469903,64.1485425],[-21.9469761,64.1485584],[-21.9469529,64.1485545],[-21.9469846,64.1485189],[-21.9467923,64.1484863],[-21.9467281,64.1485583],[-21.9469996,64.1486044]]}},{"type":"Feature","id":102579621,"properties":{"addr:housenumber":"27","addr:postcode":"101","building":"yes"},"geometry":{"type":"LineString","coordinates":[[-21.9475235,64.1484569],[-21.9475967,64.1483819],[-21.9473957,64.1483446],[-21.9473389,64.1484028],[-21.9472746,64.1483908],[-21.9472368,64.1484296],[-21.9474657,64.1484721],[-21.9474872,64.1484502],[-21.9475235,64.1484569]]}},{"type":"Feature","id":102579623,"properties":{"building":"yes"},"geometry":{"type":"LineString","coordinates":[[-21.9459321,64.1481852],[-21.9459901,64.14813],[-21.945884,64.1481088],[-21.945826,64.148164],[-21.9459321,64.1481852]]}},{"type":"Feature","id":102579624,"properties":{"addr:city":"Reykjavík","addr:housenumber":"15","addr:postcode":"101","addr:street":"Öldugata","building":"yes","building:levels":"2"},"geometry":{"type":"LineString","coordinates":[[-21.9473312,64.1486604],[-21.9474193,64.1485681],[-21.9472194,64.1485318],[-21.9471312,64.1486242],[-21.9473312,64.1486604]]}},{"type":"Feature","id":102579626,"properties":{"addr:city":"Reykjavík","addr:housenumber":"5","addr:postcode":"101","addr:street":"Öldugata","building":"yes"},"geometry":{"type":"LineString","coordinates":[[-21.9454458,64.1483218],[-21.9455371,64.1482262],[-21.9454716,64.1482143],[-21.945497,64.1481878],[-21.9454068,64.1481714],[-21.9452901,64.1482935],[-21.9454458,64.1483218]]}},{"type":"Feature","id":102579627,"properties":{"addr:housenumber":"16","addr:postcode":"101","addr:street":"Túngata","building":"yes"},"geometry":{"type":"LineString","coordinates":[[-21.9454133,64.1480149],[-21.9455169,64.1479199],[-21.9452748,64.1478697],[-21.9451876,64.1479496],[-21.9453397,64.1479812],[-21.9453233,64.1479962],[-21.9454133,64.1480149]]}},{"type":"Feature","id":102579629,"properties":{"addr:city":"Reykjavík","addr:housenumber":"7A","addr:postcode":"101","addr:street":"Öldugata","building":"yes"},"geometry":{"type":"LineString","coordinates":[[-21.9456976,64.1483699],[-21.9457689,64.1483833],[-21.9457784,64.1483736],[-21.9458405,64.1483853],[-21.9459331,64.1482915],[-21.9457997,64.1482664],[-21.9456976,64.1483699]]}},{"type":"Feature","id":102619658,"properties":{"addr:housenumber":"8","addr:postcode":"101","addr:street":"Túngata","building":"yes","ref:HNITNUM":"10023740","source:addr":"Staðfangaskrá"},"geometry":{"type":"LineString","coordinates":[[-21.9440689,64.1476851],[-21.9441427,64.1476119],[-21.9439111,64.1475675],[-21.9438373,64.1476407],[-21.9440689,64.1476851]]}},{"type":"Feature","id":102619660,"properties":{"addr:housenumber":"11","addr:postcode":"101","building":"yes","start_date":"1990"},"geometry":{"type":"LineString","coordinates":[[-21.9443607,64.1478463],[-21.9444082,64.147782],[-21.9442549,64.1477605],[-21.9442074,64.1478248],[-21.9443607,64.1478463]]}},{"type":"Feature","id":102619661,"properties":{"addr:housenumber":"6","addr:postcode":"101","addr:street":"Túngata","building":"detached","ref:HNITNUM":"10023738","source:addr":"Staðfangaskrá","start_date":"1875"},"geometry":{"type":"LineString","coordinates":[[-21.9435759,64.1475755],[-21.9435963,64.1475792],[-21.9437095,64.1475994],[-21.9437404,64.1476049],[-21.9438538,64.1474841],[-21.9436892,64.1474548],[-21.9435759,64.1475755]]}},{"type":"Feature","id":102619662,"properties":{"building":"yes","start_date":"1994"},"geometry":{"type":"LineString","coordinates":[[-21.9441411,64.1478156],[-21.944178,64.1477637],[-21.9440901,64.1477518],[-21.9440532,64.1478038],[-21.9441411,64.1478156]]}},{"type":"Feature","id":102619663,"properties":{"addr:housenumber":"7","addr:postcode":"101","building":"yes","start_date":"1985"},"geometry":{"type":"LineString","coordinates":[[-21.9436662,64.147737],[-21.9437354,64.1476641],[-21.9436622,64.1476509],[-21.9435491,64.1476307],[-21.9435177,64.147625],[-21.9434486,64.1476978],[-21.9436662,64.147737]]}},{"type":"Feature","id":102619664,"properties":{"addr:housenumber":"5","addr:postcode":"101","addr:street":"Grjótagata","building":"yes","ref:HNITNUM":"10011675","source:addr":"Staðfangaskrá","start_date":"1897"},"geometry":{"type":"LineString","coordinates":[[-21.9433442,64.1477172],[-21.9433903,64.1476614],[-21.9433365,64.1476529],[-21.9433417,64.1476466],[-21.943187,64.1476223],[-21.943126,64.1476962],[-21.9432899,64.1477219],[-21.9432995,64.1477102],[-21.9433442,64.1477172]]}},{"type":"Feature","id":102619665,"properties":{"addr:housenumber":"16","addr:postcode":"101","addr:street":"Aðalstræti","building":"hotel","check_date":"2024-10-04","email":"info@hotelcentrum.is","name":"Hotel Reykjavík Centrum","operator":"Íslandshotel","phone":"+354 514 6000","rooms":"89","stars":"4","start_date":"2005","tourism":"hotel","website":"https://www.islandshotel.is/hotels-in-iceland/hotel-reykjavik-centrum","wikidata":"Q111409564"},"geometry":{"type":"LineString","coordinates":[[-21.9429441,64.1476765],[-21.9430259,64.1475923],[-21.9430111,64.1475888],[-21.9431439,64.147449],[-21.9433826,64.1474935],[-21.9434536,64.1474152],[-21.9427681,64.1472957],[-21.9426933,64.147378],[-21.942755,64.1473888],[-21.9427201,64.1474291],[-21.9426091,64.1474099],[-21.9424465,64.1473818],[-21.9423758,64.1474597],[-21.9424077,64.1474658],[-21.9423991,64.1474756],[-21.9423949,64.1474802],[-21.9423851,64.1474912],[-21.9423553,64.1474853],[-21.9422548,64.1475952],[-21.9424908,64.1476344],[-21.9425431,64.1475759],[-21.9425672,64.1475812],[-21.9425592,64.1475917],[-21.9426906,64.147618],[-21.9426839,64.1476274],[-21.9429441,64.1476765]]}},{"type":"Feature","id":102619666,"properties":{"building":"yes","start_date":"1986"},"geometry":{"type":"LineString","coordinates":[[-21.9436622,64.1476509],[-21.9437095,64.1475994],[-21.9435963,64.1475792],[-21.9435491,64.1476307],[-21.9436622,64.1476509]]}},{"type":"Feature","id":102620230,"properties":{"addr:housenumber":"37","addr:postcode":"101","building":"office"},"geometry":{"type":"LineString","coordinates":[[-21.945367,64.1468935],[-21.9453888,64.1468752],[-21.945365,64.1468698],[-21.9454403,64.1468067],[-21.9453597,64.1467884],[-21.9453781,64.146773],[-21.945204,64.1467335],[-21.9450881,64.1468306],[-21.9451268,64.1468394],[-21.9450812,64.1468776],[-21.9452455,64.1469149],[-21.9452914,64.1468764],[-21.945367,64.1468935]]}},{"type":"Feature","id":102620231,"properties":{"addr:housenumber":"8","addr:postcode":"101","building":"yes","start_date":"1885"},"geometry":{"type":"LineString","coordinates":[[-21.944046,64.1468844],[-21.9441172,64.1468311],[-21.9441501,64.1468395],[-21.9441925,64.1468077],[-21.9441497,64.1467968],[-21.9442234,64.1467416],[-21.9441739,64.146729],[-21.9441986,64.1467106],[-21.94414,64.1466957],[-21.9441163,64.1467135],[-21.944071,64.146702],[-21.9438828,64.146843],[-21.944046,64.1468844]]}},{"type":"Feature","id":102620232,"properties":{"addr:housenumber":"10","addr:postcode":"101","building":"yes"},"geometry":{"type":"LineString","coordinates":[[-21.9444757,64.1466401],[-21.9443809,64.1466133],[-21.9442831,64.1466903],[-21.9441375,64.1466551],[-21.9442426,64.1465724],[-21.9442782,64.146581],[-21.9443351,64.1465361],[-21.9444452,64.1465627],[-21.9445397,64.1465873],[-21.9445474,64.1465809],[-21.94467,64.1466092],[-21.9444969,64.1467519],[-21.9443743,64.1467236],[-21.9444757,64.1466401]]}},{"type":"Feature","id":102620233,"properties":{"addr:housenumber":"14","addr:postcode":"101","building":"yes"},"geometry":{"type":"LineString","coordinates":[[-21.9449152,64.1463159],[-21.9450008,64.1462411],[-21.9446871,64.1461728],[-21.9446055,64.1462441],[-21.9446273,64.1462488],[-21.9445981,64.1462743],[-21.9448139,64.1463213],[-21.9448391,64.1462993],[-21.9449152,64.1463159]]}},{"type":"Feature","id":102620234,"properties":{"highway":"service","service":"parking_aisle","surface":"asphalt"},"geometry":{"type":"LineString","coordinates":[[-21.9435457,64.1473803],[-21.9435749,64.147345],[-21.94362,64.1472906],[-21.9432874,64.1472239],[-21.9432328,64.1472855],[-21.943204,64.147318]]}},{"type":"Feature","id":102620235,"properties":{"addr:housenumber":"45","addr:postcode":"101","building":"apartments","building:levels":"2","roof:levels":"1","roof:shape":"mansard"},"geometry":{"type":"LineString","coordinates":[[-21.9465476,64.1459036],[-21.9463784,64.1460515],[-21.9462183,64.1460176],[-21.9463832,64.1458677],[-21.9465476,64.1459036]]}},{"type":"Feature","id":102620237,"properties":{"addr:housenumber":"16","addr:postcode":"101","building":"yes"},"geometry":{"type":"LineString","coordinates":[[-21.9450069,64.1461508],[-21.9451203,64.1460642],[-21.9449312,64.1460171],[-21.9448179,64.1461037],[-21.9450069,64.1461508]]}},{"type":"Feature","id":102620238,"properties":{"addr:housenumber":"49","addr:postcode":"101","addr:street":"Garðastræti","building":"detached","building:levels":"2","ref:HNITNUM":"10010181","roof:levels":"1","roof:shape":"gabled","source:addr":"Staðfangaskrá"},"geometry":{"type":"LineString","coordinates":[[-21.9467212,64.1457461],[-21.9467829,64.1456935],[-21.9467748,64.1456797],[-21.946679,64.1456593],[-21.9466552,64.1456796],[-21.9466278,64.1456735],[-21.946592,64.1457039],[-21.9466328,64.145713],[-21.9466204,64.1457236],[-21.9467212,64.1457461]]}},{"type":"Feature","id":102620239,"properties":{"addr:housenumber":"8","addr:postcode":"101","building":"yes"},"geometry":{"type":"LineString","coordinates":[[-21.9463123,64.1457571],[-21.9463418,64.1457029],[-21.9462148,64.1456897],[-21.9461853,64.1457439],[-21.9463123,64.1457571]]}},{"type":"Feature","id":102620240,"properties":{"addr:housenumber":"20","addr:postcode":"101","building":"yes","start_date":"1904"},"geometry":{"type":"LineString","coordinates":[[-21.9459769,64.14598],[-21.9459878,64.1459559],[-21.9460351,64.1459599],[-21.9460485,64.14593],[-21.9459967,64.1459255],[-21.946015,64.1458849],[-21.9458208,64.1458683],[-21.9457783,64.1459631],[-21.9459769,64.14598]]}},{"type":"Feature","id":102620241,"properties":{"addr:city":"Reykjavík","addr:housenumber":"41","addr:postcode":"101","addr:street":"Garðastræti","building":"yes"},"geometry":{"type":"LineString","coordinates":[[-21.9458959,64.146463],[-21.9456357,64.1464069],[-21.9456847,64.1463637],[-21.9457066,64.1463684],[-21.9457671,64.1463151],[-21.9456206,64.1462834],[-21.9457108,64.1462039],[-21.945725,64.146207],[-21.9457537,64.1461817],[-21.9459723,64.1462289],[-21.9459436,64.1462542],[-21.9460573,64.1462787],[-21.9458938,64.1464229],[-21.945932,64.1464311],[-21.9458959,64.146463]]}},{"type":"Feature","id":102620242,"properties":{"addr:housenumber":"6","addr:postcode":"101","building":"yes","start_date":"1898"},"geometry":{"type":"LineString","coordinates":[[-21.9439209,64.1470279],[-21.9439994,64.1469643],[-21.9437986,64.1469172],[-21.9437037,64.1469941],[-21.9438487,64.1470281],[-21.9438651,64.1470148],[-21.9439209,64.1470279]]}},{"type":"Feature","id":102620243,"properties":{"addr:housenumber":"18","addr:postcode":"101","building":"yes"},"geometry":{"type":"LineString","coordinates":[[-21.9452757,64.1460255],[-21.9453154,64.1459911],[-21.9452721,64.1459816],[-21.9453469,64.1459167],[-21.9451218,64.1458674],[-21.9450074,64.1459667],[-21.9452757,64.1460255]]}},{"type":"Feature","id":102620244,"properties":{"addr:housenumber":"22","addr:postcode":"101","building":"yes"},"geometry":{"type":"LineString","coordinates":[[-21.9454351,64.1458614],[-21.9454779,64.145824],[-21.9454445,64.1458167],[-21.9455527,64.1457219],[-21.9453481,64.1456774],[-21.9452651,64.1457502],[-21.9452958,64.1457569],[-21.9452278,64.1458164],[-21.9454351,64.1458614]]}},{"type":"Feature","id":102620245,"properties":{"addr:housenumber":"6","addr:postcode":"101","building":"yes"},"geometry":{"type":"LineString","coordinates":[[-21.9462177,64.1456491],[-21.9462632,64.145582],[-21.9460953,64.1455603],[-21.9460497,64.1456274],[-21.9462177,64.1456491]]}},{"type":"Feature","id":102620246,"properties":{"addr:city":"Reykjavík","addr:housenumber":"4","addr:postcode":"101","addr:street":"Suðurgata","building":"yes"},"geometry":{"type":"LineString","coordinates":[[-21.9437054,64.1471859],[-21.943856,64.1470689],[-21.9436254,64.1470075],[-21.943557,64.1470596],[-21.9435771,64.1470648],[-21.9435127,64.1471175],[-21.9434846,64.1471198],[-21.9435047,64.1471473],[-21.9435342,64.147142],[-21.9437054,64.1471859]]}},{"type":"Feature","id":102620247,"properties":{"addr:housenumber":"5","addr:postcode":"101","addr:street":"Túngata","building":"government"},"geometry":{"type":"LineString","coordinates":[[-21.944646,64.1475053],[-21.9446702,64.1474977],[-21.9447573,64.1474182],[-21.9446521,64.147399],[-21.9446429,64.1473895],[-21.9446276,64.1473828],[-21.9446031,64.1473782],[-21.9445736,64.147378],[-21.9445508,64.1473805],[-21.9444717,64.1473661],[-21.9444341,64.1474024],[-21.9444087,64.1473977],[-21.944355,64.1474498],[-21.944646,64.1475053]]}},{"type":"Feature","id":102620250,"properties":{"addr:housenumber":"35","addr:postcode":"101","addr:street":"Garðastræti","building":"yes"},"geometry":{"type":"LineString","coordinates":[[-21.9451354,64.1471013],[-21.9452406,64.1470117],[-21.9450006,64.1469582],[-21.9448955,64.1470477],[-21.9451354,64.1471013]]}},{"type":"Feature","id":102620251,"properties":{"building":"yes","start_date":"2009"},"geometry":{"type":"LineString","coordinates":[[-21.9446435,64.1472816],[-21.9444201,64.1472289],[-21.9444657,64.1471922],[-21.9442999,64.147153],[-21.9443969,64.1470748],[-21.9446475,64.147134],[-21.9445658,64.1471998],[-21.9446328,64.1472156],[-21.9446627,64.1471915],[-21.9447078,64.1472021],[-21.9446751,64.1472285],[-21.9446883,64.1472317],[-21.9446628,64.1472522],[-21.9446761,64.1472554],[-21.9446435,64.1472816]]}},{"type":"Feature","id":102620252,"properties":{"addr:housenumber":"24","addr:postcode":"101","building":"yes","start_date":"1904"},"geometry":{"type":"LineString","coordinates":[[-21.9456431,64.1456668],[-21.9456928,64.1456227],[-21.9456166,64.1456063],[-21.9456405,64.1455851],[-21.9455095,64.145557],[-21.9454264,64.1456307],[-21.9455673,64.1456609],[-21.9455768,64.1456525],[-21.9456431,64.1456668]]}},{"type":"Feature","id":102620253,"properties":{"addr:housenumber":"39","addr:postcode":"101","building":"detached"},"geometry":{"type":"LineString","coordinates":[[-21.9456193,64.1466815],[-21.9457436,64.146577],[-21.9455212,64.1465267],[-21.9454005,64.1466282],[-21.9454666,64.1466432],[-21.9454456,64.1466609],[-21.9455204,64.1466778],[-21.9455378,64.1466631],[-21.9456193,64.1466815]]}},{"type":"Feature","id":102620254,"properties":{"addr:housenumber":"12","addr:postcode":"101","addr:street":"Suðurgata","building":"yes","start_date":"1899"},"geometry":{"type":"LineString","coordinates":[[-21.9445785,64.1465136],[-21.9445253,64.1465005],[-21.9445132,64.1465098],[-21.9444753,64.1465005],[-21.9444874,64.1464912],[-21.9444295,64.1464769],[-21.9444307,64.146476],[-21.9444086,64.1464788],[-21.9443965,64.1464607],[-21.9444184,64.1464579],[-21.9444886,64.1464037],[-21.944481,64.1463899],[-21.9445199,64.1463858],[-21.9445251,64.1463952],[-21.9446889,64.1464355],[-21.9446484,64.1464668],[-21.9447456,64.1464908],[-21.9446634,64.1465543],[-21.9445591,64.1465286],[-21.9445785,64.1465136]]}},{"type":"Feature","id":102620255,"properties":{"addr:housenumber":"47","addr:postcode":"101","building":"apartments","building:levels":"2","roof:levels":"1","roof:shape":"gabled"},"geometry":{"type":"LineString","coordinates":[[-21.9465476,64.1459036],[-21.9466168,64.1458434],[-21.9464524,64.1458075],[-21.9463832,64.1458677],[-21.9465476,64.1459036]]}},{"type":"Feature","id":102620256,"properties":{"addr:housenumber":"3","addr:postcode":"101","addr:street":"Túngata","building":"apartments"},"geometry":{"type":"LineString","coordinates":[[-21.9441465,64.1474157],[-21.944248,64.1473068],[-21.9441439,64.1472883],[-21.9441328,64.1473002],[-21.9439984,64.1472764],[-21.9440124,64.1472614],[-21.9439107,64.1472434],[-21.9438063,64.1473554],[-21.9441465,64.1474157]]}},{"type":"Feature","id":102620257,"properties":{"addr:housenumber":"43","addr:postcode":"101","building":"apartments","building:levels":"2","roof:levels":"1","roof:shape":"hipped"},"geometry":{"type":"LineString","coordinates":[[-21.9461612,64.1462277],[-21.9462916,64.1461116],[-21.9461205,64.146075],[-21.9460865,64.1461053],[-21.9460667,64.1461011],[-21.9459703,64.1461869],[-21.9461612,64.1462277]]}},{"type":"Feature","id":102620258,"properties":{"addr:housenumber":"26A","addr:postcode":"101","addr:street":"Suðurgata","building":"yes","ref:HNITNUM":"10001547","source:addr":"Staðfangaskrá","start_date":"1867"},"geometry":{"type":"LineString","coordinates":[[-21.9459113,64.1457029],[-21.94595,64.1456295],[-21.9459271,64.1456272],[-21.9459363,64.1456099],[-21.9458782,64.1456041],[-21.9458686,64.1456223],[-21.9458123,64.1456166],[-21.945774,64.1456891],[-21.9459113,64.1457029]]}},{"type":"Feature","id":102620260,"properties":{"addr:city":"Reykjavík","addr:housenumber":"5c","addr:postcode":"101","addr:street":"Túngata","building":"yes"},"geometry":{"type":"LineString","coordinates":[[-21.9443112,64.1474426],[-21.9444119,64.1473516],[-21.9443096,64.1473301],[-21.9442089,64.1474211],[-21.9443112,64.1474426]]}},{"type":"Feature","id":102620261,"properties":{"addr:city":"Reykjavík","addr:housenumber":"33","addr:postcode":"101","addr:street":"Garðastræti","building":"government"},"geometry":{"type":"LineString","coordinates":[[-21.9448964,64.1472768],[-21.9450328,64.1471669],[-21.9448153,64.1471156],[-21.9447078,64.1472021],[-21.9446751,64.1472285],[-21.9446883,64.1472317],[-21.9446628,64.1472522],[-21.9446761,64.1472554],[-21.9447973,64.147284],[-21.9448266,64.1472604],[-21.9448964,64.1472768]]}},{"type":"Feature","id":102620263,"properties":{"addr:housenumber":"26","addr:postcode":"101","building":"yes"},"geometry":{"type":"LineString","coordinates":[[-21.9457687,64.1455564],[-21.9458561,64.1454797],[-21.9456431,64.1454336],[-21.9455558,64.1455103],[-21.9457687,64.1455564]]}},{"type":"Feature","id":102640160,"properties":{"addr:housenumber":"4","addr:postcode":"101","addr:street":"Hólatorg","building":"detached","building:levels":"1","roof:levels":"2","roof:shape":"gabled"},"geometry":{"type":"LineString","coordinates":[[-21.9472123,64.1461164],[-21.9472835,64.1460551],[-21.9471089,64.1460165],[-21.9470142,64.1460982],[-21.9471684,64.1461322],[-21.947192,64.1461119],[-21.9472123,64.1461164]]}},{"type":"Feature","id":102640161,"properties":{"addr:housenumber":"8","addr:postcode":"101","addr:street":"Hólatorg","building":"detached","building:levels":"2","roof:levels":"2","roof:shape":"gabled"},"geometry":{"type":"LineString","coordinates":[[-21.9477979,64.1462717],[-21.9478904,64.1461907],[-21.9477395,64.1461579],[-21.9476471,64.1462389],[-21.9477979,64.1462717]]}},{"type":"Feature","id":102640162,"properties":{"addr:housenumber":"3","addr:postcode":"101","addr:street":"Hávallagata","building":"apartments","building:levels":"3","roof:levels":"0","roof:shape":"hipped"},"geometry":{"type":"LineString","coordinates":[[-21.947101,64.1463917],[-21.9471872,64.1463139],[-21.947093,64.1462941],[-21.9470809,64.1463051],[-21.9469738,64.1462825],[-21.9468998,64.1463493],[-21.947101,64.1463917]]}},{"type":"Feature","id":102640163,"properties":{"addr:housenumber":"1","addr:postcode":"101","addr:street":"Hávallagata","building":"apartments","building:levels":"3","roof:levels":"0","roof:shape":"hipped"},"geometry":{"type":"LineString","coordinates":[[-21.9467625,64.1463032],[-21.9468277,64.1462415],[-21.9468051,64.146237],[-21.9468334,64.1462101],[-21.9466959,64.1461825],[-21.9466812,64.1461965],[-21.9465893,64.146178],[-21.9465394,64.1462253],[-21.9465181,64.146221],[-21.9464892,64.1462484],[-21.9467625,64.1463032]]}},{"type":"Feature","id":102640164,"properties":{"addr:housenumber":"7","addr:postcode":"101","addr:street":"Hávallagata","building":"apartments","building:levels":"3","roof:levels":"0","roof:shape":"hipped"},"geometry":{"type":"LineString","coordinates":[[-21.9477524,64.1465017],[-21.9477916,64.1464677],[-21.9478256,64.1464751],[-21.9478761,64.1464313],[-21.9477928,64.1464131],[-21.9477951,64.1463954],[-21.9477595,64.1463814],[-21.9477186,64.1463783],[-21.9476878,64.14639],[-21.9476227,64.1463758],[-21.9475329,64.1464536],[-21.9477524,64.1465017]]}},{"type":"Feature","id":102640167,"properties":{"addr:housenumber":"5","addr:postcode":"101","addr:street":"Hávallagata","building":"apartments","building:levels":"3","roof:levels":"0","roof:shape":"hipped"},"geometry":{"type":"LineString","coordinates":[[-21.9474095,64.1464478],[-21.947499,64.1463615],[-21.9473024,64.1463227],[-21.9472129,64.146409],[-21.9474095,64.1464478]]}},{"type":"Feature","id":102640168,"properties":{"addr:housenumber":"6","addr:postcode":"101","addr:street":"Hólatorg","building":"detached","building:levels":"2","roof:levels":"2","roof:shape":"gabled"},"geometry":{"type":"LineString","coordinates":[[-21.9475366,64.1462041],[-21.9476202,64.1461305],[-21.9474409,64.1460918],[-21.9473574,64.1461654],[-21.9475366,64.1462041]]}},{"type":"Feature","id":102640175,"properties":{"addr:housenumber":"2","addr:postcode":"101","addr:street":"Hólatorg","building":"detached"},"geometry":{"type":"LineString","coordinates":[[-21.9469178,64.146065],[-21.947005,64.1459893],[-21.9469555,64.1459794],[-21.9469728,64.1459648],[-21.9468749,64.1459455],[-21.9468561,64.1459619],[-21.9467998,64.1459507],[-21.9467193,64.1460274],[-21.9467542,64.1460344],[-21.9467193,64.1460671],[-21.9468154,64.146084],[-21.9468548,64.1460508],[-21.9469178,64.146065]]}},{"type":"Feature","id":102665329,"properties":{"addr:housenumber":"2b","addr:postcode":"101","building":"yes","start_date":"1987"},"geometry":{"type":"LineString","coordinates":[[-21.9431437,64.1489056],[-21.9431813,64.1488724],[-21.9431549,64.1488667],[-21.9432157,64.148813],[-21.9430771,64.1487832],[-21.9429786,64.1488701],[-21.9431437,64.1489056]]}},{"type":"Feature","id":102665330,"properties":{"building":"yes","start_date":"1999"},"geometry":{"type":"LineString","coordinates":[[-21.9436141,64.148013],[-21.9436284,64.1479803],[-21.9435424,64.1479731],[-21.9435281,64.1480058],[-21.9436141,64.148013]]}},{"type":"Feature","id":102665331,"properties":{"addr:housenumber":"15","addr:postcode":"101","addr:street":"Garðastræti","building":"detached","ref:HNITNUM":"10010158","source:addr":"Staðfangaskrá","start_date":"1896"},"geometry":{"type":"LineString","coordinates":[[-21.943948,64.1485408],[-21.9439757,64.1484819],[-21.9438078,64.1484669],[-21.943803,64.1484772],[-21.9437221,64.1484699],[-21.9436993,64.1485186],[-21.943948,64.1485408]]}},{"type":"Feature","id":102665332,"properties":{"addr:city":"Reykjavík","addr:country":"IS","addr:housenumber":"10","addr:postcode":"101","addr:street":"Aðalstræti","building":"yes","charge":"1650 ISK","check_date:opening_hours":"2026-08-26","description":"Oldest standing building in the centre of Reykjavík.","fee":"yes","historic":"building","museum":"local","museum_type":"municipal","name":"Aðalstræti 10","opening_hours":"Mo-Su 10:00-17:00","operator":"Borgarsögusafn Reykjavíkur","start_date":"1770","tourism":"museum","website":"https://borgarsogusafn.is/is/borgarsogusafn-reykjavikur/um-borgarsogusafn/frettir/adalstraeti-10-elsta-hus-midborgarinnar-opnad","website:en":"http://borgarsogusafn.is/en/reykjavik-city-museum/about-borgarsogusafn/news/adalstraeti-10-the-oldest-house-the-city-centre","wikidata":"Q16420327","wikipedia":"is:Aðalstræti 10"},"geometry":{"type":"LineString","coordinates":[[-21.9420209,64.1478781],[-21.9421124,64.147771],[-21.9421154,64.1477715],[-21.9422509,64.1477935],[-21.9421617,64.1478979],[-21.9421594,64.1479006],[-21.9420209,64.1478781]]}},{"type":"Feature","id":102665333,"properties":{"addr:housenumber":"17","addr:postcode":"101","building":"residential"},"geometry":{"type":"LineString","coordinates":[[-21.9438869,64.1483367],[-21.9439254,64.1482792],[-21.9441145,64.1483036],[-21.9440465,64.1484081],[-21.9439539,64.1484326],[-21.9437474,64.1484005],[-21.9437999,64.1483251],[-21.9438869,64.1483367]]}},{"type":"Feature","id":102665334,"properties":{"addr:housenumber":"3","addr:postcode":"101","building":"apartments","start_date":"1885"},"geometry":{"type":"LineString","coordinates":[[-21.943036,64.1484679],[-21.9430415,64.1484427],[-21.943069,64.1484438],[-21.9430754,64.1484146],[-21.9430502,64.1484136],[-21.9430593,64.148372],[-21.9428415,64.1483629],[-21.9428204,64.1484589],[-21.943036,64.1484679]]}},{"type":"Feature","id":102665335,"properties":{"addr:housenumber":"8","addr:postcode":"101","building":"apartments","start_date":"1990"},"geometry":{"type":"LineString","coordinates":[[-21.9419088,64.1480483],[-21.9419227,64.148032],[-21.9418959,64.1480276],[-21.9419457,64.1479691],[-21.9419942,64.1479122],[-21.9422474,64.1479531],[-21.9422393,64.1479626],[-21.9422263,64.1479778],[-21.9423241,64.1479937],[-21.9423143,64.1480052],[-21.942404,64.1480198],[-21.9424289,64.1479905],[-21.9428178,64.1480534],[-21.9428132,64.1480589],[-21.9427117,64.1481782],[-21.9422213,64.1480988],[-21.9419088,64.1480483]]}},{"type":"Feature","id":102665336,"properties":{"addr:housenumber":"4","addr:postcode":"101","building":"yes","start_date":"1895"},"geometry":{"type":"LineString","coordinates":[[-21.9427199,64.1477818],[-21.9427434,64.1477535],[-21.9427731,64.1477581],[-21.9427871,64.1477414],[-21.9427574,64.1477367],[-21.9427784,64.1477113],[-21.9426166,64.1476858],[-21.9425582,64.1477563],[-21.9427199,64.1477818]]}},{"type":"Feature","id":102665337,"properties":{"addr:housenumber":"12","addr:postcode":"101","addr:street":"Aðalstræti","building":"yes","start_date":"2000"},"geometry":{"type":"LineString","coordinates":[[-21.9421154,64.1477715],[-21.9421566,64.1477233],[-21.9421535,64.1477228],[-21.9421684,64.1477053],[-21.9421716,64.1477058],[-21.942211,64.1476596],[-21.942406,64.1476913],[-21.9423105,64.1478031],[-21.9422509,64.1477935],[-21.9421154,64.1477715]]}},{"type":"Feature","id":102665339,"properties":{"addr:housenumber":"12","addr:postcode":"101","building":"yes","start_date":"1895"},"geometry":{"type":"LineString","coordinates":[[-21.9436997,64.1480064],[-21.9437112,64.1479751],[-21.9437261,64.1479761],[-21.9437447,64.1479255],[-21.9435617,64.1479127],[-21.9435426,64.1479647],[-21.9436413,64.1479716],[-21.9436303,64.1480015],[-21.9436997,64.1480064]]}},{"type":"Feature","id":102665340,"properties":{"addr:housenumber":"4","addr:postcode":"101","building":"yes","start_date":"1890"},"geometry":{"type":"LineString","coordinates":[[-21.9434354,64.1485093],[-21.9434589,64.1484094],[-21.9433403,64.1484041],[-21.9433299,64.1484482],[-21.9431932,64.1484421],[-21.9431801,64.1484979],[-21.9434354,64.1485093]]}},{"type":"Feature","id":102665341,"properties":{"addr:housenumber":"3B","addr:postcode":"101","addr:street":"Vesturgata","building":"yes","ref:HNITNUM":"10001623","source:addr":"Staðfangaskrá","start_date":"1841"},"geometry":{"type":"LineString","coordinates":[[-21.9424264,64.148756],[-21.942637,64.1486072],[-21.9422509,64.148536],[-21.9422257,64.1485314],[-21.9420938,64.1486654],[-21.9421891,64.1486841],[-21.9422226,64.1486908],[-21.9422856,64.148623],[-21.9424164,64.148651],[-21.9423071,64.1487294],[-21.9424264,64.148756]]}},{"type":"Feature","id":102665342,"properties":{"building":"yes"},"geometry":{"type":"LineString","coordinates":[[-21.9422257,64.1485314],[-21.941919,64.1484749],[-21.9417897,64.1486011],[-21.9417843,64.1486063],[-21.9419312,64.1486344],[-21.9420493,64.1486569],[-21.9420938,64.1486654],[-21.9422257,64.1485314]]}},{"type":"Feature","id":102665343,"properties":{"addr:housenumber":"3b","addr:postcode":"101","building":"yes"},"geometry":{"type":"LineString","coordinates":[[-21.9429109,64.1479966],[-21.9429666,64.1479276],[-21.9429344,64.1479227],[-21.9429561,64.1478957],[-21.942909,64.1478885],[-21.9428881,64.1479144],[-21.9427971,64.1479002],[-21.9427378,64.1479702],[-21.9429109,64.1479966]]}},{"type":"Feature","id":102665344,"properties":{"addr:housenumber":"14","addr:postcode":"101","addr:street":"Grjótagata","building":"yes","ref:HNITNUM":"10011680","source:addr":"Staðfangaskrá","start_date":"1897"},"geometry":{"type":"LineString","coordinates":[[-21.943984,64.148011],[-21.9440015,64.1479491],[-21.9438333,64.14794],[-21.94381,64.1480222],[-21.9438948,64.1480267],[-21.9439005,64.1480065],[-21.943984,64.148011]]}},{"type":"Feature","id":102665345,"properties":{"building":"yes","start_date":"1904"},"geometry":{"type":"LineString","coordinates":[[-21.9424681,64.1478322],[-21.9424901,64.1478062],[-21.942725,64.147844],[-21.942703,64.14787],[-21.9424681,64.1478322]]}},{"type":"Feature","id":102665346,"properties":{"addr:housenumber":"19","addr:postcode":"101","building":"yes"},"geometry":{"type":"LineString","coordinates":[[-21.9439254,64.1482792],[-21.9439784,64.1482012],[-21.9439989,64.1482039],[-21.9441675,64.1482256],[-21.9441145,64.1483036],[-21.9439254,64.1482792]]}},{"type":"Feature","id":102665347,"properties":{"addr:housenumber":"4","addr:postcode":"101","addr:street":"Aðalstræti","building":"hotel","ref:HNITNUM":"10006308","source:addr":"Staðfangaskrá","start_date":"1900"},"geometry":{"type":"LineString","coordinates":[[-21.9423831,64.1485124],[-21.9425248,64.1483661],[-21.9424167,64.1483462],[-21.9420504,64.1482787],[-21.9419804,64.1482658],[-21.9417291,64.1482195],[-21.9415894,64.1483636],[-21.9418382,64.1484094],[-21.9418489,64.1483983],[-21.9418841,64.1484048],[-21.9418716,64.1484178],[-21.9420744,64.1484551],[-21.9420886,64.1484405],[-21.9421462,64.1484511],[-21.9421316,64.1484661],[-21.9422651,64.1484907],[-21.9422903,64.1484953],[-21.9423831,64.1485124]]}},{"type":"Feature","id":102665348,"properties":{"addr:housenumber":"6","addr:postcode":"101","building":"apartments"},"geometry":{"type":"LineString","coordinates":[[-21.9434147,64.1483998],[-21.9434489,64.1482779],[-21.943241,64.1482668],[-21.9432068,64.1483887],[-21.9434147,64.1483998]]}},{"type":"Feature","id":102665349,"properties":{"addr:housenumber":"25","addr:postcode":"101","building":"yes","start_date":"1899"},"geometry":{"type":"LineString","coordinates":[[-21.944248,64.1480283],[-21.9443091,64.147955],[-21.9442771,64.14795],[-21.9442914,64.1479328],[-21.9441736,64.1479141],[-21.9440982,64.1480046],[-21.944248,64.1480283]]}},{"type":"Feature","id":102665351,"properties":{"addr:housenumber":"7","addr:postcode":"101","addr:street":"Vesturgata","building":"yes","start_date":"1989"},"geometry":{"type":"LineString","coordinates":[[-21.943439,64.1489595],[-21.943325,64.1489432],[-21.9431466,64.1492092],[-21.9431707,64.1492209],[-21.9431225,64.1492425],[-21.9431587,64.1492601],[-21.9431211,64.1492759],[-21.9427979,64.1491384],[-21.9429816,64.1490554],[-21.9429977,64.1490244],[-21.9430742,64.1489829],[-21.9429991,64.148949],[-21.9429669,64.1489625],[-21.9429039,64.1489356],[-21.942523,64.1491022],[-21.9425297,64.1491911],[-21.9430353,64.1494068],[-21.9432043,64.1494045],[-21.9433035,64.1493612],[-21.9433129,64.1493671],[-21.943396,64.1493337],[-21.9434068,64.1493402],[-21.9434577,64.1493162],[-21.9436717,64.148996],[-21.943439,64.1489595]]}},{"type":"Feature","id":102665352,"properties":{"addr:housenumber":"10a","addr:postcode":"101","building":"yes","start_date":"1890"},"geometry":{"type":"LineString","coordinates":[[-21.9434874,64.1481701],[-21.9435271,64.148057],[-21.9436225,64.1480633],[-21.9435828,64.1481764],[-21.9434874,64.1481701]]}},{"type":"Feature","id":102665353,"properties":{"addr:housenumber":"13a","addr:postcode":"101","building":"apartments"},"geometry":{"type":"LineString","coordinates":[[-21.9438758,64.1486686],[-21.9439219,64.148592],[-21.9437284,64.1485699],[-21.9436823,64.1486465],[-21.9438758,64.1486686]]}},{"type":"Feature","id":102665354,"properties":{"addr:housenumber":"5","addr:postcode":"101","building":"detached","start_date":"1897"},"geometry":{"type":"LineString","coordinates":[[-21.942356,64.1490314],[-21.9423983,64.1490025],[-21.9424392,64.1490145],[-21.9424734,64.1489917],[-21.9424291,64.1489803],[-21.9424479,64.1489683],[-21.9423265,64.1489341],[-21.942232,64.1489972],[-21.942356,64.1490314]]}},{"type":"Feature","id":102665355,"properties":{"addr:housenumber":"9","addr:postcode":"101","building":"yes","start_date":"1987"},"geometry":{"type":"LineString","coordinates":[[-21.9437368,64.1488909],[-21.9436717,64.148996],[-21.943439,64.1489595],[-21.9434296,64.1489414],[-21.9434443,64.148918],[-21.9435006,64.1489244],[-21.9435394,64.1488671],[-21.9437368,64.1488909]]}},{"type":"Feature","id":102665356,"properties":{"addr:housenumber":"3","addr:postcode":"101","building":"yes","start_date":"1841"},"geometry":{"type":"LineString","coordinates":[[-21.9421743,64.1488845],[-21.942307,64.1488242],[-21.9422462,64.1487987],[-21.9422803,64.1487832],[-21.9422145,64.1487557],[-21.9421849,64.1487691],[-21.9420871,64.1487282],[-21.9419498,64.1487905],[-21.9421743,64.1488845]]}},{"type":"Feature","id":102665357,"properties":{"building":"yes","start_date":"2006"},"geometry":{"type":"LineString","coordinates":[[-21.9422443,64.147913],[-21.9422456,64.1479116],[-21.9421617,64.1478979],[-21.9422509,64.1477935],[-21.9423105,64.1478031],[-21.9424654,64.1478283],[-21.9423749,64.1479342],[-21.9422443,64.147913]]}},{"type":"Feature","id":102665358,"properties":{"addr:city":"Reykjavík","addr:housenumber":"6","addr:postcode":"101","addr:street":"Brattagata","building":"apartments"},"geometry":{"type":"LineString","coordinates":[[-21.9429025,64.1481837],[-21.9429246,64.1480926],[-21.9429582,64.1480832],[-21.9430927,64.1481053],[-21.9431136,64.1481195],[-21.9430958,64.1481926],[-21.9430654,64.1481912],[-21.94306,64.1482134],[-21.9429822,64.1482098],[-21.9429876,64.1481876],[-21.9429025,64.1481837]]}},{"type":"Feature","id":102665359,"properties":{"addr:housenumber":"6","addr:postcode":"101","addr:street":"Aðalstræti","building":"yes","ref:HNITNUM":"10006309","source:addr":"Staðfangaskrá"},"geometry":{"type":"LineString","coordinates":[[-21.942555,64.1483719],[-21.9426573,64.1482474],[-21.9421586,64.1481655],[-21.9422213,64.1480988],[-21.9419088,64.1480483],[-21.941888,64.1480446],[-21.9417229,64.1482043],[-21.9417109,64.148216],[-21.9417291,64.1482195],[-21.9419804,64.1482658],[-21.9420504,64.1482787],[-21.9424167,64.1483462],[-21.9425248,64.1483661],[-21.942555,64.1483719]]}},{"type":"Feature","id":102665360,"properties":{"addr:housenumber":"11A","addr:postcode":"101","addr:street":"Garðastræti","building":"yes","ref:HNITNUM":"10010154","source:addr":"Staðfangaskrá"},"geometry":{"type":"LineString","coordinates":[[-21.9434995,64.1488244],[-21.9435453,64.1487765],[-21.9435063,64.1487694],[-21.9435204,64.1487547],[-21.9434614,64.148744],[-21.9434448,64.1487613],[-21.9433991,64.148753],[-21.9433558,64.1487982],[-21.9434995,64.1488244]]}},{"type":"Feature","id":102665361,"properties":{"addr:housenumber":"10b","addr:postcode":"101","building":"yes"},"geometry":{"type":"LineString","coordinates":[[-21.943217,64.1481534],[-21.9432327,64.1481002],[-21.9434131,64.1481103],[-21.94341,64.1481206],[-21.9434569,64.1481233],[-21.9434443,64.1481662],[-21.943217,64.1481534]]}},{"type":"Feature","id":102665362,"properties":{"addr:housenumber":"2","addr:postcode":"101","addr:street":"Aðalstræti","building":"yes","wikipedia":"is:Aðalstræti 2"},"geometry":{"type":"LineString","coordinates":[[-21.941919,64.1484749],[-21.941552,64.1484072],[-21.9414763,64.1484858],[-21.9414534,64.1485104],[-21.9414674,64.148513],[-21.9416707,64.1485505],[-21.9416995,64.148585],[-21.9417897,64.1486011],[-21.941919,64.1484749]]}},{"type":"Feature","id":102665364,"properties":{"addr:city":"Reykjavík","addr:housenumber":"3","addr:postcode":"101","addr:street":"Fischersund","building":"yes","guest_house":"bed_and_breakfast","name":"Reykjavík Treasure B&B","opening_hours":"Mo-Sa 12:00-18:00","start_date":"1887","tourism":"guest_house","website":"https://www.fischersund.com/"},"geometry":{"type":"LineString","coordinates":[[-21.9429923,64.1486227],[-21.9430104,64.1485511],[-21.9427945,64.1485134],[-21.9427892,64.1485198],[-21.9427389,64.1485119],[-21.9426799,64.1485692],[-21.9429923,64.1486227]]}},{"type":"Feature","id":102665365,"properties":{"addr:housenumber":"23","addr:postcode":"101","building":"yes","start_date":"1848"},"geometry":{"type":"LineString","coordinates":[[-21.9441456,64.1480942],[-21.9441822,64.1480404],[-21.9441021,64.1480301],[-21.9440946,64.1480412],[-21.9440151,64.1480309],[-21.9439711,64.1480958],[-21.9440642,64.1481078],[-21.9441185,64.1481148],[-21.9441335,64.1480926],[-21.9441456,64.1480942]]}},{"type":"Feature","id":102665367,"properties":{"addr:housenumber":"13","addr:postcode":"101","building":"yes"},"geometry":{"type":"LineString","coordinates":[[-21.9437996,64.1487623],[-21.9438582,64.1486941],[-21.9437054,64.1486691],[-21.943698,64.1486778],[-21.9435605,64.1486553],[-21.9435093,64.1487149],[-21.9437996,64.1487623]]}},{"type":"Feature","id":102665369,"properties":{"addr:housenumber":"6","addr:postcode":"101","building":"yes","start_date":"1985"},"geometry":{"type":"LineString","coordinates":[[-21.9431125,64.1478352],[-21.9431164,64.1478304],[-21.9431739,64.1478393],[-21.9432105,64.1477948],[-21.943153,64.1477858],[-21.9431574,64.1477805],[-21.9429849,64.1477536],[-21.9429824,64.1477566],[-21.9429563,64.1477526],[-21.9429382,64.1477746],[-21.9429643,64.1477787],[-21.942923,64.1478291],[-21.9430011,64.1478412],[-21.9430181,64.1478204],[-21.9431125,64.1478352]]}},{"type":"Feature","id":102665370,"properties":{"addr:housenumber":"21","addr:postcode":"101","building":"yes"},"geometry":{"type":"LineString","coordinates":[[-21.9439989,64.1482039],[-21.9440642,64.1481078],[-21.9441185,64.1481148],[-21.9442327,64.1481296],[-21.9441675,64.1482256],[-21.9439989,64.1482039]]}},{"type":"Feature","id":102665372,"properties":{"addr:housenumber":"3a","addr:postcode":"101","building":"yes","start_date":"1904"},"geometry":{"type":"LineString","coordinates":[[-21.9427378,64.1479702],[-21.9427971,64.1479002],[-21.9427386,64.1478908],[-21.9427718,64.1478516],[-21.942725,64.147844],[-21.942703,64.14787],[-21.9426916,64.1478835],[-21.9426112,64.1478706],[-21.9425927,64.1478924],[-21.9425608,64.1478873],[-21.9425395,64.1479124],[-21.9425743,64.147918],[-21.942555,64.1479408],[-21.9427378,64.1479702]]}},{"type":"Feature","id":102665374,"properties":{"building":"yes","start_date":"1893"},"geometry":{"type":"LineString","coordinates":[[-21.9426504,64.1485632],[-21.9427051,64.1485056],[-21.9425186,64.1484719],[-21.9424639,64.1485294],[-21.9426504,64.1485632]]}},{"type":"Feature","id":102665375,"properties":{"addr:housenumber":"2","addr:postcode":"101","building":"yes","start_date":"1902"},"geometry":{"type":"LineString","coordinates":[[-21.943324,64.1486352],[-21.94334,64.1485512],[-21.943171,64.1485451],[-21.943155,64.148629],[-21.943324,64.1486352]]}},{"type":"Feature","id":102665377,"properties":{"addr:housenumber":"5a","addr:postcode":"101","building":"detached"},"geometry":{"type":"LineString","coordinates":[[-21.9426491,64.1488469],[-21.9426324,64.1488427],[-21.9426529,64.1488271],[-21.9425758,64.1488078],[-21.942556,64.1488229],[-21.9425337,64.1488173],[-21.9424682,64.1488671],[-21.9425027,64.1488757],[-21.9424822,64.1488913],[-21.9425637,64.1489117],[-21.9426491,64.1488469]]}},{"type":"Feature","id":102665380,"properties":{"addr:housenumber":"10","addr:postcode":"101","addr:street":"Mjóstræti","building":"yes","ref:HNITNUM":"10022514","source:addr":"Staðfangaskrá","start_date":"1890"},"geometry":{"type":"LineString","coordinates":[[-21.9434302,64.1480669],[-21.9434373,64.1480382],[-21.9434884,64.1480406],[-21.9434938,64.1480188],[-21.9434462,64.1480166],[-21.9434504,64.1479997],[-21.9433084,64.147993],[-21.9432918,64.1480604],[-21.9434302,64.1480669]]}},{"type":"Feature","id":102669213,"properties":{"addr:housenumber":"5","addr:postcode":"101","building":"yes"},"geometry":{"type":"LineString","coordinates":[[-21.9450126,64.1488032],[-21.9451166,64.148695],[-21.944896,64.1486547],[-21.944792,64.1487629],[-21.9450126,64.1488032]]}},{"type":"Feature","id":102669215,"properties":{"addr:housenumber":"11","addr:postcode":"101","building":"yes"},"geometry":{"type":"LineString","coordinates":[[-21.9461097,64.1490042],[-21.9461971,64.1489125],[-21.9459886,64.1488748],[-21.9459012,64.1489665],[-21.9461097,64.1490042]]}},{"type":"Feature","id":102669217,"properties":{"addr:housenumber":"14","addr:postcode":"101","building":"yes"},"geometry":{"type":"LineString","coordinates":[[-21.9443819,64.1486899],[-21.9444821,64.1485844],[-21.9442789,64.1485477],[-21.9441787,64.1486532],[-21.9443819,64.1486899]]}},{"type":"Feature","id":102669218,"properties":{"addr:city":"Reykjavík","addr:housenumber":"4","addr:postcode":"101","addr:street":"Öldugata","building":"yes"},"geometry":{"type":"LineString","coordinates":[[-21.9453487,64.1485496],[-21.945393,64.1485072],[-21.9453293,64.1484958],[-21.9453454,64.14848],[-21.9453467,64.1484736],[-21.9453413,64.1484683],[-21.9453346,64.148463],[-21.9453266,64.1484595],[-21.945118,64.1484218],[-21.9449906,64.1485584],[-21.9451247,64.1485812],[-21.9451737,64.1485244],[-21.9452877,64.1485461],[-21.9452931,64.1485405],[-21.9453487,64.1485496]]}},{"type":"Feature","id":102669222,"properties":{"addr:housenumber":"7","addr:postcode":"101","building":"yes"},"geometry":{"type":"LineString","coordinates":[[-21.9454307,64.14888],[-21.9455126,64.148796],[-21.9452711,64.1487512],[-21.9451891,64.1488352],[-21.9454307,64.14888]]}},{"type":"Feature","id":102669224,"properties":{"addr:housenumber":"16","addr:postcode":"101","addr:street":"Garðastræti","building":"yes","ref:HNITNUM":"10010159","source:addr":"Staðfangaskrá"},"geometry":{"type":"LineString","coordinates":[[-21.9445678,64.1484245],[-21.9446514,64.1483374],[-21.9444314,64.1482973],[-21.9443478,64.1483843],[-21.9445678,64.1484245]]}},{"type":"Feature","id":102669227,"properties":{"addr:city":"Reykjavík","addr:housenumber":"10","addr:postcode":"101","addr:street":"Öldugata","building":"yes"},"geometry":{"type":"LineString","coordinates":[[-21.9463136,64.1487282],[-21.9463559,64.1486835],[-21.9463183,64.1486768],[-21.9463418,64.1486548],[-21.9461675,64.148623],[-21.9460997,64.1486929],[-21.9462741,64.1487241],[-21.9462775,64.1487215],[-21.9463136,64.1487282]]}},{"type":"Feature","id":102669228,"properties":{"addr:city":"Reykjavík","addr:housenumber":"2","addr:postcode":"101","addr:street":"Öldugata","building":"yes"},"geometry":{"type":"LineString","coordinates":[[-21.9449293,64.1484865],[-21.9450151,64.1483963],[-21.944776,64.148353],[-21.9446902,64.1484432],[-21.9449293,64.1484865]]}},{"type":"Feature","id":102669231,"properties":{"addr:housenumber":"9","addr:postcode":"101","building":"yes"},"geometry":{"type":"LineString","coordinates":[[-21.9457267,64.1489353],[-21.9458199,64.1488396],[-21.9456328,64.1488049],[-21.9455396,64.1489007],[-21.9457267,64.1489353]]}},{"type":"Feature","id":102669233,"properties":{"addr:city":"Reykjavík","addr:housenumber":"12","addr:postcode":"101","addr:street":"Öldugata","building":"yes","building:levels":"3"},"geometry":{"type":"LineString","coordinates":[[-21.9465503,64.1487861],[-21.9466187,64.1487189],[-21.9465463,64.1487045],[-21.9465557,64.1486943],[-21.9464504,64.1486768],[-21.946378,64.148756],[-21.9464115,64.1487624],[-21.9464035,64.1487724],[-21.946484,64.1487864],[-21.9464924,64.1487757],[-21.9465503,64.1487861]]}},{"type":"Feature","id":102669237,"properties":{"addr:housenumber":"3","addr:postcode":"101","building":"yes"},"geometry":{"type":"LineString","coordinates":[[-21.944688,64.1487459],[-21.9447678,64.1486655],[-21.9445633,64.1486269],[-21.9444835,64.1487073],[-21.944688,64.1487459]]}},{"type":"Feature","id":102669239,"properties":{"addr:city":"Reykjavík","addr:housenumber":"14","addr:postcode":"101","addr:street":"Öldugata","building":"yes","building:levels":"3"},"geometry":{"type":"LineString","coordinates":[[-21.9470938,64.1489013],[-21.9471843,64.1488076],[-21.9469264,64.1487602],[-21.9468966,64.1487911],[-21.9468554,64.1487835],[-21.9468247,64.1488153],[-21.9468724,64.1488241],[-21.9468424,64.1488551],[-21.9470938,64.1489013]]}},{"type":"Feature","id":102669241,"properties":{"addr:housenumber":"13","addr:postcode":"101","building":"yes"},"geometry":{"type":"LineString","coordinates":[[-21.94649,64.1490715],[-21.9465584,64.149001],[-21.946549,64.1489996],[-21.9465631,64.1489861],[-21.946462,64.1489686],[-21.9464491,64.1489809],[-21.9463659,64.1489668],[-21.9462989,64.1490361],[-21.94649,64.1490715]]}},{"type":"Feature","id":102669243,"properties":{"addr:city":"Reykjavík","addr:housenumber":"8","addr:postcode":"101","addr:street":"Öldugata","building":"yes"},"geometry":{"type":"LineString","coordinates":[[-21.9459653,64.1486981],[-21.9460475,64.1486136],[-21.9458595,64.1485788],[-21.9457773,64.1486633],[-21.9459653,64.1486981]]}},{"type":"Feature","id":102669245,"properties":{"addr:housenumber":"15","addr:postcode":"101","building":"yes"},"geometry":{"type":"LineString","coordinates":[[-21.9467061,64.1490102],[-21.9469444,64.1490516],[-21.9468623,64.1491414],[-21.9466086,64.1490973],[-21.9466556,64.1490459],[-21.9465816,64.1490331],[-21.9467352,64.1488649],[-21.9468226,64.1488801],[-21.9468014,64.1489033],[-21.9468423,64.1489104],[-21.9468144,64.1489409],[-21.9467756,64.1489342],[-21.9467061,64.1490102]]}},{"type":"Feature","id":102669246,"properties":{"addr:city":"Reykjavík","addr:housenumber":"6","addr:postcode":"101","addr:street":"Öldugata","building":"yes","ref:HNITNUM":"10017025","source:addr":"Staðfangaskrá"},"geometry":{"type":"LineString","coordinates":[[-21.9455844,64.1486099],[-21.9456603,64.1485355],[-21.9454884,64.1485022],[-21.9454126,64.1485766],[-21.9455844,64.1486099]]}},{"type":"Feature","id":102671140,"properties":{"addr:city":"Reykjavík","addr:housenumber":"15","addr:postcode":"101","addr:street":"Ránargata","building":"yes"},"geometry":{"type":"LineString","coordinates":[[-21.9464035,64.1495937],[-21.9464477,64.1495852],[-21.9465208,64.149503],[-21.9463471,64.14947],[-21.9463141,64.1495036],[-21.9462542,64.1495656],[-21.9464035,64.1495937]]}},{"type":"Feature","id":102671141,"properties":{"addr:housenumber":"2","addr:postcode":"101","addr:street":"Bárugata","building":"yes","ref:HNITNUM":"10006852","source:addr":"Staðfangaskrá"},"geometry":{"type":"LineString","coordinates":[[-21.9442173,64.1489312],[-21.9440276,64.1488978],[-21.9441047,64.1488145],[-21.9443398,64.1488559],[-21.944289,64.1489108],[-21.944397,64.1489298],[-21.9443252,64.1490074],[-21.9443854,64.149018],[-21.9443589,64.1490466],[-21.9442225,64.1490226],[-21.944249,64.148994],[-21.9441717,64.1489804],[-21.9442173,64.1489312]]}},{"type":"Feature","id":102671143,"properties":{"addr:housenumber":"16","addr:postcode":"101","building":"yes"},"geometry":{"type":"LineString","coordinates":[[-21.9466352,64.1493953],[-21.9467113,64.149318],[-21.9466368,64.149304],[-21.9466449,64.1492957],[-21.9465392,64.149276],[-21.946455,64.1493615],[-21.9466352,64.1493953]]}},{"type":"Feature","id":102671145,"properties":{"addr:housenumber":"12","addr:postcode":"101","building":"yes"},"geometry":{"type":"LineString","coordinates":[[-21.9460737,64.149276],[-21.9461585,64.1491904],[-21.9459531,64.1491517],[-21.9458682,64.1492372],[-21.9460737,64.149276]]}},{"type":"Feature","id":102671146,"properties":{"addr:housenumber":"9","addr:postcode":"101","building":"yes"},"geometry":{"type":"LineString","coordinates":[[-21.9452871,64.1493727],[-21.9454447,64.1494016],[-21.9454592,64.1493867],[-21.9455079,64.1493363],[-21.9453503,64.1493074],[-21.9452871,64.1493727]]}},{"type":"Feature","id":102671148,"properties":{"addr:housenumber":"4","addr:postcode":"101","addr:street":"Bárugata","building":"yes","ref:HNITNUM":"10006854","source:addr":"Staðfangaskrá"},"geometry":{"type":"LineString","coordinates":[[-21.9446489,64.1489986],[-21.9447233,64.1489202],[-21.9444999,64.1488799],[-21.9444255,64.1489584],[-21.9446489,64.1489986]]}},{"type":"Feature","id":102671149,"properties":{"addr:housenumber":"8","addr:postcode":"101","building":"yes"},"geometry":{"type":"LineString","coordinates":[[-21.9452741,64.1490923],[-21.9453276,64.1490369],[-21.945535,64.1490749],[-21.9454504,64.1491626],[-21.9452653,64.1491287],[-21.9452242,64.1491713],[-21.9451503,64.1491578],[-21.9452225,64.1490829],[-21.9452741,64.1490923]]}},{"type":"Feature","id":102671150,"properties":{"addr:housenumber":"5","addr:postcode":"101","building":"yes"},"geometry":{"type":"LineString","coordinates":[[-21.9447369,64.1491949],[-21.9448913,64.1492232],[-21.9448283,64.1492884],[-21.9446739,64.1492601],[-21.9447369,64.1491949]]}},{"type":"Feature","id":102671152,"properties":{"addr:housenumber":"9a","addr:postcode":"101","building":"yes"},"geometry":{"type":"LineString","coordinates":[[-21.9456633,64.1494242],[-21.9454592,64.1493867],[-21.9455079,64.1493363],[-21.945521,64.1493227],[-21.9457251,64.1493602],[-21.9456633,64.1494242]]}},{"type":"Feature","id":102671153,"properties":{"addr:housenumber":"8","addr:postcode":"101","building":"yes"},"geometry":{"type":"LineString","coordinates":[[-21.9440504,64.1491456],[-21.9441267,64.1490666],[-21.9440552,64.1490469],[-21.9440941,64.1489931],[-21.9439647,64.1489697],[-21.9438653,64.1491128],[-21.9440504,64.1491456]]}},{"type":"Feature","id":102671154,"properties":{"addr:housenumber":"10","addr:postcode":"101","building":"yes"},"geometry":{"type":"LineString","coordinates":[[-21.9457623,64.1492192],[-21.9458389,64.149138],[-21.9456369,64.1491018],[-21.9455604,64.149183],[-21.9457623,64.1492192]]}},{"type":"Feature","id":102671156,"properties":{"addr:housenumber":"11","addr:postcode":"101","building":"yes"},"geometry":{"type":"LineString","coordinates":[[-21.9458074,64.1494507],[-21.9458849,64.1493704],[-21.9457408,64.1493439],[-21.9457251,64.1493602],[-21.9456633,64.1494242],[-21.9458074,64.1494507]]}},{"type":"Feature","id":102671157,"properties":{"addr:housenumber":"6","addr:postcode":"101","building":"yes"},"geometry":{"type":"LineString","coordinates":[[-21.9450718,64.1490757],[-21.9451082,64.1490378],[-21.9450695,64.1490308],[-21.9451,64.148999],[-21.9448726,64.1489575],[-21.9447951,64.1490382],[-21.944958,64.149068],[-21.9449687,64.1490568],[-21.9450718,64.1490757]]}},{"type":"Feature","id":102671159,"properties":{"addr:housenumber":"13","addr:postcode":"101","building":"yes"},"geometry":{"type":"LineString","coordinates":[[-21.9462542,64.1495656],[-21.9463141,64.1495036],[-21.9463022,64.1495014],[-21.9463397,64.1494626],[-21.946036,64.1494069],[-21.9459387,64.1495077],[-21.9462542,64.1495656]]}},{"type":"Feature","id":102671160,"properties":{"addr:housenumber":"1","addr:postcode":"101","building":"yes"},"geometry":{"type":"LineString","coordinates":[[-21.9440504,64.1491456],[-21.9441839,64.1491701],[-21.9442602,64.1490911],[-21.9441267,64.1490666],[-21.9440504,64.1491456]]}},{"type":"Feature","id":102671161,"properties":{"addr:housenumber":"5A","addr:postcode":"101","addr:street":"Ránargata","building":"yes","ref:HNITNUM":"10025102","source:addr":"Staðfangaskrá"},"geometry":{"type":"LineString","coordinates":[[-21.9450339,64.1492493],[-21.9448913,64.1492232],[-21.9448283,64.1492884],[-21.9449708,64.1493146],[-21.9450339,64.1492493]]}},{"type":"Feature","id":102671163,"properties":{"addr:housenumber":"1a","addr:postcode":"101","building":"yes"},"geometry":{"type":"LineString","coordinates":[[-21.9441839,64.1491701],[-21.9443498,64.1492005],[-21.944426,64.1491216],[-21.9442602,64.1490911],[-21.9441839,64.1491701]]}},{"type":"Feature","id":102671164,"properties":{"addr:housenumber":"14","addr:postcode":"101","building":"yes"},"geometry":{"type":"LineString","coordinates":[[-21.9463453,64.1493481],[-21.9464031,64.149289],[-21.9463629,64.1492815],[-21.9463686,64.1492757],[-21.9462326,64.1492505],[-21.9461691,64.1493154],[-21.9463453,64.1493481]]}},{"type":"Feature","id":102671165,"properties":{"addr:housenumber":"7","addr:postcode":"101","addr:street":"Ránargata","building":"yes","ref:HNITNUM":"10025104","source:addr":"Staðfangaskrá"},"geometry":{"type":"LineString","coordinates":[[-21.9449708,64.1493146],[-21.9451384,64.1493454],[-21.9452015,64.1492801],[-21.9450339,64.1492493],[-21.9449708,64.1493146]]}},{"type":"Feature","id":102671167,"properties":{"addr:housenumber":"7a","addr:postcode":"101","building":"yes"},"geometry":{"type":"LineString","coordinates":[[-21.9451384,64.1493454],[-21.9452871,64.1493727],[-21.9453503,64.1493074],[-21.9452015,64.1492801],[-21.9451384,64.1493454]]}},{"type":"Feature","id":102671168,"properties":{"addr:housenumber":"3A","addr:postcode":"101","addr:street":"Ránargata","building":"yes","ref:HNITNUM":"10025098","source:addr":"Staðfangaskrá"},"geometry":{"type":"LineString","coordinates":[[-21.9445233,64.1492324],[-21.9446739,64.1492601],[-21.9447369,64.1491949],[-21.9445862,64.1491673],[-21.9445233,64.1492324]]}},{"type":"Feature","id":102671169,"properties":{"addr:housenumber":"3","addr:postcode":"101","building":"yes"},"geometry":{"type":"LineString","coordinates":[[-21.9443498,64.1492005],[-21.9445233,64.1492324],[-21.9445862,64.1491673],[-21.9445995,64.1491535],[-21.944426,64.1491216],[-21.9443498,64.1492005]]}},{"type":"Feature","id":102687338,"properties":{"building":"yes"},"geometry":{"type":"LineString","coordinates":[[-21.944289,64.1497635],[-21.9440884,64.1497283],[-21.9440563,64.1497227],[-21.9441297,64.1496431],[-21.9441543,64.1496474],[-21.9442884,64.149671],[-21.9443624,64.1496839],[-21.944289,64.1497635]]}},{"type":"Feature","id":102687339,"properties":{"addr:housenumber":"17","addr:postcode":"101","addr:street":"Vesturgata","building":"yes"},"geometry":{"type":"LineString","coordinates":[[-21.9440563,64.1497227],[-21.943779,64.1496679],[-21.9438936,64.1495887],[-21.9441051,64.1496255],[-21.944139,64.1496314],[-21.9441297,64.1496431],[-21.9440563,64.1497227]]}},{"type":"Feature","id":102687340,"properties":{"addr:housenumber":"2","addr:postcode":"101","building":"yes"},"geometry":{"type":"LineString","coordinates":[[-21.9440743,64.149381],[-21.9438721,64.1493443],[-21.9439438,64.1492613],[-21.9441515,64.1492983],[-21.9440743,64.149381]]}},{"type":"Feature","id":102687343,"properties":{"addr:housenumber":"6","addr:postcode":"101","building":"yes"},"geometry":{"type":"LineString","coordinates":[[-21.9447269,64.1494948],[-21.9448007,64.1494187],[-21.9446406,64.1493887],[-21.9445682,64.1494653],[-21.9447269,64.1494948]]}},{"type":"Feature","id":102687344,"properties":{"addr:housenumber":"14","addr:postcode":"101","building":"yes"},"geometry":{"type":"LineString","coordinates":[[-21.9460863,64.1497591],[-21.9459445,64.1497325],[-21.9460303,64.1496456],[-21.9461721,64.1496722],[-21.9460863,64.1497591]]}},{"type":"Feature","id":102687345,"properties":{"addr:housenumber":"4A","addr:postcode":"101","addr:street":"Ránargata","building":"yes","ref:HNITNUM":"10025100","source:addr":"Staðfangaskrá"},"geometry":{"type":"LineString","coordinates":[[-21.9446406,64.1493887],[-21.9444559,64.1493536],[-21.9443603,64.1493355],[-21.9442496,64.1494128],[-21.9442356,64.1494226],[-21.9443497,64.1494425],[-21.9445555,64.1494783],[-21.9445682,64.1494653],[-21.9446406,64.1493887]]}},{"type":"Feature","id":102687348,"properties":{"addr:housenumber":"21A","addr:postcode":"101","addr:street":"Vesturgata","building":"yes","ref:HNITNUM":"10101122","source:addr":"Staðfangaskrá","start_date":"2004"},"geometry":{"type":"LineString","coordinates":[[-21.9450212,64.1497513],[-21.9451051,64.1496573],[-21.9449577,64.1496323],[-21.9448628,64.1497386],[-21.9449282,64.1497497],[-21.9449391,64.1497374],[-21.9450212,64.1497513]]}},{"type":"Feature","id":102687349,"properties":{"addr:housenumber":"8a","addr:postcode":"101","building":"yes"},"geometry":{"type":"LineString","coordinates":[[-21.9451905,64.1495807],[-21.945259,64.1495061],[-21.9451143,64.1494774],[-21.9450397,64.1495527],[-21.9451905,64.1495807]]}},{"type":"Feature","id":102687350,"properties":{"building":"yes"},"geometry":{"type":"LineString","coordinates":[[-21.9438936,64.1495887],[-21.9440183,64.1495109],[-21.9441833,64.1495425],[-21.9441051,64.1496255],[-21.9438936,64.1495887]]}},{"type":"Feature","id":102687351,"properties":{"addr:housenumber":"21B","addr:postcode":"101","addr:street":"Vesturgata","building":"yes","ref:HNITNUM":"10013666","source:addr":"Staðfangaskrá","start_date":"2006"},"geometry":{"type":"LineString","coordinates":[[-21.9449792,64.1498814],[-21.9451784,64.1499173],[-21.9452615,64.1498302],[-21.9451958,64.1498185],[-21.9452105,64.1498027],[-21.9451448,64.1497934],[-21.9451274,64.1498092],[-21.945059,64.1497975],[-21.9450424,64.1498146],[-21.9449792,64.1498814]]}},{"type":"Feature","id":102687357,"properties":{"addr:housenumber":"6a","addr:postcode":"101","building":"yes"},"geometry":{"type":"LineString","coordinates":[[-21.9448839,64.1495239],[-21.9449593,64.1494484],[-21.9448007,64.1494187],[-21.9447269,64.1494948],[-21.9448839,64.1495239]]}},{"type":"Feature","id":102687359,"properties":{"addr:housenumber":"2","addr:postcode":"101","addr:street":"Garðastræti","building":"yes","ref:HNITNUM":"10010148","source:addr":"Staðfangaskrá"},"geometry":{"type":"LineString","coordinates":[[-21.943779,64.1496679],[-21.9435596,64.1495998],[-21.9435476,64.1495905],[-21.9435449,64.1495782],[-21.9435503,64.1495671],[-21.9436267,64.1494507],[-21.9438045,64.1494727],[-21.9438346,64.1494764],[-21.9437769,64.149553],[-21.9438936,64.1495887],[-21.943779,64.1496679]]}},{"type":"Feature","id":102687360,"properties":{"addr:housenumber":"10","addr:postcode":"101","building":"yes"},"geometry":{"type":"LineString","coordinates":[[-21.9453272,64.1495957],[-21.9454039,64.1496091],[-21.945381,64.149634],[-21.9454471,64.1496455],[-21.9454728,64.1496175],[-21.9455076,64.1496236],[-21.9455663,64.1495597],[-21.9453871,64.1495284],[-21.945259,64.1495061],[-21.9451905,64.1495807],[-21.9451425,64.1496332],[-21.9452416,64.1496505],[-21.9452721,64.1496558],[-21.9453272,64.1495957]]}},{"type":"Feature","id":102687363,"properties":{"building":"yes"},"geometry":{"type":"LineString","coordinates":[[-21.9442992,64.1495939],[-21.9444252,64.149616],[-21.9443714,64.1496742],[-21.9443624,64.1496839],[-21.9442884,64.149671],[-21.9443067,64.1496511],[-21.9442548,64.149642],[-21.9442992,64.1495939]]}},{"type":"Feature","id":102687366,"properties":{"addr:housenumber":"12a","addr:postcode":"101","building":"yes"},"geometry":{"type":"LineString","coordinates":[[-21.9457592,64.1495949],[-21.9456955,64.1496577],[-21.9457258,64.1496636],[-21.9458455,64.1496867],[-21.945859,64.1496734],[-21.9458949,64.1496803],[-21.945932,64.1496437],[-21.9458922,64.149636],[-21.9459054,64.1496231],[-21.9457592,64.1495949]]}},{"type":"Feature","id":102687369,"properties":{"addr:housenumber":"4","addr:postcode":"101","building":"yes"},"geometry":{"type":"LineString","coordinates":[[-21.9440743,64.149381],[-21.9441515,64.1492983],[-21.9443603,64.1493355],[-21.9442496,64.1494128],[-21.9440743,64.149381]]}},{"type":"Feature","id":102687371,"properties":{"addr:housenumber":"19","addr:postcode":"101","addr:street":"Vesturgata","building":"yes","ref:HNITNUM":"10013663","source:addr":"Staðfangaskrá"},"geometry":{"type":"LineString","coordinates":[[-21.9447041,64.1498363],[-21.9447743,64.1497602],[-21.9444356,64.1497008],[-21.9444478,64.1496876],[-21.9443714,64.1496742],[-21.9443624,64.1496839],[-21.944289,64.1497635],[-21.9447041,64.1498363]]}},{"type":"Feature","id":102687372,"properties":{"building":"yes"},"geometry":{"type":"LineString","coordinates":[[-21.9436803,64.1493659],[-21.9437555,64.1492455],[-21.943793,64.1492373],[-21.9439438,64.1492613],[-21.9438721,64.1493443],[-21.943844,64.1493402],[-21.9438168,64.1493811],[-21.9436803,64.1493659]]}},{"type":"Feature","id":102687374,"properties":{"addr:housenumber":"4","addr:postcode":"101","building":"yes"},"geometry":{"type":"LineString","coordinates":[[-21.9438345,64.1494293],[-21.9438045,64.1494727],[-21.9436267,64.1494507],[-21.9436532,64.1494088],[-21.9438345,64.1494293]]}},{"type":"Feature","id":102687375,"properties":{"addr:housenumber":"8","addr:postcode":"101","building":"yes"},"geometry":{"type":"LineString","coordinates":[[-21.9450397,64.1495527],[-21.9451143,64.1494774],[-21.9449593,64.1494484],[-21.9448839,64.1495239],[-21.9450397,64.1495527]]}},{"type":"Feature","id":102687376,"properties":{"addr:housenumber":"16","addr:postcode":"101","building":"yes"},"geometry":{"type":"LineString","coordinates":[[-21.946267,64.1497942],[-21.9463541,64.1497065],[-21.9461721,64.1496722],[-21.9460863,64.1497591],[-21.9460722,64.1497728],[-21.9461821,64.1497935],[-21.9461949,64.1497806],[-21.946267,64.1497942]]}},{"type":"Feature","id":102697960,"properties":{"addr:housenumber":"13","addr:postcode":"101","addr:street":"Frakkastígur","building":"yes"},"geometry":{"type":"LineString","coordinates":[[-21.9439849,64.1498106],[-21.9439053,64.1498897],[-21.9438446,64.1498781],[-21.9436655,64.1498438],[-21.9437126,64.149797],[-21.943745,64.1497647],[-21.9439293,64.1498],[-21.9439849,64.1498106]]}},{"type":"Feature","id":102697977,"properties":{"addr:housenumber":"14","addr:postcode":"101","addr:street":"Vesturgata","building":"yes","ref:HNITNUM":"10013657","source:addr":"Staðfangaskrá"},"geometry":{"type":"LineString","coordinates":[[-21.9435811,64.1497191],[-21.9437096,64.1497561],[-21.943745,64.1497647],[-21.9437126,64.149797],[-21.9436658,64.1497851],[-21.9436104,64.1498216],[-21.9434819,64.1497846],[-21.9435811,64.1497191]]}},{"type":"Feature","id":102902639,"properties":{"addr:housenumber":"18","addr:postcode":"101","addr:street":"Tryggvagata","building":"yes","building:levels":"5","start_date":"2008","wikidata":"Q16429071","wikipedia":"is:Tryggvagata"},"geometry":{"type":"LineString","coordinates":[[-21.9424707,64.1496139],[-21.9420214,64.1493677],[-21.9421569,64.149315],[-21.9426531,64.1495256],[-21.9425947,64.149553],[-21.9426579,64.1495791],[-21.9430398,64.149737],[-21.9428768,64.1498127],[-21.9425217,64.1496389],[-21.9424707,64.1496139]]}},{"type":"Feature","id":102902640,"properties":{"addr:housenumber":"1","addr:postcode":"101","amenity":"restaurant","building":"yes","name":"B bar Iþta"},"geometry":{"type":"LineString","coordinates":[[-21.9418209,64.1490509],[-21.9416124,64.1491165],[-21.9416063,64.1491215],[-21.9416023,64.1491288],[-21.941603,64.1491358],[-21.9416057,64.1491428],[-21.9417223,64.1492054],[-21.9419521,64.1491286],[-21.9418209,64.1490509]]}},{"type":"Feature","id":102902648,"properties":{"addr:housenumber":"10a","addr:postcode":"101","building":"yes"},"geometry":{"type":"LineString","coordinates":[[-21.9430851,64.1497019],[-21.9432515,64.1496238],[-21.9431091,64.1495662],[-21.9431017,64.1495696],[-21.9429803,64.1496266],[-21.9429427,64.1496442],[-21.9430851,64.1497019]]}},{"type":"Feature","id":102902649,"properties":{"addr:housenumber":"8","addr:postcode":"101","building":"yes","start_date":"1900"},"geometry":{"type":"LineString","coordinates":[[-21.9429659,64.1495165],[-21.9427651,64.1494312],[-21.942652,64.1494818],[-21.9428529,64.1495671],[-21.9429659,64.1495165]]}},{"type":"Feature","id":102902650,"properties":{"addr:housenumber":"10","addr:postcode":"101","building":"yes","start_date":"1900"},"geometry":{"type":"LineString","coordinates":[[-21.9431017,64.1495696],[-21.9429883,64.1495232],[-21.9428945,64.1495662],[-21.9429615,64.1495925],[-21.9429293,64.1496071],[-21.9429803,64.1496266],[-21.9431017,64.1495696]]}},{"type":"Feature","id":102902652,"properties":{"addr:housenumber":"4","addr:postcode":"101","building":"yes","start_date":"1882"},"geometry":{"type":"LineString","coordinates":[[-21.9419521,64.1491286],[-21.9421099,64.1492218],[-21.942238,64.1491809],[-21.9421982,64.1491572],[-21.9419502,64.1490094],[-21.9418209,64.1490509],[-21.9419521,64.1491286]]}},{"type":"Feature","id":102902656,"properties":{"addr:housenumber":"6","addr:postcode":"101","building":"yes","start_date":"1900"},"geometry":{"type":"LineString","coordinates":[[-21.9427651,64.1494312],[-21.942379,64.149269],[-21.9422677,64.1493193],[-21.942652,64.1494818],[-21.9427651,64.1494312]]}},{"type":"Feature","id":102902657,"properties":{"addr:housenumber":"12","addr:postcode":"101","building":"yes"},"geometry":{"type":"LineString","coordinates":[[-21.9433536,64.1497806],[-21.9434832,64.1496937],[-21.9432901,64.1496361],[-21.9431741,64.1496931],[-21.9431377,64.1497175],[-21.9433536,64.1497806]]}},{"type":"Feature","id":102905147,"properties":{"highway":"service","lit":"yes","oneway":"yes","surface":"paving_stones"},"geometry":{"type":"LineString","coordinates":[[-21.9434434,64.1457909],[-21.9434946,64.1457986],[-21.9435293,64.1458111],[-21.9435611,64.145829],[-21.9435746,64.1458471],[-21.9435765,64.145866]]}},{"type":"Feature","id":102905149,"properties":{"highway":"service","lit":"no","surface":"paving_stones"},"geometry":{"type":"LineString","coordinates":[[-21.9429258,64.1460147],[-21.9433384,64.1457993],[-21.9433892,64.1457912],[-21.9434434,64.1457909]]}},{"type":"Feature","id":102905150,"properties":{"highway":"service","lit":"yes","oneway":"yes","surface":"paving_stones"},"geometry":{"type":"LineString","coordinates":[[-21.9437272,64.1457469],[-21.943605,64.1457658],[-21.9434434,64.1457909]]}},{"type":"Feature","id":103169769,"properties":{"addr:housenumber":"19","addr:postcode":"101","building":"yes"},"geometry":{"type":"LineString","coordinates":[[-21.947666,64.1492873],[-21.9477522,64.149198],[-21.9475817,64.1491667],[-21.9474955,64.149256],[-21.947666,64.1492873]]}},{"type":"Feature","id":103169773,"properties":{"addr:housenumber":"17","addr:postcode":"101","addr:street":"Bárugata","building":"yes","ref:HNITNUM":"10006867","source:addr":"Staðfangaskrá"},"geometry":{"type":"LineString","coordinates":[[-21.9473925,64.149238],[-21.9474912,64.1491357],[-21.9472928,64.1490994],[-21.9471942,64.1492016],[-21.9473925,64.149238]]}},{"type":"Feature","id":103169776,"properties":{"addr:housenumber":"16","addr:postcode":"101","building":"yes"},"geometry":{"type":"LineString","coordinates":[[-21.947716,64.1489936],[-21.9477832,64.1489203],[-21.9475628,64.1488819],[-21.9474956,64.1489552],[-21.947716,64.1489936]]}},{"type":"Feature","id":103169779,"properties":{"building":"yes"},"geometry":{"type":"LineString","coordinates":[[-21.9473966,64.149056],[-21.9474622,64.14899],[-21.9476645,64.1490282],[-21.947599,64.1490942],[-21.9473966,64.149056]]}},{"type":"Feature","id":103170677,"properties":{"addr:housenumber":"20","addr:postcode":"101","building":"yes"},"geometry":{"type":"LineString","coordinates":[[-21.9474698,64.1495288],[-21.9475441,64.1494519],[-21.9473649,64.1494189],[-21.9472905,64.1494959],[-21.9474698,64.1495288]]}},{"type":"Feature","id":103170678,"properties":{"addr:housenumber":"21","addr:postcode":"101","building":"yes"},"geometry":{"type":"LineString","coordinates":[[-21.9476783,64.149815],[-21.9477686,64.1497199],[-21.947532,64.1496772],[-21.9474417,64.1497722],[-21.9476783,64.149815]]}},{"type":"Feature","id":103170686,"properties":{"addr:housenumber":"17","addr:postcode":"101","building":"yes"},"geometry":{"type":"LineString","coordinates":[[-21.9469705,64.1496828],[-21.9470511,64.1496047],[-21.9468218,64.1495597],[-21.9467412,64.1496378],[-21.9469705,64.1496828]]}},{"type":"Feature","id":103170687,"properties":{"addr:housenumber":"19","addr:postcode":"101","building":"yes"},"geometry":{"type":"LineString","coordinates":[[-21.9473343,64.149752],[-21.94743,64.1496534],[-21.9472005,64.1496111],[-21.9471048,64.1497096],[-21.9473343,64.149752]]}},{"type":"Feature","id":103170694,"properties":{"addr:housenumber":"23","addr:postcode":"101","building":"yes"},"geometry":{"type":"LineString","coordinates":[[-21.9478713,64.1498673],[-21.947941,64.1497996],[-21.9478942,64.1497905],[-21.9479054,64.1497796],[-21.9478561,64.14977],[-21.9478431,64.1497827],[-21.9477948,64.1497732],[-21.947727,64.149839],[-21.9478713,64.1498673]]}},{"type":"Feature","id":103170699,"properties":{"addr:housenumber":"22","addr:postcode":"101","building":"yes"},"geometry":{"type":"LineString","coordinates":[[-21.947787,64.1495683],[-21.9478525,64.1494979],[-21.9476688,64.1494654],[-21.9475799,64.1495609],[-21.9477062,64.1495832],[-21.9477296,64.1495581],[-21.947787,64.1495683]]}},{"type":"Feature","id":103170703,"properties":{"addr:housenumber":"18","addr:postcode":"101","building":"yes"},"geometry":{"type":"LineString","coordinates":[[-21.9469274,64.149451],[-21.9469992,64.1493801],[-21.9472,64.1494188],[-21.9471455,64.1494726],[-21.9472224,64.1494874],[-21.9471806,64.1495288],[-21.9470517,64.149504],[-21.9470763,64.1494797],[-21.9469274,64.149451]]}},{"type":"Feature","id":104117353,"properties":{"highway":"service","service":"parking_aisle","surface":"paving_stones"},"geometry":{"type":"LineString","coordinates":[[-21.9435315,64.1482449],[-21.9431511,64.1482149]]}},{"type":"Feature","id":104398244,"properties":{"addr:housenumber":"10d","addr:postcode":"101","addr:street":"Tjarnargata","building":"yes"},"geometry":{"type":"LineString","coordinates":[[-21.943476,64.1462795],[-21.9432828,64.1462323],[-21.9434023,64.1461356],[-21.9434505,64.1461473],[-21.9435993,64.1461833],[-21.943476,64.1462795]]}},{"type":"Feature","id":104398246,"properties":{"addr:housenumber":"10b","addr:postcode":"101","addr:street":"Tjarnargata","building":"yes"},"geometry":{"type":"LineString","coordinates":[[-21.9432602,64.1464526],[-21.9433891,64.1463473],[-21.943196,64.1463026],[-21.9430713,64.146405],[-21.9432602,64.1464526]]}},{"type":"Feature","id":104398247,"properties":{"addr:housenumber":"10","addr:postcode":"101","addr:street":"Tjarnargata","building":"yes"},"geometry":{"type":"LineString","coordinates":[[-21.9429671,64.1464928],[-21.9428981,64.1465509],[-21.9431762,64.1466138],[-21.9432453,64.1465557],[-21.9431581,64.146536],[-21.9429671,64.1464928]]}},{"type":"Feature","id":104398248,"properties":{"addr:housenumber":"10c","addr:postcode":"101","addr:street":"Tjarnargata","building":"yes"},"geometry":{"type":"LineString","coordinates":[[-21.9432828,64.1462323],[-21.943196,64.1463026],[-21.9433891,64.1463473],[-21.943476,64.1462795],[-21.9432828,64.1462323]]}},{"type":"Feature","id":104398249,"properties":{"addr:housenumber":"10a","addr:postcode":"101","addr:street":"Tjarnargata","building":"yes"},"geometry":{"type":"LineString","coordinates":[[-21.9431581,64.146536],[-21.9432602,64.1464526],[-21.9430713,64.146405],[-21.9429671,64.1464928],[-21.9431581,64.146536]]}},{"type":"Feature","id":104398317,"properties":{"addr:housenumber":"12","addr:postcode":"101","addr:street":"Tjarnargata","building":"yes"},"geometry":{"type":"LineString","coordinates":[[-21.9439355,64.1460998],[-21.9439881,64.1460552],[-21.944023,64.1460262],[-21.9439002,64.1459982],[-21.9439864,64.1459264],[-21.9438374,64.1458923],[-21.9437726,64.1458778],[-21.9435995,64.1460244],[-21.9439355,64.1460998]]}},{"type":"Feature","id":104439748,"properties":{"addr:housenumber":"13","addr:postcode":"101","addr:street":"Suðurgata","building":"yes"},"geometry":{"type":"LineString","coordinates":[[-21.9438236,64.1463633],[-21.9437311,64.1464383],[-21.9435627,64.1463988],[-21.9436576,64.1463219],[-21.9438236,64.1463633]]}},{"type":"Feature","id":104439751,"properties":{"addr:housenumber":"15","addr:postcode":"101","addr:street":"Suðurgata","building":"yes"},"geometry":{"type":"LineString","coordinates":[[-21.9439388,64.14627],[-21.9438236,64.1463633],[-21.9436576,64.1463219],[-21.9437704,64.1462305],[-21.9438479,64.1462487],[-21.9439388,64.14627]]}},{"type":"Feature","id":110885344,"properties":{"addr:city":"Reykjavík","addr:housenumber":"4","addr:postcode":"101","addr:street":"Kirkjustræti","building":"house","building:levels":"3","description":"Skúli Thoroddsen (1859-1916), Member of Althingi and editor, built at Vonarstræti 12 in 1908. Skúli lived there with his wife Theódóra Thoroddsen (1863-1954) poetess and their children until he died in 1916 but Theódóra lived in the house until 1930","historic":"building","name:en":"Thoroddsen House","ref:HNITNUM":"10067624","roof:levels":"2","roof:shape":"gabled","source:addr":"Staðfangaskrá","start_date":"1908","website":"https://afangar.com/atvinnusaga/zuggersbaer/"},"geometry":{"type":"LineString","coordinates":[[-21.9417584,64.1471051],[-21.9418406,64.147007],[-21.9419783,64.1470289],[-21.9420284,64.1469691],[-21.9421487,64.1469882],[-21.9420155,64.1471474],[-21.9419195,64.1471321],[-21.941911,64.1471422],[-21.9418497,64.1471324],[-21.9418591,64.1471212],[-21.9417584,64.1471051]]}},{"type":"Feature","id":136086874,"properties":{"addr:city":"Reykjavík","addr:housenumber":"7","addr:postcode":"101","addr:street":"Öldugata","building":"yes"},"geometry":{"type":"LineString","coordinates":[[-21.9457997,64.1482664],[-21.9456656,64.1482413],[-21.9455726,64.1483355],[-21.9456406,64.1483483],[-21.9456316,64.1483575],[-21.9456976,64.1483699],[-21.9457997,64.1482664]]}},{"type":"Feature","id":136086882,"properties":{"addr:city":"Reykjavík","addr:housenumber":"9","addr:postcode":"101","addr:street":"Öldugata","building":"yes"},"geometry":{"type":"LineString","coordinates":[[-21.9461524,64.1483444],[-21.9460316,64.1483225],[-21.9459466,64.1484116],[-21.9460673,64.1484335],[-21.9461524,64.1483444]]}},{"type":"Feature","id":191290271,"properties":{"access":"yes","leisure":"playground","lukr:_HEITI_":"Grjótagata 8","lukr:_NR_LEIKSVA_":"206"},"geometry":{"type":"LineString","coordinates":[[-21.9435936,64.1478449],[-21.9435363,64.147973],[-21.943259,64.1479586],[-21.9432631,64.1479174],[-21.9431279,64.1478941],[-21.9432322,64.1477698],[-21.9434642,64.147818],[-21.9435936,64.1478449]]}},{"type":"Feature","id":232718743,"properties":{"addr:housenumber":"11","addr:postcode":"101","building":"yes"},"geometry":{"type":"LineString","coordinates":[[-21.9435394,64.1488671],[-21.9435959,64.1487835],[-21.9437866,64.1488105],[-21.9437368,64.1488909],[-21.9435394,64.1488671]]}},{"type":"Feature","id":232718745,"properties":{"addr:housenumber":"17a","addr:postcode":"101","building":"yes"},"geometry":{"type":"LineString","coordinates":[[-21.9442992,64.1495939],[-21.9443417,64.1495478],[-21.9443786,64.1495543],[-21.9444188,64.1495107],[-21.9445079,64.1495263],[-21.9444252,64.149616],[-21.9442992,64.1495939]]}},{"type":"Feature","id":232718747,"properties":{"addr:housenumber":"6","addr:postcode":"101","building":"yes"},"geometry":{"type":"LineString","coordinates":[[-21.9438345,64.1494293],[-21.9436532,64.1494088],[-21.9436803,64.1493659],[-21.9438168,64.1493811],[-21.9438641,64.1493864],[-21.9438345,64.1494293]]}},{"type":"Feature","id":233689143,"properties":{"addr:housenumber":"12","addr:postcode":"101","building":"yes"},"geometry":{"type":"LineString","coordinates":[[-21.9457592,64.1495949],[-21.9456352,64.1495709],[-21.9455292,64.1496753],[-21.9456837,64.1497051],[-21.9457258,64.1496636],[-21.9456955,64.1496577],[-21.9457592,64.1495949]]}},{"type":"Feature","id":312086319,"properties":{"leisure":"park"},"geometry":{"type":"LineString","coordinates":[[-21.9448117,64.147747],[-21.94516,64.1478099],[-21.945219,64.1477479],[-21.9448707,64.147685],[-21.9448312,64.1476827],[-21.9447944,64.1476893],[-21.9447701,64.1477031],[-21.9447649,64.1477203],[-21.9447801,64.1477364],[-21.9448117,64.147747]]}},{"type":"Feature","id":312086566,"properties":{"alt_name":"Kýiv-torg","leisure":"park","name":"Kænugarður","name:en":"Kyiv Square","wikidata":"Q113807846","wikipedia":"is:Kænugarðstorg"},"geometry":{"type":"LineString","coordinates":[[-21.9444816,64.1477353],[-21.9441503,64.1476812],[-21.9442509,64.147564],[-21.944544,64.1476118],[-21.9445672,64.1476355],[-21.9444816,64.1477353]]}},{"type":"Feature","id":317262130,"properties":{"coach":"no","highway":"residential","lanes":"2","lit":"yes","maxlength":"8","maxspeed":"30","name":"Vesturgata","oneway":"no","sidewalk:both":"separate","surface":"asphalt","wikidata":"Q16429960","wikipedia":"is:Vesturgata"},"geometry":{"type":"LineString","coordinates":[[-21.9422628,64.149115],[-21.9423908,64.1491923],[-21.9425006,64.1492486],[-21.9428564,64.1494047],[-21.9430252,64.1494738],[-21.9432479,64.1495627]]}},{"type":"Feature","id":374722558,"properties":{"addr:city":"Reykjavík","addr:housenumber":"12","addr:postcode":"101","amenity":"theatre","building":"yes","check_date":"2024-10-04","name":"Tjarnarbíó","website":"https://www.tjarnarbio.is"},"geometry":{"type":"LineString","coordinates":[[-21.9435995,64.1460244],[-21.9434505,64.1461473],[-21.9435993,64.1461833],[-21.9436462,64.146145],[-21.9439022,64.1462038],[-21.9438479,64.1462487],[-21.9439388,64.14627],[-21.9441011,64.146136],[-21.9439355,64.1460998],[-21.9435995,64.1460244]]}},{"type":"Feature","id":389272912,"properties":{"highway":"service","oneway":"no","surface":"asphalt"},"geometry":{"type":"LineString","coordinates":[[-21.9428447,64.1488756],[-21.9430159,64.1489213]]}},{"type":"Feature","id":404368545,"properties":{"bicycle":"designated","coach":"no","foot":"designated","goods":"no","hgv":"no","highway":"living_street","lit":"yes","maxlength":"8","maxspeed":"15","name":"Brattagata","oneway":"yes","surface":"paving_stones"},"geometry":{"type":"LineString","coordinates":[[-21.942997,64.1480472],[-21.9431744,64.1480776]]}},{"type":"Feature","id":404368546,"properties":{"bicycle":"designated","coach":"no","foot":"designated","highway":"living_street","lit":"yes","maxlength":"8","maxspeed":"15","name":"Mjóstræti","oneway":"yes","surface":"paving_stones"},"geometry":{"type":"LineString","coordinates":[[-21.9431744,64.1480776],[-21.9431511,64.1482149]]}},{"type":"Feature","id":446571168,"properties":{"building":"yes"},"geometry":{"type":"LineString","coordinates":[[-21.9444239,64.1467985],[-21.9443182,64.1467786],[-21.9443743,64.1467236],[-21.9444969,64.1467519],[-21.9444391,64.1468016],[-21.9444239,64.1467985]]}},{"type":"Feature","id":471052258,"properties":{"building":"bridge","building:levels":"3","building:min_level":"2","covered":"yes","layer":"2","note":"connection between parts of Centerhotel Plaza"},"geometry":{"type":"LineString","coordinates":[[-21.9422651,64.1484907],[-21.9422903,64.1484953],[-21.9422509,64.148536],[-21.9422257,64.1485314],[-21.9422651,64.1484907]]}},{"type":"Feature","id":610782334,"properties":{"addr:city":"Reykjavík","addr:housenumber":"13","addr:postcode":"101","addr:street":"Tryggvagata","building":"yes","building:levels":"6","note":"Approximate from memory","start_date":"2017"},"geometry":{"type":"LineString","coordinates":[[-21.9423902,64.1497735],[-21.9417613,64.1495601],[-21.9415086,64.1497164],[-21.9421556,64.1499185],[-21.9423902,64.1497735]]}},{"type":"Feature","id":610782335,"properties":{"area":"yes","highway":"pedestrian","lit":"yes","surface":"paving_stones"},"geometry":{"type":"LineString","coordinates":[[-21.9418162,64.1494102],[-21.941762,64.1494351],[-21.9418699,64.1494922],[-21.9417613,64.1495601],[-21.9423902,64.1497735],[-21.942405,64.1497307],[-21.9418162,64.1494102]]}},{"type":"Feature","id":671700459,"properties":{"addr:housenumber":"5b","addr:postcode":"101","addr:street":"Vesturgata","building":"yes","name":"Gröndalshús"},"geometry":{"type":"LineString","coordinates":[[-21.9427384,64.1486742],[-21.9426676,64.1487204],[-21.9427141,64.1487339],[-21.9426872,64.1487515],[-21.9427258,64.1487627],[-21.9427527,64.1487452],[-21.9428165,64.1487638],[-21.9428873,64.1487176],[-21.9427384,64.1486742]]}},{"type":"Feature","id":678250879,"properties":{"bicycle":"designated","coach":"no","highway":"living_street","lanes":"2","maxlength":"8","maxspeed":"15","name":"Grófin","oneway":"no","surface":"asphalt"},"geometry":{"type":"LineString","coordinates":[[-21.941535,64.1490524],[-21.9418323,64.1489527],[-21.9418494,64.1489467]]}},{"type":"Feature","id":678300462,"properties":{"cycleway":"no","highway":"residential","lanes":"2","lit":"yes","maxspeed":"30","name":"Tjarnargata","sidewalk:both":"separate","surface":"asphalt"},"geometry":{"type":"LineString","coordinates":[[-21.9437272,64.1457469],[-21.9435765,64.145866],[-21.9427903,64.1465226],[-21.9427289,64.1465778]]}},{"type":"Feature","id":678300463,"properties":{"coach":"no","highway":"residential","lanes":"2","lit":"yes","maxlength":"8","maxspeed":"30","name":"Tjarnargata","oneway":"yes","sidewalk":"both","sidewalk:both:surface":"paving_stones","smoothness":"good","surface":"paving_stones"},"geometry":{"type":"LineString","coordinates":[[-21.9427289,64.1465778],[-21.9426996,64.1466042],[-21.9426617,64.1466384],[-21.9426015,64.1466926],[-21.9423329,64.1469667],[-21.9423079,64.1469912],[-21.9420658,64.1472285]]}},{"type":"Feature","id":703173734,"properties":{"building":"yes"},"geometry":{"type":"LineString","coordinates":[[-21.9460193,64.148191],[-21.9461209,64.1482083],[-21.9460486,64.1482892],[-21.9459469,64.1482719],[-21.9460193,64.148191]]}},{"type":"Feature","id":779963533,"properties":{"building":"yes"},"geometry":{"type":"LineString","coordinates":[[-21.9446889,64.1455589],[-21.9446643,64.145585],[-21.9445597,64.1455663],[-21.9445843,64.1455402],[-21.9446889,64.1455589]]}},{"type":"Feature","id":779963534,"properties":{"building":"yes"},"geometry":{"type":"LineString","coordinates":[[-21.945971,64.1455905],[-21.9458959,64.1455764],[-21.9459411,64.1455304],[-21.9460162,64.1455444],[-21.945971,64.1455905]]}},{"type":"Feature","id":779963535,"properties":{"building":"yes"},"geometry":{"type":"LineString","coordinates":[[-21.9452119,64.1463004],[-21.9450697,64.1462677],[-21.945139,64.1462105],[-21.9452812,64.1462433],[-21.9452119,64.1463004]]}},{"type":"Feature","id":814915630,"properties":{"highway":"service","service":"driveway"},"geometry":{"type":"LineString","coordinates":[[-21.9440915,64.1462325],[-21.9441832,64.1462496],[-21.9446205,64.1463309],[-21.9448377,64.1464911],[-21.9447492,64.1465695]]}},{"type":"Feature","id":814915631,"properties":{"building":"yes"},"geometry":{"type":"LineString","coordinates":[[-21.9448122,64.146432],[-21.9448699,64.1463782],[-21.9450929,64.1464237],[-21.9450352,64.1464775],[-21.9448122,64.146432]]}},{"type":"Feature","id":816296168,"properties":{"building":"yes","start_date":"1999"},"geometry":{"type":"LineString","coordinates":[[-21.9463089,64.1470502],[-21.9461641,64.1470209],[-21.9462084,64.1469792],[-21.9463532,64.1470084],[-21.9463089,64.1470502]]}},{"type":"Feature","id":816296169,"properties":{"building":"yes"},"geometry":{"type":"LineString","coordinates":[[-21.9443831,64.1472853],[-21.9442586,64.1472581],[-21.944308,64.1472151],[-21.9444324,64.1472422],[-21.9443831,64.1472853]]}},{"type":"Feature","id":816296170,"properties":{"building":"yes"},"geometry":{"type":"LineString","coordinates":[[-21.9445869,64.1470233],[-21.9446299,64.1469858],[-21.9448766,64.1470397],[-21.9448337,64.1470771],[-21.9445869,64.1470233]]}},{"type":"Feature","id":816296171,"properties":{"building":"yes"},"geometry":{"type":"LineString","coordinates":[[-21.9442087,64.1469917],[-21.9441744,64.1470216],[-21.9440746,64.1469999],[-21.944109,64.1469699],[-21.9442087,64.1469917]]}},{"type":"Feature","id":816296172,"properties":{"building":"yes"},"geometry":{"type":"LineString","coordinates":[[-21.9442812,64.1470455],[-21.9441943,64.1470266],[-21.9442586,64.1469704],[-21.9443455,64.1469894],[-21.9442812,64.1470455]]}},{"type":"Feature","id":816296175,"properties":{"building":"yes"},"geometry":{"type":"LineString","coordinates":[[-21.9472235,64.1483765],[-21.9471686,64.148442],[-21.9470292,64.1484198],[-21.9470841,64.1483543],[-21.9472235,64.1483765]]}},{"type":"Feature","id":816296176,"properties":{"building":"yes","start_date":"1999"},"geometry":{"type":"LineString","coordinates":[[-21.9433934,64.1486946],[-21.9432753,64.1486771],[-21.9432994,64.1486462],[-21.9434174,64.1486638],[-21.9433934,64.1486946]]}},{"type":"Feature","id":816296177,"properties":{"building":"yes"},"geometry":{"type":"LineString","coordinates":[[-21.9435623,64.1484034],[-21.9435167,64.1484011],[-21.9435301,64.1483497],[-21.9435757,64.1483519],[-21.9435623,64.1484034]]}},{"type":"Feature","id":816296178,"properties":{"building":"yes","start_date":"1902"},"geometry":{"type":"LineString","coordinates":[[-21.9435221,64.1485636],[-21.9434175,64.1485578],[-21.9434263,64.1485277],[-21.9435309,64.1485336],[-21.9435221,64.1485636]]}},{"type":"Feature","id":816296179,"properties":{"building":"yes"},"geometry":{"type":"LineString","coordinates":[[-21.9442973,64.1484911],[-21.9443455,64.1484303],[-21.944486,64.1484515],[-21.9444377,64.1485123],[-21.9442973,64.1484911]]}},{"type":"Feature","id":816296180,"properties":{"building":"yes"},"geometry":{"type":"LineString","coordinates":[[-21.944544,64.1485203],[-21.9444636,64.1485051],[-21.9444858,64.1484827],[-21.9445663,64.1484979],[-21.944544,64.1485203]]}},{"type":"Feature","id":816296181,"properties":{"building":"yes"},"geometry":{"type":"LineString","coordinates":[[-21.9447425,64.1484736],[-21.9446862,64.1485274],[-21.9445846,64.1485071],[-21.9446409,64.1484533],[-21.9447425,64.1484736]]}},{"type":"Feature","id":816296182,"properties":{"building":"yes"},"geometry":{"type":"LineString","coordinates":[[-21.9457027,64.1492829],[-21.9455954,64.149263],[-21.9456183,64.1492395],[-21.9457256,64.1492594],[-21.9457027,64.1492829]]}},{"type":"Feature","id":816296183,"properties":{"building":"yes"},"geometry":{"type":"LineString","coordinates":[[-21.9459602,64.1493706],[-21.9459024,64.149359],[-21.945932,64.1493309],[-21.9457836,64.1493012],[-21.945813,64.1492732],[-21.9460192,64.1493145],[-21.9459602,64.1493706]]}},{"type":"Feature","id":816296184,"properties":{"building":"yes"},"geometry":{"type":"LineString","coordinates":[[-21.9441068,64.1494934],[-21.9441605,64.1494466],[-21.9442967,64.1494763],[-21.9442431,64.1495231],[-21.9441068,64.1494934]]}},{"type":"Feature","id":816296185,"properties":{"building":"yes"},"geometry":{"type":"LineString","coordinates":[[-21.9440988,64.149456],[-21.9440183,64.1495109],[-21.9439228,64.1494843],[-21.9440033,64.1494294],[-21.9440988,64.149456]]}},{"type":"Feature","id":816296186,"properties":{"addr:housenumber":"19B","addr:postcode":"101","addr:street":"Vesturgata","building":"yes","ref:HNITNUM":"10111938","source:addr":"Staðfangaskrá"},"geometry":{"type":"LineString","coordinates":[[-21.9448906,64.1496209],[-21.9449577,64.1496323],[-21.9448628,64.1497386],[-21.9448397,64.1497646],[-21.9447726,64.1497532],[-21.9448906,64.1496209]]}},{"type":"Feature","id":816296187,"properties":{"addr:housenumber":"21C","addr:postcode":"101","addr:street":"Vesturgata","building":"yes","ref:HNITNUM":"10101121","source:addr":"Staðfangaskrá","start_date":"2006"},"geometry":{"type":"LineString","coordinates":[[-21.9453359,64.1497494],[-21.9453111,64.1497764],[-21.9451516,64.1497486],[-21.9452416,64.1496505],[-21.9452721,64.1496558],[-21.9454207,64.1496832],[-21.9453567,64.149753],[-21.9453359,64.1497494]]}},{"type":"Feature","id":816296188,"properties":{"building":"yes"},"geometry":{"type":"LineString","coordinates":[[-21.9452682,64.1498232],[-21.9453111,64.1497764],[-21.9453359,64.1497494],[-21.9453567,64.149753],[-21.9454141,64.149763],[-21.9453464,64.1498368],[-21.9452682,64.1498232]]}},{"type":"Feature","id":816296189,"properties":{"addr:housenumber":"10A","addr:postcode":"101","addr:street":"Ránargata","building":"yes","ref:HNITNUM":"10025111","source:addr":"Staðfangaskrá"},"geometry":{"type":"LineString","coordinates":[[-21.9455284,64.1496992],[-21.9454622,64.1497714],[-21.9454141,64.149763],[-21.9453567,64.149753],[-21.9454207,64.1496832],[-21.9454229,64.1496808],[-21.9455284,64.1496992]]}},{"type":"Feature","id":816296190,"properties":{"building":"yes"},"geometry":{"type":"LineString","coordinates":[[-21.9457671,64.1498244],[-21.9457403,64.1498538],[-21.9455579,64.1498223],[-21.9455847,64.1497928],[-21.9457671,64.1498244]]}},{"type":"Feature","id":817267278,"properties":{"building":"yes"},"geometry":{"type":"LineString","coordinates":[[-21.9471611,64.1482672],[-21.9471376,64.1482968],[-21.9470814,64.1482958],[-21.9470891,64.1482161],[-21.9471659,64.1482175],[-21.947168,64.1481963],[-21.9472383,64.1481975],[-21.9472348,64.1482333],[-21.9474193,64.1482367],[-21.947416,64.1482719],[-21.9471611,64.1482672]]}},{"type":"Feature","id":817307771,"properties":{"highway":"service","service":"parking_aisle","surface":"paving_stones"},"geometry":{"type":"LineString","coordinates":[[-21.9416537,64.1492863],[-21.9419141,64.149201],[-21.9420053,64.1492548]]}},{"type":"Feature","id":833003615,"properties":{"building":"yes","start_date":"1900"},"geometry":{"type":"LineString","coordinates":[[-21.9439623,64.1478216],[-21.9439192,64.1478143],[-21.9439016,64.1478341],[-21.9437975,64.1478165],[-21.943816,64.1477957],[-21.9437668,64.1477874],[-21.9438116,64.147737],[-21.944008,64.1477702],[-21.9439623,64.1478216]]}},{"type":"Feature","id":839472957,"properties":{"building":"yes"},"geometry":{"type":"LineString","coordinates":[[-21.9477625,64.149257],[-21.9477066,64.1492471],[-21.9477522,64.149198],[-21.9477634,64.1491859],[-21.9478193,64.1491957],[-21.9477625,64.149257]]}},{"type":"Feature","id":839472958,"properties":{"building":"yes"},"geometry":{"type":"LineString","coordinates":[[-21.9478968,64.1491121],[-21.9479481,64.1491212],[-21.9479018,64.1491712],[-21.9479316,64.1491765],[-21.9478794,64.1492328],[-21.9478496,64.1492275],[-21.9478138,64.149266],[-21.9477625,64.149257],[-21.9478193,64.1491957],[-21.9478968,64.1491121]]}},{"type":"Feature","id":839472959,"properties":{"building":"yes"},"geometry":{"type":"LineString","coordinates":[[-21.9477841,64.1490864],[-21.9477369,64.1490776],[-21.9477739,64.1490399],[-21.9478211,64.1490487],[-21.9477841,64.1490864]]}},{"type":"Feature","id":839472960,"properties":{"building":"yes"},"geometry":{"type":"LineString","coordinates":[[-21.9478056,64.1496443],[-21.9477458,64.1496337],[-21.9478002,64.1495753],[-21.94786,64.1495858],[-21.9478056,64.1496443]]}},{"type":"Feature","id":846959008,"properties":{"building":"yes"},"geometry":{"type":"LineString","coordinates":[[-21.9454444,64.1476406],[-21.9453886,64.1476306],[-21.9454442,64.147572],[-21.945391,64.1475624],[-21.9454368,64.1475141],[-21.9455458,64.1475338],[-21.9454444,64.1476406]]}},{"type":"Feature","id":846959009,"properties":{"building":"garage"},"geometry":{"type":"LineString","coordinates":[[-21.9457562,64.1475116],[-21.9456164,64.1474864],[-21.9456585,64.1474432],[-21.9457977,64.147469],[-21.9457562,64.1475116]]}},{"type":"Feature","id":846959010,"properties":{"building":"yes"},"geometry":{"type":"LineString","coordinates":[[-21.9455262,64.1476554],[-21.9454444,64.1476406],[-21.9455458,64.1475338],[-21.9455946,64.1474824],[-21.9456164,64.1474864],[-21.9457562,64.1475116],[-21.9458055,64.1475205],[-21.9457579,64.1475707],[-21.9457021,64.1475606],[-21.9456736,64.1475906],[-21.9456003,64.1475774],[-21.9455262,64.1476554]]}},{"type":"Feature","id":846959012,"properties":{"building":"yes"},"geometry":{"type":"LineString","coordinates":[[-21.9466967,64.1468383],[-21.9466608,64.1468687],[-21.9465305,64.1468394],[-21.9465664,64.146809],[-21.9466591,64.1468299],[-21.9466967,64.1468383]]}},{"type":"Feature","id":846959013,"properties":{"building":"shed"},"geometry":{"type":"LineString","coordinates":[[-21.9469875,64.1467239],[-21.9468728,64.1466997],[-21.9469017,64.1466736],[-21.9470164,64.1466977],[-21.9469875,64.1467239]]}},{"type":"Feature","id":846959014,"properties":{"building":"yes"},"geometry":{"type":"LineString","coordinates":[[-21.9466656,64.1466525],[-21.9464953,64.1466151],[-21.9465506,64.1465672],[-21.946721,64.1466045],[-21.9466656,64.1466525]]}},{"type":"Feature","id":846959015,"properties":{"building":"bungalow","start_date":"2010"},"geometry":{"type":"LineString","coordinates":[[-21.9468548,64.1460508],[-21.9469178,64.146065],[-21.9469607,64.1460747],[-21.9468995,64.1461264],[-21.9467936,64.1461025],[-21.9468154,64.146084],[-21.9468548,64.1460508]]}},{"type":"Feature","id":846959016,"properties":{"building":"garage"},"geometry":{"type":"LineString","coordinates":[[-21.9462794,64.146077],[-21.9461464,64.146048],[-21.9461829,64.1460162],[-21.9463159,64.1460453],[-21.9462794,64.146077]]}},{"type":"Feature","id":846959017,"properties":{"building":"garage"},"geometry":{"type":"LineString","coordinates":[[-21.9457215,64.1442488],[-21.945775,64.1441968],[-21.9459575,64.1442324],[-21.945904,64.1442845],[-21.9457215,64.1442488]]}},{"type":"Feature","id":846959018,"properties":{"building":"yes"},"geometry":{"type":"LineString","coordinates":[[-21.945346,64.1438956],[-21.9452904,64.1438878],[-21.9453165,64.1438523],[-21.9453721,64.1438601],[-21.945346,64.1438956]]}},{"type":"Feature","id":846959019,"properties":{"building":"garage"},"geometry":{"type":"LineString","coordinates":[[-21.9469017,64.1434663],[-21.9467929,64.1434507],[-21.9468454,64.1433809],[-21.9469542,64.1433964],[-21.9469017,64.1434663]]}},{"type":"Feature","id":906603512,"properties":{"leisure":"pitch","sport":"tennis"},"geometry":{"type":"LineString","coordinates":[[-21.9454359,64.1464098],[-21.9457014,64.1461876],[-21.9454679,64.1461345],[-21.9452024,64.1463568],[-21.9454359,64.1464098]]}},{"type":"Feature","id":906603513,"properties":{"highway":"service","service":"alley"},"geometry":{"type":"LineString","coordinates":[[-21.9460056,64.1465192],[-21.9458742,64.1464901],[-21.9455458,64.1464174],[-21.9456606,64.1463188]]}},{"type":"Feature","id":906603514,"properties":{"addr:housenumber":"41A","addr:postcode":"101","addr:street":"Garðastræti","building":"yes","ref:HNITNUM":"10010175","source:addr":"Staðfangaskrá"},"geometry":{"type":"LineString","coordinates":[[-21.945684,64.146163],[-21.9455348,64.1461308],[-21.9455646,64.1461045],[-21.9457138,64.1461367],[-21.945684,64.146163]]}},{"type":"Feature","id":936400306,"properties":{"building":"garage"},"geometry":{"type":"LineString","coordinates":[[-21.9430012,64.1479183],[-21.9429743,64.1479137],[-21.9430111,64.1478724],[-21.9431285,64.1478923],[-21.9431154,64.1479069],[-21.9431245,64.1479303],[-21.9430091,64.1479388],[-21.9430012,64.1479183]]}},{"type":"Feature","id":958813599,"properties":{"building":"yes"},"geometry":{"type":"LineString","coordinates":[[-21.9423486,64.1487987],[-21.942288,64.1487826],[-21.9423403,64.1487452],[-21.9424009,64.1487613],[-21.9423486,64.1487987]]}},{"type":"Feature","id":965730310,"properties":{"leisure":"park","name":"Fógetagarðurinn","wikidata":"Q97502764","wikipedia":"is:Fógetagarðurinn"},"geometry":{"type":"LineString","coordinates":[[-21.9418138,64.1472171],[-21.9417688,64.1472678],[-21.9421185,64.1473209],[-21.9420214,64.1474317],[-21.9418042,64.1474015],[-21.9417534,64.1474612],[-21.9421328,64.1475223],[-21.9422785,64.1473514],[-21.9422871,64.1473309],[-21.9422776,64.1473105],[-21.9422554,64.1472951],[-21.942223,64.1472837],[-21.9421838,64.1472776],[-21.9418138,64.1472171]]}},{"type":"Feature","id":1055919379,"properties":{"building":"shed"},"geometry":{"type":"LineString","coordinates":[[-21.9453178,64.1481315],[-21.9452683,64.1481212],[-21.9453017,64.1480905],[-21.9453513,64.1481008],[-21.9453178,64.1481315]]}},{"type":"Feature","id":1055922383,"properties":{"highway":"service","service":"alley"},"geometry":{"type":"LineString","coordinates":[[-21.9424127,64.1485384],[-21.9424336,64.1485159],[-21.9424975,64.1484467],[-21.942712,64.1484069],[-21.942745,64.148289]]}},{"type":"Feature","id":1154089990,"properties":{"building":"government","description":"Skrifstofubygging Alþingis / new offices for Alþingi","name":"Smiðja (Alþingishús)","office":"government","opening_hours":"\"Parliament\"","start_date":"2023","website":"https://www.althingi.is//"},"geometry":{"type":"LineString","coordinates":[[-21.9418623,64.1464666],[-21.9415136,64.1467883],[-21.9422512,64.1468947],[-21.9425329,64.1466257],[-21.9422616,64.1465613],[-21.9420401,64.1465088],[-21.9418623,64.1464666]]}},{"type":"Feature","id":1156101125,"properties":{"highway":"residential","lit":"yes","maxspeed":"30","name":"Vonarstræti","oneway":"no","surface":"asphalt","wikidata":"Q16430216","wikipedia":"is:Vonarstræti"},"geometry":{"type":"LineString","coordinates":[[-21.9427289,64.1465778],[-21.9427739,64.1465881],[-21.9433618,64.1467232],[-21.9434648,64.1467469]]}},{"type":"Feature","id":1181756512,"properties":{"bicycle":"designated","coach":"no","highway":"living_street","lane_markings":"no","lanes":"2","lit":"yes","maxlength":"8","maxspeed":"15","name":"Vesturgata","oneway":"no","surface":"asphalt","wikidata":"Q16429960","wikipedia":"is:Vesturgata"},"geometry":{"type":"LineString","coordinates":[[-21.9418494,64.1489467],[-21.9419377,64.1489404],[-21.9419871,64.1489487],[-21.9420219,64.1489606],[-21.9422628,64.149115]]}},{"type":"Feature","id":1181756532,"properties":{"barrier":"kerb","natural":"scrub"},"geometry":{"type":"LineString","coordinates":[[-21.9418934,64.1488322],[-21.9418737,64.1488331],[-21.941857,64.1488395],[-21.9418539,64.1488689],[-21.9418622,64.1488762],[-21.9418861,64.1488821],[-21.9419464,64.1488825],[-21.941963,64.1488798],[-21.941963,64.1488721],[-21.9418934,64.1488322]]}},{"type":"Feature","id":1181756533,"properties":{"barrier":"kerb","natural":"scrub"},"geometry":{"type":"LineString","coordinates":[[-21.9416088,64.1487352],[-21.9415582,64.1487507],[-21.9415909,64.148771],[-21.9416415,64.1487555],[-21.9416088,64.1487352]]}},{"type":"Feature","id":1249498304,"properties":{"coach":"no","highway":"residential","lanes":"1","lit":"yes","maxlength":"8","maxspeed":"30","name":"Kirkjustræti","oneway":"yes","oneway:bicycle":"no","surface":"paving_stones","wikidata":"Q16430322","wikipedia":"is:Kirkjustræti"},"geometry":{"type":"LineString","coordinates":[[-21.9420658,64.1472285],[-21.9422067,64.1472504],[-21.9423804,64.1472774]]}},{"type":"Feature","id":1444729286,"properties":{"addr:housenumber":"21","addr:postcode":"101","building":"yes","start_date":"1900"},"geometry":{"type":"LineString","coordinates":[[-21.9449391,64.1498001],[-21.9448812,64.1497901],[-21.9448208,64.1498528],[-21.9449792,64.1498814],[-21.9450424,64.1498146],[-21.9449885,64.1498053],[-21.9450068,64.1497852],[-21.9449602,64.1497771],[-21.9449391,64.1498001]]}},{"type":"Feature","id":1453909625,"properties":{"highway":"service","service":"driveway"},"geometry":{"type":"LineString","coordinates":[[-21.943189,64.1496664],[-21.9432958,64.1496168]]}},{"type":"Feature","id":5073590,"properties":{"coach":"no","highway":"residential","lanes":"2","maxlength":"8","maxspeed":"30","name":"Ránargata","oneway":"no","surface":"asphalt","wikidata":"Q16424437","wikipedia":"is:Ránargata"},"geometry":{"type":"LineString","coordinates":[[-21.9527977,64.1509337],[-21.9526741,64.1508388],[-21.9526024,64.1508171],[-21.9518924,64.1506835],[-21.9517491,64.1506566],[-21.951505,64.1506106],[-21.9509313,64.1505026],[-21.9507098,64.1504618],[-21.9505783,64.1504362],[-21.9482823,64.1500041],[-21.9481969,64.149988]]}},{"type":"Feature","id":103484774,"properties":{"addr:housenumber":"30a","addr:postcode":"101","building":"yes"},"geometry":{"type":"LineString","coordinates":[[-21.9488557,64.1501706],[-21.9489931,64.1501966],[-21.9489685,64.1502223],[-21.9489992,64.1502284],[-21.9489489,64.1502808],[-21.9488232,64.1502584],[-21.9487913,64.1502887],[-21.9487444,64.1502804],[-21.9488557,64.1501706]]}},{"type":"Feature","id":103484778,"properties":{"addr:housenumber":"2","addr:postcode":"101","building":"yes","start_date":"1903"},"geometry":{"type":"LineString","coordinates":[[-21.9481774,64.1502993],[-21.9482517,64.1502241],[-21.9481192,64.1501992],[-21.9480449,64.1502745],[-21.9481774,64.1502993]]}},{"type":"Feature","id":103484783,"properties":{"addr:housenumber":"28","addr:postcode":"101","building":"yes"},"geometry":{"type":"LineString","coordinates":[[-21.9483659,64.1501636],[-21.9484373,64.1500921],[-21.9482809,64.1500624],[-21.9482095,64.150134],[-21.9483659,64.1501636]]}},{"type":"Feature","id":103484785,"properties":{"addr:housenumber":"30","addr:postcode":"101","addr:street":"Ránargata","building":"yes","ref:HNITNUM":"10025130","source:addr":"Staðfangaskrá"},"geometry":{"type":"LineString","coordinates":[[-21.9488557,64.1501706],[-21.9487149,64.1501439],[-21.9486351,64.150224],[-21.9487336,64.1502433],[-21.9487048,64.1502735],[-21.9487444,64.1502804],[-21.9488557,64.1501706]]}},{"type":"Feature","id":103696270,"properties":{"addr:housenumber":"29","addr:postcode":"101","building":"yes"},"geometry":{"type":"LineString","coordinates":[[-21.9490158,64.1500801],[-21.9490954,64.1499979],[-21.948998,64.1499782],[-21.9489757,64.1500007],[-21.9488736,64.1499814],[-21.9488136,64.1500419],[-21.9490158,64.1500801]]}},{"type":"Feature","id":703139702,"properties":{"building":"yes"},"geometry":{"type":"LineString","coordinates":[[-21.9490954,64.1499979],[-21.949144,64.1499508],[-21.9492206,64.1499658],[-21.9491947,64.149991],[-21.9491716,64.1500128],[-21.9490954,64.1499979]]}},{"type":"Feature","id":839472961,"properties":{"building":"yes"},"geometry":{"type":"LineString","coordinates":[[-21.9492245,64.1500442],[-21.9491535,64.1500299],[-21.9491716,64.1500128],[-21.9491947,64.149991],[-21.9492657,64.1500053],[-21.9492245,64.1500442]]}},{"type":"Feature","id":5073658,"properties":{"foot":"no","highway":"primary","lanes":"2","maxspeed":"40","name":"Geirsgata","note":"The southern side of the street has addresses with Tryggvagata, the northern side with Geirsgata.","old_ref":"41","oneway":"yes","surface":"asphalt","wikidata":"Q16424996","wikipedia":"is:Geirsgata"},"geometry":{"type":"LineString","coordinates":[[-21.9427098,64.1502445],[-21.942945,64.1502986],[-21.9432928,64.1503912],[-21.943515,64.1504677],[-21.9440727,64.1507088],[-21.9441609,64.1507413],[-21.9442514,64.1507615],[-21.9443343,64.1507761],[-21.9444423,64.1507907],[-21.9450597,64.1508244],[-21.9452011,64.1508117],[-21.9452239,64.1508096]]}},{"type":"Feature","id":48318651,"properties":{"bicycle":"designated","foot":"designated","highway":"service","maxspeed":"30","motor_vehicle":"destination","name":"Suðurbugt","oneway":"no","surface":"asphalt"},"geometry":{"type":"LineString","coordinates":[[-21.9441623,64.1513714],[-21.9441293,64.1513547],[-21.9438562,64.151216],[-21.9436981,64.1511358],[-21.9435946,64.1510832],[-21.9433342,64.150951],[-21.943245,64.1509057],[-21.9430461,64.1508048],[-21.9429319,64.1507468]]}},{"type":"Feature","id":48479882,"properties":{"highway":"unclassified","lanes":"2","maxspeed":"30","name":"Ægisgarður","oneway":"no","surface":"asphalt"},"geometry":{"type":"LineString","coordinates":[[-21.9454497,64.1508285],[-21.9453664,64.1508978],[-21.9453178,64.1509271],[-21.9452008,64.1509761]]}},{"type":"Feature","id":95158768,"properties":{"addr:city":"Reykjavík","addr:country":"IS","addr:housenumber":"5","addr:postcode":"101","addr:street":"Geirsgata","building":"yes"},"geometry":{"type":"LineString","coordinates":[[-21.9441735,64.1508158],[-21.9439978,64.1507305],[-21.9439326,64.150756],[-21.9436419,64.1508697],[-21.943414,64.1509588],[-21.9435897,64.1510441],[-21.9436517,64.1510199],[-21.9438178,64.1509549],[-21.9441306,64.1508326],[-21.9441735,64.1508158]]}},{"type":"Feature","id":95158769,"properties":{"addr:city":"Reykjavík","addr:housenumber":"1","addr:postcode":"101","addr:street":"Geirsgata","building":"yes","building:levels":"1"},"geometry":{"type":"LineString","coordinates":[[-21.9450576,64.1508717],[-21.9448752,64.1508606],[-21.9448605,64.1508752],[-21.9449959,64.150929],[-21.9450249,64.1509331],[-21.9450551,64.1509317],[-21.9450814,64.150925],[-21.9450992,64.1509143],[-21.9451054,64.1509017],[-21.9450996,64.150889],[-21.9450827,64.1508785],[-21.9450576,64.1508717]]}},{"type":"Feature","id":95158771,"properties":{"addr:city":"Reykjavík","addr:country":"IS","addr:housenumber":"7","addr:postcode":"101","addr:street":"Geirsgata","building":"retail","roof:orientation":"along","roof:shape":"gabled"},"geometry":{"type":"LineString","coordinates":[[-21.9437011,64.1506133],[-21.9436351,64.1506387],[-21.9435072,64.1506879],[-21.9433757,64.1507385],[-21.9433211,64.1507595],[-21.9432343,64.1507929],[-21.9431488,64.1508258],[-21.9433243,64.1509125],[-21.9438766,64.1507001],[-21.9437011,64.1506133]]}},{"type":"Feature","id":95158773,"properties":{"addr:city":"Reykjavík","addr:housenumber":"9","addr:postcode":"101","addr:street":"Geirsgata","building":"yes","building:levels":"3","name":"Hafnarbúðir"},"geometry":{"type":"LineString","coordinates":[[-21.9428917,64.1506563],[-21.9428901,64.1506555],[-21.94273,64.1505732],[-21.9428515,64.1505282],[-21.9428309,64.1505176],[-21.9429607,64.1504696],[-21.9428757,64.150426],[-21.9429998,64.1503801],[-21.9431139,64.1504387],[-21.9430842,64.1504497],[-21.9431618,64.1504895],[-21.9431663,64.1504918],[-21.9432374,64.1505284],[-21.9428917,64.1506563]]}},{"type":"Feature","id":95158774,"properties":{"addr:city":"Reykjavík","addr:country":"IS","addr:postcode":"101","addr:street":"Geirsgata","building":"yes","roof:orientation":"along","roof:shape":"gabled"},"geometry":{"type":"LineString","coordinates":[[-21.9443222,64.1509939],[-21.9441508,64.1509093],[-21.9440258,64.1509574],[-21.9438843,64.1510119],[-21.9437951,64.1510463],[-21.9436898,64.1510868],[-21.9438612,64.1511714],[-21.9439087,64.1511531],[-21.9443222,64.1509939]]}},{"type":"Feature","id":102640933,"properties":{"highway":"service","oneway":"no","service":"parking_aisle"},"geometry":{"type":"LineString","coordinates":[[-21.9429319,64.1507468],[-21.9434285,64.1505571]]}},{"type":"Feature","id":102687373,"properties":{"addr:housenumber":"27","addr:postcode":"101","addr:street":"Vesturgata","building":"yes","ref:HNITNUM":"10013673","source:addr":"Staðfangaskrá","start_date":"1872"},"geometry":{"type":"LineString","coordinates":[[-21.9459939,64.150063],[-21.9460259,64.1500571],[-21.9460943,64.1499881],[-21.9460072,64.1499717],[-21.9459777,64.1499969],[-21.9457778,64.1499589],[-21.9457188,64.1500144],[-21.9459939,64.150063]]}},{"type":"Feature","id":102691884,"properties":{"addr:housenumber":"28","addr:postcode":"101","building":"house","building:levels":"3"},"geometry":{"type":"LineString","coordinates":[[-21.9458097,64.150143],[-21.9456769,64.1501184],[-21.9456215,64.1501752],[-21.9455955,64.1502018],[-21.9457286,64.1502266],[-21.9457591,64.1501954],[-21.9458097,64.150143]]}},{"type":"Feature","id":102691888,"properties":{"addr:housenumber":"26b","addr:postcode":"101","building":"house"},"geometry":{"type":"LineString","coordinates":[[-21.9456769,64.1501184],[-21.9454195,64.1500708],[-21.9453548,64.1501375],[-21.9454751,64.1501597],[-21.9454661,64.1501689],[-21.9455626,64.1501867],[-21.9455811,64.1501677],[-21.9456215,64.1501752],[-21.9456769,64.1501184]]}},{"type":"Feature","id":102691891,"properties":{"addr:housenumber":"7","addr:postcode":"101","addr:street":"Ægisgata","building":"yes","building:levels":"4","entrance":"main"},"geometry":{"type":"LineString","coordinates":[[-21.9455823,64.150514],[-21.9456035,64.1504921],[-21.9457665,64.1503233],[-21.9457867,64.1503024],[-21.9455844,64.1502653],[-21.9454142,64.1504413],[-21.9453799,64.1504768],[-21.9455823,64.150514]]}},{"type":"Feature","id":102691893,"properties":{"addr:housenumber":"3","addr:postcode":"101","building":"yes"},"geometry":{"type":"LineString","coordinates":[[-21.9440637,64.1501227],[-21.9440687,64.1501179],[-21.9441512,64.1500365],[-21.9442873,64.1500644],[-21.9442617,64.1500876],[-21.9443163,64.1500991],[-21.9442792,64.1501326],[-21.9442293,64.1501221],[-21.9442049,64.1501441],[-21.9441957,64.1501524],[-21.9440637,64.1501227]]}},{"type":"Feature","id":102691894,"properties":{"addr:housenumber":"26a","addr:postcode":"101","building":"detached","building:levels":"2"},"geometry":{"type":"LineString","coordinates":[[-21.9452609,64.1501132],[-21.9453205,64.1500489],[-21.9450738,64.1500053],[-21.9450081,64.1500767],[-21.945118,64.150096],[-21.9451255,64.1500884],[-21.9451463,64.1500919],[-21.9451321,64.1501088],[-21.9451797,64.1501173],[-21.9451938,64.1501015],[-21.9452609,64.1501132]]}},{"type":"Feature","id":102691896,"properties":{"addr:housenumber":"5","addr:postcode":"101","addr:street":"Nýlendugata","building":"yes","start_date":"1904"},"geometry":{"type":"LineString","coordinates":[[-21.9446279,64.1502544],[-21.9446807,64.15022],[-21.9446453,64.1502091],[-21.9446688,64.1501936],[-21.9445447,64.1501591],[-21.9444636,64.1502117],[-21.9445897,64.1502483],[-21.9445957,64.1502445],[-21.9446279,64.1502544]]}},{"type":"Feature","id":102691904,"properties":{"addr:housenumber":"5a","addr:postcode":"101","addr:street":"Nýlendugata","building":"yes","start_date":"2007"},"geometry":{"type":"LineString","coordinates":[[-21.944869,64.150336],[-21.9449914,64.1502943],[-21.9449374,64.1502642],[-21.944977,64.1502506],[-21.9449304,64.1502247],[-21.9447684,64.1502799],[-21.944869,64.150336]]}},{"type":"Feature","id":102691905,"properties":{"addr:city":"Reykjavík","addr:housenumber":"5","addr:postcode":"101","addr:street":"Ægisgata","building":"apartments","building:levels":"4","source":"Kaart Ground Survey 2017","start_date":"2005"},"geometry":{"type":"LineString","coordinates":[[-21.9449142,64.1507348],[-21.9450305,64.1507386],[-21.9452924,64.1507471],[-21.9453326,64.1507448],[-21.9453567,64.1507407],[-21.9453715,64.1507296],[-21.9455002,64.1505927],[-21.9454868,64.1505728],[-21.9453299,64.1505442],[-21.9453085,64.1505676],[-21.9452763,64.1505623],[-21.9452092,64.1506348],[-21.945106,64.1506278],[-21.9450979,64.15065],[-21.9449397,64.1506412],[-21.9449142,64.1507348]]}},{"type":"Feature","id":102691906,"properties":{"addr:housenumber":"4;4A;6","addr:postcode":"101","addr:street":"Tryggvagata","building":"yes","building:levels":"4"},"geometry":{"type":"LineString","coordinates":[[-21.944367,64.1506851],[-21.9442141,64.1506483],[-21.944147,64.1506238],[-21.9440795,64.1505992],[-21.9440096,64.1505597],[-21.9442,64.1504959],[-21.9444528,64.1505822],[-21.9444756,64.1505699],[-21.9446983,64.1506307],[-21.9447506,64.150598],[-21.9448029,64.1506091],[-21.9448029,64.1506196],[-21.9449437,64.1506266],[-21.9449397,64.1506412],[-21.9449142,64.1507348],[-21.9446669,64.1507227],[-21.944367,64.1506851]]}},{"type":"Feature","id":102691912,"properties":{"addr:housenumber":"22","addr:postcode":"101","addr:street":"Vesturgata","building":"yes","ref:HNITNUM":"10013667","source:addr":"Staðfangaskrá"},"geometry":{"type":"LineString","coordinates":[[-21.9446057,64.1501296],[-21.9447888,64.1499568],[-21.9446352,64.1499273],[-21.9445346,64.1500249],[-21.9445474,64.1500279],[-21.9445145,64.1500618],[-21.944481,64.150055],[-21.9444388,64.1500998],[-21.9446057,64.1501296]]}},{"type":"Feature","id":102691914,"properties":{"addr:housenumber":"26C","addr:postcode":"101","addr:street":"Vesturgata","building":"yes","ref:HNITNUM":"10013672","source:addr":"Staðfangaskrá","start_date":"1897"},"geometry":{"type":"LineString","coordinates":[[-21.9453541,64.1502956],[-21.9454116,64.1502461],[-21.9452294,64.1502058],[-21.9451719,64.1502553],[-21.9453541,64.1502956]]}},{"type":"Feature","id":102691916,"properties":{"addr:housenumber":"3A","addr:postcode":"101","addr:street":"Norðurstígur","building":"yes","ref:HNITNUM":"10024206","source:addr":"Staðfangaskrá"},"geometry":{"type":"LineString","coordinates":[[-21.9441963,64.150237],[-21.9439847,64.1501893],[-21.9440637,64.1501227],[-21.9441957,64.1501524],[-21.9442241,64.1501588],[-21.9442584,64.150174],[-21.9441963,64.150237]]}},{"type":"Feature","id":102691919,"properties":{"addr:housenumber":"8","addr:postcode":"101","addr:street":"Tryggvagata","building":"yes"},"geometry":{"type":"LineString","coordinates":[[-21.9438876,64.1502922],[-21.9437923,64.1503895],[-21.9437467,64.1504053],[-21.9439854,64.1505455],[-21.9440096,64.1505597],[-21.9442,64.1504959],[-21.9441464,64.1504649],[-21.9441477,64.1504316],[-21.9440284,64.1503653],[-21.9440627,64.1503326],[-21.9438876,64.1502922]]}},{"type":"Feature","id":102691923,"properties":{"addr:housenumber":"5","addr:postcode":"101","addr:street":"Norðurstígur","building":"yes","start_date":"1902"},"geometry":{"type":"LineString","coordinates":[[-21.9443026,64.1503566],[-21.9443981,64.1502918],[-21.9442268,64.1502438],[-21.944104,64.150327],[-21.9441445,64.1503384],[-21.9441717,64.1503199],[-21.9443026,64.1503566]]}},{"type":"Feature","id":102691924,"properties":{"addr:housenumber":"7","addr:postcode":"101","addr:street":"Nýlendugata","building":"yes"},"geometry":{"type":"LineString","coordinates":[[-21.9451629,64.1503694],[-21.9451207,64.1503571],[-21.9450945,64.150377],[-21.9449524,64.1503469],[-21.9450375,64.1502849],[-21.9451629,64.1503168],[-21.9451783,64.150306],[-21.9451525,64.150299],[-21.945185,64.1502763],[-21.9452108,64.1502833],[-21.9452645,64.150297],[-21.9451629,64.1503694]]}},{"type":"Feature","id":102691925,"properties":{"addr:housenumber":"6","addr:postcode":"101","addr:street":"Nýlendugata","building":"yes"},"geometry":{"type":"LineString","coordinates":[[-21.9446631,64.1504443],[-21.9447454,64.1503917],[-21.944622,64.150355],[-21.9445341,64.1504112],[-21.9445757,64.1504236],[-21.944554,64.1504374],[-21.9446028,64.1504519],[-21.9446301,64.1504345],[-21.9446631,64.1504443]]}},{"type":"Feature","id":102902651,"properties":{"addr:city":"Reykjavík","addr:housenumber":"12","addr:postcode":"101","addr:street":"Tryggvagata","brand":"Keahotels","building":"yes","internet_access":"yes","internet_access:fee":"no","name":"Exeter Hotel","start_date":"2018","tourism":"hotel","website":"https://www.keahotels.is/en/hotels/exeter-hotel/location_exeter","wikidata":"Q111873655"},"geometry":{"type":"LineString","coordinates":[[-21.9436589,64.1501436],[-21.9434731,64.1501928],[-21.9433383,64.1500953],[-21.9435241,64.1500461],[-21.9436589,64.1501436]]}},{"type":"Feature","id":102902655,"properties":{"addr:housenumber":"10","addr:postcode":"101","addr:street":"Tryggvagata","building":"yes","building:levels":"3","start_date":"2018"},"geometry":{"type":"LineString","coordinates":[[-21.9436589,64.1501436],[-21.9437779,64.1502297],[-21.9437029,64.1503117],[-21.9436437,64.1503125],[-21.9434731,64.1501928],[-21.9436589,64.1501436]]}},{"type":"Feature","id":103170675,"properties":{"building":"yes"},"geometry":{"type":"LineString","coordinates":[[-21.9476077,64.150139],[-21.9476441,64.1500978],[-21.9475698,64.1500853],[-21.9475883,64.1500644],[-21.9475053,64.1500504],[-21.9474504,64.1501125],[-21.9476077,64.150139]]}},{"type":"Feature","id":103170680,"properties":{"addr:housenumber":"24","addr:postcode":"101","building":"yes","note":"housenumber extrapolated from surrounding buildings, please resurvey and then delete this note"},"geometry":{"type":"LineString","coordinates":[[-21.9475372,64.1499992],[-21.9476873,64.1500264],[-21.9477485,64.149962],[-21.9475984,64.1499349],[-21.9475372,64.1499992]]}},{"type":"Feature","id":103170682,"properties":{"addr:housenumber":"29","addr:postcode":"101","building":"yes","start_date":"1881"},"geometry":{"type":"LineString","coordinates":[[-21.9464038,64.1501391],[-21.9464898,64.1500522],[-21.9464117,64.1500375],[-21.9463921,64.1500573],[-21.946324,64.1500445],[-21.9462576,64.1501116],[-21.9464038,64.1501391]]}},{"type":"Feature","id":103170689,"properties":{"addr:housenumber":"35a","addr:postcode":"101","building":"yes","start_date":"1898"},"geometry":{"type":"LineString","coordinates":[[-21.9474883,64.1502733],[-21.947503,64.1502583],[-21.9476081,64.1502778],[-21.9475923,64.150294],[-21.9475339,64.1503538],[-21.9474288,64.1503342],[-21.9474883,64.1502733]]}},{"type":"Feature","id":103170696,"properties":{"addr:housenumber":"35","addr:postcode":"101","building":"yes","start_date":"1902"},"geometry":{"type":"LineString","coordinates":[[-21.9476902,64.1503828],[-21.9477481,64.1503235],[-21.9477134,64.1503171],[-21.9477443,64.1502855],[-21.9476944,64.1502762],[-21.947664,64.1503073],[-21.9475923,64.150294],[-21.9475339,64.1503538],[-21.9476902,64.1503828]]}},{"type":"Feature","id":103170701,"properties":{"addr:housenumber":"31","addr:postcode":"101","building":"yes","start_date":"1884"},"geometry":{"type":"LineString","coordinates":[[-21.9467122,64.1501972],[-21.9467319,64.1501768],[-21.9466917,64.1501694],[-21.9467921,64.1500659],[-21.946644,64.1500386],[-21.9465238,64.1501624],[-21.9467122,64.1501972]]}},{"type":"Feature","id":103170705,"properties":{"building":"yes","start_date":"2006"},"geometry":{"type":"LineString","coordinates":[[-21.9468312,64.1502184],[-21.9468959,64.1501518],[-21.9468192,64.1501376],[-21.9467545,64.1502042],[-21.9468312,64.1502184]]}},{"type":"Feature","id":103170706,"properties":{"addr:housenumber":"3","addr:postcode":"101","building":"yes"},"geometry":{"type":"LineString","coordinates":[[-21.9477595,64.1502648],[-21.9478523,64.1501663],[-21.94769,64.1501372],[-21.9475972,64.1502357],[-21.9477595,64.1502648]]}},{"type":"Feature","id":103170708,"properties":{"addr:housenumber":"33","addr:postcode":"101","addr:street":"Vesturgata","building":"yes","ref:HNITNUM":"10013679","source:addr":"Staðfangaskrá","start_date":"1903"},"geometry":{"type":"LineString","coordinates":[[-21.9470934,64.1502713],[-21.9468895,64.1502344],[-21.9469617,64.1501608],[-21.9470444,64.1501762],[-21.9470626,64.1501576],[-21.9471129,64.150167],[-21.9470957,64.1501846],[-21.9471634,64.1501972],[-21.9470934,64.1502713]]}},{"type":"Feature","id":103170710,"properties":{"addr:housenumber":"33a","addr:postcode":"101","building":"yes"},"geometry":{"type":"LineString","coordinates":[[-21.9473067,64.1502132],[-21.9471708,64.1501894],[-21.9471634,64.1501972],[-21.9470934,64.1502713],[-21.9472288,64.1502956],[-21.9473067,64.1502132]]}},{"type":"Feature","id":106199813,"properties":{"addr:housenumber":"36","addr:postcode":"101","building":"yes"},"geometry":{"type":"LineString","coordinates":[[-21.9474883,64.1506197],[-21.9475644,64.150545],[-21.9475056,64.1505336],[-21.9475202,64.1505192],[-21.9474145,64.1504988],[-21.9473238,64.1505879],[-21.9474883,64.1506197]]}},{"type":"Feature","id":106199816,"properties":{"addr:housenumber":"34","addr:postcode":"101","building":"yes","start_date":"1876"},"geometry":{"type":"LineString","coordinates":[[-21.947349,64.1504803],[-21.94739,64.150436],[-21.9471832,64.1503996],[-21.9471442,64.1504416],[-21.9472119,64.1504535],[-21.9471933,64.1504736],[-21.9472859,64.1504899],[-21.9473023,64.1504721],[-21.947349,64.1504803]]}},{"type":"Feature","id":106199817,"properties":{"addr:housenumber":"15","addr:postcode":"101","addr:street":"Nýlendugata","building":"yes","ref:HNITNUM":"10024229","source:addr":"Staðfangaskrá"},"geometry":{"type":"LineString","coordinates":[[-21.9467269,64.1506839],[-21.9467801,64.1506288],[-21.9468617,64.1506438],[-21.9469571,64.1506613],[-21.9469039,64.1507163],[-21.9467269,64.1506839]]}},{"type":"Feature","id":106199818,"properties":{"addr:housenumber":"32","addr:postcode":"101","building":"yes"},"geometry":{"type":"LineString","coordinates":[[-21.9468064,64.1504474],[-21.9468319,64.1504201],[-21.946889,64.1504302],[-21.9469134,64.1504042],[-21.9468563,64.150394],[-21.9468822,64.1503663],[-21.9466797,64.1503303],[-21.946603,64.1504123],[-21.9466537,64.1504214],[-21.9466318,64.1504448],[-21.9467057,64.150458],[-21.9467285,64.1504335],[-21.9468064,64.1504474]]}},{"type":"Feature","id":106199821,"properties":{"addr:housenumber":"15","addr:postcode":"101","building":"yes"},"geometry":{"type":"LineString","coordinates":[[-21.9467801,64.1506288],[-21.9467269,64.1506839],[-21.9465506,64.1506515],[-21.9466727,64.150525],[-21.9467015,64.1504952],[-21.9470835,64.1505652],[-21.9469932,64.1506589],[-21.9468691,64.1506361],[-21.9468617,64.1506438],[-21.9467801,64.1506288]]}},{"type":"Feature","id":106199824,"properties":{"addr:housenumber":"10","addr:postcode":"101","addr:street":"Ægisgata","building":"yes","ref:HNITNUM":"10016343","source:addr":"Staðfangaskrá"},"geometry":{"type":"LineString","coordinates":[[-21.9461033,64.1504804],[-21.9461933,64.1503897],[-21.9462445,64.1503359],[-21.9460554,64.1503008],[-21.9459986,64.1503589],[-21.9459835,64.1503562],[-21.9459027,64.1504389],[-21.9458932,64.1504371],[-21.9458624,64.1504699],[-21.9458478,64.150481],[-21.9458422,64.1504935],[-21.9458462,64.1505062],[-21.9458619,64.150519],[-21.9458871,64.1505284],[-21.9459186,64.1505332],[-21.9461694,64.1505798],[-21.9462414,64.1505061],[-21.9461033,64.1504804]]}},{"type":"Feature","id":106199825,"properties":{"addr:housenumber":"13","addr:postcode":"101","addr:street":"Nýlendugata","building":"yes","start_date":"1884"},"geometry":{"type":"LineString","coordinates":[[-21.9465215,64.1506458],[-21.9465799,64.1505871],[-21.9464019,64.1505534],[-21.9463435,64.1506121],[-21.9465215,64.1506458]]}},{"type":"Feature","id":106199826,"properties":{"addr:housenumber":"30","addr:postcode":"101","addr:street":"Vesturgata","building":"yes","ref:HNITNUM":"10013676","source:addr":"Staðfangaskrá","start_date":"1895"},"geometry":{"type":"LineString","coordinates":[[-21.946439,64.1503173],[-21.946203,64.1502729],[-21.9462579,64.1502174],[-21.9464939,64.1502619],[-21.946439,64.1503173]]}},{"type":"Feature","id":106199832,"properties":{"building":"yes"},"geometry":{"type":"LineString","coordinates":[[-21.9467015,64.1504952],[-21.9464156,64.1504427],[-21.9463644,64.1504957],[-21.9464638,64.1505139],[-21.9464862,64.1504908],[-21.9466727,64.150525],[-21.9467015,64.1504952]]}},{"type":"Feature","id":106199833,"properties":{"addr:housenumber":"11A","addr:postcode":"101","addr:street":"Nýlendugata","building":"yes","ref:HNITNUM":"10024225","source:addr":"Staðfangaskrá"},"geometry":{"type":"LineString","coordinates":[[-21.9464019,64.1505534],[-21.9463625,64.1505459],[-21.9463836,64.1505248],[-21.9463316,64.1505149],[-21.9463105,64.1505361],[-21.9462691,64.1505283],[-21.9462107,64.1505869],[-21.9463435,64.1506121],[-21.9464019,64.1505534]]}},{"type":"Feature","id":106391055,"properties":{"addr:housenumber":"4","addr:postcode":"101","addr:street":"Ægisgata","building":"yes","building:levels":"4","ref:HNITNUM":"10016341","source:addr":"Staðfangaskrá"},"geometry":{"type":"LineString","coordinates":[[-21.945872,64.1506271],[-21.9457574,64.1506089],[-21.9456011,64.1507648],[-21.9458808,64.1507811],[-21.9459331,64.1507317],[-21.9458888,64.1507238],[-21.9459042,64.1507095],[-21.9458144,64.1506923],[-21.945872,64.1506271]]}},{"type":"Feature","id":106391103,"properties":{"addr:housenumber":"12","addr:postcode":"101","addr:street":"Nýlendugata","building":"yes","start_date":"1902"},"geometry":{"type":"LineString","coordinates":[[-21.9461096,64.1507517],[-21.9461673,64.1506923],[-21.9459768,64.1506571],[-21.9459191,64.1507165],[-21.9461096,64.1507517]]}},{"type":"Feature","id":106909783,"properties":{"highway":"service"},"geometry":{"type":"LineString","coordinates":[[-21.9442649,64.1508816],[-21.9446137,64.1509061],[-21.9448074,64.1509838],[-21.9449619,64.1510457],[-21.944999,64.1510606]]}},{"type":"Feature","id":136017160,"properties":{"highway":"residential","maxspeed":"30","name":"Tryggvagata","surface":"asphalt","wikidata":"Q16429071","wikipedia":"is:Tryggvagata"},"geometry":{"type":"LineString","coordinates":[[-21.9427098,64.1502445],[-21.942793,64.1501616]]}},{"type":"Feature","id":136017162,"properties":{"highway":"service","maxspeed":"30","source":"ourfootprints","surface":"asphalt"},"geometry":{"type":"LineString","coordinates":[[-21.9426591,64.150312],[-21.9427098,64.1502445]]}},{"type":"Feature","id":138313539,"properties":{"addr:housenumber":"9","addr:postcode":"101","addr:street":"Nýlendugata","building":"yes","building:levels":"1","name":"Hliðarhús"},"geometry":{"type":"LineString","coordinates":[[-21.9450946,64.1505074],[-21.9450218,64.150473],[-21.9452015,64.1504006],[-21.9452743,64.1504349],[-21.9450946,64.1505074]]}},{"type":"Feature","id":138313540,"properties":{"highway":"living_street","lit":"yes","maxspeed":"15","name":"Nýlendugata","oneway":"no","sidewalk":"right","surface":"paving_stones"},"geometry":{"type":"LineString","coordinates":[[-21.9457063,64.1505631],[-21.9456178,64.1505466],[-21.9452374,64.1504753],[-21.9450704,64.1505249],[-21.9450561,64.1505291]]}},{"type":"Feature","id":138313541,"properties":{"foot":"no","highway":"primary","lanes":"1","maxspeed":"40","name":"Geirsgata","note":"The southern side of the street has addresses with Tryggvagata, the northern side with Geirsgata.","old_ref":"41","oneway":"yes","surface":"asphalt","wikidata":"Q16424996","wikipedia":"is:Geirsgata"},"geometry":{"type":"LineString","coordinates":[[-21.9452239,64.1508096],[-21.9450936,64.1507802],[-21.9445281,64.1507474],[-21.944418,64.1507347],[-21.9443197,64.1507183],[-21.9442078,64.1506919],[-21.9441234,64.1506642],[-21.9440301,64.1506252],[-21.9438307,64.1505356]]}},{"type":"Feature","id":138313542,"properties":{"coach":"no","highway":"residential","lanes":"3","maxlength":"8","maxspeed":"30","name":"Tryggvagata","oneway":"no","sidewalk":"both","surface":"asphalt","turn:lanes":"left|through;right","wikidata":"Q16429071","wikipedia":"is:Tryggvagata"},"geometry":{"type":"LineString","coordinates":[[-21.9428576,64.1499394],[-21.942893,64.1499723],[-21.9429049,64.1500076],[-21.942903,64.1500375],[-21.942889,64.1500612],[-21.9428658,64.1500872],[-21.942793,64.1501616]]}},{"type":"Feature","id":138313543,"properties":{"foot":"no","highway":"primary","lanes":"3","lanes:backward":"1","lanes:forward":"2","maxspeed":"40","name":"Geirsgata","old_ref":"41","oneway":"no","surface":"asphalt","turn:lanes:forward":"left|through","wikidata":"Q16424996","wikipedia":"is:Geirsgata"},"geometry":{"type":"LineString","coordinates":[[-21.9454497,64.1508285],[-21.9452657,64.1508131],[-21.9452239,64.1508096]]}},{"type":"Feature","id":160224324,"properties":{"building":"yes","building:levels":"2"},"geometry":{"type":"LineString","coordinates":[[-21.9463483,64.1508353],[-21.9465339,64.1508664],[-21.9466231,64.1507652],[-21.9464376,64.1507341],[-21.9463483,64.1508353]]}},{"type":"Feature","id":160224325,"properties":{"addr:housenumber":"14","addr:postcode":"101","addr:street":"Nýlendugata","building":"yes","building:levels":"4","source":"Bing, Local knowledge"},"geometry":{"type":"LineString","coordinates":[[-21.9464376,64.1507341],[-21.9462003,64.1506943],[-21.9460984,64.1508102],[-21.9463483,64.1508353],[-21.9464376,64.1507341]]}},{"type":"Feature","id":233689146,"properties":{"addr:housenumber":"33b","addr:postcode":"101","building":"yes","start_date":"1903"},"geometry":{"type":"LineString","coordinates":[[-21.9473067,64.1502132],[-21.9473854,64.1501299],[-21.94725,64.1501056],[-21.9471708,64.1501894],[-21.9473067,64.1502132]]}},{"type":"Feature","id":233689148,"properties":{"addr:housenumber":"35b","addr:postcode":"101","building":"yes"},"geometry":{"type":"LineString","coordinates":[[-21.9474883,64.1502733],[-21.9474288,64.1503342],[-21.9473263,64.1503152],[-21.947391,64.1502489],[-21.9474336,64.1502568],[-21.9474283,64.1502622],[-21.9474883,64.1502733]]}},{"type":"Feature","id":292928953,"properties":{"highway":"service","maxspeed":"30","oneway":"no","source":"ourfootprints","surface":"asphalt"},"geometry":{"type":"LineString","coordinates":[[-21.942498,64.1505265],[-21.9425749,64.1504241],[-21.9426423,64.1503343],[-21.9426591,64.150312]]}},{"type":"Feature","id":511769954,"properties":{"highway":"primary","lanes":"3","lanes:backward":"1","lanes:forward":"2","maxspeed":"40","name":"Mýrargata","old_ref":"41","oneway":"no","surface":"asphalt","turn:lanes:forward":"left|through;right","wikidata":"Q16422850","wikipedia":"is:Mýrargata"},"geometry":{"type":"LineString","coordinates":[[-21.9460055,64.1508782],[-21.9456635,64.1508477],[-21.9456114,64.150843],[-21.9454497,64.1508285]]}},{"type":"Feature","id":511769958,"properties":{"highway":"primary","lanes":"2","lit":"yes","maxspeed":"40","name":"Geirsgata","note":"The southern side of the street has addresses with Tryggvagata, the northern side with Geirsgata.","old_ref":"41","oneway":"yes","surface":"asphalt","turn:lanes":"left;through|through;right","wikidata":"Q16424996","wikipedia":"is:Geirsgata"},"geometry":{"type":"LineString","coordinates":[[-21.9438307,64.1505356],[-21.9435362,64.1503985],[-21.9433066,64.150309],[-21.9430883,64.1502412],[-21.9430428,64.1502271],[-21.942793,64.1501616]]}},{"type":"Feature","id":578660955,"properties":{"highway":"service","maxspeed":"30","name":"Miðbakki","oneway":"no","source":"http://faxafloahafnir.is/is/hafnarsvaedid/gamla_hofnin/","surface":"asphalt"},"geometry":{"type":"LineString","coordinates":[[-21.9417977,64.1508508],[-21.9423152,64.1506945],[-21.942385,64.1506547],[-21.9424386,64.1506056],[-21.942498,64.1505265]]}},{"type":"Feature","id":616765678,"properties":{"leisure":"marina","seamark:harbour:category":"marina","seamark:type":"harbour"},"geometry":{"type":"LineString","coordinates":[[-21.9433752,64.1510758],[-21.942286,64.1514763],[-21.9428194,64.1517552],[-21.9437801,64.1514195],[-21.9437895,64.1512755],[-21.9433752,64.1510758]]}},{"type":"Feature","id":686199626,"properties":{"bicycle":"designated","foot":"designated","highway":"service","motor_vehicle":"destination","surface":"asphalt"},"geometry":{"type":"LineString","coordinates":[[-21.9438562,64.151216],[-21.9443684,64.1510166],[-21.9444621,64.1509801],[-21.9442649,64.1508816],[-21.9442399,64.1508691],[-21.9442046,64.1508515],[-21.9435946,64.1510832]]}},{"type":"Feature","id":686199627,"properties":{"highway":"service","service":"parking_aisle"},"geometry":{"type":"LineString","coordinates":[[-21.9448074,64.1509838],[-21.9445257,64.1510937]]}},{"type":"Feature","id":686199628,"properties":{"bicycle":"designated","foot":"designated","highway":"service","motor_vehicle":"destination","surface":"asphalt"},"geometry":{"type":"LineString","coordinates":[[-21.9433342,64.150951],[-21.9439161,64.1507244]]}},{"type":"Feature","id":693781367,"properties":{"area":"yes","highway":"pedestrian","name":"Boðatorg","place":"square","surface":"concrete:plates"},"geometry":{"type":"LineString","coordinates":[[-21.9436437,64.1503125],[-21.9437029,64.1503117],[-21.9436872,64.1503346],[-21.9436387,64.1503486],[-21.94358,64.1503656],[-21.9430815,64.1501988],[-21.9430489,64.1501879],[-21.9430279,64.1501432],[-21.9430623,64.1500195],[-21.9431754,64.1499859],[-21.9433383,64.1500953],[-21.9434731,64.1501928],[-21.9436437,64.1503125]]}},{"type":"Feature","id":816296191,"properties":{"building":"yes","start_date":"1992"},"geometry":{"type":"LineString","coordinates":[[-21.9444367,64.1501717],[-21.9443723,64.1501525],[-21.944442,64.150108],[-21.9445065,64.1501273],[-21.9444367,64.1501717]]}},{"type":"Feature","id":816461022,"properties":{"highway":"living_street","maxspeed":"15","name":"Nýlendugata","oneway":"no","sidewalk":"right","surface":"paving_stones","tunnel":"building_passage"},"geometry":{"type":"LineString","coordinates":[[-21.9440687,64.1501179],[-21.9442049,64.1501441]]}},{"type":"Feature","id":816461023,"properties":{"highway":"living_street","maxspeed":"15","name":"Nýlendugata","oneway":"no","sidewalk":"right","surface":"paving_stones"},"geometry":{"type":"LineString","coordinates":[[-21.9439913,64.150103],[-21.9440687,64.1501179]]}},{"type":"Feature","id":816461025,"properties":{"highway":"living_street","maxspeed":"15","name":"Nýlendugata","oneway":"no","sidewalk":"right","surface":"paving_stones"},"geometry":{"type":"LineString","coordinates":[[-21.9442049,64.1501441],[-21.9442905,64.1501606],[-21.9443998,64.1502467],[-21.9448194,64.1503925]]}},{"type":"Feature","id":839470005,"properties":{"highway":"service","service":"parking_aisle","surface":"asphalt"},"geometry":{"type":"LineString","coordinates":[[-21.9417304,64.150788],[-21.9422239,64.1504243],[-21.9422156,64.1503347]]}},{"type":"Feature","id":839472963,"properties":{"building":"yes"},"geometry":{"type":"LineString","coordinates":[[-21.9474623,64.1502395],[-21.9473754,64.1502234],[-21.9474019,64.1501963],[-21.9474888,64.1502124],[-21.9474623,64.1502395]]}},{"type":"Feature","id":839472965,"properties":{"building":"yes"},"geometry":{"type":"LineString","coordinates":[[-21.947072,64.1500752],[-21.9471724,64.1500943],[-21.9471457,64.150121],[-21.9470453,64.1501019],[-21.947072,64.1500752]]}},{"type":"Feature","id":839472966,"properties":{"building":"garage"},"geometry":{"type":"LineString","coordinates":[[-21.947072,64.1500752],[-21.9470072,64.1500629],[-21.947052,64.1500181],[-21.9470577,64.1500125],[-21.9471221,64.1500251],[-21.947072,64.1500752]]}},{"type":"Feature","id":839472967,"properties":{"building":"yes"},"geometry":{"type":"LineString","coordinates":[[-21.9465959,64.1500045],[-21.9465246,64.1499915],[-21.9465396,64.1499758],[-21.9466109,64.1499888],[-21.9465959,64.1500045]]}},{"type":"Feature","id":839472968,"properties":{"building":"yes"},"geometry":{"type":"LineString","coordinates":[[-21.9467448,64.1500109],[-21.9466301,64.1499901],[-21.9466616,64.1499571],[-21.9467763,64.1499779],[-21.9467448,64.1500109]]}},{"type":"Feature","id":859879739,"properties":{"access":"private","highway":"service","lit":"yes","maxspeed":"30","name":"Nýlendugata","oneway":"no","surface":"paving_stones"},"geometry":{"type":"LineString","coordinates":[[-21.9450561,64.1505291],[-21.9449954,64.1505473],[-21.9447081,64.1504616]]}},{"type":"Feature","id":890183981,"properties":{"bicycle":"designated","coach":"no","cycleway":"no","highway":"living_street","lanes":"1","maxlength":"8","maxspeed":"10","name":"Norðurstígur","oneway":"yes","oneway:bicycle":"no","sidewalk":"no","surface":"paving_stones"},"geometry":{"type":"LineString","coordinates":[[-21.9436654,64.1503701],[-21.9435362,64.1503985]]}},{"type":"Feature","id":1264326469,"properties":{"highway":"tertiary","lanes":"2","maxspeed":"30","name":"Ægisgata","oneway":"no","parking:both":"no","sidewalk":"both","surface":"asphalt"},"geometry":{"type":"LineString","coordinates":[[-21.9461062,64.1501496],[-21.9459591,64.1503018],[-21.9457724,64.1504948],[-21.9457063,64.1505631],[-21.945525,64.1507506],[-21.945503,64.1507734],[-21.9454497,64.1508285]]}},{"type":"Feature","id":1264329602,"properties":{"coach":"no","highway":"residential","lanes":"2","maxlength":"8","maxspeed":"30","name":"Vesturgata","oneway":"no","parking:left":"lane","parking:left:charge":"220 ISK/hour","parking:left:fee":"no","parking:left:fee:conditional":"yes @ Mo-Fr 09:00-21:00; yes @ Sa-Su 10:00-21:00","parking:left:orientation":"parallel","parking:left:zone":"P2","parking:right":"no","sidewalk":"both","surface":"asphalt","wikidata":"Q16429960","wikipedia":"is:Vesturgata"},"geometry":{"type":"LineString","coordinates":[[-21.9461062,64.1501496],[-21.946263,64.1501784],[-21.9476145,64.1504262],[-21.9477347,64.1504482]]}},{"type":"Feature","id":1444721896,"properties":{"addr:housenumber":"28A","addr:postcode":"101","addr:street":"Vesturgata","building":"yes","ref:HNITNUM":"10092878","source:addr":"Staðfangaskrá","start_date":"1882"},"geometry":{"type":"LineString","coordinates":[[-21.9457591,64.1501954],[-21.9457951,64.1502021],[-21.9457709,64.1502268],[-21.9458236,64.1502366],[-21.9458479,64.1502118],[-21.9458915,64.15022],[-21.9459427,64.1501677],[-21.9458097,64.150143],[-21.9457591,64.1501954]]}},{"type":"Feature","id":1469815052,"properties":{"addr:housenumber":"30C","addr:postcode":"101","addr:street":"Vesturgata","building":"yes","ref:HNITNUM":"10173695","source:addr":"Staðfangaskrá"},"geometry":{"type":"LineString","coordinates":[[-21.9465061,64.1504524],[-21.9463672,64.1504277],[-21.9464135,64.1503781],[-21.9465524,64.1504028],[-21.9465061,64.1504524]]}},{"type":"Feature","id":1469815053,"properties":{"building":"yes"},"geometry":{"type":"LineString","coordinates":[[-21.9462859,64.1503716],[-21.9462563,64.1504015],[-21.9461933,64.1503897],[-21.9462229,64.1503597],[-21.9462859,64.1503716]]}},{"type":"Feature","id":1469815054,"properties":{"addr:housenumber":"30D","addr:postcode":"101","addr:street":"Vesturgata","building":"yes","ref:HNITNUM":"10173697","source:addr":"Staðfangaskrá"},"geometry":{"type":"LineString","coordinates":[[-21.946384,64.1503705],[-21.9463317,64.1504233],[-21.9462499,64.1504079],[-21.9462563,64.1504015],[-21.9462859,64.1503716],[-21.9463022,64.1503551],[-21.946384,64.1503705]]}},{"type":"Feature","id":1469815055,"properties":{"building":"yes"},"geometry":{"type":"LineString","coordinates":[[-21.946384,64.1503705],[-21.9463022,64.1503551],[-21.9462901,64.1503528],[-21.9463357,64.1503068],[-21.9464296,64.1503244],[-21.946384,64.1503705]]}},{"type":"Feature","id":1481082680,"properties":{"building":"yes","building:levels":"2","entrance":"service"},"geometry":{"type":"LineString","coordinates":[[-21.9455844,64.1502653],[-21.9454228,64.1502345],[-21.9454116,64.1502461],[-21.9453541,64.1502956],[-21.9452015,64.1504006],[-21.9453653,64.1504319],[-21.9454142,64.1504413],[-21.9455844,64.1502653]]}},{"type":"Feature","id":1481084166,"properties":{"highway":"service"},"geometry":{"type":"LineString","coordinates":[[-21.9459591,64.1503018],[-21.9450139,64.1501258]]}},{"type":"Feature","id":1497087474,"properties":{"bicycle":"designated","foot":"designated","highway":"service","maxspeed":"30","name":"Suðurbugt","oneway":"no","surface":"asphalt"},"geometry":{"type":"LineString","coordinates":[[-21.9429319,64.1507468],[-21.942498,64.1505265]]}},{"type":"Feature","id":5073650,"properties":{"coach":"no","highway":"residential","lanes":"2","maxlength":"8","maxspeed":"30","name":"Vesturgata","oneway":"no","surface":"asphalt","wikidata":"Q16429960","wikipedia":"is:Vesturgata"},"geometry":{"type":"LineString","coordinates":[[-21.9477347,64.1504482],[-21.9479491,64.1504888],[-21.949097,64.1507061],[-21.9496932,64.1508165],[-21.9498001,64.1508363],[-21.9499251,64.1508595],[-21.9506616,64.150996],[-21.9515451,64.1511597],[-21.9515912,64.1511682],[-21.9519481,64.151246],[-21.9528074,64.1514334],[-21.9530809,64.151493]]}},{"type":"Feature","id":95158770,"properties":{"addr:city":"Reykjavík","addr:housenumber":"11","addr:postcode":"101","addr:street":"Geirsgata","building":"warehouse","building:levels":"2","ref:HNITNUM":"10010872","source:addr":"Staðfangaskrá"},"geometry":{"type":"LineString","coordinates":[[-21.9415904,64.1507964],[-21.9406678,64.1505662],[-21.9412256,64.1501413],[-21.9412956,64.1501588],[-21.9412438,64.1501983],[-21.9420963,64.150411],[-21.9415904,64.1507964]]}},{"type":"Feature","id":102640944,"properties":{"highway":"service","lanes":"1","oneway":"yes","surface":"asphalt"},"geometry":{"type":"LineString","coordinates":[[-21.9409352,64.150093],[-21.9409866,64.1500605],[-21.9410497,64.1500321],[-21.9411228,64.1500088],[-21.9412019,64.1499927],[-21.9412826,64.1499803],[-21.9413642,64.1499748],[-21.9414467,64.1499748],[-21.9415283,64.1499803]]}},{"type":"Feature","id":102640955,"properties":{"highway":"service","oneway":"no","service":"parking_aisle","surface":"asphalt"},"geometry":{"type":"LineString","coordinates":[[-21.9412825,64.1501033],[-21.9422156,64.1503347],[-21.9423627,64.1503711],[-21.9425749,64.1504241]]}},{"type":"Feature","id":103170684,"properties":{"addr:housenumber":"26","addr:postcode":"101","building":"yes"},"geometry":{"type":"LineString","coordinates":[[-21.9479591,64.1501015],[-21.9480338,64.1500215],[-21.9478997,64.1499977],[-21.9478953,64.1500025],[-21.947819,64.1499889],[-21.9477445,64.1500687],[-21.9478298,64.1500839],[-21.9478341,64.1500793],[-21.9479591,64.1501015]]}},{"type":"Feature","id":103484786,"properties":{"addr:housenumber":"37","addr:postcode":"101","building":"yes"},"geometry":{"type":"LineString","coordinates":[[-21.9481166,64.15046],[-21.9481767,64.1503956],[-21.9480543,64.1503739],[-21.9480727,64.1503541],[-21.9480312,64.1503467],[-21.9480127,64.1503665],[-21.947962,64.1503575],[-21.9479019,64.150422],[-21.9481166,64.15046]]}},{"type":"Feature","id":191519586,"properties":{"natural":"coastline"},"geometry":{"type":"LineString","coordinates":[[-21.9427678,64.1506786],[-21.943228,64.1509134],[-21.9436684,64.1511471],[-21.9436878,64.1511569],[-21.9438832,64.1512819],[-21.9438591,64.1514244],[-21.9426273,64.1519053],[-21.9426033,64.151914],[-21.942583,64.1519213],[-21.942517,64.1519435],[-21.942175,64.1520282],[-21.9421227,64.1520276],[-21.9420647,64.1520242],[-21.9419777,64.1519765],[-21.9396168,64.152806],[-21.9399923,64.153003],[-21.9423268,64.1521772],[-21.9422547,64.15214],[-21.9423313,64.1521149],[-21.9422724,64.1520828],[-21.942572,64.1519776],[-21.9431877,64.1523054],[-21.9445803,64.151708],[-21.944836,64.1516505],[-21.9448903,64.1516726],[-21.9449184,64.1516531],[-21.9450987,64.151716],[-21.9449141,64.1518399],[-21.9450573,64.1518837],[-21.9453159,64.1519279],[-21.9455493,64.1518355],[-21.9456796,64.1518881],[-21.9455149,64.1520121],[-21.9455857,64.1520815],[-21.9457014,64.1522093],[-21.9456979,64.1522664],[-21.9457686,64.1523359],[-21.9463666,64.1525489],[-21.9464075,64.1525646],[-21.9465543,64.1526252],[-21.946585,64.152638],[-21.9468199,64.1527342],[-21.9468641,64.1527377],[-21.9474782,64.152623],[-21.9476111,64.1526006],[-21.9477592,64.1525655],[-21.9478037,64.1525946],[-21.9478185,64.1526042],[-21.9478396,64.152618],[-21.9483951,64.1529808]]}},{"type":"Feature","id":964967102,"properties":{"bicycle":"designated","coach":"no","cycleway":"no","highway":"residential","lit":"yes","maxlength":"8","maxspeed":"30","name":"Nýlendugata","oneway":"yes","oneway:bicycle":"no","parking:both":"lane","parking:both:charge":"220 ISK/hour","parking:both:fee":"no","parking:both:fee:conditional":"yes @ Mo-Fr 09:00-21:00; yes @ Sa-Su 10:00-21:00","parking:both:markings":"yes","parking:both:orientation":"parallel","parking:both:zone":"P2","surface":"asphalt"},"geometry":{"type":"LineString","coordinates":[[-21.9515662,64.1517063],[-21.9513882,64.1516547],[-21.951063,64.1515895],[-21.9510081,64.1515526],[-21.9509451,64.1515405],[-21.9508305,64.1515429],[-21.9503387,64.1514443],[-21.9502755,64.1514316],[-21.9501817,64.1514128],[-21.9501114,64.1513995],[-21.9500532,64.1513885],[-21.9493279,64.1512508],[-21.9492542,64.1512368],[-21.9491677,64.1512203],[-21.9486796,64.1511276],[-21.9470388,64.1508161],[-21.9458011,64.1505811],[-21.9457063,64.1505631]]}},{"type":"Feature","id":1387293546,"properties":{"bicycle":"yes","foot":"yes","highway":"service","maxspeed":"30","motor_vehicle":"private","name":"Miðbakki","oneway":"no","surface":"asphalt"},"geometry":{"type":"LineString","coordinates":[[-21.940454,64.1505433],[-21.9406201,64.1506208],[-21.9416769,64.1508874],[-21.9417977,64.1508508]]}},{"type":"Feature","id":5067223,"properties":{"foot":"no","highway":"secondary","lanes":"1","maxspeed":"40","name":"Sóleyjargata","oneway":"yes","sidewalk:left":"no","sidewalk:right":"separate","surface":"asphalt"},"geometry":{"type":"LineString","coordinates":[[-21.940257,64.1428402],[-21.9402609,64.1427708],[-21.9402417,64.1427089],[-21.9402254,64.1426881],[-21.9389353,64.1410426],[-21.9389192,64.1410222],[-21.9388693,64.1409584],[-21.9380448,64.1399019],[-21.9379773,64.1398077],[-21.9379669,64.139793],[-21.9379588,64.1397556],[-21.9379619,64.1397103]]}},{"type":"Feature","id":5118816,"properties":{"coach":"no","highway":"residential","lanes":"2","lit":"yes","maxlength":"8","maxspeed":"30","name":"Laufásvegur","oneway":"no","sidewalk":"both","sidewalk:left:surface":"paving_stones","sidewalk:right:surface":"asphalt","smoothness":"excellent","surface":"asphalt","wikidata":"Q20574820","wikipedia":"is:Laufásvegur"},"geometry":{"type":"LineString","coordinates":[[-21.9372337,64.1419465],[-21.937267,64.142003],[-21.9374244,64.1422697],[-21.9374924,64.1424636],[-21.9375713,64.142791]]}},{"type":"Feature","id":5118817,"properties":{"coach":"no","highway":"residential","junction":"roundabout","lanes":"1","maxlength":"8","maxspeed":"30","name":"Þingholtstorg","sidewalk":"right","surface":"asphalt"},"geometry":{"type":"LineString","coordinates":[[-21.9373142,64.1429171],[-21.9372849,64.1429401],[-21.9372753,64.1429661],[-21.9372855,64.1429905],[-21.9373154,64.1430133],[-21.937381,64.1430346],[-21.9374398,64.1430405],[-21.9374996,64.1430373],[-21.9375537,64.1430253],[-21.9375947,64.1430061],[-21.9376182,64.1429818],[-21.9376204,64.1429529],[-21.9376007,64.1429281],[-21.9375626,64.1429077],[-21.9374978,64.1428922],[-21.9374378,64.1428893],[-21.9373792,64.1428955],[-21.9373142,64.1429171]]}},{"type":"Feature","id":5118819,"properties":{"coach":"no","highway":"residential","lanes":"2","lit":"yes","maxlength":"8","maxspeed":"30","name":"Laufásvegur","oneway":"no","sidewalk":"both","surface":"asphalt","wikidata":"Q20574820","wikipedia":"is:Laufásvegur"},"geometry":{"type":"LineString","coordinates":[[-21.9375713,64.142791],[-21.9374978,64.1428922]]}},{"type":"Feature","id":5118820,"properties":{"coach":"no","highway":"residential","lanes":"2","maxlength":"8","maxspeed":"30","name":"Skothúsvegur","oneway":"no","sidewalk":"both","surface":"asphalt","wikidata":"Q65336642","wikipedia":"is:Skothúsvegur"},"geometry":{"type":"LineString","coordinates":[[-21.9375713,64.142791],[-21.9388756,64.1428089],[-21.9389194,64.1428095],[-21.9396251,64.1428163],[-21.939893,64.1428124],[-21.9399821,64.1428154],[-21.940257,64.1428402]]}},{"type":"Feature","id":5136827,"properties":{"coach":"no","highway":"residential","lit":"yes","maxlength":"8","maxspeed":"30","name":"Fjólugata","oneway":"yes","surface":"asphalt"},"geometry":{"type":"LineString","coordinates":[[-21.9389194,64.1428095],[-21.9387897,64.1421237],[-21.9387743,64.1420676],[-21.9387531,64.1420091],[-21.9387224,64.1419583],[-21.9386631,64.1418809],[-21.9383253,64.1414411],[-21.9380539,64.1410998],[-21.9380119,64.141047],[-21.9379437,64.1409593],[-21.9376002,64.1405171],[-21.9374376,64.1403163],[-21.9371095,64.1399356],[-21.9370649,64.1398838]]}},{"type":"Feature","id":5138625,"properties":{"coach":"no","highway":"residential","lanes":"2","maxlength":"8","maxspeed":"30","name":"Hellusund","oneway":"no","surface":"asphalt"},"geometry":{"type":"LineString","coordinates":[[-21.9363585,64.1429378],[-21.9365664,64.1429467],[-21.9371194,64.1429561],[-21.9372753,64.1429661]]}},{"type":"Feature","id":87370367,"properties":{"addr:housename":"Hljómskálinn","addr:housenumber":"2","addr:postcode":"101","addr:street":"Sóleyjargata","building":"yes","historic":"yes","name":"Hljómskálinn","ref:HNITNUM":"10083854","source:addr":"Staðfangaskrá"},"geometry":{"type":"LineString","coordinates":[[-21.9405181,64.1424799],[-21.9404428,64.142475],[-21.9403817,64.1424948],[-21.9403705,64.1425276],[-21.9404159,64.1425543],[-21.9404912,64.1425591],[-21.9405523,64.1425394],[-21.9405634,64.1425065],[-21.9405181,64.1424799]]}},{"type":"Feature","id":89661410,"properties":{"addr:housenumber":"15","addr:postcode":"101","addr:street":"Skothúsvegur","building":"yes"},"geometry":{"type":"LineString","coordinates":[[-21.9384581,64.1430836],[-21.9384626,64.1430129],[-21.9384117,64.1430123],[-21.9384177,64.1429191],[-21.9382526,64.1429171],[-21.9382422,64.143081],[-21.9384581,64.1430836]]}},{"type":"Feature","id":89809461,"properties":{"addr:housenumber":"24","addr:postcode":"101","building":"yes"},"geometry":{"type":"LineString","coordinates":[[-21.9379551,64.1431678],[-21.9379833,64.1433107],[-21.9378904,64.1433142],[-21.9378925,64.1433252],[-21.9377934,64.1433289],[-21.937763,64.143175],[-21.9379551,64.1431678]]}},{"type":"Feature","id":89809466,"properties":{"addr:housenumber":"26","addr:postcode":"101","addr:street":"Laufásvegur","building":"yes","building:levels":"4"},"geometry":{"type":"LineString","coordinates":[[-21.9379662,64.1430853],[-21.9378425,64.1430901],[-21.9378165,64.143091],[-21.9377756,64.1430926],[-21.9377391,64.143094],[-21.9377373,64.1430855],[-21.9377349,64.1430732],[-21.9377326,64.143062],[-21.9377256,64.1430271],[-21.9377213,64.1430057],[-21.9377176,64.1429876],[-21.9377136,64.1429673],[-21.9377075,64.1429371],[-21.9377865,64.1429341],[-21.937809,64.1429332],[-21.937807,64.1429235],[-21.9378606,64.1429215],[-21.9378636,64.1429363],[-21.9379001,64.1429349],[-21.9379044,64.1429561],[-21.9379078,64.1429731],[-21.9379176,64.1430218],[-21.9379209,64.1430382],[-21.9379564,64.1430368],[-21.93796,64.1430548],[-21.9379662,64.1430853]]}},{"type":"Feature","id":89809471,"properties":{"addr:housenumber":"27","addr:postcode":"101","addr:street":"Laufásvegur","building":"yes","start_date":"1902"},"geometry":{"type":"LineString","coordinates":[[-21.9375298,64.1432497],[-21.9375102,64.1432506],[-21.9374774,64.143252],[-21.9374808,64.1432665],[-21.9374312,64.1432687],[-21.9374307,64.1432665],[-21.9374278,64.143254],[-21.9373736,64.1432565],[-21.9373701,64.143242],[-21.9373196,64.1432442],[-21.937314,64.1432205],[-21.9373632,64.1432183],[-21.9373564,64.1431899],[-21.93738,64.1431888],[-21.9373742,64.1431643],[-21.9374864,64.1431593],[-21.9374921,64.1431834],[-21.9375139,64.1431824],[-21.9375298,64.1432497]]}},{"type":"Feature","id":89809474,"properties":{"building":"yes"},"geometry":{"type":"LineString","coordinates":[[-21.9380558,64.1433557],[-21.9379057,64.1433606],[-21.9379003,64.143329],[-21.9380504,64.1433241],[-21.9380558,64.1433557]]}},{"type":"Feature","id":107024086,"properties":{"addr:housenumber":"1","addr:postcode":"101","addr:street":"Sóleyjargata","building":"yes","wikidata":"Q65335783","wikipedia":"is:Sóleyjargata 1"},"geometry":{"type":"LineString","coordinates":[[-21.9394281,64.1426985],[-21.9392042,64.1427047],[-21.9391989,64.142668],[-21.9391418,64.1426696],[-21.9391336,64.1426129],[-21.9391929,64.1426113],[-21.9391884,64.1425798],[-21.9394105,64.1425737],[-21.9394159,64.1426111],[-21.9394507,64.1426101],[-21.9394584,64.142664],[-21.9394232,64.1426649],[-21.9394281,64.1426985]]}},{"type":"Feature","id":107024091,"properties":{"addr:housenumber":"3","addr:postcode":"101","building":"yes"},"geometry":{"type":"LineString","coordinates":[[-21.9392409,64.1424472],[-21.9390583,64.142452],[-21.9390425,64.1423377],[-21.9392299,64.1423328],[-21.9392355,64.1423737],[-21.9392598,64.142373],[-21.9392674,64.1424278],[-21.9392383,64.1424286],[-21.9392409,64.1424472]]}},{"type":"Feature","id":108387795,"properties":{"addr:housenumber":"31","addr:postcode":"101","addr:street":"Laufásvegur","building":"yes","start_date":"1996","wikidata":"Q20990676","wikipedia":"en:Embassy of the United Kingdom, Reykjavík"},"geometry":{"type":"LineString","coordinates":[[-21.9367702,64.142732],[-21.9367732,64.1426938],[-21.9368981,64.1426908],[-21.9368982,64.1427054],[-21.9372187,64.1426957],[-21.9372252,64.1427365],[-21.9372482,64.1427359],[-21.9372565,64.1427876],[-21.9372327,64.1427883],[-21.9372392,64.1428293],[-21.9369196,64.142839],[-21.9369203,64.1428323],[-21.9367596,64.1428361],[-21.9367591,64.1428417],[-21.9363762,64.1428342],[-21.9363874,64.1427245],[-21.9367702,64.142732]]}},{"type":"Feature","id":110050607,"properties":{"addr:housenumber":"1","addr:postcode":"101","addr:street":"Fjólugata","building":"residential","building:levels":"2","roof:levels":"1","roof:shape":"hipped"},"geometry":{"type":"LineString","coordinates":[[-21.9386539,64.1427104],[-21.9386285,64.1425844],[-21.9383963,64.1425933],[-21.9384218,64.1427193],[-21.9386539,64.1427104]]}},{"type":"Feature","id":110050626,"properties":{"building":"garage"},"geometry":{"type":"LineString","coordinates":[[-21.9382547,64.1426871],[-21.9382345,64.142604],[-21.9380697,64.1426116],[-21.9380899,64.1426947],[-21.9382547,64.1426871]]}},{"type":"Feature","id":110279181,"properties":{"addr:housenumber":"3","addr:postcode":"101","addr:street":"Fjólugata","building":"yes"},"geometry":{"type":"LineString","coordinates":[[-21.938599,64.1424534],[-21.9385886,64.1423784],[-21.9383889,64.1423837],[-21.9384004,64.1424676],[-21.938532,64.1424642],[-21.9385308,64.1424552],[-21.938599,64.1424534]]}},{"type":"Feature","id":110279185,"properties":{"addr:housenumber":"34","addr:postcode":"101","addr:street":"Laufásvegur","building":"yes"},"geometry":{"type":"LineString","coordinates":[[-21.9378532,64.1426914],[-21.9378317,64.1425898],[-21.9377707,64.1425922],[-21.9377665,64.1425737],[-21.9376678,64.1425765],[-21.9376708,64.1425962],[-21.9376333,64.1425978],[-21.9376549,64.1426994],[-21.9376739,64.1426987],[-21.9376781,64.1427166],[-21.9378354,64.1427109],[-21.9378304,64.1426924],[-21.9378532,64.1426914]]}},{"type":"Feature","id":111655326,"properties":{"foot":"no","highway":"secondary","lanes":"1","maxspeed":"40","name":"Sóleyjargata","oneway":"yes","sidewalk:left":"no","sidewalk:right":"separate","surface":"asphalt"},"geometry":{"type":"LineString","coordinates":[[-21.9377717,64.1397106],[-21.9378136,64.1397678],[-21.9378557,64.1398248],[-21.9382009,64.140264],[-21.9386849,64.1408798],[-21.9387544,64.1409682],[-21.9388081,64.1410368],[-21.9400958,64.1426859],[-21.9401096,64.1427036],[-21.9401352,64.1427364],[-21.9401903,64.1427908],[-21.940257,64.1428402]]}},{"type":"Feature","id":121944160,"properties":{"addr:housenumber":"3","addr:postcode":"101","building":"yes"},"geometry":{"type":"LineString","coordinates":[[-21.9366071,64.1431038],[-21.9364009,64.1430779],[-21.9364492,64.1430007],[-21.9366661,64.1430301],[-21.9366071,64.1431038]]}},{"type":"Feature","id":121944162,"properties":{"addr:housenumber":"37","addr:postcode":"101","addr:street":"Þingholtsstræti","building":"college","name":"Kvennaskóli Reykjavíkur U bygging","ref:HNITNUM":"10016150","source:addr":"Staðfangaskrá"},"geometry":{"type":"LineString","coordinates":[[-21.9367066,64.143289],[-21.9369239,64.1433224],[-21.9371529,64.1430301],[-21.936936,64.1429966],[-21.9369159,64.1430235],[-21.9367616,64.1430048],[-21.9366584,64.1431469],[-21.9367281,64.1431568],[-21.9366919,64.1432177],[-21.9367536,64.1432299],[-21.9367066,64.143289]]}},{"type":"Feature","id":122401675,"properties":{"addr:housenumber":"32b","addr:postcode":"101","building":"yes"},"geometry":{"type":"LineString","coordinates":[[-21.9356512,64.1432487],[-21.9354916,64.1432159],[-21.9353977,64.1433043],[-21.9355157,64.1433312],[-21.9355707,64.1432785],[-21.9356123,64.1432873],[-21.9356512,64.1432487]]}},{"type":"Feature","id":122401678,"properties":{"addr:housenumber":"21","addr:postcode":"101","addr:street":"Grundarstígur","building":"yes","ref:HNITNUM":"10026423","source:addr":"Staðfangaskrá","start_date":"1903"},"geometry":{"type":"LineString","coordinates":[[-21.9359181,64.1433224],[-21.9359382,64.1433054],[-21.9359717,64.1433113],[-21.9359985,64.1432803],[-21.935962,64.1432734],[-21.9359811,64.1432575],[-21.9358228,64.1432276],[-21.9358228,64.1432347],[-21.9357585,64.1432235],[-21.9357129,64.1432762],[-21.9359181,64.1433224]]}},{"type":"Feature","id":133857581,"properties":{"leaf_type":"mixed","natural":"wood"},"geometry":{"type":"LineString","coordinates":[[-21.9380698,64.1398091],[-21.9403614,64.1427101],[-21.9403975,64.1427457],[-21.9404677,64.1427704],[-21.9405578,64.1427994],[-21.9406896,64.1428191],[-21.941211,64.1428497],[-21.9409007,64.142794],[-21.9408472,64.1427988],[-21.9407793,64.1427915],[-21.9407234,64.1427718],[-21.9407085,64.1427467],[-21.9407229,64.1426958],[-21.9406916,64.142596],[-21.9406479,64.142567],[-21.940511,64.1426123],[-21.940404,64.142598],[-21.940338,64.1425679],[-21.9402784,64.1424881],[-21.9403,64.1424454],[-21.9404231,64.1424482],[-21.9405859,64.1424526],[-21.9406227,64.1424443],[-21.9406283,64.1424248],[-21.9406811,64.1421825],[-21.9406701,64.1421581],[-21.9406087,64.142146],[-21.9403116,64.1421177],[-21.9403926,64.1417404],[-21.9401544,64.1417241],[-21.9401721,64.1416246],[-21.9404438,64.1416465],[-21.9404823,64.1414317],[-21.9403659,64.141438],[-21.9402815,64.14147],[-21.9402858,64.1415613],[-21.9396399,64.1415301],[-21.9391768,64.1408722],[-21.940476,64.1407006],[-21.9403708,64.1406101],[-21.9402932,64.1405464],[-21.9401487,64.1404996],[-21.9400514,64.1405167],[-21.9397045,64.1405952],[-21.9395703,64.1405584],[-21.939392,64.140572],[-21.9393017,64.1405395],[-21.9392432,64.1405049],[-21.9392687,64.1404645],[-21.9391764,64.140436],[-21.9390473,64.1404169],[-21.9390088,64.1404365],[-21.9390107,64.1404697],[-21.9391868,64.1406107],[-21.9391247,64.1406522],[-21.9390482,64.140657],[-21.9390071,64.1406279],[-21.9384921,64.1399634],[-21.9385728,64.1399046],[-21.938758,64.1401202],[-21.938898,64.1402054],[-21.9390454,64.1402568],[-21.9390886,64.1402493],[-21.9390824,64.1402264],[-21.9389856,64.1401885],[-21.9388797,64.1401409],[-21.9388286,64.140095],[-21.9388249,64.1400399],[-21.9388882,64.1399891],[-21.9391819,64.1399041],[-21.9393588,64.1398926],[-21.9395373,64.139905],[-21.9396539,64.1399342],[-21.9397388,64.1400004],[-21.9398077,64.1400464],[-21.9398575,64.1400327],[-21.9397844,64.1399415],[-21.9396018,64.1397984],[-21.9395239,64.1397049],[-21.9395279,64.1396811],[-21.9395789,64.1396832],[-21.9398679,64.1397082],[-21.9400202,64.1397294],[-21.940208,64.1397639],[-21.9403769,64.1397956],[-21.9406812,64.1398534],[-21.940761,64.139868],[-21.9409048,64.1398355],[-21.9409369,64.1398197],[-21.9409078,64.1397939],[-21.9407241,64.1396933],[-21.939795,64.1393675],[-21.9392452,64.1393767],[-21.9389018,64.1394458],[-21.9384108,64.1395706],[-21.9383329,64.1396058],[-21.9382691,64.1396365],[-21.9380698,64.1398091]]}},{"type":"Feature","id":949525965,"properties":{"building":"garage"},"geometry":{"type":"LineString","coordinates":[[-21.9377756,64.1430926],[-21.9378165,64.143091],[-21.9378425,64.1430901],[-21.9379662,64.1430853],[-21.9379671,64.1430896],[-21.9379932,64.1430886],[-21.9380016,64.1431302],[-21.9377848,64.1431385],[-21.9377756,64.1430926]]}},{"type":"Feature","id":1333716900,"properties":{"cycleway:both":"no","foot":"no","highway":"tertiary","lanes":"2","lit":"yes","maxspeed":"30","name":"Skothúsvegur","oneway":"no","sidewalk:both":"separate","surface":"asphalt","wikidata":"Q65336642","wikipedia":"is:Skothúsvegur"},"geometry":{"type":"LineString","coordinates":[[-21.9404569,64.14286],[-21.940257,64.1428402]]}},{"type":"Feature","id":5118846,"properties":{"coach":"no","highway":"residential","lit":"yes","maxlength":"8","maxspeed":"30","name":"Þingholtsstræti","oneway":"yes","surface":"asphalt","wikidata":"Q16421018","wikipedia":"is:Þingholtsstræti"},"geometry":{"type":"LineString","coordinates":[[-21.937381,64.1430346],[-21.936391,64.1442516]]}},{"type":"Feature","id":5118883,"properties":{"coach":"no","highway":"residential","lit":"yes","maxlength":"8","maxspeed":"30","name":"Ingólfsstræti","oneway":"no","surface":"asphalt"},"geometry":{"type":"LineString","coordinates":[[-21.9353053,64.1448489],[-21.934919,64.1452312],[-21.9346328,64.1455253],[-21.9345766,64.1455869],[-21.9343008,64.1458893]]}},{"type":"Feature","id":5118886,"properties":{"coach":"no","highway":"residential","maxlength":"8","maxspeed":"30","name":"Amtmannsstígur","surface":"asphalt","wikidata":"Q16419457","wikipedia":"is:Amtmannsstígur"},"geometry":{"type":"LineString","coordinates":[[-21.9343008,64.1458893],[-21.9350188,64.1460344],[-21.9355058,64.1461486],[-21.9358062,64.1462183],[-21.9361057,64.1462844],[-21.9361534,64.1462949],[-21.9362276,64.1463113],[-21.9365645,64.1463856],[-21.9371661,64.1465159],[-21.9372572,64.1465357],[-21.9373204,64.1465506]]}},{"type":"Feature","id":5118903,"properties":{"coach":"no","highway":"residential","lanes":"1","lit":"yes","maxlength":"8","maxspeed":"30","name":"Þingholtsstræti","oneway":"yes","surface":"asphalt","wikidata":"Q16421018","wikipedia":"is:Þingholtsstræti"},"geometry":{"type":"LineString","coordinates":[[-21.9355808,64.1453145],[-21.935565,64.1453337],[-21.9353506,64.1455944],[-21.9350188,64.1460344],[-21.9344439,64.1467568],[-21.9344132,64.1467932]]}},{"type":"Feature","id":5138353,"properties":{"coach":"no","highway":"residential","lanes":"1","lit":"yes","maxlength":"8","maxspeed":"30","name":"Bjargarstígur","oneway":"yes","sidewalk":"both","sidewalk:both:surface":"paving_stones","surface":"asphalt","wikidata":"Q16421004","wikipedia":"is:Bjargarstígur"},"geometry":{"type":"LineString","coordinates":[[-21.9329001,64.1437489],[-21.9330577,64.143772],[-21.9340607,64.1439189],[-21.9354822,64.1441165]]}},{"type":"Feature","id":5138492,"properties":{"coach":"no","highway":"residential","maxlength":"8","maxspeed":"30","name":"Grundarstígur","oneway":"yes","surface":"asphalt"},"geometry":{"type":"LineString","coordinates":[[-21.9349797,64.1447925],[-21.9354319,64.1441842],[-21.9354822,64.1441165],[-21.9363585,64.1429378]]}},{"type":"Feature","id":5138802,"properties":{"coach":"no","highway":"residential","lit":"yes","maxlength":"8","maxspeed":"30","name":"Spítalastígur","oneway":"no","sidewalk":"both","surface":"asphalt"},"geometry":{"type":"LineString","coordinates":[[-21.9353053,64.1448489],[-21.9349797,64.1447925],[-21.9338962,64.1446048],[-21.9335231,64.1445402],[-21.933407,64.1445201],[-21.9332638,64.144484],[-21.9328915,64.14439],[-21.9322998,64.1442407]]}},{"type":"Feature","id":5182573,"properties":{"coach":"no","highway":"residential","lanes":"1","lit":"yes","maxlength":"8","maxspeed":"30","name":"Laufásvegur","oneway":"yes","surface":"asphalt"},"geometry":{"type":"LineString","coordinates":[[-21.9376139,64.1457612],[-21.937839,64.1451449],[-21.9379552,64.1448322],[-21.9379675,64.144768],[-21.9379706,64.144697],[-21.9379276,64.1444943],[-21.937812,64.1439244],[-21.9377005,64.1433749],[-21.9376352,64.1430531],[-21.9375537,64.1430253]]}},{"type":"Feature","id":61792979,"properties":{"leisure":"park","name":"Hallargarðurinn","name:source":"Openstreetbugs"},"geometry":{"type":"LineString","coordinates":[[-21.9395946,64.1440405],[-21.9400586,64.1429965],[-21.9400617,64.1429643],[-21.9400538,64.142939],[-21.9400336,64.1429104],[-21.9399904,64.1428941],[-21.9399433,64.1428837],[-21.9398834,64.1428785],[-21.9395305,64.1428727],[-21.9387144,64.142867],[-21.9387086,64.1431303],[-21.9383395,64.1431257],[-21.9383409,64.143358],[-21.9387217,64.1433614],[-21.9387156,64.1434382],[-21.939217,64.1434692],[-21.9391047,64.143745],[-21.9390023,64.1439927],[-21.9391103,64.1440009],[-21.9391121,64.1439966],[-21.9394319,64.1440209],[-21.9395946,64.1440405]]}},{"type":"Feature","id":89809465,"properties":{"addr:housenumber":"25","addr:postcode":"101","addr:street":"Laufásvegur","building":"yes"},"geometry":{"type":"LineString","coordinates":[[-21.937537,64.1432897],[-21.9375196,64.1432905],[-21.9375102,64.1432506],[-21.9374774,64.143252],[-21.9374808,64.1432665],[-21.9374312,64.1432687],[-21.9374307,64.1432665],[-21.9373545,64.14327],[-21.9373611,64.143298],[-21.9372714,64.143302],[-21.937285,64.1433596],[-21.9372337,64.1433619],[-21.9372417,64.1433954],[-21.9373045,64.1433926],[-21.9372991,64.1433697],[-21.9373644,64.1433668],[-21.9373836,64.1434479],[-21.9374249,64.143446],[-21.9374284,64.143461],[-21.9375067,64.1434575],[-21.9375026,64.1434399],[-21.9375717,64.1434368],[-21.937537,64.1432897]]}},{"type":"Feature","id":102640951,"properties":{"highway":"service","lanes":"1","oneway":"yes","surface":"asphalt"},"geometry":{"type":"LineString","coordinates":[[-21.940814,64.1498242],[-21.9408625,64.1498587],[-21.9409012,64.1498955],[-21.9409302,64.1499333],[-21.940943,64.1499613],[-21.9409535,64.1500052],[-21.9409509,64.1500494],[-21.9409352,64.150093]]}},{"type":"Feature","id":106518184,"properties":{"cycleway:both":"no","foot":"no","highway":"secondary","lanes":"2","lit":"yes","maxspeed":"40","name":"Fríkirkjuvegur","oneway":"no","surface":"asphalt","wikidata":"Q16424448","wikipedia":"is:Fríkirkjuvegur"},"geometry":{"type":"LineString","coordinates":[[-21.9393684,64.1450637],[-21.9396056,64.1445125],[-21.9397074,64.1442759],[-21.9398206,64.1440128],[-21.9400408,64.1435012],[-21.9402138,64.1430991],[-21.9402402,64.1430378],[-21.9402617,64.1429747],[-21.9402643,64.1429436],[-21.9402626,64.1428894],[-21.940257,64.1428402]]}},{"type":"Feature","id":108050268,"properties":{"addr:housenumber":"6","addr:postcode":"101","building":"yes","start_date":"1904"},"geometry":{"type":"LineString","coordinates":[[-21.9347052,64.1465341],[-21.9349375,64.1465705],[-21.9350021,64.1465285],[-21.9351393,64.1465664],[-21.935269,64.1464595],[-21.935191,64.1464386],[-21.9351054,64.1464157],[-21.9351081,64.146404],[-21.9349351,64.1463589],[-21.9349216,64.1463777],[-21.9348427,64.146364],[-21.9347052,64.1465341]]}},{"type":"Feature","id":108050269,"properties":{"addr:housenumber":"8","addr:postcode":"101","building":"yes","start_date":"1900"},"geometry":{"type":"LineString","coordinates":[[-21.9350415,64.1462888],[-21.9349079,64.1462685],[-21.9348546,64.1463395],[-21.934989,64.1463587],[-21.9350415,64.1462888]]}},{"type":"Feature","id":108050271,"properties":{"addr:housenumber":"2","addr:postcode":"101","addr:street":"Þingholtsstræti","building":"yes","building:levels":"3","ref:HNITNUM":"10001639","source:addr":"Staðfangaskrá","start_date":"1902"},"geometry":{"type":"LineString","coordinates":[[-21.9345817,64.1467643],[-21.9346775,64.1466616],[-21.9347755,64.1466759],[-21.9349375,64.1465705],[-21.9347052,64.1465341],[-21.9345428,64.1467353],[-21.9345394,64.1467402],[-21.9345387,64.1467467],[-21.9345434,64.1467531],[-21.9345555,64.146759],[-21.9345817,64.1467643]]}},{"type":"Feature","id":108050274,"properties":{"building":"yes"},"geometry":{"type":"LineString","coordinates":[[-21.9349888,64.1467092],[-21.9351738,64.1465759],[-21.9351393,64.1465664],[-21.9350021,64.1465285],[-21.9349375,64.1465705],[-21.9347755,64.1466759],[-21.9349888,64.1467092]]}},{"type":"Feature","id":108050275,"properties":{"addr:housenumber":"6","addr:postcode":"101","addr:street":"Bankastræti","building":"yes","building:levels":"3","start_date":"1903"},"geometry":{"type":"LineString","coordinates":[[-21.9348641,64.1468228],[-21.9345817,64.1467643],[-21.9346775,64.1466616],[-21.9347755,64.1466759],[-21.9349888,64.1467092],[-21.934961,64.1467341],[-21.9349555,64.1467391],[-21.9348641,64.1468228]]}},{"type":"Feature","id":108050276,"properties":{"addr:housenumber":"4","addr:postcode":"101","addr:street":"Bankastræti","building":"yes","building:levels":"1"},"geometry":{"type":"LineString","coordinates":[[-21.9348641,64.1468228],[-21.9352449,64.1469016],[-21.9353481,64.1468157],[-21.9349555,64.1467391],[-21.9348641,64.1468228]]}},{"type":"Feature","id":108335183,"properties":{"bicycle":"yes","foot":"yes","highway":"service","maxspeed":"30","motor_vehicle":"private","name":"Austurbakki","oneway":"no","source":"http://faxafloahafnir.is/is/hafnarsvaedid/gamla_hofnin/","surface":"asphalt"},"geometry":{"type":"LineString","coordinates":[[-21.9347476,64.1504782],[-21.9352103,64.1503625],[-21.9353068,64.1503155],[-21.9362293,64.1498699],[-21.9373303,64.1493298],[-21.9373785,64.1493061]]}},{"type":"Feature","id":121944164,"properties":{"addr:housenumber":"24","addr:postcode":"101","addr:street":"Grundarstígur","building":"yes"},"geometry":{"type":"LineString","coordinates":[[-21.9364894,64.1433849],[-21.936311,64.143361],[-21.9363362,64.143329],[-21.9362762,64.1433183],[-21.9363714,64.1431896],[-21.9365994,64.1432165],[-21.9365699,64.1432592],[-21.9365833,64.1432715],[-21.9365712,64.1433001],[-21.9365383,64.1433088],[-21.9364894,64.1433849]]}},{"type":"Feature","id":121944165,"properties":{"addr:housenumber":"35","addr:postcode":"101","building":"yes"},"geometry":{"type":"LineString","coordinates":[[-21.9367938,64.1434785],[-21.9366812,64.1434662],[-21.9367683,64.143361],[-21.936948,64.1433902],[-21.9368823,64.1434738],[-21.9368019,64.1434639],[-21.9367938,64.1434785]]}},{"type":"Feature","id":122401672,"properties":{"addr:city":"Reykjavík","addr:housenumber":"3","addr:postcode":"101","addr:street":"Grundarstígur","building":"yes","ref:HNITNUM":"10010981","source:addr":"Staðfangaskrá"},"geometry":{"type":"LineString","coordinates":[[-21.9350236,64.1446056],[-21.9349693,64.1445979],[-21.9349634,64.1446058],[-21.9349135,64.1445988],[-21.934918,64.1445927],[-21.9348819,64.1445876],[-21.9349068,64.1445539],[-21.9348636,64.1445478],[-21.9348769,64.1445299],[-21.9349102,64.1445346],[-21.934921,64.14452],[-21.9350713,64.1445411],[-21.9350236,64.1446056]]}},{"type":"Feature","id":122401673,"properties":{"addr:housenumber":"6","addr:postcode":"101","building":"house","start_date":"1901"},"geometry":{"type":"LineString","coordinates":[[-21.9349189,64.1439102],[-21.9349015,64.1439318],[-21.934932,64.1439366],[-21.9349199,64.1439647],[-21.9348787,64.1439599],[-21.934872,64.1439734],[-21.9347808,64.1439605],[-21.934822,64.1438969],[-21.9349189,64.1439102]]}},{"type":"Feature","id":122401685,"properties":{"addr:housenumber":"30b","addr:postcode":"101","building":"yes"},"geometry":{"type":"LineString","coordinates":[[-21.9354286,64.1434563],[-21.9353856,64.1434476],[-21.9353751,64.143464],[-21.9352891,64.1434458],[-21.9353065,64.1434323],[-21.9352579,64.1434219],[-21.9353655,64.1433253],[-21.9355224,64.1433557],[-21.9354594,64.1434148],[-21.9354752,64.1434184],[-21.9354286,64.1434563]]}},{"type":"Feature","id":122401689,"properties":{"addr:housenumber":"5","addr:postcode":"101","building":"yes"},"geometry":{"type":"LineString","coordinates":[[-21.9349266,64.144404],[-21.9348236,64.1443904],[-21.9347547,64.1444897],[-21.9348577,64.1445033],[-21.9349266,64.144404]]}},{"type":"Feature","id":122401692,"properties":{"addr:housenumber":"26B","addr:postcode":"101","addr:street":"Bergstaðastræti","building":"yes","ref:HNITNUM":"10007036","source:addr":"Staðfangaskrá"},"geometry":{"type":"LineString","coordinates":[[-21.9350651,64.1437564],[-21.9350505,64.1437787],[-21.9349849,64.1437705],[-21.9349701,64.143793],[-21.9348119,64.1437733],[-21.9348674,64.1436888],[-21.9350281,64.1437088],[-21.9350057,64.143743],[-21.9350687,64.1437509],[-21.9350651,64.1437564]]}},{"type":"Feature","id":122401694,"properties":{"addr:city":"Reykjavík","addr:housenumber":"3","addr:postcode":"101","addr:street":"Bjargarstígur","building":"house","ref:HNITNUM":"10008158","source:addr":"Staðfangaskrá","start_date":"1898"},"geometry":{"type":"LineString","coordinates":[[-21.9349586,64.1441427],[-21.9347984,64.1441213],[-21.9348349,64.1440695],[-21.934995,64.1440909],[-21.9349586,64.1441427]]}},{"type":"Feature","id":122401711,"properties":{"addr:city":"Reykjavík","addr:housenumber":"2a","addr:postcode":"101","addr:street":"Spítalastígur","building":"yes","source":"Kaart Ground Survey 2017"},"geometry":{"type":"LineString","coordinates":[[-21.9349873,64.1446559],[-21.934877,64.1446355],[-21.9348452,64.1446676],[-21.934781,64.1446512],[-21.9347302,64.1447149],[-21.9348599,64.1447389],[-21.934876,64.1447413],[-21.9348894,64.1447389],[-21.9349136,64.1447342],[-21.9349266,64.1447303],[-21.9349508,64.1447057],[-21.9349873,64.1446559]]}},{"type":"Feature","id":122401713,"properties":{"addr:housenumber":"28a","addr:postcode":"101","building":"yes"},"geometry":{"type":"LineString","coordinates":[[-21.9348492,64.14363],[-21.9349337,64.1435552],[-21.9349132,64.1435506],[-21.9349364,64.1435324],[-21.9348505,64.1435142],[-21.934696,64.1434816],[-21.934586,64.1435793],[-21.9348492,64.14363]]}},{"type":"Feature","id":124546017,"properties":{"addr:city":"Reykjavík","addr:housenumber":"1","addr:postcode":"101","addr:street":"Spítalastígur","building":"yes","name":"Hotel Luna Apartments","source":"Kaart Ground Survey 2017","tourism":"hotel"},"geometry":{"type":"LineString","coordinates":[[-21.93492,64.1448419],[-21.9347342,64.1448114],[-21.9346754,64.1448796],[-21.9346622,64.1448948],[-21.9348481,64.1449253],[-21.93492,64.1448419]]}},{"type":"Feature","id":124546084,"properties":{"highway":"service","service":"driveway","surface":"gravel"},"geometry":{"type":"LineString","coordinates":[[-21.9338203,64.1449882],[-21.9341549,64.1450622],[-21.934919,64.1452312]]}},{"type":"Feature","id":124712331,"properties":{"addr:city":"Reykjavík","addr:housenumber":"13","addr:postcode":"101","addr:street":"Þingholtsstræti","building":"yes","start_date":"1886"},"geometry":{"type":"LineString","coordinates":[[-21.935074,64.1458167],[-21.9349494,64.1457979],[-21.9348795,64.1457874],[-21.9349115,64.1457471],[-21.9349829,64.1457579],[-21.9350307,64.1456976],[-21.9351537,64.1457162],[-21.935074,64.1458167]]}},{"type":"Feature","id":124712362,"properties":{"addr:city":"Reykjavík","addr:housenumber":"16","addr:postcode":"101","addr:street":"Ingólfsstræti","building":"yes","source":"Kaart Ground Survey 2017"},"geometry":{"type":"LineString","coordinates":[[-21.9350569,64.1454388],[-21.935004,64.1454296],[-21.9350341,64.1453964],[-21.9349068,64.1453744],[-21.9347408,64.1455569],[-21.934866,64.1455786],[-21.9349033,64.1455376],[-21.9349583,64.1455472],[-21.9350569,64.1454388]]}},{"type":"Feature","id":124712371,"properties":{"addr:city":"Reykjavík","addr:housenumber":"11","addr:postcode":"101","addr:street":"Þingholtsstræti","building":"yes","start_date":"1886"},"geometry":{"type":"LineString","coordinates":[[-21.935054,64.1458483],[-21.9349152,64.1458289],[-21.9349008,64.1458484],[-21.9348867,64.1458464],[-21.9348443,64.145904],[-21.9348128,64.1458996],[-21.9347953,64.1459234],[-21.9348268,64.1459278],[-21.9347992,64.1459654],[-21.9349521,64.1459868],[-21.935054,64.1458483]]}},{"type":"Feature","id":297217013,"properties":{"cycleway:both":"separate","foot":"use_sidepath","highway":"tertiary","lanes":"2","lit":"yes","maxspeed":"30","name":"Hverfisgata","oneway":"no","sidewalk:both":"separate","surface":"asphalt","wikidata":"Q16428581","wikipedia":"is:Hverfisgata"},"geometry":{"type":"LineString","coordinates":[[-21.9175468,64.1441559],[-21.9183433,64.1443065],[-21.9184601,64.144328],[-21.9185859,64.1443539],[-21.9189048,64.1444195],[-21.9193468,64.1445105],[-21.9197787,64.1445974],[-21.9210595,64.1448549],[-21.9211665,64.144876],[-21.9213228,64.1449069],[-21.9217818,64.1449975],[-21.921864,64.1450137],[-21.9221856,64.1450772],[-21.9222198,64.145084],[-21.9231843,64.1452744],[-21.9232032,64.1452781],[-21.9238935,64.1454144],[-21.9242732,64.1454892],[-21.9243719,64.1455089],[-21.9244784,64.1455299],[-21.924938,64.1456207],[-21.9254106,64.1457138],[-21.9254713,64.1457257],[-21.9256339,64.145758],[-21.9263687,64.1459031],[-21.9264856,64.1459262],[-21.9265957,64.1459479],[-21.9278026,64.1461862],[-21.9286648,64.146357],[-21.928758,64.1463749],[-21.9288889,64.1464008],[-21.9294346,64.1465089],[-21.9295985,64.1465411],[-21.9298729,64.1465957],[-21.9302682,64.1466742],[-21.9303961,64.1467007],[-21.9305329,64.1467264],[-21.9309611,64.1468077],[-21.9310397,64.1468226],[-21.9312391,64.1468606],[-21.9314546,64.1469016],[-21.9316526,64.1469386],[-21.9318713,64.1469808],[-21.9319874,64.1470032],[-21.9328862,64.1471866],[-21.9330132,64.147216]]}},{"type":"Feature","id":551494750,"properties":{"foot":"no","highway":"primary","lanes":"2","maxspeed":"30","name":"Geirsgata","old_ref":"41","oneway":"yes","sidewalk:left":"no","sidewalk:right":"separate","surface":"asphalt","wikidata":"Q16424996","wikipedia":"is:Geirsgata"},"geometry":{"type":"LineString","coordinates":[[-21.9392152,64.1493566],[-21.9377507,64.1490429],[-21.9373569,64.1489589],[-21.9361333,64.1486932],[-21.9359068,64.148644],[-21.9348203,64.14839],[-21.9347338,64.1483686],[-21.9346875,64.1483561],[-21.9345722,64.1483263]]}},{"type":"Feature","id":552628674,"properties":{"foot":"use_sidepath","highway":"tertiary","lanes":"2","lit":"no","maxspeed":"30","name":"Hverfisgata","oneway":"no","surface":"asphalt","wikidata":"Q16428581","wikipedia":"is:Hverfisgata"},"geometry":{"type":"LineString","coordinates":[[-21.934992,64.1476473],[-21.9343443,64.1475117]]}},{"type":"Feature","id":552628676,"properties":{"bus":"designated","highway":"service","lanes":"1","maxspeed":"30","motor_vehicle":"no","oneway":"yes","service":"bus","surface":"asphalt"},"geometry":{"type":"LineString","coordinates":[[-21.9349079,64.1475717],[-21.9345537,64.1474993],[-21.9343443,64.1475117]]}},{"type":"Feature","id":557129789,"properties":{"addr:city":"Reykjavík","addr:housenumber":"2","addr:postcode":"101","addr:street":"Kalkofnsvegur","building":"retail","building:levels":"6","name":"Hafnartorg","ref:HNITNUM":"10119973","source:addr":"Staðfangaskrá","start_date":"2018"},"geometry":{"type":"LineString","coordinates":[[-21.9360488,64.1483593],[-21.9358561,64.1485408],[-21.9348716,64.1483269],[-21.9349739,64.1482305],[-21.9354448,64.1479974],[-21.9360488,64.1483593]]}},{"type":"Feature","id":578660954,"properties":{"bicycle":"yes","foot":"yes","highway":"service","maxspeed":"30","motor_vehicle":"private","name":"Miðbakki","oneway":"yes","surface":"asphalt"},"geometry":{"type":"LineString","coordinates":[[-21.9389459,64.1498397],[-21.9393008,64.1500053],[-21.940454,64.1505433]]}},{"type":"Feature","id":585713930,"properties":{"foot":"no","highway":"primary","lanes":"2","maxspeed":"30","name":"Geirsgata","old_ref":"41","oneway":"yes","surface":"asphalt","wikidata":"Q16424996","wikipedia":"is:Geirsgata"},"geometry":{"type":"LineString","coordinates":[[-21.9338101,64.1488032],[-21.9341096,64.1486779],[-21.9342189,64.1486175],[-21.9342944,64.1485819],[-21.9344191,64.1485451],[-21.9344911,64.1485318],[-21.9345586,64.1485198],[-21.9346809,64.1485105],[-21.9348253,64.1485109],[-21.9349674,64.1485202]]}},{"type":"Feature","id":627255258,"properties":{"bicycle":"designated","foot":"designated","highway":"pedestrian","lit":"yes","maxspeed":"10","motor_vehicle":"no","name":"Reykjastræti","oneway":"no","surface":"paving_stones"},"geometry":{"type":"LineString","coordinates":[[-21.9363921,64.148026],[-21.9363881,64.1480426],[-21.9363768,64.1480893],[-21.9363717,64.1481104],[-21.9361554,64.1483412],[-21.9359782,64.1485712],[-21.9359559,64.1485939],[-21.9359068,64.148644],[-21.9358288,64.1487235],[-21.935792,64.148761],[-21.9357691,64.1487843],[-21.9357499,64.148804],[-21.9353656,64.1491957],[-21.9353077,64.1492486],[-21.9352293,64.1493024],[-21.9349895,64.1494422],[-21.934619,64.1495928],[-21.9345487,64.1496214],[-21.9339756,64.1498123],[-21.9338531,64.1498475]]}},{"type":"Feature","id":636017943,"properties":{"foot":"no","highway":"primary","lanes":"1","maxspeed":"30","name":"Geirsgata","oneway":"yes","surface":"asphalt","wikidata":"Q16424996","wikipedia":"is:Geirsgata"},"geometry":{"type":"LineString","coordinates":[[-21.9344731,64.1483798],[-21.934586,64.1484119],[-21.934633,64.1484251],[-21.9349674,64.1485202]]}},{"type":"Feature","id":687135756,"properties":{"coach":"no","foot":"yes","highway":"residential","lanes":"1","lit":"yes","maxlength":"8","maxspeed":"30","name":"Bankastræti","oneway":"yes","sidewalk:both":"separate","surface":"asphalt","wikidata":"Q16420477","wikipedia":"is:Bankastræti"},"geometry":{"type":"LineString","coordinates":[[-21.9344132,64.1467932],[-21.9352094,64.1469651],[-21.9354983,64.1470275],[-21.9356946,64.1470699]]}},{"type":"Feature","id":704862036,"properties":{"building":"service"},"geometry":{"type":"LineString","coordinates":[[-21.9390079,64.1499422],[-21.9389288,64.1499744],[-21.9387197,64.1498767],[-21.9387974,64.1498451],[-21.9388148,64.149838],[-21.9390239,64.1499357],[-21.9390079,64.1499422]]}},{"type":"Feature","id":723557440,"properties":{"building":"retail","building:levels":"6","roof:levels":"0","roof:shape":"flat","source":"survey;aerial imagery","start_date":"2021"},"geometry":{"type":"LineString","coordinates":[[-21.9357419,64.1494347],[-21.9358404,64.1493914],[-21.9354917,64.1492614],[-21.9346847,64.1496444],[-21.9349784,64.1498547],[-21.9349913,64.1498519],[-21.9349525,64.1498708],[-21.9350608,64.149914],[-21.9350294,64.1499207],[-21.9353186,64.1501788],[-21.9359964,64.1498197],[-21.9356759,64.1497048],[-21.9355162,64.1497894],[-21.9354857,64.1497638],[-21.9354551,64.1497383],[-21.9354497,64.1496389],[-21.9356487,64.149548],[-21.9356464,64.1495056],[-21.9357245,64.1494699],[-21.9357419,64.1494347]]}},{"type":"Feature","id":971971307,"properties":{"building":"commercial","start_date":"2021"},"geometry":{"type":"LineString","coordinates":[[-21.9348277,64.1491963],[-21.9350034,64.1492513],[-21.9349095,64.1494197],[-21.9345528,64.149541],[-21.9344106,64.1495893],[-21.9341442,64.1495573],[-21.9337843,64.1496791],[-21.933528,64.1495006],[-21.9339198,64.1492922],[-21.9342616,64.1493471],[-21.934377,64.1492408],[-21.9341283,64.1491662],[-21.9340378,64.149139],[-21.9343355,64.1488162],[-21.9344562,64.1488367],[-21.934563,64.1488548],[-21.9345951,64.1488602],[-21.9346724,64.1487085],[-21.9349605,64.1486279],[-21.9356149,64.1487753],[-21.9352233,64.1491507],[-21.9349145,64.1491103],[-21.9348277,64.1491963]]}},{"type":"Feature","id":1112804195,"properties":{"area":"yes","highway":"pedestrian","surface":"paving_stones"},"geometry":{"type":"LineString","coordinates":[[-21.9359557,64.1488477],[-21.9357499,64.148804],[-21.9356149,64.1487753],[-21.9352233,64.1491507],[-21.9349145,64.1491103],[-21.9348277,64.1491963],[-21.9350034,64.1492513],[-21.9349095,64.1494197],[-21.9345528,64.149541],[-21.934619,64.1495928],[-21.9346847,64.1496444],[-21.9354917,64.1492614],[-21.9355243,64.1492329],[-21.9355571,64.1492043],[-21.935713,64.149083],[-21.9359557,64.1488477]]}},{"type":"Feature","id":1241713921,"properties":{"busway:right":"lane","foot":"no","highway":"secondary","lanes":"1","lit":"no","maxspeed":"30","name":"Lækjargata","oneway":"yes","surface":"paving_stones","wikidata":"Q16421199","wikipedia":"is:Lækjargata"},"geometry":{"type":"LineString","coordinates":[[-21.9353386,64.1477274],[-21.935165,64.1478269],[-21.9348652,64.1479988]]}},{"type":"Feature","id":1241713922,"properties":{"busway:right":"lane","foot":"no","highway":"secondary","lanes":"1","maxspeed":"30","name":"Lækjargata","oneway":"yes","surface":"paving_stones","wikidata":"Q16421199","wikipedia":"is:Lækjargata"},"geometry":{"type":"LineString","coordinates":[[-21.9345722,64.1483263],[-21.9347364,64.1482297],[-21.9350351,64.1480539]]}},{"type":"Feature","id":1391344169,"properties":{"highway":"service","service":"parking_aisle","surface":"asphalt"},"geometry":{"type":"LineString","coordinates":[[-21.9400452,64.1501762],[-21.9403955,64.1498858]]}},{"type":"Feature","id":5067221,"properties":{"foot":"no","highway":"secondary","lanes":"1","maxspeed":"40","name":"Fríkirkjuvegur","oneway":"yes","surface":"asphalt","wikidata":"Q16424448","wikipedia":"is:Fríkirkjuvegur"},"geometry":{"type":"LineString","coordinates":[[-21.9393684,64.1450637],[-21.9392496,64.145267],[-21.9392301,64.1453004]]}},{"type":"Feature","id":5079417,"properties":{"foot":"no","highway":"residential","lanes":"2","lit":"yes","maxspeed":"30","name":"Vonarstræti","oneway":"no","surface":"asphalt","wikidata":"Q16430216","wikipedia":"is:Vonarstræti"},"geometry":{"type":"LineString","coordinates":[[-21.9387304,64.1456582],[-21.9388924,64.1457021]]}},{"type":"Feature","id":5079499,"properties":{"bicycle":"designated","coach":"no","highway":"living_street","maxlength":"8","maxspeed":"15","name":"Grófin","oneway":"yes","surface":"asphalt"},"geometry":{"type":"LineString","coordinates":[[-21.9412631,64.1492154],[-21.9412554,64.1492211],[-21.9408144,64.1495453],[-21.9407734,64.1495765]]}},{"type":"Feature","id":5118847,"properties":{"coach":"no","highway":"residential","lanes":"1","maxlength":"8","maxspeed":"30","name":"Skálholtsstígur","oneway":"yes","surface":"asphalt"},"geometry":{"type":"LineString","coordinates":[[-21.9354822,64.1441165],[-21.936391,64.1442516]]}},{"type":"Feature","id":5118849,"properties":{"coach":"no","highway":"residential","maxlength":"8","maxspeed":"30","name":"Miðstræti","oneway":"yes","surface":"asphalt"},"geometry":{"type":"LineString","coordinates":[[-21.9371496,64.1443732],[-21.9369581,64.1446067],[-21.9367459,64.1448713],[-21.9365437,64.145141],[-21.9362613,64.145464]]}},{"type":"Feature","id":5118858,"properties":{"coach":"no","highway":"residential","maxlength":"8","maxspeed":"30","name":"Þingholtsstræti","oneway":"yes","surface":"asphalt","wikidata":"Q16421018","wikipedia":"is:Þingholtsstræti"},"geometry":{"type":"LineString","coordinates":[[-21.9355808,64.1453145],[-21.9356582,64.145213],[-21.9358725,64.144932],[-21.9360696,64.144674],[-21.936391,64.1442516]]}},{"type":"Feature","id":5118866,"properties":{"coach":"no","highway":"residential","lanes":"1","lit":"yes","maxlength":"8","maxspeed":"30","name":"Bókhlöðustígur","oneway":"yes","sidewalk":"both","surface":"asphalt","wikidata":"Q16422232","wikipedia":"is:Bókhlöðustígur"},"geometry":{"type":"LineString","coordinates":[[-21.9383,64.145932],[-21.9381556,64.145896],[-21.9376139,64.1457612]]}},{"type":"Feature","id":5118868,"properties":{"coach":"no","highway":"residential","maxlength":"8","maxspeed":"30","name":"Spítalastígur","oneway":"yes","surface":"asphalt"},"geometry":{"type":"LineString","coordinates":[[-21.9358725,64.144932],[-21.9355458,64.1448831],[-21.9354629,64.1448707],[-21.9353053,64.1448489]]}},{"type":"Feature","id":5118892,"properties":{"coach":"no","highway":"residential","maxlength":"8","maxspeed":"30","name":"Skálholtsstígur","oneway":"yes","surface":"asphalt"},"geometry":{"type":"LineString","coordinates":[[-21.936391,64.1442516],[-21.9367383,64.1443073],[-21.9371496,64.1443732],[-21.9379276,64.1444943],[-21.9386087,64.1444669],[-21.9386773,64.1444641],[-21.9387606,64.1444597],[-21.9388164,64.1444591],[-21.9394512,64.1445021],[-21.9396056,64.1445125]]}},{"type":"Feature","id":5119347,"properties":{"bicycle":"designated","foot":"designated","goods:conditional":"destination @ (Mo-Fr 07:00-11:00; Sa-Su 08:00-11:00; PH 08:00-11:00)","highway":"pedestrian","lit":"yes","maxspeed":"10","name":"Veltusund","oneway":"no","sidewalk":"both","smoothness":"good","surface":"paving_stones","wikidata":"Q97260365","wikipedia":"is:Veltusund"},"geometry":{"type":"LineString","coordinates":[[-21.9406101,64.1483192],[-21.9408781,64.1479906],[-21.9410843,64.1477441]]}},{"type":"Feature","id":5136807,"properties":{"coach":"no","highway":"residential","lanes":"1","lit":"yes","maxlength":"8","maxspeed":"30","name":"Pósthússtræti","old_name":"Póststofustræti","oneway":"yes","sidewalk":"both","surface":"paving_stones","wikidata":"Q16423971","wikipedia":"is:Pósthússtræti"},"geometry":{"type":"LineString","coordinates":[[-21.9388004,64.146465],[-21.9388441,64.1464766],[-21.9388797,64.1464926],[-21.9389049,64.1465119],[-21.9389176,64.1465324],[-21.9389189,64.1465535],[-21.9388589,64.1466557],[-21.9388568,64.1466718],[-21.9388614,64.1466877],[-21.9388738,64.1467042],[-21.9388935,64.1467193],[-21.9391386,64.1467735]]}},{"type":"Feature","id":5170621,"properties":{"coach":"no","highway":"residential","maxlength":"8","maxspeed":"30","name":"Templarasund","oneway":"no","surface":"paving_stones","wikidata":"Q16428836","wikipedia":"is:Templarasund"},"geometry":{"type":"LineString","coordinates":[[-21.9402232,64.1460011],[-21.9402078,64.1460253],[-21.9401878,64.1460568],[-21.940108,64.1461824],[-21.9400645,64.1462554],[-21.9400275,64.1463176],[-21.9400129,64.1463427],[-21.9399334,64.1464793],[-21.9398888,64.1465507]]}},{"type":"Feature","id":5182579,"properties":{"coach":"no","highway":"residential","maxlength":"8","maxspeed":"30","name":"Bókhlöðustígur","oneway":"no","surface":"asphalt","wikidata":"Q16422232","wikipedia":"is:Bókhlöðustígur"},"geometry":{"type":"LineString","coordinates":[[-21.9376139,64.1457612],[-21.9373949,64.1457131],[-21.9363703,64.145488],[-21.9362613,64.145464]]}},{"type":"Feature","id":37679717,"properties":{"alt_name":"Bernhöftstorfa","leisure":"park","name":"Bakarabrekkan"},"geometry":{"type":"LineString","coordinates":[[-21.9358453,64.1469935],[-21.9361914,64.1467184],[-21.9363472,64.1465947],[-21.9365557,64.1464287],[-21.9370196,64.1465294],[-21.9370356,64.1465361],[-21.9370424,64.1465456],[-21.9370415,64.1465536],[-21.9368302,64.1466829],[-21.9367845,64.1466729],[-21.9367575,64.1466734],[-21.9367103,64.1467046],[-21.9367194,64.14672],[-21.9367561,64.1467302],[-21.9365996,64.1468301],[-21.9366133,64.1468544],[-21.9362879,64.1470633],[-21.9362637,64.1470747],[-21.9362354,64.1470802],[-21.9362079,64.1470815],[-21.9361798,64.1470816],[-21.9361564,64.1470788],[-21.9360725,64.147061],[-21.9359238,64.1470295],[-21.9359403,64.1470121],[-21.9358453,64.1469935]]}},{"type":"Feature","id":38303563,"properties":{"coach":"no","highway":"living_street","lanes":"1","lit":"yes","maxlength":"8","maxspeed":"15","name":"Naustin","oneway":"yes","sidewalk":"both","surface":"paving_stones"},"geometry":{"type":"LineString","coordinates":[[-21.9398984,64.1487665],[-21.9399446,64.1487183],[-21.9399651,64.1486969],[-21.9403604,64.1482844]]}},{"type":"Feature","id":60846015,"properties":{"coach":"no","highway":"residential","maxlength":"8","maxspeed":"30","name":"Kirkjutorg","surface":"asphalt"},"geometry":{"type":"LineString","coordinates":[[-21.9388004,64.146465],[-21.9390114,64.1464599],[-21.9398888,64.1465507]]}},{"type":"Feature","id":61941999,"properties":{"addr:city":"Reykjavík","addr:housename":"Stjórnarráð Íslands","addr:housenumber":"1","addr:postcode":"101","addr:street":"Lækjargata","building":"public","building:levels":"2","loc_name":"Stjórnarráðið","name":"Stjórnarráð Íslands","name:en":"Cabinet of Iceland and the Prime Minister's Office","ref:HNITNUM":"10020779","source:addr":"Staðfangaskrá","start_date":"1770","wikidata":"Q16424176","wikipedia":"is:Forsætisráðuneyti Íslands"},"geometry":{"type":"LineString","coordinates":[[-21.9352415,64.1474242],[-21.9354982,64.1472166],[-21.9353135,64.1471732],[-21.9350852,64.1473578],[-21.9350504,64.1473496],[-21.935022,64.1473726],[-21.9352415,64.1474242]]}},{"type":"Feature","id":83627936,"properties":{"coach":"no","highway":"residential","lanes":"1","maxlength":"8","maxspeed":"30","name":"Skólabrú","oneway":"yes","surface":"asphalt"},"geometry":{"type":"LineString","coordinates":[[-21.9380714,64.1463485],[-21.9383119,64.1464051],[-21.9383659,64.1464178],[-21.9383924,64.1464214],[-21.9388004,64.146465]]}},{"type":"Feature","id":83851583,"properties":{"addr:city":"Reykjavík","addr:housenumber":"5","addr:postcode":"101","addr:street":"Lækjargata","alt_name":"Skólahúsið","building":"school","building:levels":"3","name":"Menntaskólinn í Reykjavík","roof:levels":"1","start_date":"1846","wikidata":"Q1076673","wikipedia":"is:Menntaskólinn í Reykjavík"},"geometry":{"type":"LineString","coordinates":[[-21.936738,64.1462091],[-21.9364939,64.1461512],[-21.9365925,64.1460719],[-21.936511,64.1460526],[-21.9366056,64.1459766],[-21.936685,64.1459954],[-21.9368191,64.1458876],[-21.9370648,64.1459459],[-21.936738,64.1462091]]}},{"type":"Feature","id":83851753,"properties":{"coach":"no","highway":"residential","maxlength":"8","maxspeed":"30","name":"Skólastræti","oneway":"yes","surface":"asphalt","wikidata":"Q16426625","wikipedia":"is:Skólastræti"},"geometry":{"type":"LineString","coordinates":[[-21.9361057,64.1462844],[-21.9360809,64.1463033],[-21.9360565,64.1463219],[-21.9358462,64.1464813],[-21.9352502,64.1469323],[-21.9352094,64.1469651]]}},{"type":"Feature","id":84178746,"properties":{"addr:city":"Reykjavík","addr:housename":"Íþaka","addr:housenumber":"5a","addr:postcode":"101","addr:street":"Lækjargata","building":"yes","name":"Íþaka","source:addr":"Staðfangaskrá","start_date":"1867"},"geometry":{"type":"LineString","coordinates":[[-21.9371584,64.1458679],[-21.9370922,64.1458527],[-21.936959,64.1458222],[-21.9371164,64.1456917],[-21.9373158,64.1457374],[-21.9371584,64.1458679]]}},{"type":"Feature","id":84324800,"properties":{"leisure":"park","name":"Alþingisgarðurinn","wikidata":"Q16419426","wikipedia":"is:Alþingishúsgarðurinn"},"geometry":{"type":"LineString","coordinates":[[-21.9399809,64.1466367],[-21.9400458,64.1466465],[-21.9401538,64.1466628],[-21.9401859,64.1466674],[-21.9401822,64.1466642],[-21.9401773,64.146657],[-21.9401763,64.1466495],[-21.9401793,64.1466422],[-21.940186,64.1466353],[-21.9401962,64.1466293],[-21.9402093,64.1466244],[-21.9402246,64.146621],[-21.9402413,64.1466192],[-21.9402585,64.1466191],[-21.9402754,64.1466207],[-21.940291,64.1466241],[-21.9403044,64.1466289],[-21.9403149,64.1466349],[-21.9403219,64.1466419],[-21.9403251,64.1466493],[-21.9403241,64.1466569],[-21.9403192,64.1466642],[-21.9403105,64.1466708],[-21.9402981,64.1466765],[-21.9402839,64.1466805],[-21.9402803,64.1466812],[-21.9403055,64.1466846],[-21.9405095,64.1467123],[-21.9405283,64.1466864],[-21.9406849,64.1464706],[-21.9407044,64.1464438],[-21.940174,64.1463706],[-21.9400051,64.1466034],[-21.9399809,64.1466367]]}},{"type":"Feature","id":87371090,"properties":{"addr:housenumber":"19","addr:postcode":"101","addr:street":"Tryggvagata","building":"yes","building:levels":"4","name":"Tollhúsið","source":"Bing","wikidata":"Q122766456","wikipedia":"is:Tollhúsið"},"geometry":{"type":"LineString","coordinates":[[-21.9379703,64.1486296],[-21.938142,64.1484882],[-21.9395315,64.1488088],[-21.9393598,64.1489503],[-21.939293,64.1490053],[-21.9394191,64.1490344],[-21.9393083,64.1491256],[-21.9392944,64.1491224],[-21.9392643,64.1491472],[-21.9392783,64.1491504],[-21.9392188,64.1491994],[-21.9392069,64.1491966],[-21.9391931,64.1492079],[-21.9392051,64.1492107],[-21.9391446,64.1492605],[-21.9391342,64.1492581],[-21.9390935,64.1492917],[-21.9385772,64.1491531],[-21.9383787,64.149101],[-21.9381789,64.1490501],[-21.9379335,64.1489952],[-21.9377819,64.1489642],[-21.9376154,64.1489343],[-21.9376581,64.148899],[-21.9376465,64.1488964],[-21.937781,64.1487856],[-21.9377996,64.1487899],[-21.9378195,64.1487735],[-21.9378009,64.1487692],[-21.9379397,64.1486548],[-21.9379703,64.1486296]]}},{"type":"Feature","id":87371091,"properties":{"addr:city":"Reykjavík","addr:country":"IS","addr:housenumber":"20","addr:postcode":"101","addr:street":"Hafnarstræti","building":"yes","building:levels":"3","source":"Bing"},"geometry":{"type":"LineString","coordinates":[[-21.9366339,64.1478471],[-21.9366413,64.1477036],[-21.9360624,64.1477019],[-21.9359957,64.1477017],[-21.9358581,64.1478051],[-21.9362256,64.1479028],[-21.9362785,64.1478863],[-21.9363302,64.1478756],[-21.9364192,64.1478613],[-21.936501,64.1478526],[-21.9365863,64.147849],[-21.9366339,64.1478471]]}},{"type":"Feature","id":87371092,"properties":{"addr:city":"Reykjavík","addr:housenumber":"5","addr:postcode":"101","addr:street":"Pósthússtræti","building":"yes","building:levels":"4","source":"Bing"},"geometry":{"type":"LineString","coordinates":[[-21.9383147,64.1478148],[-21.93809,64.1477903],[-21.9380802,64.1477892],[-21.9381311,64.1477007],[-21.937942,64.1476714],[-21.9379858,64.1475824],[-21.9384061,64.1476498],[-21.9383147,64.1478148]]}},{"type":"Feature","id":87371096,"properties":{"addr:city":"Reykjavík","addr:housenumber":"1","addr:postcode":"101","addr:street":"Pósthússtræti","building":"service","building:levels":"1","ref:HNITNUM":"10025076","roof:shape":"pyramidal","source:addr":"Staðfangaskrá","start_date":"2018","wikidata":"Q1794068","wikimedia_commons":"Category:Bæjarins bestu","wikipedia":"en:Bæjarins Beztu Pylsur"},"geometry":{"type":"LineString","coordinates":[[-21.9380178,64.1482435],[-21.9379943,64.1482802],[-21.937886,64.1482671],[-21.9379096,64.1482303],[-21.9380178,64.1482435]]}},{"type":"Feature","id":87377712,"properties":{"addr:city":"Reykjavík","addr:country":"IS","addr:housename":"Dómkirkjan","addr:housenumber":"16","addr:postcode":"101","addr:street":"Kirkjustræti","amenity":"place_of_worship","building":"church","denomination":"lutheran","name":"Dómkirkjan","name:en":"Reykjavík Cathedral","name:ru":"Кафедральный собор Рейкьявика","ref:HNITNUM":"10005632","religion":"christian","source:addr":"Staðfangaskrá","start_date":"1790","wheelchair":"yes","wikidata":"Q1270853","wikimedia_commons":"Category:Dómkirkjan í Reykjavík","wikipedia":"is:Dómkirkjan í Reykjavík"},"geometry":{"type":"LineString","coordinates":[[-21.9391729,64.1465956],[-21.939149,64.1465931],[-21.9391356,64.1466172],[-21.9390133,64.1466044],[-21.9389791,64.1466662],[-21.9391003,64.1466789],[-21.9390864,64.146704],[-21.9395315,64.1467508],[-21.9395464,64.146724],[-21.9396528,64.1467352],[-21.9396837,64.1466794],[-21.9395789,64.1466683],[-21.9395942,64.1466408],[-21.9392933,64.1466091],[-21.9393259,64.1465502],[-21.9392051,64.1465375],[-21.9391729,64.1465956]]}},{"type":"Feature","id":87396873,"properties":{"addr:housename":"Iðnó","addr:housenumber":"3","addr:postcode":"101","addr:street":"Vonarstræti","building":"retail","name":"Iðnó","name:en":"Culture House","ref:HNITNUM":"10015330","source":"Bing","source:addr":"Staðfangaskrá","start_date":"1897","wikidata":"Q16429278","wikipedia":"is:Iðnó"},"geometry":{"type":"LineString","coordinates":[[-21.9397421,64.1457001],[-21.9402514,64.1458137],[-21.9401854,64.1458699],[-21.940124,64.1459222],[-21.9396148,64.1458087],[-21.9397421,64.1457001]]}},{"type":"Feature","id":87396874,"properties":{"addr:housenumber":"4","addr:postcode":"101","building":"yes","source":"Bing"},"geometry":{"type":"LineString","coordinates":[[-21.9393971,64.1459839],[-21.9397025,64.1460545],[-21.939792,64.145981],[-21.9397953,64.1459737],[-21.9397932,64.1459664],[-21.9397763,64.1459549],[-21.9395079,64.1458928],[-21.9393971,64.1459839]]}},{"type":"Feature","id":89661411,"properties":{"addr:housenumber":"8","addr:postcode":"101","building":"yes"},"geometry":{"type":"LineString","coordinates":[[-21.9383267,64.1445636],[-21.9381429,64.1445687],[-21.9381589,64.1446785],[-21.9383428,64.1446734],[-21.9383267,64.1445636]]}},{"type":"Feature","id":89661413,"properties":{"addr:housenumber":"14A","addr:postcode":"101","addr:street":"Lækjargata","amenity":"community_centre","building":"yes","community_centre":"parish_hall","name":"Safnaðarheimili Dómkirkjunnar","ref:HNITNUM":"10020762","source:addr":"Staðfangaskrá","wikidata":"Q16421202","wikipedia":"is:Lækjargata 14a"},"geometry":{"type":"LineString","coordinates":[[-21.9393389,64.1455819],[-21.9395429,64.1456422],[-21.9395926,64.1456568],[-21.939562,64.1456765],[-21.9395082,64.1456606],[-21.939457,64.1456936],[-21.9394674,64.1456967],[-21.9393943,64.1457564],[-21.9391861,64.1457069],[-21.9391729,64.1456864],[-21.9393389,64.1455819]]}},{"type":"Feature","id":89661416,"properties":{"addr:housenumber":"2A","addr:postcode":"101","addr:street":"Skálholtsstígur","building":"yes","building:levels":"3","ref:HNITNUM":"10015990","source:addr":"Staðfangaskrá"},"geometry":{"type":"LineString","coordinates":[[-21.9385908,64.1443126],[-21.938583,64.1442857],[-21.9386207,64.1442852],[-21.9386194,64.1442501],[-21.9385765,64.1442501],[-21.9385752,64.1442257],[-21.9384147,64.1442268],[-21.9384303,64.1443171],[-21.9385908,64.1443126]]}},{"type":"Feature","id":89661420,"properties":{"addr:housenumber":"11B","addr:postcode":"101","addr:street":"Fríkirkjuvegur","building":"yes","historic":"yes","ref:HNITNUM":"10101144","source:addr":"Staðfangaskrá"},"geometry":{"type":"LineString","coordinates":[[-21.9394219,64.1437167],[-21.9394354,64.1436765],[-21.939342,64.1436706],[-21.9393285,64.1437107],[-21.9394219,64.1437167]]}},{"type":"Feature","id":89661421,"properties":{"addr:housenumber":"11","addr:postcode":"101","addr:street":"Fríkirkjuvegur","building":"yes","ref:HNITNUM":"10010773","source:addr":"Staðfangaskrá","wikidata":"Q16424450","wikimedia_commons":"Category:Fríkirkjuvegur 11"},"geometry":{"type":"LineString","coordinates":[[-21.9390946,64.1434683],[-21.939066,64.1435376],[-21.9390965,64.1435563],[-21.939079,64.1435943],[-21.9390364,64.1436072],[-21.9390157,64.1436573],[-21.9386548,64.143629],[-21.9386757,64.1435784],[-21.938754,64.1435846],[-21.9388113,64.143446],[-21.9390946,64.1434683]]}},{"type":"Feature","id":89661426,"properties":{"addr:city":"Reykjavík","addr:housenumber":"9","addr:postcode":"101","addr:street":"Fríkirkjuvegur","building":"college","name":"Kvennaskólinn í Reykjavík (Aðalbygging)","wikidata":"Q16419407","wikipedia":"ru:Женская школа Рейкьявика"},"geometry":{"type":"LineString","coordinates":[[-21.9390122,64.1437838],[-21.9389379,64.14396],[-21.9386723,64.1439387],[-21.9386972,64.1438797],[-21.9386612,64.1438768],[-21.938665,64.1438388],[-21.9387147,64.1438428],[-21.9387485,64.1437627],[-21.9390122,64.1437838]]}},{"type":"Feature","id":89661429,"properties":{"building":"yes"},"geometry":{"type":"LineString","coordinates":[[-21.9393513,64.1442223],[-21.9390268,64.1441976],[-21.939033,64.1441825],[-21.9389583,64.1441767],[-21.9389432,64.1441722],[-21.9389372,64.1441663],[-21.9389394,64.1441589],[-21.9389539,64.144155],[-21.9389717,64.1441583],[-21.938979,64.1441638],[-21.938979,64.1441701],[-21.9390362,64.1441745],[-21.9390449,64.1441533],[-21.9388172,64.1441356],[-21.9388058,64.1441635],[-21.9387613,64.1441601],[-21.9387727,64.1441322],[-21.9387552,64.1441308],[-21.9387418,64.1441635],[-21.9387004,64.1441603],[-21.9386934,64.1441774],[-21.9385835,64.1441688],[-21.9385766,64.1441857],[-21.9384035,64.1441714],[-21.9383051,64.1441619],[-21.9382848,64.1440626],[-21.9382888,64.1440278],[-21.9382823,64.1439794],[-21.938277,64.1439402],[-21.9388121,64.1439809],[-21.9387906,64.1440347],[-21.9388527,64.1440394],[-21.9388752,64.143983],[-21.9390023,64.1439927],[-21.9391103,64.1440009],[-21.9391121,64.1439966],[-21.9394319,64.1440209],[-21.9393513,64.1442223]]}},{"type":"Feature","id":89661431,"properties":{"addr:housenumber":"3","addr:postcode":"101","addr:street":"Fríkirkjuvegur","building":"yes","ref:HNITNUM":"10010769","source:addr":"Staðfangaskrá"},"geometry":{"type":"LineString","coordinates":[[-21.9390747,64.1445523],[-21.9388748,64.1445372],[-21.9388341,64.1446401],[-21.939034,64.1446551],[-21.9390747,64.1445523]]}},{"type":"Feature","id":89661433,"properties":{"addr:housename":"Fríkirkjan í Reykjavík","addr:housenumber":"5","addr:postcode":"101","addr:street":"Fríkirkjuvegur","amenity":"place_of_worship","building":"church","building:levels":"2","denomination":"independent_lutheran","name":"Fríkirkjan í Reykjavík","name:ru":"Свободная церковь Рейкьявика","ref:HNITNUM":"10010770","religion":"christian","roof:shape":"gabled","source:addr":"Staðfangaskrá","start_date":"1903","wikidata":"Q1250667","wikimedia_commons":"Category:Fríkirkjan í Reykjavík","wikipedia":"is:Fríkirkjan í Reykjavík"},"geometry":{"type":"LineString","coordinates":[[-21.9393826,64.1443843],[-21.9389381,64.1443478],[-21.9389394,64.144345],[-21.9388023,64.1443337],[-21.9388437,64.144238],[-21.9389807,64.1442493],[-21.9389818,64.1442467],[-21.9394263,64.1442833],[-21.9394252,64.1442858],[-21.939508,64.1442926],[-21.9394666,64.1443883],[-21.9393838,64.1443815],[-21.9393826,64.1443843]]}},{"type":"Feature","id":89661434,"properties":{"addr:housenumber":"2","addr:postcode":"101","addr:street":"Skálholtsstígur","building":"yes","ref:HNITNUM":"10015989","source:addr":"Staðfangaskrá"},"geometry":{"type":"LineString","coordinates":[[-21.9384303,64.1443171],[-21.9385908,64.1443126],[-21.9386401,64.1443299],[-21.9386388,64.1443491],[-21.938653,64.1443506],[-21.93862,64.144417],[-21.9385972,64.1444269],[-21.9384527,64.1444291],[-21.9384303,64.1443171]]}},{"type":"Feature","id":89661435,"properties":{"building":"college","name":"Kvennaskólinn í Reykjavík (N-bygging)"},"geometry":{"type":"LineString","coordinates":[[-21.938665,64.1438388],[-21.9387116,64.1437361],[-21.9382272,64.1436943],[-21.9382529,64.1438153],[-21.938273,64.1439108],[-21.9385876,64.143937],[-21.9385955,64.1439189],[-21.9386412,64.1439227],[-21.9386612,64.1438768],[-21.938665,64.1438388]]}},{"type":"Feature","id":89661438,"properties":{"addr:housenumber":"1","addr:postcode":"101","addr:street":"Fríkirkjuvegur","building":"college","height":"15","name":"Kvennaskólinn í Reykjavík (M-Bygging)","ref:HNITNUM":"10010768","source:addr":"Staðfangaskrá","start_date":"1898","wikidata":"Q16422484","wikipedia":"is:Miðbæjarskólinn"},"geometry":{"type":"LineString","coordinates":[[-21.9392573,64.1448403],[-21.9390983,64.1452002],[-21.9382989,64.145133],[-21.9383037,64.1451221],[-21.9383404,64.1450393],[-21.9389525,64.1450907],[-21.9390296,64.1449161],[-21.9383917,64.1448626],[-21.9384321,64.144771],[-21.9384459,64.1447722],[-21.9388426,64.1448055],[-21.9392573,64.1448403]]}},{"type":"Feature","id":89809457,"properties":{"addr:housenumber":"20","addr:postcode":"101","building":"yes"},"geometry":{"type":"LineString","coordinates":[[-21.9380676,64.1436895],[-21.9378635,64.1436987],[-21.9378882,64.1438032],[-21.9380923,64.143794],[-21.9380676,64.1436895]]}},{"type":"Feature","id":89809458,"properties":{"addr:housenumber":"14","addr:postcode":"101","addr:street":"Laufásvegur","building":"yes","ref:HNITNUM":"10015893","source:addr":"Staðfangaskrá"},"geometry":{"type":"LineString","coordinates":[[-21.9379554,64.1440754],[-21.9379694,64.1441609],[-21.9381872,64.1441526],[-21.938277,64.14415],[-21.9382786,64.1441587],[-21.9383051,64.1441619],[-21.9382848,64.1440626],[-21.9379554,64.1440754]]}},{"type":"Feature","id":89809459,"properties":{"building":"yes"},"geometry":{"type":"LineString","coordinates":[[-21.9381694,64.1439852],[-21.9382823,64.1439794],[-21.938277,64.1439402],[-21.938273,64.1439108],[-21.9381544,64.1439104],[-21.9381694,64.1439852]]}},{"type":"Feature","id":89809460,"properties":{"addr:city":"Reykjavík","addr:housenumber":"34","addr:postcode":"101","addr:street":"Þingholtsstræti","building":"yes","source":"Kaart Ground Survey 2017","start_date":"1900"},"geometry":{"type":"LineString","coordinates":[[-21.9371535,64.1437298],[-21.9370604,64.1437161],[-21.937072,64.1437011],[-21.936982,64.1436878],[-21.9369705,64.1437027],[-21.9369591,64.1437011],[-21.9369327,64.1437352],[-21.9368898,64.1437289],[-21.9368454,64.1437863],[-21.936895,64.1437936],[-21.9368916,64.1437979],[-21.9369029,64.1437996],[-21.93689,64.1438162],[-21.9369735,64.1438284],[-21.9370071,64.1438334],[-21.9370092,64.1438308],[-21.9370199,64.1438169],[-21.9370793,64.1438257],[-21.9370816,64.1438227],[-21.9371535,64.1437298]]}},{"type":"Feature","id":89809462,"properties":{"addr:housenumber":"17","addr:postcode":"101","building":"apartments","building:levels":"4","roof:shape":"gabled"},"geometry":{"type":"LineString","coordinates":[[-21.9377168,64.1441353],[-21.9374852,64.1441455],[-21.9375101,64.1442524],[-21.9375259,64.1443203],[-21.9377576,64.1443101],[-21.9377168,64.1441353]]}},{"type":"Feature","id":89809463,"properties":{"addr:housenumber":"18a","addr:postcode":"101","building":"yes"},"geometry":{"type":"LineString","coordinates":[[-21.9380853,64.1439103],[-21.9380809,64.1438898],[-21.9380956,64.1438892],[-21.9380807,64.1438194],[-21.9378925,64.1438271],[-21.9379119,64.1439174],[-21.9380853,64.1439103]]}},{"type":"Feature","id":89809464,"properties":{"addr:housenumber":"18","addr:postcode":"101","building":"yes"},"geometry":{"type":"LineString","coordinates":[[-21.9381175,64.1439864],[-21.9379283,64.1439941],[-21.9379119,64.1439174],[-21.9380853,64.1439103],[-21.9380887,64.1439261],[-21.9381045,64.1439255],[-21.9381175,64.1439864]]}},{"type":"Feature","id":89809467,"properties":{"building":"yes"},"geometry":{"type":"LineString","coordinates":[[-21.9374718,64.1438989],[-21.9371824,64.1438563],[-21.9371347,64.143918],[-21.9370064,64.1440837],[-21.937157,64.1441059],[-21.9373238,64.1438904],[-21.9374626,64.1439109],[-21.9374718,64.1438989]]}},{"type":"Feature","id":89809468,"properties":{"addr:housenumber":"12","addr:postcode":"101","building":"yes"},"geometry":{"type":"LineString","coordinates":[[-21.9379694,64.1441609],[-21.9379997,64.1443121],[-21.9382175,64.1443039],[-21.9381872,64.1441526],[-21.9379694,64.1441609]]}},{"type":"Feature","id":89809469,"properties":{"building":"yes"},"geometry":{"type":"LineString","coordinates":[[-21.9381544,64.1439104],[-21.938273,64.1439108],[-21.9382529,64.1438153],[-21.9381357,64.143818],[-21.9381544,64.1439104]]}},{"type":"Feature","id":89809470,"properties":{"addr:housenumber":"22","addr:postcode":"101","building":"yes"},"geometry":{"type":"LineString","coordinates":[[-21.9380215,64.1435031],[-21.9380244,64.143516],[-21.9380509,64.1435149],[-21.9380591,64.1435515],[-21.9380388,64.1435524],[-21.9380473,64.14359],[-21.9380215,64.1435911],[-21.9380285,64.1436221],[-21.9378606,64.1436293],[-21.9378537,64.1435987],[-21.937834,64.1435112],[-21.9380215,64.1435031]]}},{"type":"Feature","id":89809472,"properties":{"addr:postcode":"101","addr:street":"Laufásvegur","building":"yes"},"geometry":{"type":"LineString","coordinates":[[-21.9376381,64.1438565],[-21.9375441,64.1438605],[-21.937514,64.1438617],[-21.9374999,64.1438736],[-21.9374354,64.1438648],[-21.9373314,64.1438692],[-21.9373267,64.1438477],[-21.937315,64.1437947],[-21.9374219,64.1437902],[-21.9374123,64.1437466],[-21.9373725,64.1437483],[-21.9373583,64.1436841],[-21.9373933,64.1436827],[-21.9373898,64.143667],[-21.9373121,64.1436703],[-21.9373013,64.1436212],[-21.937377,64.1436181],[-21.9373733,64.1436015],[-21.9371851,64.1436094],[-21.9371621,64.1435052],[-21.9372107,64.1435032],[-21.9373606,64.1434969],[-21.9373717,64.1435469],[-21.9374577,64.1435433],[-21.9374595,64.1435514],[-21.9375675,64.1435469],[-21.9375925,64.1436603],[-21.937608,64.1436597],[-21.9376277,64.1437491],[-21.9376144,64.1437496],[-21.9376381,64.1438565]]}},{"type":"Feature","id":89809473,"properties":{"addr:housenumber":"19","addr:postcode":"101","building":"yes","building:levels":"4"},"geometry":{"type":"LineString","coordinates":[[-21.9376747,64.1439543],[-21.93745,64.1439642],[-21.9374721,64.1440591],[-21.937408,64.1440619],[-21.9374134,64.1440854],[-21.9374706,64.1440829],[-21.9374852,64.1441455],[-21.9377168,64.1441353],[-21.9376747,64.1439543]]}},{"type":"Feature","id":89809476,"properties":{"addr:housenumber":"10","addr:postcode":"101","addr:street":"Laufásvegur","building":"apartments","ref:HNITNUM":"10015889","source:addr":"Staðfangaskrá"},"geometry":{"type":"LineString","coordinates":[[-21.9379997,64.1443121],[-21.9380271,64.1444489],[-21.9382599,64.14444],[-21.9382432,64.1443567],[-21.938261,64.1443558],[-21.9382503,64.1443019],[-21.9382175,64.1443039],[-21.9379997,64.1443121]]}},{"type":"Feature","id":89809477,"properties":{"addr:housenumber":"22A","addr:postcode":"101","addr:street":"Laufásvegur","building":"yes","ref:HNITNUM":"10127791","source:addr":"Staðfangaskrá","start_date":"1995"},"geometry":{"type":"LineString","coordinates":[[-21.9380958,64.1433869],[-21.9381083,64.143443],[-21.9378438,64.1434542],[-21.9378313,64.1433981],[-21.9380958,64.1433869]]}},{"type":"Feature","id":89811577,"properties":{"access":"private","highway":"service","service":"parking_aisle"},"geometry":{"type":"LineString","coordinates":[[-21.9400275,64.1463176],[-21.94011,64.1463292],[-21.9403071,64.1463569],[-21.9405971,64.1463977]]}},{"type":"Feature","id":91593475,"properties":{"addr:housenumber":"3","addr:postcode":"101","addr:street":"Pósthússtræti","building":"yes","building:levels":"3","ref:HNITNUM":"10025078","source":"Bing","source:addr":"Staðfangaskrá","start_date":"1880"},"geometry":{"type":"LineString","coordinates":[[-21.9382392,64.1479462],[-21.9380145,64.1479216],[-21.93809,64.1477903],[-21.9383147,64.1478148],[-21.9382392,64.1479462]]}},{"type":"Feature","id":91593476,"properties":{"addr:housenumber":"17","addr:postcode":"101","addr:street":"Pósthússtræti","building":"yes","building:levels":"2"},"geometry":{"type":"LineString","coordinates":[[-21.9387451,64.1465423],[-21.9387421,64.1465475],[-21.938779,64.1465515],[-21.9387551,64.1465929],[-21.9387184,64.1465888],[-21.9387129,64.1465984],[-21.9386821,64.1466057],[-21.9385888,64.1465955],[-21.9385775,64.1466152],[-21.9384843,64.1466049],[-21.9384956,64.1465853],[-21.9384024,64.146575],[-21.9384433,64.1465042],[-21.9384707,64.1464963],[-21.9384763,64.1464969],[-21.9384862,64.1464797],[-21.9385579,64.1464876],[-21.9385479,64.1465048],[-21.9387177,64.1465234],[-21.9387515,64.1465154],[-21.9387759,64.146535],[-21.9387451,64.1465423]]}},{"type":"Feature","id":91593479,"properties":{"addr:housenumber":"3","addr:postcode":"101","addr:street":"Ingólfstorg","building":"kiosk","building:levels":"1","ref:HNITNUM":"10058896","source:addr":"Staðfangaskrá","start_date":"1994"},"geometry":{"type":"LineString","coordinates":[[-21.9411431,64.1482594],[-21.9411273,64.1482771],[-21.9411055,64.1483016],[-21.9411819,64.1483253],[-21.9412218,64.1483356],[-21.9412632,64.1483449],[-21.9412976,64.1483057],[-21.9413134,64.148288],[-21.9411431,64.1482594]]}},{"type":"Feature","id":91593482,"properties":{"addr:housenumber":"16","addr:postcode":"101","building":"yes","building:levels":"2","source":"Bing","start_date":"1900"},"geometry":{"type":"LineString","coordinates":[[-21.9378196,64.1479055],[-21.9378504,64.1478338],[-21.9377805,64.1478281],[-21.9377928,64.1477994],[-21.937728,64.1477941],[-21.9377159,64.1478224],[-21.9374805,64.1478032],[-21.9374496,64.1478753],[-21.9378196,64.1479055]]}},{"type":"Feature","id":91593484,"properties":{"addr:housenumber":"1","addr:postcode":"101","addr:street":"Veltusund","building":"yes","building:levels":"2","start_date":"1895"},"geometry":{"type":"LineString","coordinates":[[-21.9403495,64.1482184],[-21.9405289,64.1482407],[-21.9405765,64.1482301],[-21.9406759,64.1481106],[-21.9405323,64.1480868],[-21.9405269,64.1480935],[-21.9405053,64.1481203],[-21.940447,64.1481113],[-21.9403495,64.1482184]]}},{"type":"Feature","id":91593485,"properties":{"addr:housenumber":"5","addr:postcode":"101","building":"retail","building:levels":"3","roof:levels":"1","roof:shape":"round"},"geometry":{"type":"LineString","coordinates":[[-21.9400013,64.1485316],[-21.9401694,64.1483373],[-21.9401635,64.1483234],[-21.9401577,64.1483098],[-21.9400127,64.1482892],[-21.9399741,64.1482837],[-21.9399341,64.148278],[-21.9398047,64.1482596],[-21.9397162,64.148247],[-21.9396345,64.1483579],[-21.9398196,64.1483881],[-21.9397527,64.14847],[-21.9400013,64.1485316]]}},{"type":"Feature","id":91593486,"properties":{"addr:housenumber":"1","addr:postcode":"101","addr:street":"Hafnarstræti","building":"yes","ref:HNITNUM":"10012170","source:addr":"Staðfangaskrá"},"geometry":{"type":"LineString","coordinates":[[-21.9411222,64.1485808],[-21.94122,64.1484653],[-21.9404299,64.1483381],[-21.9403182,64.14847],[-21.9407693,64.1485426],[-21.9407832,64.1485262],[-21.9411222,64.1485808]]}},{"type":"Feature","id":91593492,"properties":{"addr:housenumber":"2","addr:postcode":"101","addr:street":"Vesturgata","amenity":"restaurant","building":"yes","name":"Bryggjuhúsið","ref:HNITNUM":"10013648","source:addr":"Staðfangaskrá","start_date":"1990","website":"https://bryggjuhusid.is/"},"geometry":{"type":"LineString","coordinates":[[-21.9409109,64.1487251],[-21.940624,64.1486709],[-21.9407286,64.1485657],[-21.9414341,64.148692],[-21.9413295,64.1488043],[-21.9410228,64.1487463],[-21.9410015,64.1487677],[-21.9408896,64.1487465],[-21.9409109,64.1487251]]}},{"type":"Feature","id":91593494,"properties":{"addr:housenumber":"1","addr:postcode":"101","addr:street":"Ingólfstorg","building":"kiosk","building:levels":"1","ref:HNITNUM":"10058895","source:addr":"Staðfangaskrá","start_date":"1994"},"geometry":{"type":"LineString","coordinates":[[-21.9409229,64.1482711],[-21.9409473,64.1482424],[-21.940959,64.1482288],[-21.9408939,64.1482189],[-21.9408819,64.1482325],[-21.9408547,64.1482635],[-21.9408915,64.1482686],[-21.9409229,64.1482711]]}},{"type":"Feature","id":91594642,"properties":{"addr:housenumber":"3","addr:postcode":"101","addr:street":"Templarasund","building":"yes","historic":"building","ref:HNITNUM":"10023565","source:addr":"Staðfangaskrá"},"geometry":{"type":"LineString","coordinates":[[-21.9396989,64.1463433],[-21.9396539,64.1464216],[-21.9398139,64.146439],[-21.9398396,64.1464319],[-21.9399543,64.1462425],[-21.9399583,64.1462358],[-21.9397775,64.1462145],[-21.9397017,64.1462056],[-21.9396975,64.1462122],[-21.9396591,64.1462735],[-21.9396195,64.1463343],[-21.9396989,64.1463433]]}},{"type":"Feature","id":91594649,"properties":{"addr:housenumber":"20","addr:postcode":"101","addr:street":"Austurstræti","building":"yes","building:levels":"1","source":"Bing","start_date":"1870"},"geometry":{"type":"LineString","coordinates":[[-21.9379179,64.1474477],[-21.9373771,64.1473614],[-21.9374813,64.1472546],[-21.93753,64.1472047],[-21.9376185,64.1472199],[-21.9377392,64.1470983],[-21.9379676,64.147131],[-21.9379313,64.1471707],[-21.9377703,64.1473469],[-21.9379759,64.1473798],[-21.9379179,64.1474477]]}},{"type":"Feature","id":91594653,"properties":{"addr:housenumber":"2","addr:postcode":"101","building":"yes"},"geometry":{"type":"LineString","coordinates":[[-21.9387751,64.1464052],[-21.9388209,64.1463217],[-21.9385627,64.1462948],[-21.9385436,64.1463296],[-21.9384873,64.1463238],[-21.9384606,64.1463725],[-21.9387751,64.1464052]]}},{"type":"Feature","id":91594654,"properties":{"addr:housenumber":"10","addr:postcode":"101","addr:street":"Lækjargata","building":"yes","start_date":"1880"},"geometry":{"type":"LineString","coordinates":[[-21.9381751,64.1463139],[-21.9383202,64.1462216],[-21.938449,64.1462601],[-21.9383459,64.1463256],[-21.938381,64.1463361],[-21.9383389,64.1463629],[-21.9381751,64.1463139]]}},{"type":"Feature","id":92542449,"properties":{"highway":"service","lit":"yes","oneway":"no","surface":"asphalt","width":"3"},"geometry":{"type":"LineString","coordinates":[[-21.9392496,64.145267],[-21.939125,64.1452562],[-21.9382218,64.145178],[-21.937982,64.1451573]]}},{"type":"Feature","id":95154729,"properties":{"addr:housenumber":"2","addr:postcode":"101","addr:street":"Bankastræti","building":"yes"},"geometry":{"type":"LineString","coordinates":[[-21.9357598,64.146997],[-21.935965,64.1468309],[-21.9358188,64.1467964],[-21.935615,64.1469619],[-21.935627,64.1469783],[-21.9357209,64.1469999],[-21.9357598,64.146997]]}},{"type":"Feature","id":95157162,"properties":{"addr:housenumber":"5","addr:postcode":"101","addr:street":"Skólastræti","building":"yes","start_date":"1850"},"geometry":{"type":"LineString","coordinates":[[-21.9355709,64.1465137],[-21.9357302,64.1464059],[-21.9355778,64.1463631],[-21.9354185,64.1464709],[-21.9355709,64.1465137]]}},{"type":"Feature","id":95157164,"properties":{"addr:housenumber":"3","addr:postcode":"101","addr:street":"Skólastræti","building":"yes"},"geometry":{"type":"LineString","coordinates":[[-21.9354134,64.1466188],[-21.9353588,64.1466034],[-21.9353387,64.1466169],[-21.9352374,64.1465884],[-21.93535,64.1465123],[-21.935506,64.1465563],[-21.9354134,64.1466188]]}},{"type":"Feature","id":95157165,"properties":{"addr:city":"Reykjavík","addr:housenumber":"2","addr:postcode":"101","addr:street":"Amtmannsstígur","building":"yes","ref:HNITNUM":"10006660","source:addr":"Staðfangaskrá"},"geometry":{"type":"LineString","coordinates":[[-21.9359836,64.1461619],[-21.9359489,64.1461911],[-21.9358667,64.1461725],[-21.9358563,64.1461811],[-21.9357632,64.14616],[-21.9357735,64.1461513],[-21.935678,64.1461297],[-21.9358005,64.1460269],[-21.9358698,64.1460425],[-21.9358464,64.1460622],[-21.9359636,64.1460887],[-21.9359492,64.1461008],[-21.9360337,64.14612],[-21.9360027,64.1461459],[-21.9360267,64.1461513],[-21.9360076,64.1461674],[-21.9359836,64.1461619]]}},{"type":"Feature","id":95157166,"properties":{"addr:housenumber":"1","addr:postcode":"101","addr:street":"Skólastræti","building":"yes","start_date":"1900"},"geometry":{"type":"LineString","coordinates":[[-21.9351808,64.1467695],[-21.9352968,64.1466717],[-21.9351711,64.1466433],[-21.9350551,64.1467411],[-21.9351808,64.1467695]]}},{"type":"Feature","id":95157167,"properties":{"addr:housenumber":"1","addr:postcode":"101","addr:street":"Amtmannsstígur","building":"yes","start_date":"1838"},"geometry":{"type":"LineString","coordinates":[[-21.9362883,64.1465327],[-21.9361541,64.1465046],[-21.9361928,64.1464695],[-21.9361074,64.1464516],[-21.9361625,64.1464016],[-21.9362341,64.1464167],[-21.9362934,64.146363],[-21.9364861,64.1464035],[-21.9364545,64.1464321],[-21.9364098,64.1464227],[-21.9362883,64.1465327]]}},{"type":"Feature","id":102640941,"properties":{"bicycle":"yes","foot":"yes","highway":"service","maxspeed":"30","motor_vehicle":"private","name":"Miðbakki","oneway":"no","source":"http://faxafloahafnir.is/is/hafnarsvaedid/gamla_hofnin/","surface":"asphalt"},"geometry":{"type":"LineString","coordinates":[[-21.9373785,64.1493061],[-21.9374265,64.149287],[-21.9375004,64.1492771]]}},{"type":"Feature","id":102903425,"properties":{"addr:housenumber":"10","addr:postcode":"101","addr:street":"Kirkjustræti","building":"yes","building:levels":"2","ref:HNITNUM":"10067622","roof:shape":"gabled","source:addr":"Staðfangaskrá","start_date":"1879"},"geometry":{"type":"LineString","coordinates":[[-21.9410035,64.1469695],[-21.9409893,64.1469874],[-21.9407804,64.1469561],[-21.9408419,64.1468782],[-21.9410508,64.1469095],[-21.9410035,64.1469695]]}},{"type":"Feature","id":102903428,"properties":{"addr:housenumber":"10A","addr:postcode":"101","addr:street":"Kirkjustræti","building":"yes","building:levels":"3","ref:HNITNUM":"10067621","roof:shape":"gabled","source:addr":"Staðfangaskrá","start_date":"1879"},"geometry":{"type":"LineString","coordinates":[[-21.9410967,64.1469835],[-21.9410035,64.1469695],[-21.9410508,64.1469095],[-21.9410719,64.1469127],[-21.9410835,64.1468979],[-21.9411558,64.1469087],[-21.9410967,64.1469835]]}},{"type":"Feature","id":102903429,"properties":{"addr:housenumber":"8","addr:postcode":"101","addr:street":"Vonarstræti","building":"public"},"geometry":{"type":"LineString","coordinates":[[-21.9410572,64.1464303],[-21.9412048,64.1463135],[-21.9409735,64.1462579],[-21.9408594,64.1463483],[-21.9410214,64.1463872],[-21.940988,64.1464137],[-21.9410572,64.1464303]]}},{"type":"Feature","id":102903431,"properties":{"addr:housenumber":"8B","addr:postcode":"101","addr:street":"Kirkjustræti","building":"yes","building:levels":"3","ref:HNITNUM":"10067620","roof:shape":"gabled","source:addr":"Staðfangaskrá","start_date":"1879"},"geometry":{"type":"LineString","coordinates":[[-21.9414129,64.1469474],[-21.9413366,64.1470441],[-21.9410794,64.1470055],[-21.9410967,64.1469835],[-21.9411558,64.1469087],[-21.9414129,64.1469474]]}},{"type":"Feature","id":102904907,"properties":{"addr:city":"Reykjavík","addr:housenumber":"12","addr:postcode":"101","addr:street":"Kirkjustræti","building":"public","start_date":"2002"},"geometry":{"type":"LineString","coordinates":[[-21.940775,64.1468264],[-21.940634,64.1468061],[-21.940638,64.1468008],[-21.9405231,64.1467843],[-21.9405401,64.1467618],[-21.9404841,64.1467537],[-21.9404947,64.1467397],[-21.9405508,64.1467477],[-21.9407628,64.1464675],[-21.9409871,64.1464998],[-21.9408854,64.1466342],[-21.940917,64.1466387],[-21.940775,64.1468264]]}},{"type":"Feature","id":102905914,"properties":{"addr:housename":"Þórshamar","addr:housenumber":"5","addr:postcode":"101","building":"yes"},"geometry":{"type":"LineString","coordinates":[[-21.9399583,64.1462358],[-21.9400093,64.1461511],[-21.9400626,64.1460627],[-21.9398539,64.1460387],[-21.9398201,64.1460947],[-21.939739,64.1460854],[-21.939721,64.1461153],[-21.9398006,64.1461244],[-21.9397767,64.1461642],[-21.9398058,64.1461676],[-21.9397775,64.1462145],[-21.9399583,64.1462358]]}},{"type":"Feature","id":102905917,"properties":{"addr:city":"Reykjavík","addr:housename":"Kirkjuhvoll","addr:housenumber":"4","addr:postcode":"101","addr:street":"Kirkjutorg","building":"commercial","historic":"building","wikidata":"Q16430324","wikipedia":"is:Kirkjutorg 4"},"geometry":{"type":"LineString","coordinates":[[-21.9392012,64.1463721],[-21.9396539,64.1464216],[-21.9396989,64.1463433],[-21.9396195,64.1463343],[-21.9396591,64.1462735],[-21.9394966,64.1462589],[-21.9395521,64.1461505],[-21.9394041,64.1461343],[-21.939356,64.146218],[-21.9393375,64.1462504],[-21.9392751,64.1462436],[-21.9392603,64.1462692],[-21.9392456,64.1462948],[-21.9392012,64.1463721]]}},{"type":"Feature","id":102963977,"properties":{"addr:housenumber":"2a","addr:postcode":"101","addr:street":"Laufásvegur","building":"yes"},"geometry":{"type":"LineString","coordinates":[[-21.9377916,64.1455602],[-21.9378021,64.1455611],[-21.937833,64.1454867],[-21.9380038,64.1455001],[-21.9379726,64.1455752],[-21.9379946,64.1455769],[-21.9379615,64.1456567],[-21.9377582,64.1456406],[-21.9377916,64.1455602]]}},{"type":"Feature","id":102963978,"properties":{"highway":"service","service":"parking_aisle"},"geometry":{"type":"LineString","coordinates":[[-21.938607,64.1446758],[-21.9386087,64.1444669]]}},{"type":"Feature","id":102963979,"properties":{"addr:housenumber":"4","addr:postcode":"101","addr:street":"Laufásvegur","building":"yes","ref:HNITNUM":"10002567","source:addr":"Staðfangaskrá","start_date":"1899"},"geometry":{"type":"LineString","coordinates":[[-21.9378298,64.1454598],[-21.9378681,64.1453799],[-21.9380383,64.1453957],[-21.9380012,64.1454754],[-21.9378298,64.1454598]]}},{"type":"Feature","id":102963980,"properties":{"addr:housenumber":"2A","addr:postcode":"101","addr:street":"Bókhlöðustígur","building":"yes","ref:HNITNUM":"10090402","source:addr":"Staðfangaskrá"},"geometry":{"type":"LineString","coordinates":[[-21.9380775,64.145814],[-21.9381097,64.145785],[-21.9380424,64.1457708],[-21.9380102,64.1457998],[-21.9380775,64.145814]]}},{"type":"Feature","id":102963981,"properties":{"addr:housenumber":"6a","addr:postcode":"101","addr:street":"Laufásvegur","building":"yes","start_date":"1900"},"geometry":{"type":"LineString","coordinates":[[-21.9378996,64.1453242],[-21.9379129,64.1452926],[-21.9379055,64.145292],[-21.9379439,64.1451994],[-21.9379922,64.1452032],[-21.9379997,64.1451849],[-21.9380575,64.1451895],[-21.9380499,64.1452078],[-21.9381033,64.145212],[-21.9380499,64.145341],[-21.9378996,64.1453242]]}},{"type":"Feature","id":102963982,"properties":{"addr:housenumber":"2","addr:postcode":"101","addr:street":"Laufásvegur","building":"yes","start_date":"1904","tourism":"guest_house","website":"https://centralguesthouse.is/"},"geometry":{"type":"LineString","coordinates":[[-21.9377582,64.1456406],[-21.9377205,64.1457355],[-21.9379144,64.1457729],[-21.9379294,64.1457358],[-21.9379615,64.1456567],[-21.9377582,64.1456406]]}},{"type":"Feature","id":102963988,"properties":{"addr:housenumber":"4A","addr:postcode":"101","addr:street":"Laufásvegur","building":"yes","ref:HNITNUM":"10002570","source:addr":"Staðfangaskrá"},"geometry":{"type":"LineString","coordinates":[[-21.9378681,64.1453799],[-21.9378928,64.1453238],[-21.9378996,64.1453242],[-21.9380499,64.145341],[-21.9380645,64.1453434],[-21.9380383,64.1453957],[-21.9378681,64.1453799]]}},{"type":"Feature","id":103060548,"properties":{"addr:housenumber":"8","addr:postcode":"101","addr:street":"Lækjargata","building":"yes","source":"Bing","start_date":"1871"},"geometry":{"type":"LineString","coordinates":[[-21.9381328,64.1464582],[-21.937997,64.1465434],[-21.9378537,64.1464999],[-21.9380239,64.1463932],[-21.9381672,64.1464366],[-21.9381328,64.1464582]]}},{"type":"Feature","id":103060549,"properties":{"addr:housenumber":"18","addr:postcode":"101","addr:street":"Austurstræti","building":"yes","building:levels":"5","building:levels:underground":"2","source":"Bing"},"geometry":{"type":"LineString","coordinates":[[-21.938177,64.1471676],[-21.9383463,64.1471909],[-21.9382842,64.1472644],[-21.9381243,64.1474749],[-21.9379179,64.1474477],[-21.9379759,64.1473798],[-21.9381454,64.1472009],[-21.938177,64.1471676]]}},{"type":"Feature","id":103060551,"properties":{"addr:city":"Reykjavík","addr:housenumber":"11","addr:postcode":"101","addr:street":"Pósthússtræti","architect":"Guðjón Samúelsson","architect:wikipedia":"en:Guðjón Samúelsson","brand":"Keahotels","building":"hotel","building:architecture":"art_deco","check_date":"2026-05-19","internet_access":"wlan","internet_access:fee":"no","name":"Hótel Borg","name:fa":"هتل بورگ","operator":"Keahotels","phone":"+354 551 1440","rooms":"99","smoking":"outside","source":"Bing;local knowledge","stars":"4","tourism":"hotel","website":"https://www.keahotels.is/en/hotels/hotel-borg/","wikidata":"Q3480837","wikimedia_commons":"Category:Hotel Borg"},"geometry":{"type":"LineString","coordinates":[[-21.9382682,64.1468357],[-21.9383532,64.1468461],[-21.9385992,64.1468763],[-21.9386596,64.1468837],[-21.938736,64.146893],[-21.938807,64.1469017],[-21.9388779,64.1469104],[-21.9388402,64.1469689],[-21.9387836,64.1470567],[-21.9387223,64.1471519],[-21.9386921,64.1471482],[-21.9384437,64.1471178],[-21.9383686,64.1471078],[-21.9379096,64.1470467],[-21.9380987,64.1468044],[-21.9382735,64.146829],[-21.9382682,64.1468357]]}},{"type":"Feature","id":103060555,"properties":{"addr:housenumber":"2a","addr:postcode":"101","addr:street":"Lækjargata","building":"yes","source":"Bing","start_date":"2000"},"geometry":{"type":"LineString","coordinates":[[-21.9375784,64.1471181],[-21.9376661,64.1470179],[-21.9372141,64.1468801],[-21.9369763,64.1470223],[-21.9372163,64.1470643],[-21.9375232,64.1471099],[-21.9375784,64.1471181]]}},{"type":"Feature","id":103060556,"properties":{"building":"yes","source":"Bing"},"geometry":{"type":"LineString","coordinates":[[-21.9381328,64.1464582],[-21.937997,64.1465434],[-21.9381127,64.1465798],[-21.9382033,64.1464795],[-21.9381328,64.1464582]]}},{"type":"Feature","id":103060558,"properties":{"addr:housenumber":"6B","addr:postcode":"101","addr:street":"Lækjargata","building":"yes","ref:HNITNUM":"10020758","source":"Bing","source:addr":"Staðfangaskrá"},"geometry":{"type":"LineString","coordinates":[[-21.9381127,64.1465798],[-21.938036,64.1466647],[-21.9377198,64.1465817],[-21.9378537,64.1464999],[-21.9381127,64.1465798]]}},{"type":"Feature","id":103060559,"properties":{"addr:housenumber":"6A","addr:postcode":"101","addr:street":"Lækjargata","building":"yes","ref:HNITNUM":"10020757","source":"Bing","source:addr":"Staðfangaskrá"},"geometry":{"type":"LineString","coordinates":[[-21.938036,64.1466647],[-21.9379593,64.1467496],[-21.9375542,64.1466818],[-21.9377198,64.1465817],[-21.938036,64.1466647]]}},{"type":"Feature","id":103060563,"properties":{"addr:housenumber":"4","addr:postcode":"101","addr:street":"Lækjargata","building":"yes","source":"Bing","start_date":"1992"},"geometry":{"type":"LineString","coordinates":[[-21.9372141,64.1468801],[-21.9376661,64.1470179],[-21.9377125,64.1469648],[-21.9375301,64.1468993],[-21.9377366,64.1467555],[-21.9375221,64.1466958],[-21.9373699,64.1467869],[-21.9372141,64.1468801]]}},{"type":"Feature","id":103060564,"properties":{"addr:housenumber":"6","addr:postcode":"101","addr:street":"Kirkjutorg","building":"yes","ref:HNITNUM":"10025684","source:addr":"Staðfangaskrá","start_date":"1903"},"geometry":{"type":"LineString","coordinates":[[-21.9390738,64.146357],[-21.9391049,64.1463029],[-21.938927,64.1462835],[-21.9388959,64.1463376],[-21.9390738,64.146357]]}},{"type":"Feature","id":103061601,"properties":{"addr:housenumber":"4","addr:postcode":"101","addr:street":"Vallarstræti","building":"yes","building:levels":"2","ref:HNITNUM":"10025344","source:addr":"Staðfangaskrá","start_date":"1900"},"geometry":{"type":"LineString","coordinates":[[-21.9409704,64.147702],[-21.9410179,64.1476441],[-21.9410863,64.1476547],[-21.941098,64.1476404],[-21.9412199,64.1476593],[-21.9412082,64.1476737],[-21.9413334,64.1476932],[-21.941286,64.1477511],[-21.9409704,64.147702]]}},{"type":"Feature","id":103061613,"properties":{"addr:housenumber":"2","addr:postcode":"101","addr:street":"Thorvaldsensstræti","building":"yes","ref:HNITNUM":"10097480","source:addr":"Staðfangaskrá"},"geometry":{"type":"LineString","coordinates":[[-21.9410771,64.1475717],[-21.9410179,64.1476441],[-21.9409704,64.147702],[-21.940967,64.1477063],[-21.9403282,64.1476069],[-21.9403544,64.1475749],[-21.9403499,64.1475742],[-21.9403943,64.14752],[-21.9403988,64.1475207],[-21.9404314,64.1474808],[-21.9404453,64.147483],[-21.9404523,64.1474745],[-21.9410771,64.1475717]]}},{"type":"Feature","id":103062278,"properties":{"addr:housenumber":"8","addr:postcode":"101","addr:street":"Austurstræti","building":"yes","building:levels":"4","ref:HNITNUM":"10001119","source:addr":"Staðfangaskrá","start_date":"2000"},"geometry":{"type":"LineString","coordinates":[[-21.9398204,64.1475579],[-21.9396919,64.147711],[-21.9399639,64.1477544],[-21.9400965,64.1477756],[-21.9403011,64.1478082],[-21.9404296,64.147655],[-21.9402866,64.1476322],[-21.9402112,64.1476202],[-21.9401617,64.1476123],[-21.9400971,64.147602],[-21.9398204,64.1475579]]}},{"type":"Feature","id":103062280,"properties":{"addr:housenumber":"6","addr:postcode":"101","addr:street":"Austurstræti","building":"yes","building:levels":"4","ref:HNITNUM":"10007453","source:addr":"Staðfangaskrá"},"geometry":{"type":"LineString","coordinates":[[-21.9404296,64.147655],[-21.9403011,64.1478082],[-21.9404346,64.1478295],[-21.9404774,64.1478363],[-21.9405374,64.1478459],[-21.9406659,64.1476927],[-21.9404587,64.1476597],[-21.9404296,64.147655]]}},{"type":"Feature","id":103062282,"properties":{"building":"yes","building:levels":"2","start_date":"1887"},"geometry":{"type":"LineString","coordinates":[[-21.9408274,64.1477185],[-21.9406687,64.1479076],[-21.9408366,64.1479344],[-21.9409814,64.1477618],[-21.9409953,64.1477453],[-21.9408274,64.1477185]]}},{"type":"Feature","id":103062283,"properties":{"addr:housenumber":"12a","addr:postcode":"101","building":"yes","building:levels":"4"},"geometry":{"type":"LineString","coordinates":[[-21.939147,64.1476241],[-21.9392756,64.1474709],[-21.9392308,64.1474638],[-21.9391203,64.1474462],[-21.9389918,64.1475994],[-21.9389992,64.1476005],[-21.9390078,64.1476019],[-21.939099,64.1476164],[-21.939147,64.1476241]]}},{"type":"Feature","id":103062285,"properties":{"addr:housenumber":"14","addr:postcode":"101","addr:street":"Austurstræti","building":"yes","building:levels":"4"},"geometry":{"type":"LineString","coordinates":[[-21.9389918,64.1475994],[-21.9389346,64.1475902],[-21.9387315,64.1475578],[-21.93886,64.1474047],[-21.9390594,64.1474365],[-21.9391203,64.1474462],[-21.9389918,64.1475994]]}},{"type":"Feature","id":103062287,"properties":{"addr:housenumber":"4","addr:postcode":"101","addr:street":"Austurstræti","building":"yes","building:levels":"2","ref:HNITNUM":"10007451","source:addr":"Staðfangaskrá","start_date":"1900"},"geometry":{"type":"LineString","coordinates":[[-21.9408274,64.1477185],[-21.9406659,64.1476927],[-21.9405374,64.1478459],[-21.9405072,64.1478818],[-21.940591,64.1478952],[-21.9406687,64.1479076],[-21.9408274,64.1477185]]}},{"type":"Feature","id":103062289,"properties":{"addr:city":"Reykjavík","addr:housenumber":"10a","addr:postcode":"101","addr:street":"Austurstræti","building":"yes","building:levels":"4"},"geometry":{"type":"LineString","coordinates":[[-21.9394557,64.1474997],[-21.9393272,64.1476529],[-21.9396919,64.147711],[-21.9398204,64.1475579],[-21.9394557,64.1474997]]}},{"type":"Feature","id":103062292,"properties":{"addr:housenumber":"12","addr:postcode":"101","building":"yes","building:levels":"4"},"geometry":{"type":"LineString","coordinates":[[-21.9393272,64.1476529],[-21.9394557,64.1474997],[-21.9393746,64.1474867],[-21.9392756,64.1474709],[-21.939147,64.1476241],[-21.9392524,64.1476409],[-21.9393272,64.1476529]]}},{"type":"Feature","id":103063831,"properties":{"addr:housenumber":"3A","addr:postcode":"101","addr:street":"Lækjargata","building":"yes","ref:HNITNUM":"10178114","source:addr":"Staðfangaskrá"},"geometry":{"type":"LineString","coordinates":[[-21.9357505,64.1466115],[-21.9358558,64.1466363],[-21.9359462,64.1466584],[-21.936122,64.1467007],[-21.9359918,64.146804],[-21.9359047,64.1467835],[-21.9359395,64.1467537],[-21.9358316,64.146731],[-21.9357638,64.1467168],[-21.9357357,64.1467396],[-21.9356227,64.1467123],[-21.9357505,64.1466115]]}},{"type":"Feature","id":103063836,"properties":{"addr:housename":"Héraðsdómur Reykjavíkur","addr:housenumber":"19","addr:postcode":"101","addr:street":"Lækjartorg","amenity":"courthouse","building":"yes","building:levels":"5","check_date":"2024-10-13","name":"Héraðsdómur Reykjavíkur"},"geometry":{"type":"LineString","coordinates":[[-21.93706,64.1476559],[-21.9373144,64.1476967],[-21.9373554,64.1476491],[-21.9374397,64.1476636],[-21.9375577,64.1475245],[-21.9375086,64.1475155],[-21.9375123,64.1475091],[-21.9369801,64.1474238],[-21.936863,64.1475574],[-21.9371092,64.1475989],[-21.93706,64.1476559]]}},{"type":"Feature","id":103063839,"properties":{"addr:housenumber":"2","addr:postcode":"101","addr:street":"Pósthússtræti","building":"hotel","building:levels":"4","historic":"building","ref:HNITNUM":"10025077","source:addr":"Staðfangaskrá","start_date":"1919"},"geometry":{"type":"LineString","coordinates":[[-21.9388292,64.1482553],[-21.9388515,64.1482303],[-21.938917,64.1481334],[-21.9387638,64.1481115],[-21.9384899,64.1480724],[-21.9384252,64.1480713],[-21.9383861,64.1480966],[-21.9382794,64.1482598],[-21.9382959,64.1482732],[-21.938307,64.1482782],[-21.9386248,64.1483579],[-21.9386749,64.1483705],[-21.9388292,64.1482553]]}},{"type":"Feature","id":103063843,"properties":{"addr:housenumber":"1","addr:postcode":"101","addr:street":"Lækjartorg","building":"yes","building:levels":"5","ref:HNITNUM":"10093668","source":"Bing","source:addr":"Staðfangaskrá"},"geometry":{"type":"LineString","coordinates":[[-21.9367182,64.1477364],[-21.9368048,64.1477405],[-21.9369796,64.1477488],[-21.93706,64.1476559],[-21.9371092,64.1475989],[-21.936863,64.1475574],[-21.936729,64.1477091],[-21.9367182,64.1477364]]}},{"type":"Feature","id":103063844,"properties":{"addr:housenumber":"17","addr:postcode":"101","addr:street":"Austurstræti","building":"office","source":"Bing"},"geometry":{"type":"LineString","coordinates":[[-21.9375577,64.1475245],[-21.9375661,64.1475146],[-21.9379858,64.1475824],[-21.9379805,64.147593],[-21.937942,64.1476714],[-21.9379071,64.1477423],[-21.9377917,64.1477325],[-21.9377895,64.1477375],[-21.9376584,64.1477265],[-21.93767,64.1476998],[-21.9375269,64.1476773],[-21.9374397,64.1476636],[-21.9375577,64.1475245]]}},{"type":"Feature","id":103063846,"properties":{"addr:housenumber":"7","addr:postcode":"101","building":"retail","building:levels":"3","roof:levels":"1","roof:shape":"gabled"},"geometry":{"type":"LineString","coordinates":[[-21.9396345,64.1483579],[-21.9392387,64.1482998],[-21.9392436,64.148292],[-21.9393097,64.1481892],[-21.9393453,64.1481943],[-21.9396722,64.1482407],[-21.9397162,64.148247],[-21.9396345,64.1483579]]}},{"type":"Feature","id":103063853,"properties":{"addr:housenumber":"5","addr:postcode":"101","addr:street":"Austurstræti","building":"yes","building:levels":"4","ref:HNITNUM":"10007452","source:addr":"Staðfangaskrá"},"geometry":{"type":"LineString","coordinates":[[-21.9399965,64.1479073],[-21.9400101,64.1479095],[-21.9403015,64.1479572],[-21.9402199,64.1480465],[-21.9400873,64.1481914],[-21.9400582,64.1481868],[-21.9399825,64.1481746],[-21.9398083,64.1481467],[-21.9398749,64.1480625],[-21.9399592,64.1480768],[-21.9400271,64.148001],[-21.9399375,64.1479857],[-21.9399965,64.1479073]]}},{"type":"Feature","id":103063858,"properties":{"addr:housename":"Tryggvagötuhúsið","addr:housenumber":"20","addr:postcode":"101","addr:street":"Tryggvagata","building":"yes","ref:HNITNUM":"10152053","source:addr":"Staðfangaskrá"},"geometry":{"type":"LineString","coordinates":[[-21.9404939,64.1487145],[-21.940382,64.148792],[-21.9404036,64.1487969],[-21.9408098,64.1489038],[-21.9409258,64.1489344],[-21.9410304,64.1488396],[-21.9404939,64.1487145]]}},{"type":"Feature","id":103063861,"properties":{"building":"yes"},"geometry":{"type":"LineString","coordinates":[[-21.9357357,64.1467396],[-21.935526,64.1469089],[-21.9354084,64.1468812],[-21.9356227,64.1467123],[-21.9357357,64.1467396]]}},{"type":"Feature","id":103063863,"properties":{"addr:housenumber":"1","addr:postcode":"101","addr:street":"Naustin","building":"yes","ref:HNITNUM":"10002727","source:addr":"Staðfangaskrá"},"geometry":{"type":"LineString","coordinates":[[-21.9405717,64.1486607],[-21.9406468,64.1485753],[-21.9402767,64.1485075],[-21.9401967,64.1485945],[-21.9405717,64.1486607]]}},{"type":"Feature","id":103063865,"properties":{"addr:housenumber":"11","addr:postcode":"101","building":"office","building:levels":"3","roof:shape":"hipped"},"geometry":{"type":"LineString","coordinates":[[-21.9391955,64.1479116],[-21.9392961,64.1479281],[-21.939386,64.1478105],[-21.9393926,64.1478026],[-21.9387003,64.1476888],[-21.9386364,64.1477614],[-21.9385923,64.1478129],[-21.9387145,64.1478331],[-21.9391955,64.1479116]]}},{"type":"Feature","id":103063867,"properties":{"addr:housenumber":"3","addr:postcode":"101","addr:street":"Lækjargata","building":"yes"},"geometry":{"type":"LineString","coordinates":[[-21.936122,64.1467007],[-21.9359462,64.1466584],[-21.9360616,64.1465642],[-21.9360911,64.146566],[-21.9361031,64.146556],[-21.9362198,64.1465788],[-21.9362372,64.1466092],[-21.936122,64.1467007]]}},{"type":"Feature","id":103063871,"properties":{"addr:housenumber":"26","addr:postcode":"101","addr:street":"Tryggvagata","building":"yes","building:levels":"3","wikidata":"Q16429071","wikipedia":"is:Tryggvagata"},"geometry":{"type":"LineString","coordinates":[[-21.9394232,64.1485583],[-21.9395617,64.1484492],[-21.9391653,64.1483531],[-21.9390326,64.1484603],[-21.9391263,64.1484838],[-21.9394232,64.1485583]]}},{"type":"Feature","id":103063873,"properties":{"addr:housenumber":"9","addr:postcode":"101","addr:street":"Hafnarstræti","building":"retail","building:levels":"4","ref:HNITNUM":"10012163","roof:levels":"0","source:addr":"Staðfangaskrá"},"geometry":{"type":"LineString","coordinates":[[-21.9392436,64.148292],[-21.9388515,64.1482303],[-21.938917,64.1481334],[-21.9393097,64.1481892],[-21.9392436,64.148292]]}},{"type":"Feature","id":103063874,"properties":{"addr:housenumber":"7","addr:postcode":"101","addr:street":"Austurstræti","building":"yes","building:levels":"4","ref:HNITNUM":"10007454","source:addr":"Staðfangaskrá"},"geometry":{"type":"LineString","coordinates":[[-21.9396416,64.1479362],[-21.9399375,64.1479857],[-21.9399965,64.1479073],[-21.9399249,64.1478956],[-21.9396983,64.1478592],[-21.9396416,64.1479362]]}},{"type":"Feature","id":103063875,"properties":{"addr:housenumber":"9","addr:postcode":"101","addr:street":"Austurstræti","building":"yes","building:levels":"2","ref:HNITNUM":"10007455","source:addr":"Staðfangaskrá"},"geometry":{"type":"LineString","coordinates":[[-21.9396416,64.1479362],[-21.9396983,64.1478592],[-21.9396283,64.1478477],[-21.939386,64.1478105],[-21.9392961,64.1479281],[-21.9391955,64.1479116],[-21.9391603,64.1479543],[-21.9395678,64.1480211],[-21.9396416,64.1479362]]}},{"type":"Feature","id":103063887,"properties":{"addr:housenumber":"10","addr:postcode":"101","building":"yes","building:levels":"3"},"geometry":{"type":"LineString","coordinates":[[-21.9389006,64.1479233],[-21.9391603,64.1479543],[-21.9395678,64.1480211],[-21.939506,64.1481078],[-21.9391815,64.148064],[-21.9388485,64.1480214],[-21.9389006,64.1479233]]}},{"type":"Feature","id":103063890,"properties":{"building":"yes","start_date":"1987"},"geometry":{"type":"LineString","coordinates":[[-21.9358558,64.1466363],[-21.9357505,64.1466115],[-21.9358832,64.1465069],[-21.9359865,64.1465315],[-21.9358558,64.1466363]]}},{"type":"Feature","id":103063891,"properties":{"addr:housenumber":"28","addr:postcode":"101","addr:street":"Tryggvagata","building":"yes","building:levels":"3","ref:HNITNUM":"10023718","source:addr":"Staðfangaskrá","wikidata":"Q16429071","wikipedia":"is:Tryggvagata"},"geometry":{"type":"LineString","coordinates":[[-21.9390326,64.1484603],[-21.9391653,64.1483531],[-21.9391492,64.1483192],[-21.9388292,64.1482553],[-21.9386749,64.1483705],[-21.938856,64.148416],[-21.9390326,64.1484603]]}},{"type":"Feature","id":103063896,"properties":{"addr:housenumber":"22","addr:postcode":"101","addr:street":"Tryggvagata","building":"yes","ref:HNITNUM":"10023717","source:addr":"Staðfangaskrá"},"geometry":{"type":"LineString","coordinates":[[-21.9401967,64.1485945],[-21.9400862,64.1487145],[-21.940382,64.148792],[-21.9404939,64.1487145],[-21.9405717,64.1486607],[-21.9401967,64.1485945]]}},{"type":"Feature","id":105160868,"properties":{"cycleway:right":"no","foot":"no","highway":"secondary","lanes":"1","maxspeed":"30","name":"Lækjargata","oneway":"yes","surface":"asphalt","wikidata":"Q16421199","wikipedia":"is:Lækjargata"},"geometry":{"type":"LineString","coordinates":[[-21.9387304,64.1456582],[-21.9383,64.145932]]}},{"type":"Feature","id":106518182,"properties":{"cycleway:right":"no","foot":"no","highway":"secondary","lanes":"1","maxspeed":"30","name":"Lækjargata","oneway":"yes","surface":"asphalt","wikidata":"Q16421199","wikipedia":"is:Lækjargata"},"geometry":{"type":"LineString","coordinates":[[-21.9388924,64.1457021],[-21.9389904,64.1456387],[-21.9390884,64.1455753],[-21.9392064,64.1454875],[-21.9392761,64.1453963],[-21.9393169,64.1453095]]}},{"type":"Feature","id":106518505,"properties":{"addr:city":"Reykjavík","addr:housenumber":"30","addr:postcode":"101","addr:street":"Þingholtsstræti","building":"yes","source":"Kaart Ground Survey 2017"},"geometry":{"type":"LineString","coordinates":[[-21.9367211,64.14401],[-21.9368517,64.1438413],[-21.9369521,64.1438561],[-21.9371074,64.1438789],[-21.9371308,64.1438487],[-21.9371824,64.1438563],[-21.9371347,64.143918],[-21.9370808,64.1439101],[-21.9369746,64.1440473],[-21.9367211,64.14401]]}},{"type":"Feature","id":106518507,"properties":{"addr:housenumber":"6","addr:postcode":"101","addr:street":"Skálholtsstígur","building":"yes","ref:HNITNUM":"10015991","source:addr":"Staðfangaskrá"},"geometry":{"type":"LineString","coordinates":[[-21.9368508,64.1442438],[-21.936856,64.1442365],[-21.9369445,64.1442486],[-21.9370358,64.1441207],[-21.9368141,64.1440906],[-21.9367176,64.1442257],[-21.9368508,64.1442438]]}},{"type":"Feature","id":106646780,"properties":{"highway":"service","name":"Jörundarstígur"},"geometry":{"type":"LineString","coordinates":[[-21.9382718,64.146588],[-21.9383571,64.1464336],[-21.9383659,64.1464178]]}},{"type":"Feature","id":107337003,"properties":{"bicycle":"designated","foot":"designated","goods:conditional":"destination @ (Mo-Fr 07:00-11:00; Sa-Su 08:00-11:00; PH 08:00-11:00)","highway":"pedestrian","lit":"yes","maxspeed":"10","motor_vehicle":"no","name":"Austurstræti","oneway":"no","sidewalk":"both","smoothness":"good","surface":"paving_stones","wikidata":"Q16420140","wikipedia":"is:Austurstræti"},"geometry":{"type":"LineString","coordinates":[[-21.9365544,64.1472721],[-21.9365962,64.147279],[-21.9368626,64.1473233],[-21.9369873,64.147344],[-21.9372916,64.1473946],[-21.938542,64.1476024],[-21.9385849,64.1476095],[-21.9386255,64.1476163],[-21.9408781,64.1479906]]}},{"type":"Feature","id":107495303,"properties":{"bicycle":"designated","foot":"designated","highway":"pedestrian","lit":"yes","motor_vehicle":"no","name":"Austurstræti","oneway":"no","surface":"paving_stones","wikidata":"Q16420140","wikipedia":"is:Austurstræti"},"geometry":{"type":"LineString","coordinates":[[-21.9364255,64.147235],[-21.9365027,64.1472572],[-21.9365544,64.1472721]]}},{"type":"Feature","id":107496573,"properties":{"highway":"service","service":"parking_aisle","surface":"asphalt"},"geometry":{"type":"LineString","coordinates":[[-21.9364384,64.1460554],[-21.9363002,64.1461715],[-21.9362036,64.1462527],[-21.936195,64.1462597],[-21.9361534,64.1462949]]}},{"type":"Feature","id":107496574,"properties":{"addr:city":"Reykjavík","addr:housenumber":"18","addr:postcode":"101","addr:street":"Þingholtsstræti","building":"yes","name":"Elísabetarhús"},"geometry":{"type":"LineString","coordinates":[[-21.9354445,64.1455929],[-21.9356029,64.1453911],[-21.9356216,64.1453946],[-21.935631,64.1453852],[-21.9356619,64.1453788],[-21.9358188,64.1454074],[-21.9357896,64.1454439],[-21.9356696,64.1455935],[-21.9356458,64.1456232],[-21.935597,64.1456162],[-21.9354445,64.1455929]]}},{"type":"Feature","id":107496575,"properties":{"addr:city":"Reykjavík","addr:housenumber":"12","addr:postcode":"101","addr:street":"Þingholtsstræti","building":"yes","start_date":"1880"},"geometry":{"type":"LineString","coordinates":[[-21.9352178,64.1458729],[-21.935277,64.1458817],[-21.9352651,64.1458969],[-21.9353611,64.1459112],[-21.9353092,64.1459776],[-21.935154,64.1459546],[-21.9352178,64.1458729]]}},{"type":"Feature","id":107496576,"properties":{"addr:city":"Reykjavík","addr:housenumber":"7","addr:postcode":"101","addr:street":"Bókhlöðustígur","building":"yes","name":"Villa nova","ref:HNITNUM":"10008390","source:addr":"Staðfangaskrá","start_date":"1901"},"geometry":{"type":"LineString","coordinates":[[-21.9366033,64.1455729],[-21.9365286,64.145632],[-21.9364876,64.1456221],[-21.9364689,64.1456369],[-21.9363633,64.1456115],[-21.9364568,64.1455376],[-21.9366033,64.1455729]]}},{"type":"Feature","id":107496577,"properties":{"addr:city":"Reykjavík","addr:housenumber":"14","addr:postcode":"101","addr:street":"Þingholtsstræti","building":"yes","start_date":"1880"},"geometry":{"type":"LineString","coordinates":[[-21.9353521,64.1458419],[-21.9352714,64.14583],[-21.9352804,64.1458184],[-21.9352641,64.145816],[-21.935284,64.1457906],[-21.9352656,64.1457878],[-21.9352891,64.1457577],[-21.9353075,64.1457605],[-21.9353272,64.1457353],[-21.9354822,64.1457583],[-21.9354191,64.145839],[-21.9353611,64.1458304],[-21.9353521,64.1458419]]}},{"type":"Feature","id":107496580,"properties":{"addr:city":"Reykjavík","addr:housenumber":"6","addr:postcode":"101","addr:street":"Amtmannsstígur","building":"yes"},"geometry":{"type":"LineString","coordinates":[[-21.935154,64.1459546],[-21.9353092,64.1459776],[-21.935294,64.1459971],[-21.9353417,64.1460041],[-21.9353172,64.1460355],[-21.9352695,64.1460284],[-21.9352526,64.1460501],[-21.9351296,64.1460253],[-21.935114,64.1460174],[-21.9351132,64.1460068],[-21.935154,64.1459546]]}},{"type":"Feature","id":107496583,"properties":{"addr:city":"Reykjavík","addr:housenumber":"5B","addr:postcode":"101","addr:street":"Lækjargata","building":"yes","name":"Fjósið","ref:HNITNUM":"10126360","source:addr":"Staðfangaskrá","start_date":"1846"},"geometry":{"type":"LineString","coordinates":[[-21.9363245,64.1459749],[-21.936233,64.1460464],[-21.9363313,64.1460703],[-21.9365234,64.1459202],[-21.9364251,64.1458963],[-21.9363245,64.1459749]]}},{"type":"Feature","id":107496585,"properties":{"addr:city":"Reykjavík","addr:housenumber":"2b","addr:postcode":"101","addr:street":"Amtmannsstígur","building":"yes","name":"Casa Christi"},"geometry":{"type":"LineString","coordinates":[[-21.9358738,64.1459922],[-21.9360956,64.1458167],[-21.9364251,64.1458963],[-21.9363245,64.1459749],[-21.9361759,64.1459392],[-21.93609,64.1460071],[-21.936123,64.1460151],[-21.9360871,64.1460434],[-21.9358738,64.1459922]]}},{"type":"Feature","id":107496586,"properties":{"addr:city":"Reykjavík","addr:housenumber":"16","addr:postcode":"101","addr:street":"Þingholtsstræti","building":"yes"},"geometry":{"type":"LineString","coordinates":[[-21.9353751,64.1456796],[-21.9354445,64.1455929],[-21.935597,64.1456162],[-21.9355779,64.14564],[-21.9356269,64.1456475],[-21.9355766,64.1457103],[-21.9353751,64.1456796]]}},{"type":"Feature","id":107496588,"properties":{"addr:city":"Reykjavík","addr:housenumber":"18a","addr:postcode":"101","addr:street":"Þingholtsstræti","building":"yes","name":"Casa nova"},"geometry":{"type":"LineString","coordinates":[[-21.935983,64.145474],[-21.9359972,64.145456],[-21.9360749,64.1454782],[-21.936091,64.1454683],[-21.9362627,64.1455127],[-21.9361728,64.1455858],[-21.9362023,64.1455934],[-21.9361098,64.1456671],[-21.9361393,64.1456741],[-21.9359596,64.1458256],[-21.9357517,64.1457689],[-21.9358639,64.1456259],[-21.9356696,64.1455935],[-21.9357896,64.1454439],[-21.935983,64.145474]]}},{"type":"Feature","id":107496590,"properties":{"addr:city":"Reykjavík","addr:housenumber":"5c","addr:postcode":"101","addr:street":"Lækjargata","building":"yes","name":"Íþróttahús","start_date":"1897"},"geometry":{"type":"LineString","coordinates":[[-21.9368419,64.1456851],[-21.9368752,64.1456931],[-21.9366355,64.1458824],[-21.9365135,64.1458531],[-21.9365293,64.1458405],[-21.9364894,64.1458309],[-21.9365581,64.1457766],[-21.9365367,64.1457715],[-21.9366919,64.1456489],[-21.9367132,64.1456541],[-21.9367656,64.1456127],[-21.9368944,64.1456437],[-21.9368419,64.1456851]]}},{"type":"Feature","id":107496592,"properties":{"highway":"service","maxspeed":"10","service":"parking_aisle","surface":"asphalt"},"geometry":{"type":"LineString","coordinates":[[-21.9365068,64.1457811],[-21.9362064,64.1457285],[-21.9361742,64.1456484],[-21.936338,64.1455132],[-21.9363703,64.145488]]}},{"type":"Feature","id":107584583,"properties":{"area":"yes","highway":"pedestrian","lit":"yes","surface":"asphalt"},"geometry":{"type":"LineString","coordinates":[[-21.9362091,64.1470215],[-21.9361193,64.1470005],[-21.9361083,64.1469815],[-21.9361262,64.1469649],[-21.9362319,64.1468712],[-21.9362064,64.1468402],[-21.9362668,64.1467903],[-21.936339,64.1467858],[-21.9364691,64.146675],[-21.9365206,64.146674],[-21.9365428,64.1466738],[-21.9366061,64.1466899],[-21.9366238,64.1467197],[-21.9365941,64.146744],[-21.9365062,64.146816],[-21.9365313,64.1468462],[-21.9364629,64.1469019],[-21.9363924,64.1469076],[-21.9362992,64.1469853],[-21.9362645,64.1470141],[-21.9362091,64.1470215]]}},{"type":"Feature","id":107706913,"properties":{"area":"yes","highway":"pedestrian","lit":"yes","surface":"paving_stones"},"geometry":{"type":"LineString","coordinates":[[-21.9387098,64.1455568],[-21.9386818,64.1455737],[-21.9385749,64.1456385],[-21.9385388,64.1456603],[-21.9385055,64.145653],[-21.9384737,64.1456435],[-21.9384437,64.1456342],[-21.9384275,64.1456257],[-21.9384148,64.1456191],[-21.9384,64.1456055],[-21.9383919,64.145591],[-21.9383915,64.1455775],[-21.9383697,64.1455741],[-21.9383566,64.1455846],[-21.9383287,64.1455932],[-21.9382997,64.1455977],[-21.938264,64.145598],[-21.9382176,64.1455893],[-21.9381948,64.1455787],[-21.9381804,64.1455646],[-21.9381775,64.1455525],[-21.9381834,64.1455388],[-21.9381932,64.14553],[-21.9382171,64.1455185],[-21.9382451,64.1455118],[-21.9382802,64.1455092],[-21.9383068,64.1455107],[-21.9383514,64.1455218],[-21.9383767,64.1455392],[-21.9383819,64.1455495],[-21.9384051,64.145552],[-21.9384268,64.1455388],[-21.9384434,64.1455324],[-21.9384664,64.1455236],[-21.9384976,64.1455171],[-21.9385388,64.1455133],[-21.9385767,64.1455141],[-21.9386115,64.1455184],[-21.9386485,64.1455278],[-21.9386759,64.1455405],[-21.9387098,64.1455568]]}},{"type":"Feature","id":107706915,"properties":{"leisure":"park","name":"Mæðragarðurinn"},"geometry":{"type":"LineString","coordinates":[[-21.9380933,64.1458232],[-21.9381537,64.1458367],[-21.9381845,64.1458349],[-21.9382221,64.1458326],[-21.9382556,64.1458256],[-21.9390402,64.1453115],[-21.9390563,64.1452805],[-21.9382798,64.1452115],[-21.9380544,64.1457735],[-21.9381269,64.1457887],[-21.9380933,64.1458232]]}},{"type":"Feature","id":107706917,"properties":{"addr:housename":"Turninn","addr:postcode":"101","addr:street":"Lækjartorg","building":"yes"},"geometry":{"type":"LineString","coordinates":[[-21.9364925,64.1475621],[-21.9365044,64.147558],[-21.9365124,64.1475523],[-21.9365155,64.1475458],[-21.9365134,64.1475393],[-21.9365062,64.1475334],[-21.9364948,64.147529],[-21.9364807,64.1475266],[-21.9364655,64.1475264],[-21.936451,64.1475284],[-21.9364391,64.1475325],[-21.9364311,64.1475382],[-21.936428,64.1475447],[-21.9364302,64.1475512],[-21.9364374,64.1475571],[-21.9364487,64.1475615],[-21.9364628,64.147564],[-21.936478,64.1475642],[-21.9364925,64.1475621]]}},{"type":"Feature","id":108050270,"properties":{"addr:housenumber":"8a","addr:postcode":"101","building":"yes","start_date":"1904"},"geometry":{"type":"LineString","coordinates":[[-21.9349079,64.1462685],[-21.9350415,64.1462888],[-21.9351026,64.1462074],[-21.9349682,64.1461882],[-21.9349079,64.1462685]]}},{"type":"Feature","id":108050272,"properties":{"addr:housenumber":"5","addr:postcode":"101","building":"yes","start_date":"1890"},"geometry":{"type":"LineString","coordinates":[[-21.935292,64.1462377],[-21.9351833,64.1462152],[-21.9352705,64.1461351],[-21.9355456,64.1461921],[-21.9354683,64.146263],[-21.935302,64.1462285],[-21.935292,64.1462377]]}},{"type":"Feature","id":108050273,"properties":{"addr:housenumber":"5B","addr:postcode":"101","addr:street":"Skólastræti","building":"yes","ref:HNITNUM":"10017655","source:addr":"Staðfangaskrá","start_date":"1858"},"geometry":{"type":"LineString","coordinates":[[-21.935191,64.1464386],[-21.93532,64.1463548],[-21.9353376,64.1463595],[-21.9353866,64.1463235],[-21.9354666,64.1463475],[-21.9354182,64.1463811],[-21.9354581,64.1463917],[-21.9353312,64.1464772],[-21.935269,64.1464595],[-21.935191,64.1464386]]}},{"type":"Feature","id":108050277,"properties":{"addr:housenumber":"5a","addr:postcode":"101","building":"yes"},"geometry":{"type":"LineString","coordinates":[[-21.9350627,64.1461973],[-21.9350801,64.1461722],[-21.9351753,64.1461918],[-21.9352451,64.1461283],[-21.9350774,64.146095],[-21.9350311,64.1461041],[-21.9349728,64.1461848],[-21.9350627,64.1461973]]}},{"type":"Feature","id":108387792,"properties":{"highway":"service","maxspeed":"10","service":"parking_aisle"},"geometry":{"type":"LineString","coordinates":[[-21.9386899,64.1434221],[-21.9386617,64.1433952],[-21.9385826,64.1433759],[-21.9377005,64.1433749]]}},{"type":"Feature","id":110885345,"properties":{"addr:city":"Reykjavík","addr:housename":"Alþingishúsið","addr:housenumber":"14","addr:postcode":"101","addr:street":"Kirkjustræti","alt_name":"Alþingi","building":"government","name":"Alþingishúsið","start_date":"1881","wikidata":"Q451045","wikipedia":"is:Alþingishúsið"},"geometry":{"type":"LineString","coordinates":[[-21.9401859,64.1466674],[-21.9401822,64.1466642],[-21.9401773,64.146657],[-21.9401763,64.1466495],[-21.9401793,64.1466422],[-21.940186,64.1466353],[-21.9401962,64.1466293],[-21.9402093,64.1466244],[-21.9402246,64.146621],[-21.9402413,64.1466192],[-21.9402585,64.1466191],[-21.9402754,64.1466207],[-21.940291,64.1466241],[-21.9403044,64.1466289],[-21.9403149,64.1466349],[-21.9403219,64.1466419],[-21.9403251,64.1466493],[-21.9403241,64.1466569],[-21.9403192,64.1466642],[-21.9403105,64.1466708],[-21.9402981,64.1466765],[-21.9402839,64.1466805],[-21.9402803,64.1466812],[-21.9403055,64.1466846],[-21.9402989,64.1466932],[-21.9402979,64.1466945],[-21.9405062,64.1467245],[-21.9404947,64.1467397],[-21.9404841,64.1467537],[-21.9403937,64.1468732],[-21.9398297,64.146792],[-21.9399422,64.1466433],[-21.9401214,64.1466691],[-21.9401289,64.1466592],[-21.9401538,64.1466628],[-21.9401859,64.1466674]]}},{"type":"Feature","id":114790871,"properties":{"addr:housename":"Nýja bíó","addr:housenumber":"22b","addr:postcode":"101","addr:street":"Lækjargata","building":"yes","start_date":"2011"},"geometry":{"type":"LineString","coordinates":[[-21.9374577,64.1472256],[-21.9375232,64.1471099],[-21.9372163,64.1470643],[-21.9370688,64.1471648],[-21.9371788,64.1471835],[-21.9371868,64.1472023],[-21.9372727,64.1472186],[-21.9373183,64.1472058],[-21.9373706,64.1472128],[-21.9374577,64.1472256]]}},{"type":"Feature","id":114790872,"properties":{"addr:housenumber":"2","addr:postcode":"101","addr:street":"Lækjargata","building":"yes","building:levels":"4","start_date":"2011"},"geometry":{"type":"LineString","coordinates":[[-21.9369763,64.1470223],[-21.9366833,64.1472086],[-21.9366638,64.147221],[-21.9367,64.1472403],[-21.9368301,64.1472619],[-21.9369857,64.1471496],[-21.9370307,64.1471578],[-21.9370688,64.1471648],[-21.9372163,64.1470643],[-21.9369763,64.1470223]]}},{"type":"Feature","id":114790873,"properties":{"addr:city":"Reykjavík","addr:housenumber":"22","addr:postcode":"101","addr:street":"Austurstræti","amenity":"restaurant","building":"yes","building:levels":"1","cuisine":"italian","email":"happ@happ.is","name":"Ristorante Caruso","opening_hours":"Mo - Th 11:30-22:30, Fr 11:30-23:30, Sa 12:00-22:30, Su 17:00-22:30","smoking":"no","start_date":"2011","website":"http://www.caruso.is","wheelchair":"yes"},"geometry":{"type":"LineString","coordinates":[[-21.9372592,64.1473228],[-21.9373061,64.1472627],[-21.9370537,64.1472253],[-21.9370068,64.1472854],[-21.9371488,64.1473064],[-21.9372592,64.1473228]]}},{"type":"Feature","id":114790874,"properties":{"highway":"residential","lanes":"1","lit":"yes","maxspeed":"30","name":"Bankastræti","oneway":"yes","sidewalk":"no","surface":"paving_stones","wikidata":"Q16420477","wikipedia":"is:Bankastræti"},"geometry":{"type":"LineString","coordinates":[[-21.9362806,64.1471965],[-21.9364255,64.147235]]}},{"type":"Feature","id":121944156,"properties":{"addr:housenumber":"29","addr:postcode":"101","building":"detached","start_date":"1899","wikidata":"Q97260112","wikipedia":"is:Þingholtsstræti 29"},"geometry":{"type":"LineString","coordinates":[[-21.9362317,64.1440595],[-21.9364347,64.1440895],[-21.9363518,64.1441962],[-21.9361488,64.1441662],[-21.9362317,64.1440595]]}},{"type":"Feature","id":121944157,"properties":{"addr:city":"Reykjavík","addr:housenumber":"33","addr:postcode":"101","addr:street":"Þingholtsstræti","building":"yes","source":"Kaart Ground Survey 2017"},"geometry":{"type":"LineString","coordinates":[[-21.936649,64.1435276],[-21.9368247,64.1435534],[-21.936747,64.1436535],[-21.9365674,64.14363],[-21.936649,64.1435276]]}},{"type":"Feature","id":121944158,"properties":{"addr:housenumber":"29a","addr:postcode":"101","building":"house","name":"Gamla Borgarbókasafnið"},"geometry":{"type":"LineString","coordinates":[[-21.9362342,64.1439737],[-21.9360786,64.1439489],[-21.9360054,64.1439364],[-21.9359503,64.1439906],[-21.9357446,64.1439607],[-21.9358091,64.1438873],[-21.9358865,64.1438979],[-21.9359498,64.1439065],[-21.9360711,64.1437641],[-21.936367,64.1438162],[-21.9362342,64.1439737]]}},{"type":"Feature","id":121944159,"properties":{"addr:city":"Reykjavík","addr:housenumber":"31","addr:postcode":"101","addr:street":"Þingholtsstræti","building":"yes","source":"Kaart Ground Survey 2017"},"geometry":{"type":"LineString","coordinates":[[-21.9366865,64.1437733],[-21.9365457,64.1437575],[-21.9365927,64.1436861],[-21.9365212,64.1436729],[-21.9365507,64.1436279],[-21.9365674,64.14363],[-21.936747,64.1436535],[-21.9367643,64.1436557],[-21.9366865,64.1437733]]}},{"type":"Feature","id":121944161,"properties":{"addr:city":"Reykjavík","addr:housenumber":"12","addr:postcode":"101","addr:street":"Grundarstígur","building":"apartments","ref:HNITNUM":"10010992","source:addr":"Staðfangaskrá"},"geometry":{"type":"LineString","coordinates":[[-21.9360629,64.1440382],[-21.9360036,64.1440308],[-21.9360116,64.1440186],[-21.935737,64.1439768],[-21.9356562,64.1440893],[-21.9359875,64.144139],[-21.9360629,64.1440382]]}},{"type":"Feature","id":122401659,"properties":{"addr:housenumber":"15B","addr:postcode":"101","building":"yes"},"geometry":{"type":"LineString","coordinates":[[-21.9352538,64.1438525],[-21.9350873,64.1438256],[-21.935119,64.1437882],[-21.9350941,64.1437842],[-21.9351231,64.1437501],[-21.9351388,64.1437526],[-21.9351725,64.143713],[-21.9353481,64.1437413],[-21.9352538,64.1438525]]}},{"type":"Feature","id":122401661,"properties":{"addr:housenumber":"2","addr:postcode":"101","building":"apartments"},"geometry":{"type":"LineString","coordinates":[[-21.9351027,64.1439277],[-21.9352826,64.1439513],[-21.9352381,64.1440237],[-21.9350571,64.1439973],[-21.9350718,64.1439798],[-21.9350048,64.1439722],[-21.9350339,64.1439261],[-21.9350986,64.1439342],[-21.9351027,64.1439277]]}},{"type":"Feature","id":122401676,"properties":{"addr:housenumber":"17","addr:postcode":"101","building":"yes"},"geometry":{"type":"LineString","coordinates":[[-21.9357518,64.1436049],[-21.9355744,64.143581],[-21.9355546,64.1436248],[-21.9355144,64.1436189],[-21.9354956,64.1436411],[-21.9354514,64.1436382],[-21.9354178,64.1436874],[-21.9355489,64.1437015],[-21.9355637,64.1436734],[-21.9356884,64.143691],[-21.9357518,64.1436049]]}},{"type":"Feature","id":122401680,"properties":{"addr:city":"Reykjavík","addr:housenumber":"9","addr:postcode":"101","addr:street":"Grundarstígur","building":"detached","ref:HNITNUM":"10010989","source:addr":"Staðfangaskrá","start_date":"1898"},"geometry":{"type":"LineString","coordinates":[[-21.9353439,64.1441445],[-21.9351938,64.1441239],[-21.9351474,64.1441881],[-21.9351936,64.1441945],[-21.935178,64.1442161],[-21.9352319,64.1442235],[-21.9352474,64.144202],[-21.9352975,64.1442089],[-21.9353439,64.1441445]]}},{"type":"Feature","id":122401681,"properties":{"addr:housenumber":"19","addr:postcode":"101","addr:street":"Grundarstígur","building":"yes","ref:HNITNUM":"10010997","source:addr":"Staðfangaskrá"},"geometry":{"type":"LineString","coordinates":[[-21.9357652,64.1435452],[-21.9358279,64.143467],[-21.9356579,64.1434435],[-21.9356579,64.1434493],[-21.9355851,64.1434395],[-21.9355774,64.1434499],[-21.9355586,64.1434809],[-21.9356213,64.1434892],[-21.9356096,64.1435166],[-21.9357652,64.1435452]]}},{"type":"Feature","id":122401682,"properties":{"addr:housenumber":"11","addr:postcode":"101","building":"apartments"},"geometry":{"type":"LineString","coordinates":[[-21.9354943,64.1439546],[-21.9352971,64.1439277],[-21.9352826,64.1439513],[-21.9352381,64.1440237],[-21.9354121,64.1440513],[-21.9354269,64.1440472],[-21.9354376,64.1440384],[-21.9354943,64.1439546]]}},{"type":"Feature","id":122401684,"properties":{"addr:housenumber":"13","addr:postcode":"101","building":"yes"},"geometry":{"type":"LineString","coordinates":[[-21.9353628,64.1438979],[-21.9354165,64.1438213],[-21.9355798,64.1438483],[-21.9355184,64.1439225],[-21.9353628,64.1438979]]}},{"type":"Feature","id":122401687,"properties":{"addr:city":"Reykjavík","addr:housenumber":"7","addr:postcode":"101","addr:street":"Grundarstígur","building":"yes"},"geometry":{"type":"LineString","coordinates":[[-21.9352703,64.144267],[-21.935103,64.1442438],[-21.935095,64.1442548],[-21.9350323,64.1442461],[-21.9350133,64.1442721],[-21.9349784,64.1442673],[-21.9349534,64.1443016],[-21.9352184,64.1443383],[-21.9352703,64.144267]]}},{"type":"Feature","id":122401701,"properties":{"addr:housenumber":"15","addr:postcode":"101","building":"yes"},"geometry":{"type":"LineString","coordinates":[[-21.9356324,64.1437669],[-21.9354648,64.1437458],[-21.9354514,64.1437692],[-21.9354058,64.1437663],[-21.935395,64.1437862],[-21.9354353,64.1437909],[-21.9354165,64.1438213],[-21.9355798,64.1438483],[-21.9356324,64.1437669]]}},{"type":"Feature","id":122401702,"properties":{"addr:housenumber":"28B","addr:postcode":"101","addr:street":"Bergstaðastræti","building":"yes","ref:HNITNUM":"10007040","source:addr":"Staðfangaskrá"},"geometry":{"type":"LineString","coordinates":[[-21.9353173,64.1436789],[-21.9351125,64.1436524],[-21.9351702,64.1435678],[-21.935375,64.1435943],[-21.9353173,64.1436789]]}},{"type":"Feature","id":122401703,"properties":{"addr:city":"Reykjavík","addr:housenumber":"5a","addr:postcode":"101","addr:street":"Grundarstígur","building":"yes"},"geometry":{"type":"LineString","coordinates":[[-21.9351784,64.1443575],[-21.9351363,64.1444133],[-21.9349767,64.1443904],[-21.9350187,64.1443346],[-21.9351784,64.1443575]]}},{"type":"Feature","id":122401706,"properties":{"addr:city":"Reykjavík","addr:housenumber":"5","addr:postcode":"101","addr:street":"Grundarstígur","building":"yes"},"geometry":{"type":"LineString","coordinates":[[-21.9351223,64.1444723],[-21.934972,64.1444511],[-21.934921,64.14452],[-21.9350713,64.1445411],[-21.9351223,64.1444723]]}},{"type":"Feature","id":124546019,"properties":{"addr:city":"Reykjavík","addr:housenumber":"6","addr:postcode":"101","addr:street":"Grundarstígur","building":"yes"},"geometry":{"type":"LineString","coordinates":[[-21.9355408,64.1444867],[-21.9353748,64.1444663],[-21.9353235,64.1445454],[-21.9354895,64.1445659],[-21.9355009,64.1445483],[-21.9355408,64.1444867]]}},{"type":"Feature","id":124546027,"properties":{"addr:city":"Reykjavík","addr:housenumber":"4","addr:postcode":"101","addr:street":"Grundarstígur","building":"yes"},"geometry":{"type":"LineString","coordinates":[[-21.9352715,64.1446262],[-21.9353235,64.1445454],[-21.9354895,64.1445659],[-21.9355129,64.1445686],[-21.9354892,64.1446037],[-21.9355514,64.1446117],[-21.9355337,64.1446379],[-21.935467,64.1446293],[-21.9354533,64.1446496],[-21.9352715,64.1446262]]}},{"type":"Feature","id":124546038,"properties":{"addr:housenumber":"25","addr:postcode":"101","building":"apartments","start_date":"1884"},"geometry":{"type":"LineString","coordinates":[[-21.9358385,64.14473],[-21.9357624,64.1447185],[-21.9357337,64.1447547],[-21.9357031,64.1447501],[-21.9356133,64.1448631],[-21.9358032,64.1448918],[-21.9358912,64.144781],[-21.9358079,64.1447685],[-21.9358385,64.14473]]}},{"type":"Feature","id":124546063,"properties":{"addr:city":"Reykjavík","addr:housenumber":"8","addr:postcode":"101","addr:street":"Grundarstígur","building":"yes"},"geometry":{"type":"LineString","coordinates":[[-21.9356944,64.144394],[-21.9354756,64.1443631],[-21.9354118,64.144449],[-21.9355854,64.1444735],[-21.9355717,64.1444919],[-21.935617,64.1444983],[-21.9356944,64.144394]]}},{"type":"Feature","id":124546066,"properties":{"addr:housenumber":"27","addr:postcode":"101","building":"apartments"},"geometry":{"type":"LineString","coordinates":[[-21.9359636,64.1444015],[-21.935985,64.1443595],[-21.935851,64.1443459],[-21.935855,64.1443372],[-21.9359127,64.1442523],[-21.9361715,64.1442898],[-21.9361795,64.1442833],[-21.9362091,64.1442874],[-21.9362399,64.1442956],[-21.9362466,64.1443056],[-21.9362372,64.144319],[-21.936217,64.1443391],[-21.9362359,64.1443407],[-21.9361715,64.1444313],[-21.9360508,64.1445781],[-21.9357678,64.1445372],[-21.9358067,64.1444829],[-21.9358644,64.1444933],[-21.9359314,64.1443993],[-21.9359636,64.1444015]]}},{"type":"Feature","id":124546103,"properties":{"addr:city":"Reykjavík","addr:housenumber":"2","addr:postcode":"101","addr:street":"Grundarstígur","building":"yes","ref:HNITNUM":"10010979","source:addr":"Staðfangaskrá"},"geometry":{"type":"LineString","coordinates":[[-21.935455,64.144779],[-21.9354134,64.1448328],[-21.9351396,64.1447925],[-21.9352101,64.1447065],[-21.9353975,64.1447334],[-21.935377,64.1447676],[-21.935455,64.144779]]}},{"type":"Feature","id":124546111,"properties":{"addr:city":"Reykjavík","addr:housenumber":"2A","addr:postcode":"101","addr:street":"Grundarstígur","building":"yes","ref:HNITNUM":"10010980","source:addr":"Staðfangaskrá"},"geometry":{"type":"LineString","coordinates":[[-21.9354353,64.1446834],[-21.9353975,64.1447334],[-21.9352101,64.1447065],[-21.9352715,64.1446262],[-21.9354533,64.1446496],[-21.9354353,64.1446834]]}},{"type":"Feature","id":124546133,"properties":{"addr:city":"Reykjavík","addr:housenumber":"10","addr:postcode":"101","addr:street":"Grundarstígur","building":"yes"},"geometry":{"type":"LineString","coordinates":[[-21.9357106,64.1443364],[-21.9354926,64.1443054],[-21.9355657,64.1442078],[-21.9357836,64.1442388],[-21.9357106,64.1443364]]}},{"type":"Feature","id":124546139,"properties":{"addr:city":"Reykjavík","addr:housenumber":"23","addr:postcode":"101","addr:street":"Ingólfsstræti","building":"detached","source":"Kaart Ground Survey 2017","start_date":"1878"},"geometry":{"type":"LineString","coordinates":[[-21.9349073,64.1449241],[-21.9350373,64.144946],[-21.9350299,64.1449544],[-21.9349863,64.1449471],[-21.9349508,64.1449869],[-21.9350795,64.1450087],[-21.9351758,64.1449003],[-21.9349608,64.144864],[-21.9349073,64.1449241]]}},{"type":"Feature","id":124712328,"properties":{"addr:city":"Reykjavík","addr:housenumber":"17","addr:postcode":"101","addr:street":"Þingholtsstræti","building":"yes","start_date":"1901"},"geometry":{"type":"LineString","coordinates":[[-21.9351903,64.1453787],[-21.9352093,64.1453815],[-21.9351745,64.145426],[-21.9352353,64.145435],[-21.935221,64.1454532],[-21.9351052,64.145436],[-21.9350756,64.1454738],[-21.9351606,64.1454864],[-21.9353309,64.1455118],[-21.9354476,64.1453626],[-21.9352283,64.14533],[-21.9351903,64.1453787]]}},{"type":"Feature","id":124712329,"properties":{"addr:city":"Reykjavík","addr:housenumber":"21","addr:postcode":"101","addr:street":"Þingholtsstræti","building":"residential","name":"Ambassade Apartments","source":"Kaart Ground Survey 2017"},"geometry":{"type":"LineString","coordinates":[[-21.9353651,64.145229],[-21.9355376,64.1452562],[-21.9354597,64.1453504],[-21.9352963,64.1453246],[-21.9353164,64.1453004],[-21.9352878,64.1452959],[-21.9353074,64.1452723],[-21.9353268,64.1452753],[-21.9353651,64.145229]]}},{"type":"Feature","id":124712334,"properties":{"addr:housenumber":"23","addr:postcode":"101","building":"yes"},"geometry":{"type":"LineString","coordinates":[[-21.9354876,64.1450503],[-21.9355394,64.1449841],[-21.9354978,64.1449779],[-21.9355148,64.1449562],[-21.9355561,64.1449624],[-21.9355681,64.144947],[-21.9356993,64.1449666],[-21.9357179,64.1449857],[-21.9355335,64.1452313],[-21.9354139,64.1452142],[-21.9354799,64.1451262],[-21.9353823,64.1451123],[-21.9354017,64.145077],[-21.935366,64.1450694],[-21.9353946,64.1450365],[-21.9354876,64.1450503]]}},{"type":"Feature","id":124712337,"properties":{"addr:housenumber":"10","addr:postcode":"101","addr:street":"Bókhlöðustígur","building":"yes"},"geometry":{"type":"LineString","coordinates":[[-21.9362059,64.1453011],[-21.9360372,64.145276],[-21.9360047,64.1453176],[-21.9359664,64.1453119],[-21.935952,64.1453302],[-21.9359844,64.145335],[-21.9359636,64.1453617],[-21.9361381,64.1453877],[-21.9362059,64.1453011]]}},{"type":"Feature","id":124712339,"properties":{"addr:city":"Reykjavík","addr:housenumber":"20","addr:postcode":"101","addr:street":"Ingólfsstræti","building":"yes","source":"Kaart Ground Survey 2017","start_date":"1904"},"geometry":{"type":"LineString","coordinates":[[-21.9352237,64.1450459],[-21.9353505,64.1450668],[-21.9352724,64.1451565],[-21.9352495,64.1451528],[-21.9352341,64.1451705],[-21.9351732,64.1451604],[-21.9351893,64.1451419],[-21.9351463,64.1451348],[-21.9352237,64.1450459]]}},{"type":"Feature","id":124712341,"properties":{"addr:housenumber":"3","addr:postcode":"101","building":"yes"},"geometry":{"type":"LineString","coordinates":[[-21.9362163,64.1452783],[-21.9363041,64.1452919],[-21.9363668,64.1452151],[-21.9362469,64.1451965],[-21.9361975,64.145257],[-21.9362297,64.145262],[-21.9362163,64.1452783]]}},{"type":"Feature","id":124712342,"properties":{"addr:city":"Reykjavík","addr:housenumber":"22","addr:postcode":"101","addr:street":"Ingólfsstræti","building":"church"},"geometry":{"type":"LineString","coordinates":[[-21.9354828,64.1449353],[-21.9353946,64.1450365],[-21.935366,64.1450694],[-21.9353505,64.1450668],[-21.9352237,64.1450459],[-21.9353405,64.1449117],[-21.9354828,64.1449353]]}},{"type":"Feature","id":124712343,"properties":{"addr:housenumber":"3a","addr:postcode":"101","building":"yes"},"geometry":{"type":"LineString","coordinates":[[-21.9363124,64.1450514],[-21.9364858,64.1450771],[-21.936419,64.1451629],[-21.9362132,64.1451325],[-21.9362278,64.1451137],[-21.9361868,64.1451076],[-21.9362127,64.1450743],[-21.9361652,64.1450672],[-21.9362237,64.1449922],[-21.9363445,64.1450101],[-21.9363124,64.1450514]]}},{"type":"Feature","id":124712345,"properties":{"addr:housenumber":"24","addr:postcode":"101","building":"detached"},"geometry":{"type":"LineString","coordinates":[[-21.9360628,64.1450617],[-21.9358693,64.1450365],[-21.9359285,64.1449501],[-21.9361313,64.1449764],[-21.9361118,64.1450049],[-21.9361427,64.1450089],[-21.9361193,64.1450432],[-21.9360791,64.1450379],[-21.9360628,64.1450617]]}},{"type":"Feature","id":124712346,"properties":{"addr:city":"Reykjavík","addr:housenumber":"18","addr:postcode":"101","addr:street":"Ingólfsstræti","building":"yes","start_date":"1901"},"geometry":{"type":"LineString","coordinates":[[-21.9350836,64.145389],[-21.9351601,64.1453044],[-21.9350715,64.1452892],[-21.9350625,64.1452991],[-21.9350062,64.1452895],[-21.9349552,64.1453458],[-21.934983,64.1453506],[-21.9349665,64.1453689],[-21.9350836,64.145389]]}},{"type":"Feature","id":124712347,"properties":{"addr:housenumber":"26","addr:postcode":"101","addr:street":"Þingholtsstræti","building":"detached","ref:HNITNUM":"10016140","source:addr":"Staðfangaskrá","start_date":"1904"},"geometry":{"type":"LineString","coordinates":[[-21.9362238,64.1447954],[-21.9361878,64.1448408],[-21.936229,64.144847],[-21.9362088,64.1448725],[-21.9361544,64.1448643],[-21.9361406,64.1448817],[-21.9359958,64.1448599],[-21.9360658,64.1447716],[-21.9362238,64.1447954]]}},{"type":"Feature","id":124712348,"properties":{"addr:city":"Reykjavík","addr:housenumber":"22","addr:postcode":"101","addr:street":"Þingholtsstræti","building":"yes","source":"Kaart Ground Survey 2017","start_date":"1886"},"geometry":{"type":"LineString","coordinates":[[-21.935865,64.145305],[-21.9356782,64.1452785],[-21.9357304,64.1452087],[-21.9358827,64.1452303],[-21.9358543,64.1452684],[-21.9358888,64.1452733],[-21.935865,64.145305]]}},{"type":"Feature","id":124712350,"properties":{"addr:city":"Reykjavík","addr:housenumber":"7","addr:postcode":"101","addr:street":"Skálholtsstígur","building":"yes","historic":"building","name":"Næpan","source":"Kaart Ground Survey 2017"},"geometry":{"type":"LineString","coordinates":[[-21.9366795,64.1444238],[-21.9366582,64.1444206],[-21.936637,64.1444174],[-21.9366533,64.1443947],[-21.9365696,64.1443821],[-21.9365504,64.1443675],[-21.9365081,64.1443655],[-21.9364771,64.1443683],[-21.9363914,64.1443555],[-21.9363302,64.1444332],[-21.9364706,64.1444542],[-21.936452,64.1444779],[-21.936516,64.1444875],[-21.9365352,64.144463],[-21.9365952,64.1444719],[-21.9366115,64.1444512],[-21.9366531,64.1444574],[-21.9366795,64.1444238]]}},{"type":"Feature","id":124712351,"properties":{"addr:housenumber":"7","addr:postcode":"101","building":"yes"},"geometry":{"type":"LineString","coordinates":[[-21.9364539,64.1446863],[-21.9365642,64.1447028],[-21.9365737,64.1446907],[-21.9366885,64.1447079],[-21.9366577,64.1447471],[-21.9366666,64.1447484],[-21.9366251,64.1448013],[-21.936468,64.1447778],[-21.9364455,64.1448064],[-21.9363685,64.1447949],[-21.9364539,64.1446863]]}},{"type":"Feature","id":124712352,"properties":{"addr:housenumber":"22a","addr:postcode":"101","building":"yes"},"geometry":{"type":"LineString","coordinates":[[-21.9360475,64.1451959],[-21.9357797,64.1451598],[-21.9358348,64.1450822],[-21.9360086,64.1451056],[-21.9359803,64.1451455],[-21.9360743,64.1451582],[-21.9360475,64.1451959]]}},{"type":"Feature","id":124712359,"properties":{"addr:housenumber":"5","addr:postcode":"101","building":"yes"},"geometry":{"type":"LineString","coordinates":[[-21.9362979,64.144972],[-21.9365451,64.1450082],[-21.9366339,64.1448929],[-21.9363997,64.1448586],[-21.9363411,64.1449347],[-21.9363281,64.1449328],[-21.9362979,64.144972]]}},{"type":"Feature","id":124712363,"properties":{"addr:housenumber":"28","addr:postcode":"101","building":"apartments"},"geometry":{"type":"LineString","coordinates":[[-21.9363042,64.1447445],[-21.9363896,64.1446377],[-21.9361866,64.1446068],[-21.9361011,64.1447137],[-21.9363042,64.1447445]]}},{"type":"Feature","id":124712367,"properties":{"addr:city":"Reykjavík","addr:housenumber":"15a","addr:postcode":"101","addr:street":"Þingholtsstræti","building":"yes"},"geometry":{"type":"LineString","coordinates":[[-21.9351606,64.1454864],[-21.9351143,64.1455456],[-21.9351438,64.14555],[-21.9352846,64.1455709],[-21.9353309,64.1455118],[-21.9351606,64.1454864]]}},{"type":"Feature","id":124712372,"properties":{"addr:city":"Reykjavík","addr:housenumber":"15","addr:postcode":"101","addr:street":"Þingholtsstræti","building":"yes"},"geometry":{"type":"LineString","coordinates":[[-21.9350877,64.1456218],[-21.9351438,64.14555],[-21.9352846,64.1455709],[-21.9352284,64.1456427],[-21.9350877,64.1456218]]}},{"type":"Feature","id":124841397,"properties":{"addr:housenumber":"6a","addr:postcode":"101","addr:street":"Bókhlöðustígur","building":"residential"},"geometry":{"type":"LineString","coordinates":[[-21.9368251,64.1454795],[-21.9366801,64.1454487],[-21.9366156,64.1455063],[-21.9367607,64.1455372],[-21.9368251,64.1454795]]}},{"type":"Feature","id":124841398,"properties":{"addr:city":"Reykjavík","addr:housenumber":"6","addr:postcode":"101","addr:street":"Miðstræti","building":"yes","source":"Kaart Ground Survey 2017"},"geometry":{"type":"LineString","coordinates":[[-21.9368524,64.1450954],[-21.9366877,64.1450712],[-21.936763,64.1449739],[-21.9369419,64.1450002],[-21.9369049,64.1450481],[-21.9369513,64.1450549],[-21.9369298,64.1450827],[-21.9368692,64.1450737],[-21.9368524,64.1450954]]}},{"type":"Feature","id":124841399,"properties":{"addr:city":"Reykjavík","addr:housenumber":"12","addr:postcode":"101","addr:street":"Miðstræti","building":"apartments","source":"Kaart Ground Survey 2017"},"geometry":{"type":"LineString","coordinates":[[-21.9371138,64.1445193],[-21.9374243,64.1445649],[-21.9375014,64.144465],[-21.9371909,64.1444194],[-21.9371138,64.1445193]]}},{"type":"Feature","id":124841400,"properties":{"addr:housenumber":"9","addr:postcode":"101","building":"yes"},"geometry":{"type":"LineString","coordinates":[[-21.9375642,64.1448924],[-21.9374849,64.144888],[-21.9374868,64.1448815],[-21.937359,64.1448744],[-21.9373273,64.1449838],[-21.9374981,64.1449932],[-21.9375016,64.1449813],[-21.9375379,64.1449833],[-21.9375642,64.1448924]]}},{"type":"Feature","id":124841401,"properties":{"addr:housenumber":"11","addr:postcode":"101","building":"yes"},"geometry":{"type":"LineString","coordinates":[[-21.9377809,64.1448043],[-21.9376489,64.1448097],[-21.9376444,64.144789],[-21.9375218,64.144794],[-21.937497,64.1446782],[-21.9375411,64.1446764],[-21.9375348,64.1446467],[-21.9376828,64.1446407],[-21.9376891,64.1446699],[-21.9377515,64.1446673],[-21.9377809,64.1448043]]}},{"type":"Feature","id":124841402,"properties":{"addr:city":"Reykjavík","addr:housenumber":"10","addr:postcode":"101","addr:street":"Miðstræti","building":"yes","source":"Kaart Ground Survey 2017","start_date":"1904"},"geometry":{"type":"LineString","coordinates":[[-21.9372476,64.1446375],[-21.9371876,64.1446279],[-21.9372003,64.1446127],[-21.9371295,64.1446014],[-21.9371173,64.144616],[-21.9370601,64.1446068],[-21.9369724,64.1447111],[-21.9370302,64.1447203],[-21.9370183,64.1447344],[-21.9370952,64.1447467],[-21.9371054,64.1447346],[-21.9371588,64.1447431],[-21.9372476,64.1446375]]}},{"type":"Feature","id":124841403,"properties":{"addr:housenumber":"8a","addr:postcode":"101","building":"yes"},"geometry":{"type":"LineString","coordinates":[[-21.9371077,64.1448884],[-21.9368609,64.1448508],[-21.9368091,64.1449157],[-21.9369994,64.1449447],[-21.9370242,64.1449137],[-21.9370806,64.1449223],[-21.9371077,64.1448884]]}},{"type":"Feature","id":124841404,"properties":{"addr:housenumber":"4","addr:postcode":"101","building":"yes"},"geometry":{"type":"LineString","coordinates":[[-21.9367564,64.1452502],[-21.936553,64.1452172],[-21.9366333,64.145123],[-21.9368367,64.145156],[-21.9367564,64.1452502]]}},{"type":"Feature","id":124841405,"properties":{"addr:housenumber":"3","addr:postcode":"101","building":"yes","start_date":"1882"},"geometry":{"type":"LineString","coordinates":[[-21.9372498,64.1455431],[-21.937114,64.1455175],[-21.937169,64.1454608],[-21.937117,64.1454501],[-21.9371371,64.1454261],[-21.9371894,64.1454378],[-21.9372082,64.1454168],[-21.9371894,64.1454139],[-21.9372082,64.1453899],[-21.9373581,64.1454181],[-21.9372498,64.1455431]]}},{"type":"Feature","id":124841406,"properties":{"addr:housenumber":"6","addr:postcode":"101","addr:street":"Bókhlöðustígur","building":"residential","start_date":"1888"},"geometry":{"type":"LineString","coordinates":[[-21.9369157,64.1455596],[-21.9368395,64.145547],[-21.9369046,64.1454723],[-21.9370214,64.1454917],[-21.9369764,64.1455433],[-21.9369358,64.1455365],[-21.9369157,64.1455596]]}},{"type":"Feature","id":124841407,"properties":{"building":"yes","start_date":"1988"},"geometry":{"type":"LineString","coordinates":[[-21.9373222,64.145384],[-21.9372699,64.1453782],[-21.9372633,64.1453899],[-21.9372122,64.1453852],[-21.9372177,64.1453718],[-21.9371747,64.1453665],[-21.9371894,64.1453302],[-21.937349,64.1453468],[-21.9373222,64.145384]]}},{"type":"Feature","id":124841408,"properties":{"addr:city":"Reykjavík","addr:housenumber":"5","addr:postcode":"101","addr:street":"Miðstræti","building":"yes","building:colour":"white","building:levels":"3","smoking":"no","start_date":"1880","wheelchair":"no"},"geometry":{"type":"LineString","coordinates":[[-21.9377124,64.145255],[-21.937632,64.1452481],[-21.9376126,64.1452906],[-21.9374837,64.1452794],[-21.9374721,64.1453048],[-21.9375251,64.1453094],[-21.93749,64.1453863],[-21.9376464,64.1453999],[-21.9377124,64.145255]]}},{"type":"Feature","id":124841409,"properties":{"addr:housenumber":"7","addr:postcode":"101","building":"yes"},"geometry":{"type":"LineString","coordinates":[[-21.9374744,64.1451437],[-21.9374053,64.145139],[-21.9374165,64.1451079],[-21.9373409,64.1451027],[-21.9373664,64.1450322],[-21.9376807,64.1450538],[-21.937644,64.1451553],[-21.9375835,64.1451512],[-21.9375756,64.1451729],[-21.9374665,64.1451654],[-21.9374744,64.1451437]]}},{"type":"Feature","id":124841410,"properties":{"addr:housenumber":"2","addr:postcode":"101","addr:street":"Bókhlöðustígur","building":"yes"},"geometry":{"type":"LineString","coordinates":[[-21.9375471,64.1455515],[-21.9374076,64.1455186],[-21.9372589,64.1456385],[-21.9373984,64.1456714],[-21.9375471,64.1455515]]}},{"type":"Feature","id":124841411,"properties":{"addr:housenumber":"6b","addr:postcode":"101","addr:street":"Bókhlöðustígur","building":"yes"},"geometry":{"type":"LineString","coordinates":[[-21.9370549,64.1454043],[-21.93697,64.1454793],[-21.9368358,64.1454505],[-21.9368806,64.145411],[-21.9369223,64.14542],[-21.9369625,64.1453844],[-21.9370549,64.1454043]]}},{"type":"Feature","id":124841412,"properties":{"addr:housenumber":"13","addr:postcode":"101","building":"apartments","start_date":"1992"},"geometry":{"type":"LineString","coordinates":[[-21.9376856,64.1446174],[-21.937414,64.1445787],[-21.9374243,64.1445649],[-21.9375014,64.144465],[-21.9377705,64.1445038],[-21.9377604,64.1445173],[-21.9377849,64.1445231],[-21.9377841,64.1445318],[-21.9377344,64.1445979],[-21.9377035,64.1445935],[-21.9376856,64.1446174]]}},{"type":"Feature","id":124841413,"properties":{"addr:housenumber":"8","addr:postcode":"101","addr:street":"Bókhlöðustígur","building":"residential","start_date":"1898"},"geometry":{"type":"LineString","coordinates":[[-21.9366391,64.1454249],[-21.936524,64.1453992],[-21.9365459,64.1453806],[-21.9365019,64.1453708],[-21.9364798,64.1453897],[-21.9364555,64.1453843],[-21.9363757,64.1454525],[-21.936559,64.1454933],[-21.9366391,64.1454249]]}},{"type":"Feature","id":124841414,"properties":{"building":"yes"},"geometry":{"type":"LineString","coordinates":[[-21.9368477,64.1451145],[-21.9368254,64.1451446],[-21.9369773,64.1451661],[-21.9369996,64.145136],[-21.9368477,64.1451145]]}},{"type":"Feature","id":129026197,"properties":{"bicycle":"designated","foot":"designated","highway":"living_street","lanes":"1","lit":"yes","maxspeed":"15","name":"Hafnarstræti","old_name":"Strandgata","oneway":"no","sidewalk":"both","surface":"paving_stones","wikidata":"Q16426541","wikipedia":"is:Hafnarstræti (Reykjavík)"},"geometry":{"type":"LineString","coordinates":[[-21.9383222,64.148007],[-21.9382727,64.1480009],[-21.9382313,64.1479958],[-21.9379956,64.1479668],[-21.937629,64.1479343],[-21.9373729,64.147922]]}},{"type":"Feature","id":133506270,"properties":{"coach":"no","highway":"residential","lanes":"1","lit":"yes","maxlength":"8","maxspeed":"30","name":"Hafnarstræti","old_name":"Reipslagarabraut","oneway":"no","parking":"separate","sidewalk":"both","surface":"asphalt","wikidata":"Q16426541","wikipedia":"is:Hafnarstræti (Reykjavík)"},"geometry":{"type":"LineString","coordinates":[[-21.9403604,64.1482844],[-21.9400349,64.1482402]]}},{"type":"Feature","id":133620825,"properties":{"bicycle":"designated","foot":"designated","goods:conditional":"destination @ (Mo-Fr 07:00-11:00; Sa-Su 08:00-11:00; PH 08:00-11:00)","highway":"pedestrian","lit":"yes","maxspeed":"10","motor_vehicle":"no","name":"Hafnarstræti","old_name":"Reipslagarabraut","sidewalk":"both","smoothness":"good","surface":"paving_stones","wikidata":"Q16426541","wikipedia":"is:Hafnarstræti (Reykjavík)"},"geometry":{"type":"LineString","coordinates":[[-21.9413826,64.1484387],[-21.9413207,64.1484293],[-21.9409794,64.1483764],[-21.9406101,64.1483192],[-21.9404691,64.1482996],[-21.9404536,64.1482974],[-21.9403604,64.1482844]]}},{"type":"Feature","id":133620827,"properties":{"bicycle":"designated","foot":"designated","highway":"living_street","lit":"no","maxspeed":"15","name":"Kolasund","oneway":"no","surface":"paving_stones"},"geometry":{"type":"LineString","coordinates":[[-21.937439,64.1477145],[-21.9373729,64.147922]]}},{"type":"Feature","id":133855584,"properties":{"addr:city":"Reykjavík","addr:housenumber":"13","addr:postcode":"101","addr:street":"Pósthússtræti","building":"yes","ref:HNITNUM":"10025082","source":"Bing","source:addr":"Staðfangaskrá"},"geometry":{"type":"LineString","coordinates":[[-21.9382083,64.1466576],[-21.9383046,64.1466712],[-21.938336,64.1466309],[-21.9386756,64.1466813],[-21.9386476,64.1467172],[-21.9387756,64.1467362],[-21.9386807,64.1468578],[-21.9384678,64.1468262],[-21.9384921,64.1467951],[-21.9383208,64.1467696],[-21.9382863,64.1468129],[-21.9382735,64.146829],[-21.9380987,64.1468044],[-21.9381099,64.1467893],[-21.9382083,64.1466576]]}},{"type":"Feature","id":151389099,"properties":{"busway":"lane","foot":"no","highway":"service","maxspeed":"30","motor_vehicle":"no","name":"Lækjargata","oneway":"yes","service":"bus","surface":"asphalt"},"geometry":{"type":"LineString","coordinates":[[-21.9355165,64.1477706],[-21.9356035,64.1477528],[-21.9356774,64.1477323],[-21.9357397,64.1476989],[-21.9361302,64.1474632],[-21.9363305,64.1473347],[-21.9363508,64.1473226],[-21.936397,64.1472943],[-21.9364255,64.147235]]}},{"type":"Feature","id":151389100,"properties":{"foot":"no","highway":"secondary","lanes":"2","maxspeed":"30","name":"Lækjargata","oneway":"yes","surface":"asphalt","wikidata":"Q16421199","wikipedia":"is:Lækjargata"},"geometry":{"type":"LineString","coordinates":[[-21.9364255,64.147235],[-21.936549,64.1471583],[-21.9377955,64.1463819],[-21.9378295,64.1463621],[-21.9379181,64.1463075],[-21.9384588,64.1459715]]}},{"type":"Feature","id":157699175,"properties":{"natural":"scrub"},"geometry":{"type":"LineString","coordinates":[[-21.9361271,64.1476654],[-21.9360172,64.1476385],[-21.9361218,64.1475835],[-21.9361647,64.1475932],[-21.9362209,64.147606],[-21.9361271,64.1476654]]}},{"type":"Feature","id":187073029,"properties":{"electrified":"no","gauge":"900","name":"Minør","note":"Tiny section of track upon which the conserved historic locomotive 'Minør' sits.","railway":"narrow_gauge","railway:preserved":"yes","source":"Bing"},"geometry":{"type":"LineString","coordinates":[[-21.9384233,64.1494261],[-21.9382397,64.1493859]]}},{"type":"Feature","id":198857414,"properties":{"addr:housenumber":"6c","addr:postcode":"101","addr:street":"Bókhlöðustígur","building":"residential"},"geometry":{"type":"LineString","coordinates":[[-21.9370648,64.1453918],[-21.9367729,64.145342],[-21.9368246,64.1452845],[-21.9371165,64.1453343],[-21.9370648,64.1453918]]}},{"type":"Feature","id":198857768,"properties":{"building":"yes"},"geometry":{"type":"LineString","coordinates":[[-21.9367013,64.1454226],[-21.9367703,64.1453434],[-21.9369235,64.1453698],[-21.9367972,64.1454036],[-21.9367671,64.1454352],[-21.9367013,64.1454226]]}},{"type":"Feature","id":198857769,"properties":{"building":"residential"},"geometry":{"type":"LineString","coordinates":[[-21.9368506,64.1452621],[-21.9368329,64.1452824],[-21.9367486,64.1452684],[-21.9367663,64.1452482],[-21.9368506,64.1452621]]}},{"type":"Feature","id":201797102,"properties":{"access":"private","busway":"lane","highway":"service","maxspeed":"30","oneway":"yes","service":"bus","surface":"paved"},"geometry":{"type":"LineString","coordinates":[[-21.9383,64.145932],[-21.9380974,64.1459576],[-21.9377681,64.1461679],[-21.9376005,64.1462887],[-21.9375493,64.1463413],[-21.9374559,64.1464055],[-21.9373672,64.1464657],[-21.9372572,64.1465357],[-21.9367046,64.1468877],[-21.93649,64.1470244],[-21.9364346,64.1470998]]}},{"type":"Feature","id":232305472,"properties":{"addr:housenumber":"8B","addr:postcode":"101","addr:street":"Miðstræti","building":"yes","ref:HNITNUM":"10021771","source:addr":"Staðfangaskrá","start_date":"1903"},"geometry":{"type":"LineString","coordinates":[[-21.9368609,64.1448508],[-21.9369178,64.1447798],[-21.9371142,64.1448096],[-21.9370782,64.1448546],[-21.9371286,64.1448623],[-21.9371077,64.1448884],[-21.9368609,64.1448508]]}},{"type":"Feature","id":232718744,"properties":{"addr:housenumber":"14","addr:postcode":"101","addr:street":"Hafnarstræti","building":"office","building:levels":"4","ref:HNITNUM":"10090348","roof:levels":"0","source:addr":"Staðfangaskrá","start_date":"1902"},"geometry":{"type":"LineString","coordinates":[[-21.9389006,64.1479233],[-21.9388485,64.1480214],[-21.9384757,64.1479737],[-21.9384944,64.1479471],[-21.9385412,64.1478803],[-21.9386695,64.1478957],[-21.9389006,64.1479233]]}},{"type":"Feature","id":232718746,"properties":{"addr:housenumber":"24","addr:postcode":"101","addr:street":"Tryggvagata","building":"yes","building:levels":"3","wikidata":"Q16429071","wikipedia":"is:Tryggvagata"},"geometry":{"type":"LineString","coordinates":[[-21.9397527,64.14847],[-21.939691,64.1484805],[-21.9395617,64.1484492],[-21.9394232,64.1485583],[-21.939557,64.1485919],[-21.9398357,64.1486618],[-21.9398947,64.1486548],[-21.9400013,64.1485316],[-21.9397527,64.14847]]}},{"type":"Feature","id":232718748,"properties":{"addr:housenumber":"8","addr:postcode":"101","building":"yes","building:levels":"4"},"geometry":{"type":"LineString","coordinates":[[-21.9395678,64.1480211],[-21.939506,64.1481078],[-21.9396568,64.1481272],[-21.9398083,64.1481467],[-21.9398749,64.1480625],[-21.9395678,64.1480211]]}},{"type":"Feature","id":238538980,"properties":{"addr:city":"Reykjavík","addr:housenumber":"9","addr:postcode":"101","addr:street":"Pósthússtræti","building":"yes","building:levels":"6","source":"Bing"},"geometry":{"type":"LineString","coordinates":[[-21.9386669,64.1472345],[-21.9387223,64.1471519],[-21.9386921,64.1471482],[-21.9384437,64.1471178],[-21.9383955,64.147199],[-21.9384344,64.1472036],[-21.9386669,64.1472345]]}},{"type":"Feature","id":238538982,"properties":{"addr:city":"Reykjavík","addr:housenumber":"16","addr:postcode":"101","addr:street":"Austurstræti","architect":"Guðjón Samúelsson","architect:wikipedia":"en:Guðjón Samúelsson","building":"yes","building:levels":"6","description":"In the grand stairway that leads through the center of the Apotek Hotel, the modern bright lift lights up the spiral staircase walk past original art from Iceland‘s well known sculptor Guðmundur Einarsson from Miðdalur (1895 – 1963).","historic":"building","name":"Reykjavikurapótek","source":"Bing","start_date":"1917","wikidata":"Q16420144","wikipedia":"is:Austurstræti 16"},"geometry":{"type":"LineString","coordinates":[[-21.9386669,64.1472345],[-21.9386523,64.1472558],[-21.938467,64.1475204],[-21.9381694,64.1474809],[-21.9381243,64.1474749],[-21.9382842,64.1472644],[-21.938383,64.1472771],[-21.9384344,64.1472036],[-21.9386669,64.1472345]]}},{"type":"Feature","id":297977923,"properties":{"busway:right":"lane","foot":"no","highway":"secondary","lanes":"2","maxspeed":"30","name":"Lækjargata","oneway":"yes","surface":"asphalt","turn:lanes":"left|through","wikidata":"Q16421199","wikipedia":"is:Lækjargata"},"geometry":{"type":"LineString","coordinates":[[-21.9383,64.145932],[-21.9378642,64.1461898],[-21.9377485,64.1462599]]}},{"type":"Feature","id":297985267,"properties":{"foot":"no","highway":"secondary","lanes":"2","lit":"yes","maxspeed":"30","name":"Lækjargata","oneway":"yes","surface":"asphalt","wikidata":"Q16421199","wikipedia":"is:Lækjargata"},"geometry":{"type":"LineString","coordinates":[[-21.9364346,64.1470998],[-21.9364228,64.1471072],[-21.9364063,64.1471175],[-21.9362806,64.1471965]]}},{"type":"Feature","id":356795969,"properties":{"building":"yes","building:levels":"2"},"geometry":{"type":"LineString","coordinates":[[-21.9384471,64.1479406],[-21.9384944,64.1479471],[-21.9385412,64.1478803],[-21.9386695,64.1478957],[-21.9387145,64.1478331],[-21.9385923,64.1478129],[-21.9386364,64.1477614],[-21.9386081,64.1477575],[-21.9385816,64.1477538],[-21.9384471,64.1479406]]}},{"type":"Feature","id":471052259,"properties":{"bridge":"yes","building":"bridge","building:levels":"3","building:min_level":"2","covered":"yes","layer":"2"},"geometry":{"type":"LineString","coordinates":[[-21.9399825,64.1481746],[-21.9400582,64.1481868],[-21.9400127,64.1482892],[-21.9399341,64.148278],[-21.9399825,64.1481746]]}},{"type":"Feature","id":495078713,"properties":{"building":"retail","building:levels":"1","roof:shape":"flat","start_date":"2018"},"geometry":{"type":"LineString","coordinates":[[-21.9368488,64.148217],[-21.9370266,64.1482561],[-21.9368135,64.1484403],[-21.9366357,64.1484012],[-21.9368488,64.148217]]}},{"type":"Feature","id":511794378,"properties":{"cycleway:right":"no","foot":"no","highway":"secondary","lanes":"2","lit":"yes","maxspeed":"30","name":"Lækjargata","oneway":"yes","surface":"asphalt","turn:lanes":"left|through","wikidata":"Q16421199","wikipedia":"is:Lækjargata"},"geometry":{"type":"LineString","coordinates":[[-21.9391559,64.1453705],[-21.9391331,64.1453904],[-21.9391048,64.1454123],[-21.9387304,64.1456582]]}},{"type":"Feature","id":511794379,"properties":{"foot":"no","highway":"secondary","lanes":"1","maxspeed":"30","name":"Lækjargata","oneway":"yes","surface":"asphalt","wikidata":"Q16421199","wikipedia":"is:Lækjargata"},"geometry":{"type":"LineString","coordinates":[[-21.9377485,64.1462599],[-21.9376663,64.1463098],[-21.9373204,64.1465506],[-21.9364346,64.1470998]]}},{"type":"Feature","id":511794380,"properties":{"foot":"no","highway":"secondary","lanes":"2","maxspeed":"30","name":"Lækjargata","oneway":"yes","surface":"asphalt","turn:lanes":"through|right","wikidata":"Q16421199","wikipedia":"is:Lækjargata"},"geometry":{"type":"LineString","coordinates":[[-21.9362806,64.1471965],[-21.936167,64.1472608],[-21.9355559,64.1476074],[-21.9355172,64.1476292],[-21.9353386,64.1477274]]}},{"type":"Feature","id":511794381,"properties":{"busway:right":"lane","foot":"no","highway":"secondary","lanes":"1","maxspeed":"30","name":"Lækjargata","oneway":"yes","surface":"asphalt","wikidata":"Q16421199","wikipedia":"is:Lækjargata"},"geometry":{"type":"LineString","coordinates":[[-21.9355165,64.1477706],[-21.9356926,64.1476842],[-21.9362607,64.1473369],[-21.9363077,64.1473081],[-21.9364255,64.147235]]}},{"type":"Feature","id":511829935,"properties":{"coach":"no","foot":"yes","highway":"residential","lanes":"2","lit":"yes","maxlength":"8","maxspeed":"30","name":"Bankastræti","oneway":"yes","sidewalk:both":"separate","surface":"asphalt","wikidata":"Q16420477","wikipedia":"is:Bankastræti"},"geometry":{"type":"LineString","coordinates":[[-21.9356946,64.1470699],[-21.9357177,64.1470749],[-21.9358229,64.1470976],[-21.936077,64.1471525],[-21.9361311,64.1471642],[-21.9362806,64.1471965]]}},{"type":"Feature","id":512042028,"properties":{"bicycle":"designated","foot":"designated","goods:conditional":"destination @ (Mo-Fr 07:00-11:00; Sa-Su 08:00-11:00; PH 08:00-11:00)","highway":"pedestrian","lit":"yes","maxspeed":"10","motor_vehicle":"no","name":"Hafnarstræti","note":"Deliveries allowed between 08:00-12:00","old_name":"Strandgata","oneway":"no","surface":"paving_stones","wikidata":"Q16426541","wikipedia":"is:Hafnarstræti (Reykjavík)"},"geometry":{"type":"LineString","coordinates":[[-21.9373729,64.147922],[-21.9373135,64.1479219],[-21.936676,64.1479206],[-21.9365634,64.1479241],[-21.9365012,64.1479361],[-21.936439,64.1479593],[-21.9364155,64.1479774],[-21.936406,64.1479883],[-21.9363994,64.1479959],[-21.9363921,64.148026]]}},{"type":"Feature","id":512042029,"properties":{"bicycle":"designated","coach":"no","foot":"no","highway":"living_street","lanes":"1","lit":"yes","maxlength":"8","maxspeed":"15","motor_vehicle":"designated","name":"Tryggvagata","oneway":"yes","surface":"asphalt","wikidata":"Q16429071","wikipedia":"is:Tryggvagata"},"geometry":{"type":"LineString","coordinates":[[-21.9355165,64.1477706],[-21.9356778,64.1478145],[-21.9362186,64.1479754],[-21.9363921,64.148026],[-21.9364936,64.1480484],[-21.9372072,64.1482126],[-21.9375903,64.1482999]]}},{"type":"Feature","id":519690062,"properties":{"addr:city":"Reykjavík","addr:housenumber":"15","addr:postcode":"101","addr:street":"Hafnarstræti","building":"retail","building:levels":"3","source":"Bing"},"geometry":{"type":"LineString","coordinates":[[-21.9381214,64.1481247],[-21.9378165,64.1480958],[-21.937736,64.1480882],[-21.9377799,64.148],[-21.9381653,64.1480365],[-21.9381214,64.1481247]]}},{"type":"Feature","id":519690063,"properties":{"addr:city":"Reykjavík","addr:housenumber":"17","addr:postcode":"101","addr:street":"Hafnarstræti","building":"hotel","building:levels":"3","roof:levels":"1","roof:shape":"half-hipped","source":"Bing","start_date":"1900","wheelchair":"yes"},"geometry":{"type":"LineString","coordinates":[[-21.937293,64.147975],[-21.9373396,64.1479788],[-21.9373818,64.1479822],[-21.9373881,64.1479675],[-21.9377799,64.148],[-21.937736,64.1480882],[-21.9377118,64.1481519],[-21.9377513,64.1481613],[-21.9377325,64.1481766],[-21.937631,64.1482591],[-21.9373987,64.1482053],[-21.9372983,64.1481821],[-21.9372488,64.1481707],[-21.937293,64.147975]]}},{"type":"Feature","id":519690064,"properties":{"addr:city":"Reykjavík","addr:housenumber":"17-19","addr:postcode":"101","addr:street":"Hafnarstræti","building":"hotel","building:levels":"3","roof:levels":"1","roof:shape":"flat","wheelchair":"yes"},"geometry":{"type":"LineString","coordinates":[[-21.937293,64.147975],[-21.9372488,64.1481707],[-21.9371894,64.148156],[-21.9371098,64.1481362],[-21.9367795,64.1480541],[-21.9367067,64.148036],[-21.9365357,64.1479935],[-21.9365267,64.1479893],[-21.9365205,64.1479846],[-21.9365177,64.1479786],[-21.9365221,64.1479731],[-21.9365318,64.1479694],[-21.9365458,64.1479666],[-21.9372955,64.1479641],[-21.937293,64.147975]]}},{"type":"Feature","id":551494752,"properties":{"busway:right":"lane","foot":"no","highway":"secondary","lanes":"2","maxspeed":"30","name":"Lækjargata","oneway":"yes","surface":"paving_stones","turn:lanes":"left|through","wikidata":"Q16421199","wikipedia":"is:Lækjargata"},"geometry":{"type":"LineString","coordinates":[[-21.9350351,64.1480539],[-21.9352986,64.1478989],[-21.9353284,64.1478813],[-21.9355165,64.1477706]]}},{"type":"Feature","id":552628677,"properties":{"bus":"designated","highway":"service","lanes":"1","maxspeed":"30","motor_vehicle":"no","oneway":"yes","service":"bus","surface":"asphalt"},"geometry":{"type":"LineString","coordinates":[[-21.934992,64.1476473],[-21.9349079,64.1475717]]}},{"type":"Feature","id":557129790,"properties":{"addr:city":"Reykjavík","addr:housenumber":"2","addr:postcode":"101","addr:street":"Reykjastræti","building":"yes","building:levels":"5","start_date":"2018"},"geometry":{"type":"LineString","coordinates":[[-21.9356622,64.1479488],[-21.9357058,64.1479201],[-21.9362904,64.1480913],[-21.9361168,64.1482816],[-21.9360625,64.1482673],[-21.9356622,64.1479488]]}},{"type":"Feature","id":557129791,"properties":{"building":"yes","building:levels":"1","start_date":"2018"},"geometry":{"type":"LineString","coordinates":[[-21.9367153,64.1485242],[-21.9370225,64.1485928],[-21.9368233,64.1487622],[-21.9365162,64.1486935],[-21.9367153,64.1485242]]}},{"type":"Feature","id":580961229,"properties":{"highway":"service","service":"parking_aisle","surface":"asphalt"},"geometry":{"type":"LineString","coordinates":[[-21.9367294,64.1462681],[-21.9363002,64.1461715]]}},{"type":"Feature","id":598006436,"properties":{"coach":"no","cycleway":"no","highway":"residential","lanes":"1","lit":"yes","maxlength":"8","maxspeed":"30","name":"Pósthússtræti","old_name":"Póststofustræti","oneway":"yes","surface":"paving_stones","wikidata":"Q16423971","wikipedia":"is:Pósthússtræti"},"geometry":{"type":"LineString","coordinates":[[-21.9391386,64.1467735],[-21.9391253,64.1467935],[-21.9391174,64.1468056],[-21.9390862,64.1468527],[-21.9387676,64.147334],[-21.9387498,64.1473609],[-21.9385849,64.1476095],[-21.9383222,64.148007]]}},{"type":"Feature","id":610768738,"properties":{"bicycle":"designated","coach":"no","foot":"no","highway":"living_street","lanes":"1","lit":"yes","maxlength":"8","maxspeed":"15","motor_vehicle":"designated","name":"Tryggvagata","oneway":"yes","surface":"paving_stones","traffic_calming":"table","wikidata":"Q16429071","wikipedia":"is:Tryggvagata"},"geometry":{"type":"LineString","coordinates":[[-21.9375903,64.1482999],[-21.9377361,64.1483253],[-21.9378259,64.1483383],[-21.9379207,64.1483478],[-21.9380867,64.1483627]]}},{"type":"Feature","id":610782333,"properties":{"highway":"service","oneway":"no","service":"parking_aisle","surface":"paving_stones"},"geometry":{"type":"LineString","coordinates":[[-21.941309,64.1497112],[-21.9407734,64.1495765]]}},{"type":"Feature","id":610782339,"properties":{"highway":"living_street","lit":"yes","maxspeed":"15","name":"Bryggjugata","note":"Only right turns permitted on Bryggjugata from and into Geirsgata.","oneway":"no","parking:both":"no","smoothness":"intermediate","surface":"paving_stones"},"geometry":{"type":"LineString","coordinates":[[-21.9372554,64.1490455],[-21.9371981,64.1490944],[-21.9371662,64.1491229],[-21.937144,64.1491406],[-21.9370679,64.1492116],[-21.9367411,64.1495166],[-21.9364236,64.1496784],[-21.9361807,64.1498022],[-21.9361294,64.1498284],[-21.9359915,64.1498987]]}},{"type":"Feature","id":611835256,"properties":{"foot":"use_sidepath","highway":"tertiary","lanes":"2","maxspeed":"30","name":"Hverfisgata","oneway":"no","surface":"asphalt","wikidata":"Q16428581","wikipedia":"is:Hverfisgata"},"geometry":{"type":"LineString","coordinates":[[-21.9353386,64.1477274],[-21.9351649,64.1476848]]}},{"type":"Feature","id":611835258,"properties":{"foot":"no","highway":"tertiary","lane_markings":"no","maxspeed":"30","name":"Hverfisgata","oneway":"no","surface":"asphalt","wikidata":"Q16428581","wikipedia":"is:Hverfisgata"},"geometry":{"type":"LineString","coordinates":[[-21.9353386,64.1477274],[-21.9354366,64.1477512]]}},{"type":"Feature","id":627256214,"properties":{"bicycle":"designated","foot":"designated","highway":"pedestrian","lit":"yes","maxspeed":"10","motor_vehicle":"no","name":"Kolagata","oneway":"no","surface":"paving_stones"},"geometry":{"type":"LineString","coordinates":[[-21.9376866,64.1486843],[-21.9376124,64.1486678],[-21.9375901,64.1486628],[-21.9361554,64.1483412],[-21.936093,64.1483232],[-21.9360307,64.1482958],[-21.9355064,64.1479697],[-21.9354528,64.1479228]]}},{"type":"Feature","id":629109612,"properties":{"addr:postcode":"101","bicycle":"designated","foot":"designated","goods:conditional":"destination @ (Mo-Fr 07:00-11:00; Sa-Su 08:00-11:00; PH 08:00-11:00)","highway":"pedestrian","lit":"yes","name":"Thorvaldsensstræti","surface":"paving_stones"},"geometry":{"type":"LineString","coordinates":[[-21.9407589,64.1470254],[-21.9407313,64.1470578],[-21.9403442,64.1475119],[-21.940306,64.1475566],[-21.940295,64.1475696],[-21.940261,64.1476095]]}},{"type":"Feature","id":633002787,"properties":{"addr:city":"Reykjavík","addr:housenumber":"3","addr:postcode":"101","addr:street":"Kolagata","building":"yes","building:levels":"6","ref:HNITNUM":"10147812","source:addr":"Staðfangaskrá","start_date":"2018"},"geometry":{"type":"LineString","coordinates":[[-21.9365162,64.1486935],[-21.9361184,64.1486046],[-21.9363176,64.1484352],[-21.9367153,64.1485242],[-21.9365162,64.1486935]]}},{"type":"Feature","id":633002788,"properties":{"addr:city":"Reykjavík","addr:housenumber":"1","addr:postcode":"101","addr:street":"Kolagata","building":"yes","building:levels":"6","ref:HNITNUM":"10147810","source:addr":"Staðfangaskrá","start_date":"2018"},"geometry":{"type":"LineString","coordinates":[[-21.9370225,64.1485928],[-21.9375376,64.148708],[-21.9375293,64.1487151],[-21.9375078,64.1487334],[-21.9374868,64.1487512],[-21.9373384,64.1488774],[-21.9368233,64.1487622],[-21.9370225,64.1485928]]}},{"type":"Feature","id":633002789,"properties":{"addr:city":"Reykjavík","addr:housenumber":"23","addr:postcode":"101","addr:street":"Tryggvagata","building":"residential","building:levels":"4","start_date":"2018"},"geometry":{"type":"LineString","coordinates":[[-21.9366357,64.1484012],[-21.9363809,64.1483452],[-21.9362741,64.1483217],[-21.9364872,64.1481374],[-21.9368488,64.148217],[-21.9366357,64.1484012]]}},{"type":"Feature","id":633002790,"properties":{"addr:city":"Reykjavík","addr:housenumber":"21","addr:postcode":"101","addr:street":"Tryggvagata","building":"residential","building:levels":"4","start_date":"2018"},"geometry":{"type":"LineString","coordinates":[[-21.9370266,64.1482561],[-21.9373587,64.1483291],[-21.9371456,64.1485133],[-21.9368135,64.1484403],[-21.9370266,64.1482561]]}},{"type":"Feature","id":633002791,"properties":{"building":"retail","building:levels":"1","roof:shape":"flat","start_date":"2018"},"geometry":{"type":"LineString","coordinates":[[-21.9373587,64.1483291],[-21.9375299,64.1483668],[-21.9373168,64.148551],[-21.9371456,64.1485133],[-21.9373587,64.1483291]]}},{"type":"Feature","id":633002792,"properties":{"addr:city":"Reykjavík","addr:housenumber":"2","addr:postcode":"101","addr:street":"Kolagata","building":"residential","building:levels":"4","start_date":"2018"},"geometry":{"type":"LineString","coordinates":[[-21.9375299,64.1483668],[-21.9378511,64.1484374],[-21.937638,64.1486216],[-21.9373168,64.148551],[-21.9375299,64.1483668]]}},{"type":"Feature","id":636017933,"properties":{"area":"yes","bicycle":"yes","highway":"pedestrian","lit":"yes","name":"Hafnartorg","place":"square","surface":"paving_stones"},"geometry":{"type":"LineString","coordinates":[[-21.9356622,64.1479488],[-21.9355064,64.1479697],[-21.9354448,64.1479974],[-21.9360488,64.1483593],[-21.9358561,64.1485408],[-21.9359782,64.1485712],[-21.9361184,64.1486046],[-21.9363176,64.1484352],[-21.9367153,64.1485242],[-21.9370225,64.1485928],[-21.9375376,64.148708],[-21.9375901,64.1486628],[-21.937638,64.1486216],[-21.9373168,64.148551],[-21.9371456,64.1485133],[-21.9368135,64.1484403],[-21.9366357,64.1484012],[-21.9363809,64.1483452],[-21.9362741,64.1483217],[-21.9364872,64.1481374],[-21.9363717,64.1481104],[-21.9362904,64.1480913],[-21.9361168,64.1482816],[-21.9360625,64.1482673],[-21.9356622,64.1479488]]}},{"type":"Feature","id":636017940,"properties":{"foot":"no","highway":"primary","lanes":"2","lit":"yes","maxspeed":"30","name":"Geirsgata","old_ref":"41","oneway":"yes","sidewalk:left":"no","sidewalk:right":"separate","surface":"asphalt","wikidata":"Q16424996","wikipedia":"is:Geirsgata"},"geometry":{"type":"LineString","coordinates":[[-21.9349674,64.1485202],[-21.9356511,64.1486816],[-21.9358288,64.1487235],[-21.9360758,64.1487792],[-21.9372554,64.1490455],[-21.9376459,64.1491309],[-21.9391086,64.1494513]]}},{"type":"Feature","id":641004953,"properties":{"bicycle":"designated","check_date":"2021-08-12","coach":"no","highway":"living_street","lanes":"1","lit":"yes","maxlength":"8","maxspeed":"15","name":"Tryggvagata","oneway":"yes","parking":"separate","surface":"asphalt","wikidata":"Q16429071","wikipedia":"is:Tryggvagata"},"geometry":{"type":"LineString","coordinates":[[-21.9383986,64.1484155],[-21.9396558,64.1487087]]}},{"type":"Feature","id":641988405,"properties":{"coach":"no","highway":"living_street","lanes":"1","lit":"yes","maxlength":"8","maxspeed":"15","name":"Pósthússtræti","old_name":"Póststofustræti","oneway":"yes","surface":"paving_stones","traffic_calming":"table","wikidata":"Q16423971","wikipedia":"is:Pósthússtræti"},"geometry":{"type":"LineString","coordinates":[[-21.9382359,64.1481372],[-21.9381329,64.1482929],[-21.9380867,64.1483627]]}},{"type":"Feature","id":683568328,"properties":{"foot":"no","highway":"secondary","lanes":"1","maxspeed":"40","name":"Fríkirkjuvegur","oneway":"yes","surface":"asphalt","wikidata":"Q16424448","wikipedia":"is:Fríkirkjuvegur"},"geometry":{"type":"LineString","coordinates":[[-21.9393169,64.1453095],[-21.9393392,64.1452222],[-21.9393684,64.1450637]]}},{"type":"Feature","id":686200553,"properties":{"area":"yes","highway":"pedestrian","lit":"yes","surface":"paving_stones"},"geometry":{"type":"LineString","coordinates":[[-21.9376089,64.1492055],[-21.9376315,64.1492297],[-21.9376384,64.1492371],[-21.9378449,64.1492885],[-21.9387837,64.1497365],[-21.9389218,64.1497653],[-21.9391566,64.1495657],[-21.9391714,64.1495531],[-21.9390301,64.1495211],[-21.9376089,64.1492055]]}},{"type":"Feature","id":690718635,"properties":{"check_date":"2019-05-17","highway":"service","lit":"yes","maxspeed":"30","name":"Steinbryggja","note":"Only right turns permitted on Steinbryggja from and into Geirsgata.","oneway":"no","surface":"asphalt"},"geometry":{"type":"LineString","coordinates":[[-21.9373569,64.1489589],[-21.9374023,64.1489221],[-21.9374521,64.1488778],[-21.9375956,64.1487542],[-21.9375302,64.1487386],[-21.9375078,64.1487334]]}},{"type":"Feature","id":694476376,"properties":{"coach":"no","covered":"yes","highway":"residential","lanes":"1","lit":"yes","maxheight":"default","maxlength":"8","maxspeed":"30","name":"Hafnarstræti","old_name":"Reipslagarabraut","oneway":"no","parking":"separate","sidewalk":"both","surface":"asphalt","wikidata":"Q16426541","wikipedia":"is:Hafnarstræti (Reykjavík)"},"geometry":{"type":"LineString","coordinates":[[-21.9400349,64.1482402],[-21.9399564,64.1482295]]}},{"type":"Feature","id":694476377,"properties":{"coach":"no","highway":"residential","lanes":"1","lit":"yes","maxlength":"8","maxspeed":"30","name":"Hafnarstræti","old_name":"Reipslagarabraut","oneway":"no","parking":"separate","sidewalk":"both","surface":"asphalt","wikidata":"Q16426541","wikipedia":"is:Hafnarstræti (Reykjavík)"},"geometry":{"type":"LineString","coordinates":[[-21.9399564,64.1482295],[-21.9383951,64.1480169],[-21.9383222,64.148007]]}},{"type":"Feature","id":696378832,"properties":{"building":"service"},"geometry":{"type":"LineString","coordinates":[[-21.9369759,64.1497854],[-21.9368303,64.14986],[-21.9366841,64.1498057],[-21.9368297,64.1497312],[-21.9369759,64.1497854]]}},{"type":"Feature","id":702939513,"properties":{"bicycle":"designated","highway":"living_street","lit":"no","maxspeed":"15","oneway":"yes","surface":"paving_stones"},"geometry":{"type":"LineString","coordinates":[[-21.9407734,64.1495765],[-21.9400765,64.1494124],[-21.939357,64.1492429],[-21.9392971,64.1492288]]}},{"type":"Feature","id":704862037,"properties":{"access":"no","coach":"yes","highway":"service","tourist_bus":"yes"},"geometry":{"type":"LineString","coordinates":[[-21.9393235,64.1494985],[-21.9392554,64.14956],[-21.9392307,64.1495823],[-21.9391043,64.1496966],[-21.9389459,64.1498397]]}},{"type":"Feature","id":726996033,"properties":{"area":"yes","highway":"pedestrian","lit":"yes","surface":"paving_stones"},"geometry":{"type":"LineString","coordinates":[[-21.9374868,64.1487512],[-21.9373384,64.1488774],[-21.937307,64.1488912],[-21.9373436,64.1488995],[-21.9373701,64.1489056],[-21.937512,64.1487862],[-21.9375095,64.1487651],[-21.937508,64.1487578],[-21.9374868,64.1487512]]}},{"type":"Feature","id":757315718,"properties":{"highway":"residential","lit":"yes","maxspeed":"30","name":"Vonarstræti","oneway:bus":"no","surface":"asphalt","wikidata":"Q16430216","wikipedia":"is:Vonarstræti"},"geometry":{"type":"LineString","coordinates":[[-21.9400854,64.1459702],[-21.9399233,64.1459338],[-21.9390916,64.1457469],[-21.9390383,64.1457346],[-21.9388924,64.1457021]]}},{"type":"Feature","id":768664634,"properties":{"access":"yes","leisure":"playground"},"geometry":{"type":"LineString","coordinates":[[-21.9364773,64.1468396],[-21.936429,64.1468829],[-21.9363271,64.1468876],[-21.9362694,64.1468484],[-21.9363204,64.1468046],[-21.9364263,64.1468022],[-21.9364773,64.1468396]]}},{"type":"Feature","id":771360180,"properties":{"bicycle":"designated","coach":"no","foot":"designated","highway":"living_street","lanes":"1","lit":"yes","maxlength":"8","maxspeed":"15","name":"Aðalstræti","oneway":"yes","smoothness":"good","surface":"paving_stones","traffic_calming":"table","wikidata":"Q16420324","wikipedia":"is:Aðalstræti"},"geometry":{"type":"LineString","coordinates":[[-21.9414527,64.1483592],[-21.9413826,64.1484387]]}},{"type":"Feature","id":774604662,"properties":{"amenity":"fast_food","branch":"Tryggvagata","building":"yes","building:levels":"1","check_date":"2026-07-03","cuisine":"regional;hot_dog","delivery":"no","description":"Hot dog stand, amazingly popular","drive_through":"no","indoor_seating":"no","loc_name":"Bæjarins Beztu","name":"Bæjarins Beztu Pylsur","opening_hours":"Su-We 09:00-25:00; Th 09:00-26:00; Fr-Sa 09:00-30:00","outdoor_seating":"yes","payment:credit_cards":"yes","payment:debit_cards":"yes","phone":"+354 511 1566","roof:shape":"gabled","smoking":"yes","source":"Bing","start_date":"1937","takeaway":"yes","tourism":"attraction","website":"https://bbp.is/","wheelchair":"yes","wikipedia":"is:Bæjarins beztu pylsur","wikipedia:en":"Bæjarins Bestu Pylsur"},"geometry":{"type":"LineString","coordinates":[[-21.9378691,64.1481433],[-21.9378682,64.1481697],[-21.9378094,64.1481691],[-21.9378104,64.1481429],[-21.9378691,64.1481433]]}},{"type":"Feature","id":780254333,"properties":{"building":"yes"},"geometry":{"type":"LineString","coordinates":[[-21.9383767,64.1443174],[-21.9383106,64.1443199],[-21.9383173,64.1443537],[-21.938261,64.1443558],[-21.9382503,64.1443019],[-21.9383064,64.1442998],[-21.9382786,64.1441587],[-21.9383051,64.1441619],[-21.9384035,64.1441714],[-21.9384098,64.1442031],[-21.9383885,64.1442039],[-21.9384003,64.144264],[-21.9383664,64.1442652],[-21.9383767,64.1443174]]}},{"type":"Feature","id":780254393,"properties":{"building":"yes","start_date":"1988"},"geometry":{"type":"LineString","coordinates":[[-21.9374952,64.1454255],[-21.9374067,64.1454162],[-21.937422,64.1453886],[-21.9375105,64.145398],[-21.9374952,64.1454255]]}},{"type":"Feature","id":780254402,"properties":{"building":"yes"},"geometry":{"type":"LineString","coordinates":[[-21.9354084,64.1468812],[-21.935526,64.1469089],[-21.9355572,64.1469178],[-21.9355036,64.1469593],[-21.9353548,64.1469227],[-21.9354084,64.1468812]]}},{"type":"Feature","id":780254403,"properties":{"building":"yes"},"geometry":{"type":"LineString","coordinates":[[-21.9355747,64.1463273],[-21.935524,64.1463166],[-21.9355723,64.1462733],[-21.935623,64.1462841],[-21.9355747,64.1463273]]}},{"type":"Feature","id":813893889,"properties":{"foot":"use_sidepath","highway":"tertiary","lanes":"2","lit":"yes","maxspeed":"30","name":"Hverfisgata","oneway":"no","surface":"asphalt","wikidata":"Q16428581","wikipedia":"is:Hverfisgata"},"geometry":{"type":"LineString","coordinates":[[-21.9351649,64.1476848],[-21.9350947,64.1476696],[-21.934992,64.1476473]]}},{"type":"Feature","id":835795808,"properties":{"building":"yes"},"geometry":{"type":"LineString","coordinates":[[-21.9354326,64.1458993],[-21.93534,64.1458855],[-21.9353709,64.145846],[-21.9354634,64.1458598],[-21.9354326,64.1458993]]}},{"type":"Feature","id":835795809,"properties":{"highway":"service","service":"parking_aisle","surface":"asphalt"},"geometry":{"type":"LineString","coordinates":[[-21.9355058,64.1461486],[-21.9355904,64.1460794]]}},{"type":"Feature","id":836207609,"properties":{"highway":"service","oneway":"no","service":"driveway","surface":"paving_stones"},"geometry":{"type":"LineString","coordinates":[[-21.9356281,64.1447689],[-21.9355458,64.1448831]]}},{"type":"Feature","id":848179070,"properties":{"addr:city":"Reykjavík","addr:postcode":"101","addr:street":"Bryggjugata","building":"retail","building:levels":"6","roof:levels":"0","source":"survey;aerial imagery"},"geometry":{"type":"LineString","coordinates":[[-21.9365608,64.1491523],[-21.9362904,64.1494029],[-21.9362356,64.1494312],[-21.9360396,64.1495325],[-21.9358716,64.1496148],[-21.9361647,64.1497256],[-21.9363268,64.1496416],[-21.9366339,64.1494824],[-21.9369097,64.1492267],[-21.9368336,64.1492111],[-21.9368644,64.1491825],[-21.9367107,64.1491496],[-21.9366811,64.149177],[-21.9365608,64.1491523]]}},{"type":"Feature","id":848179071,"properties":{"building":"yes","building:levels":"5","check_date":"2022-08-23","ref:HNITNUM":"10131949","source":"survey;aerial imagery","source:addr":"Staðfangaskrá"},"geometry":{"type":"LineString","coordinates":[[-21.9359557,64.1488477],[-21.935713,64.149083],[-21.9355571,64.1492043],[-21.9359811,64.1493646],[-21.93601,64.1493488],[-21.9362005,64.1492442],[-21.9359739,64.1491576],[-21.9362498,64.1489119],[-21.9359557,64.1488477]]}},{"type":"Feature","id":848179072,"properties":{"addr:city":"Reykjavík","addr:housenumber":"17","addr:postcode":"101","addr:street":"Geirsgata","building":"retail","building:levels":"5","ref:HNITNUM":"10131939","source":"survey;aerial imagery","source:addr":"Staðfangaskrá"},"geometry":{"type":"LineString","coordinates":[[-21.936518,64.148974],[-21.9363961,64.1490823],[-21.9367107,64.1491496],[-21.9368644,64.1491825],[-21.9369219,64.1491948],[-21.9370438,64.1490865],[-21.936518,64.148974]]}},{"type":"Feature","id":848179073,"properties":{"area":"yes","highway":"pedestrian","lit":"yes","surface":"asphalt"},"geometry":{"type":"LineString","coordinates":[[-21.9355571,64.1492043],[-21.9355243,64.1492329],[-21.9354917,64.1492614],[-21.9358404,64.1493914],[-21.9357419,64.1494347],[-21.9357245,64.1494699],[-21.9356464,64.1495056],[-21.9356487,64.149548],[-21.9354497,64.1496389],[-21.9354551,64.1497383],[-21.9354857,64.1497638],[-21.9355162,64.1497894],[-21.9356759,64.1497048],[-21.9359964,64.1498197],[-21.9360479,64.1497909],[-21.9360904,64.1497671],[-21.9361647,64.1497256],[-21.9358716,64.1496148],[-21.9360396,64.1495325],[-21.9362356,64.1494312],[-21.93601,64.1493488],[-21.9359811,64.1493646],[-21.9355571,64.1492043]]}},{"type":"Feature","id":849242402,"properties":{"addr:city":"Reykjavík","addr:housenumber":"12","addr:postcode":"101","addr:street":"Lækjargata","building":"hotel","start_date":"2022"},"geometry":{"type":"LineString","coordinates":[[-21.9389993,64.1457939],[-21.9385318,64.1461151],[-21.9385029,64.1461068],[-21.938379,64.1461892],[-21.9385724,64.1462445],[-21.9386512,64.1461961],[-21.9387136,64.1462072],[-21.9387766,64.1461671],[-21.9389075,64.1461816],[-21.9390445,64.1461967],[-21.9390519,64.146184],[-21.939356,64.146218],[-21.9394041,64.1461343],[-21.9394172,64.1461133],[-21.9390596,64.1460733],[-21.9392098,64.1459508],[-21.9393971,64.1459839],[-21.9395079,64.1458928],[-21.9389993,64.1457939]]}},{"type":"Feature","id":854351649,"properties":{"bicycle":"yes","foot":"yes","highway":"service","motor_vehicle":"private","oneway":"no","service":"parking_aisle","surface":"asphalt"},"geometry":{"type":"LineString","coordinates":[[-21.9382218,64.145178],[-21.9382486,64.1451172],[-21.9383218,64.1449511],[-21.9382382,64.1449043],[-21.938289,64.1447688]]}},{"type":"Feature","id":854351650,"properties":{"bicycle":"yes","foot":"yes","highway":"service","motor_vehicle":"private","oneway":"no","service":"parking_aisle","surface":"asphalt"},"geometry":{"type":"LineString","coordinates":[[-21.9383218,64.1449511],[-21.9388208,64.1449939]]}},{"type":"Feature","id":879177486,"properties":{"building":"roof","layer":"1","start_date":"1994"},"geometry":{"type":"LineString","coordinates":[[-21.9409941,64.1482496],[-21.9409473,64.1482424],[-21.9408819,64.1482325],[-21.9408704,64.1482307],[-21.9408962,64.1481985],[-21.9410199,64.1482173],[-21.9409941,64.1482496]]}},{"type":"Feature","id":879177487,"properties":{"building":"roof","layer":"1","start_date":"1994"},"geometry":{"type":"LineString","coordinates":[[-21.9413569,64.1483157],[-21.9412976,64.1483057],[-21.9411273,64.1482771],[-21.9411431,64.1482594],[-21.9411594,64.1482412],[-21.9413887,64.1482797],[-21.9413569,64.1483157]]}},{"type":"Feature","id":882295401,"properties":{"highway":"service","service":"alley","surface":"concrete"},"geometry":{"type":"LineString","coordinates":[[-21.9399233,64.1459338],[-21.939649,64.1461151],[-21.939601,64.1462008],[-21.9395833,64.1462326]]}},{"type":"Feature","id":882295403,"properties":{"addr:housenumber":"6A","addr:postcode":"101","addr:street":"Kirkjutorg","building":"yes","ref:HNITNUM":"10025683","source:addr":"Staðfangaskrá","start_date":"1903"},"geometry":{"type":"LineString","coordinates":[[-21.9392012,64.1463721],[-21.9390731,64.1463582],[-21.9390738,64.146357],[-21.9391049,64.1463029],[-21.9391176,64.1462807],[-21.9392132,64.1462911],[-21.9392279,64.1462657],[-21.9392603,64.1462692],[-21.9392456,64.1462948],[-21.9392012,64.1463721]]}},{"type":"Feature","id":882296943,"properties":{"addr:housenumber":"14B","addr:postcode":"101","addr:street":"Lækjargata","amenity":"school","building":"yes","education":"school","name":"Tjarnarskóli","ref:HNITNUM":"10020763","source:addr":"Staðfangaskrá","wikidata":"Q16422309","wikipedia":"is:Búnaðarfélagshúsið"},"geometry":{"type":"LineString","coordinates":[[-21.9393389,64.1455819],[-21.9394556,64.1455068],[-21.9396596,64.145567],[-21.9395429,64.1456422],[-21.9393389,64.1455819]]}},{"type":"Feature","id":884756698,"properties":{"bicycle":"designated","coach":"no","highway":"living_street","lanes":"1","lit":"yes","maxlength":"8","maxspeed":"15","name":"Tryggvagata","oneway":"yes","surface":"paving_stones","traffic_calming":"table","wikidata":"Q16429071","wikipedia":"is:Tryggvagata"},"geometry":{"type":"LineString","coordinates":[[-21.9380867,64.1483627],[-21.9382175,64.1483832],[-21.9383069,64.1483972],[-21.9383986,64.1484155]]}},{"type":"Feature","id":942345415,"properties":{"amenity":"shelter","building":"yes","shelter_type":"public_transport"},"geometry":{"type":"LineString","coordinates":[[-21.939777,64.1496751],[-21.9397938,64.1496605],[-21.9397263,64.1496458],[-21.9397096,64.1496603],[-21.939777,64.1496751]]}},{"type":"Feature","id":949525962,"properties":{"building":"yes"},"geometry":{"type":"LineString","coordinates":[[-21.9379144,64.1457729],[-21.9379294,64.1457358],[-21.9379875,64.1457402],[-21.9380038,64.1457517],[-21.9379853,64.1457914],[-21.9379144,64.1457729]]}},{"type":"Feature","id":949525963,"properties":{"building":"yes"},"geometry":{"type":"LineString","coordinates":[[-21.9382823,64.1439794],[-21.9382888,64.1440278],[-21.9381228,64.1440323],[-21.9381175,64.1439864],[-21.9381694,64.1439852],[-21.9382823,64.1439794]]}},{"type":"Feature","id":949525964,"properties":{"building":"garage"},"geometry":{"type":"LineString","coordinates":[[-21.9381067,64.1436598],[-21.9379903,64.1436648],[-21.9379833,64.1436341],[-21.9380998,64.1436291],[-21.9381067,64.1436598]]}},{"type":"Feature","id":949525967,"properties":{"highway":"service","service":"parking_aisle"},"geometry":{"type":"LineString","coordinates":[[-21.937812,64.1439244],[-21.9376716,64.1439305],[-21.9374228,64.1439412],[-21.9372949,64.1440643]]}},{"type":"Feature","id":949525968,"properties":{"building":"yes","building:levels":"1"},"geometry":{"type":"LineString","coordinates":[[-21.9374134,64.1440854],[-21.9374706,64.1440829],[-21.9374852,64.1441455],[-21.9375101,64.1442524],[-21.9373788,64.1442583],[-21.9374134,64.1440854]]}},{"type":"Feature","id":949525969,"properties":{"building":"garage"},"geometry":{"type":"LineString","coordinates":[[-21.9366986,64.1441096],[-21.9366112,64.1440968],[-21.936661,64.1440324],[-21.9367484,64.1440453],[-21.9366986,64.1441096]]}},{"type":"Feature","id":949525970,"properties":{"building":"yes"},"geometry":{"type":"LineString","coordinates":[[-21.9370199,64.1438169],[-21.9370793,64.1438257],[-21.9370816,64.1438227],[-21.937284,64.1438524],[-21.9373267,64.1438477],[-21.9373314,64.1438692],[-21.9374354,64.1438648],[-21.9374999,64.1438736],[-21.937514,64.1438617],[-21.9375441,64.1438605],[-21.937547,64.1438762],[-21.9375212,64.1439032],[-21.9374876,64.1438968],[-21.9374845,64.1439007],[-21.9374718,64.1438989],[-21.9371824,64.1438563],[-21.9371308,64.1438487],[-21.9370726,64.1438395],[-21.9370092,64.1438308],[-21.9370199,64.1438169]]}},{"type":"Feature","id":949525971,"properties":{"building":"garage"},"geometry":{"type":"LineString","coordinates":[[-21.9371074,64.1438789],[-21.9369521,64.1438561],[-21.9369735,64.1438284],[-21.9370071,64.1438334],[-21.9370092,64.1438308],[-21.9370726,64.1438395],[-21.9371308,64.1438487],[-21.9371074,64.1438789]]}},{"type":"Feature","id":949525972,"properties":{"building":"yes"},"geometry":{"type":"LineString","coordinates":[[-21.9370244,64.1436844],[-21.936952,64.1436745],[-21.9369722,64.1436465],[-21.9370446,64.1436564],[-21.9370244,64.1436844]]}},{"type":"Feature","id":949525973,"properties":{"building":"garage"},"geometry":{"type":"LineString","coordinates":[[-21.9370982,64.1434698],[-21.9372223,64.1434885],[-21.9372107,64.1435032],[-21.9371621,64.1435052],[-21.9370687,64.1435069],[-21.9370982,64.1434698]]}},{"type":"Feature","id":964967105,"properties":{"bicycle":"designated","coach":"no","highway":"living_street","maxlength":"8","maxspeed":"15","name":"Naustin","oneway":"yes","surface":"asphalt"},"geometry":{"type":"LineString","coordinates":[[-21.9395471,64.1490366],[-21.9397971,64.1488444]]}},{"type":"Feature","id":965411720,"properties":{"highway":"service","lit":"yes","surface":"asphalt"},"geometry":{"type":"LineString","coordinates":[[-21.937144,64.1491406],[-21.9371804,64.1491813],[-21.9372441,64.1492239],[-21.9374265,64.149287]]}},{"type":"Feature","id":974395657,"properties":{"bicycle":"designated","coach":"no","highway":"living_street","maxlength":"8","maxspeed":"15","name":"Naustin","oneway":"yes","surface":"paving_stones","traffic_calming":"table"},"geometry":{"type":"LineString","coordinates":[[-21.9397971,64.1488444],[-21.9398565,64.1487987],[-21.9398984,64.1487665]]}},{"type":"Feature","id":974395659,"properties":{"bicycle":"designated","check_date":"2021-08-12","coach":"no","highway":"living_street","lanes":"1","lit":"yes","maxlength":"8","maxspeed":"15","name":"Tryggvagata","oneway":"yes","surface":"paving_stones","traffic_calming":"table","wikidata":"Q16429071","wikipedia":"is:Tryggvagata"},"geometry":{"type":"LineString","coordinates":[[-21.9396558,64.1487087],[-21.9397065,64.1487205],[-21.9398984,64.1487665]]}},{"type":"Feature","id":974395660,"properties":{"bicycle":"designated","coach":"no","highway":"living_street","lanes":"1","lit":"yes","maxlength":"8","maxspeed":"15","name":"Tryggvagata","oneway":"yes","surface":"paving_stones","traffic_calming":"table","wikidata":"Q16429071","wikipedia":"is:Tryggvagata"},"geometry":{"type":"LineString","coordinates":[[-21.9398984,64.1487665],[-21.940001,64.1487921],[-21.940137,64.148826]]}},{"type":"Feature","id":974395665,"properties":{"bicycle":"designated","check_date":"2021-08-12","coach":"no","highway":"living_street","lanes":"1","lit":"yes","maxlength":"8","maxspeed":"15","name":"Tryggvagata","oneway":"yes","surface":"asphalt","wikidata":"Q16429071","wikipedia":"is:Tryggvagata"},"geometry":{"type":"LineString","coordinates":[[-21.940137,64.148826],[-21.9408556,64.149008]]}},{"type":"Feature","id":991744108,"properties":{"highway":"service","surface":"paving_stones"},"geometry":{"type":"LineString","coordinates":[[-21.9361807,64.1498022],[-21.9360904,64.1497671],[-21.9358576,64.1496719],[-21.9357598,64.1496209],[-21.9357411,64.1496074],[-21.9357113,64.1495985],[-21.9356757,64.1495959],[-21.9356408,64.1495999],[-21.9356129,64.1496099],[-21.9355971,64.1496241],[-21.9355966,64.1496405],[-21.9356125,64.1496554],[-21.9356416,64.1496659],[-21.9358576,64.1496719]]}},{"type":"Feature","id":1008726207,"properties":{"addr:housenumber":"3","addr:postcode":"101","addr:street":"Austurstræti","building":"yes","building:levels":"1","ref:HNITNUM":"10007450","source:addr":"Staðfangaskrá","start_date":"1897"},"geometry":{"type":"LineString","coordinates":[[-21.9406759,64.1481106],[-21.9407429,64.1480301],[-21.9403015,64.1479572],[-21.9402199,64.1480465],[-21.9405269,64.1480935],[-21.9405323,64.1480868],[-21.9406759,64.1481106]]}},{"type":"Feature","id":1008726208,"properties":{"addr:housenumber":"4","addr:postcode":"101","addr:street":"Hafnarstræti","building":"yes","building:levels":"2","ref:HNITNUM":"10012159","source:addr":"Staðfangaskrá"},"geometry":{"type":"LineString","coordinates":[[-21.940447,64.1481113],[-21.9403495,64.1482184],[-21.9403449,64.1482234],[-21.9401412,64.1481914],[-21.9402431,64.1480791],[-21.940447,64.1481113]]}},{"type":"Feature","id":1038879744,"properties":{"bicycle":"designated","coach":"no","highway":"living_street","lanes":"1","maxlength":"8","maxspeed":"15","name":"Tryggvagata","oneway":"yes","surface":"paving_stones","traffic_calming":"table","wikidata":"Q16429071","wikipedia":"is:Tryggvagata"},"geometry":{"type":"LineString","coordinates":[[-21.9408556,64.149008],[-21.9410203,64.1490493],[-21.9413674,64.1491376]]}},{"type":"Feature","id":1045190037,"properties":{"bicycle":"designated","coach":"no","highway":"living_street","maxlength":"8","maxspeed":"15","name":"Grófin","oneway":"yes","surface":"paving_stones","traffic_calming":"table"},"geometry":{"type":"LineString","coordinates":[[-21.9413674,64.1491376],[-21.9412858,64.1491988],[-21.9412631,64.1492154]]}},{"type":"Feature","id":1067304148,"properties":{"coach":"no","cycleway":"no","highway":"residential","lit":"yes","maxlength":"8","maxspeed":"30","name":"Templarasund","oneway":"yes","sidewalk":"both","surface":"paving_stones","wikidata":"Q16428836","wikipedia":"is:Templarasund"},"geometry":{"type":"LineString","coordinates":[[-21.9396963,64.1468602],[-21.9398678,64.1465847],[-21.9398888,64.1465507]]}},{"type":"Feature","id":1117869890,"properties":{"building":"yes","building:levels":"1"},"geometry":{"type":"LineString","coordinates":[[-21.936518,64.148974],[-21.9363961,64.1490823],[-21.9367107,64.1491496],[-21.9366811,64.149177],[-21.9365608,64.1491523],[-21.9362904,64.1494029],[-21.9362356,64.1494312],[-21.93601,64.1493488],[-21.9362005,64.1492442],[-21.9359739,64.1491576],[-21.9362498,64.1489119],[-21.936518,64.148974]]}},{"type":"Feature","id":1156101126,"properties":{"foot":"no","highway":"tertiary","lane_markings":"no","maxspeed":"30","name":"Hverfisgata","oneway":"no","surface":"asphalt","wikidata":"Q16428581","wikipedia":"is:Hverfisgata"},"geometry":{"type":"LineString","coordinates":[[-21.9354366,64.1477512],[-21.9355165,64.1477706]]}},{"type":"Feature","id":1160481060,"properties":{"foot":"no","highway":"residential","lanes":"1","maxspeed":"30","name":"Skólabrú","oneway":"yes","surface":"asphalt"},"geometry":{"type":"LineString","coordinates":[[-21.9377485,64.1462599],[-21.9379181,64.1463075],[-21.9380714,64.1463485]]}},{"type":"Feature","id":1160526344,"properties":{"foot":"no","highway":"residential","lanes":"1","lit":"yes","maxspeed":"30","name":"Bókhlöðustígur","oneway":"yes","sidewalk":"both","surface":"asphalt","wikidata":"Q16422232","wikipedia":"is:Bókhlöðustígur"},"geometry":{"type":"LineString","coordinates":[[-21.9384588,64.1459715],[-21.9383,64.145932]]}},{"type":"Feature","id":1181756521,"properties":{"coach":"no","highway":"residential","lanes":"1","lit":"yes","maxlength":"8","maxspeed":"30","name":"Pósthússtræti","old_name":"Póststofustræti","oneway":"yes","surface":"asphalt","wikidata":"Q16423971","wikipedia":"is:Pósthússtræti"},"geometry":{"type":"LineString","coordinates":[[-21.9383222,64.148007],[-21.9382359,64.1481372]]}},{"type":"Feature","id":1181756522,"properties":{"bicycle":"designated","coach":"no","foot":"designated","highway":"living_street","lanes":"1","lit":"yes","maxlength":"8","maxspeed":"15","name":"Vesturgata","oneway":"yes","surface":"paving_stones","traffic_calming":"table","wikidata":"Q16429960","wikipedia":"is:Vesturgata"},"geometry":{"type":"LineString","coordinates":[[-21.9413826,64.1484387],[-21.9413424,64.1484914],[-21.9413358,64.1485223],[-21.9413595,64.1485549],[-21.9413786,64.1485698]]}},{"type":"Feature","id":1202305868,"properties":{"foot":"no","highway":"primary","lanes":"1","maxspeed":"30","name":"Geirsgata","note":"No sign expressly banning U-turns (no turn restriction).","old_ref":"41","oneway":"yes","sidewalk":"no","surface":"asphalt","wikidata":"Q16424996","wikipedia":"is:Geirsgata"},"geometry":{"type":"LineString","coordinates":[[-21.9360758,64.1487792],[-21.9362811,64.1487751],[-21.9371892,64.1489738],[-21.9373569,64.1489589]]}},{"type":"Feature","id":1241713919,"properties":{"foot":"no","highway":"secondary","lanes":"1","maxspeed":"30","name":"Lækjargata","oneway":"yes","surface":"asphalt","wikidata":"Q16421199","wikipedia":"is:Lækjargata"},"geometry":{"type":"LineString","coordinates":[[-21.9392301,64.1453004],[-21.9391559,64.1453705]]}},{"type":"Feature","id":1249498305,"properties":{"coach":"no","cycleway":"no","highway":"residential","lanes":"1","lit":"yes","maxlength":"8","maxspeed":"30","name":"Kirkjustræti","oneway":"yes","surface":"paving_stones","wikidata":"Q16430322","wikipedia":"is:Kirkjustræti"},"geometry":{"type":"LineString","coordinates":[[-21.9391386,64.1467735],[-21.9392441,64.1467899],[-21.9396963,64.1468602]]}},{"type":"Feature","id":1249507423,"properties":{"bicycle":"designated","coach":"no","highway":"living_street","maxlength":"8","maxspeed":"15","name":"Naustin","oneway":"yes","surface":"asphalt"},"geometry":{"type":"LineString","coordinates":[[-21.9392971,64.1492288],[-21.9395471,64.1490366]]}},{"type":"Feature","id":1339472373,"properties":{"access":"private","highway":"service","service":"parking_aisle"},"geometry":{"type":"LineString","coordinates":[[-21.940108,64.1461824],[-21.940239,64.1461993],[-21.9407827,64.1462696]]}},{"type":"Feature","id":1387293545,"properties":{"bicycle":"yes","foot":"yes","highway":"service","maxspeed":"30","motor_vehicle":"private","name":"Miðbakki","oneway":"no","surface":"asphalt"},"geometry":{"type":"LineString","coordinates":[[-21.9375004,64.1492771],[-21.9375836,64.1492782],[-21.9376804,64.1492993],[-21.9386728,64.1497565],[-21.9388203,64.1497811],[-21.9389459,64.1498397]]}},{"type":"Feature","id":1391147401,"properties":{"building":"greenhouse"},"geometry":{"type":"LineString","coordinates":[[-21.9366923,64.1474422],[-21.9365946,64.1474275],[-21.9365485,64.1474857],[-21.9366462,64.1475004],[-21.9366923,64.1474422]]}},{"type":"Feature","id":1423080804,"properties":{"coach":"no","highway":"residential","maxlength":"8","maxspeed":"30","name":"Bókhlöðustígur","oneway":"yes","surface":"asphalt","wikidata":"Q16422232","wikipedia":"is:Bókhlöðustígur"},"geometry":{"type":"LineString","coordinates":[[-21.9362613,64.145464],[-21.9355808,64.1453145]]}},{"type":"Feature","id":1433515361,"properties":{"addr:city":"Reykjavík","addr:housenumber":"18","addr:postcode":"101","addr:street":"Hafnarstræti","building":"yes"},"geometry":{"type":"LineString","coordinates":[[-21.9368048,64.1477405],[-21.9367182,64.1477364],[-21.9367378,64.1478043],[-21.9368047,64.1478053],[-21.9368046,64.1478651],[-21.9373297,64.1478695],[-21.9373669,64.1477475],[-21.9371179,64.1477355],[-21.9371177,64.1477537],[-21.9369796,64.1477488],[-21.9368048,64.1477405]]}},{"type":"Feature","id":1493103809,"properties":{"foot":"no","highway":"secondary","lanes":"1","maxspeed":"30","name":"Lækjargata","oneway":"yes","surface":"asphalt","wikidata":"Q16421199","wikipedia":"is:Lækjargata"},"geometry":{"type":"LineString","coordinates":[[-21.9384588,64.1459715],[-21.9388924,64.1457021]]}},{"type":"Feature","id":1549659352,"properties":{"highway":"service","service":"parking_aisle","surface":"fine_gravel"},"geometry":{"type":"LineString","coordinates":[[-21.9355904,64.1460794],[-21.9358563,64.1458618]]}},{"type":"Feature","id":4371313,"properties":{"busway:right":"lane","foot":"no","highway":"secondary","lanes":"2","lit":"no","maxspeed":"30","name":"Lækjargata","oneway":"yes","surface":"paving_stones","turn:lanes":"left|through","wikidata":"Q16421199","wikipedia":"is:Lækjargata"},"geometry":{"type":"LineString","coordinates":[[-21.9348652,64.1479988],[-21.9347331,64.1480745],[-21.9346168,64.1481411],[-21.9345628,64.1481721],[-21.9343871,64.1482728]]}},{"type":"Feature","id":4839682,"properties":{"bicycle":"designated","disabled":"yes","foot":"designated","goods:conditional":"destination @ (Mo-Fr 07:00-11:00; Sa 08:00-11:00; PH off)","highway":"pedestrian","lit":"yes","maxspeed":"10","motor_vehicle":"no","name":"Skólavörðustígur","oneway":"no","surface":"paving_stones","surface:colour":"rainbow","wikidata":"Q16426640","wikipedia":"is:Skólavörðustígur"},"geometry":{"type":"LineString","coordinates":[[-21.9328919,64.1464724],[-21.9329558,64.1464046],[-21.9329708,64.1463794],[-21.9329729,64.1463564],[-21.9329649,64.1463301],[-21.9329448,64.1463073],[-21.9326941,64.1461269],[-21.9320921,64.1456937],[-21.9320239,64.1456446]]}},{"type":"Feature","id":5118863,"properties":{"coach":"no","highway":"residential","lit":"no","maxlength":"8","maxspeed":"30","name":"Ingólfsstræti","oneway":"yes","surface":"asphalt"},"geometry":{"type":"LineString","coordinates":[[-21.93363,64.146624],[-21.9336859,64.1465644],[-21.9339718,64.1462404],[-21.934286,64.1459058],[-21.9343008,64.1458893]]}},{"type":"Feature","id":5118880,"properties":{"coach":"no","highway":"residential","maxlength":"8","maxspeed":"30","name":"Hallveigarstígur","oneway":"no","sidewalk":"both","surface":"asphalt"},"geometry":{"type":"LineString","coordinates":[[-21.9327902,64.1450895],[-21.9336236,64.1452866],[-21.9346328,64.1455253]]}},{"type":"Feature","id":9874743,"properties":{"highway":"residential","lanes":"2","lit":"yes","maxspeed":"30","name":"Ingólfsstræti","oneway":"no","surface":"asphalt"},"geometry":{"type":"LineString","coordinates":[[-21.9330132,64.147216],[-21.9329841,64.1472449],[-21.932935,64.1472937],[-21.932675,64.1475446],[-21.9323428,64.147865],[-21.9322877,64.1479182],[-21.9322292,64.1479747],[-21.9319322,64.1482662],[-21.9318421,64.1483547],[-21.9316388,64.1485542],[-21.9316121,64.1485805],[-21.9311445,64.1490426],[-21.9309729,64.1492122],[-21.9309187,64.1492639],[-21.9308665,64.1493037],[-21.9308085,64.149325],[-21.9307433,64.1493369]]}},{"type":"Feature","id":94560552,"properties":{"addr:city":"Reykjavík","addr:housename":"Þjóðmenningarhúsið","addr:housenumber":"15","addr:postcode":"101","addr:street":"Hverfisgata","building":"yes","building:levels":"5","check_date":"2024-10-04","description":"Safnahúsið, part of the national museum of Iceland, originally built as a national Library","name":"Safnahúsið","name:da":"Kulturhuset","name:en":"The Culture House","opening_hours":"Mo-Su 10:00-17:00","tourism":"museum","wikidata":"Q3481702","wikimedia_commons":"Category:Þjóðmenningarhús","wikipedia":"is:Safnahúsið við Hverfisgötu"},"geometry":{"type":"LineString","coordinates":[[-21.9324184,64.1474584],[-21.932588,64.1472919],[-21.9319078,64.14716],[-21.9317381,64.1473265],[-21.9324184,64.1474584]]}},{"type":"Feature","id":105067670,"properties":{"addr:housenumber":"2a","addr:postcode":"101","addr:street":"Ingólfsstræti","building":"yes","building:levels":"3","name":"Gamla bíó"},"geometry":{"type":"LineString","coordinates":[[-21.9339499,64.1471449],[-21.9340213,64.1470767],[-21.9341062,64.1469956],[-21.9340266,64.1469797],[-21.9336483,64.1469045],[-21.9335156,64.1468781],[-21.9334792,64.1469129],[-21.9333594,64.1470275],[-21.9338352,64.1471221],[-21.9339499,64.1471449]]}},{"type":"Feature","id":105067671,"properties":{"addr:housenumber":"7a","addr:postcode":"101","addr:street":"Bankastræti","building":"yes","building:levels":"3"},"geometry":{"type":"LineString","coordinates":[[-21.9336483,64.1469045],[-21.9338113,64.1467487],[-21.9337214,64.1467308],[-21.9337025,64.1467489],[-21.9336598,64.1467404],[-21.9335156,64.1468781],[-21.9336483,64.1469045]]}},{"type":"Feature","id":105067674,"properties":{"addr:housenumber":"6","addr:postcode":"101","addr:street":"Hverfisgata","building":"yes","building:levels":"5","ref:HNITNUM":"10022341","source:addr":"Staðfangaskrá"},"geometry":{"type":"LineString","coordinates":[[-21.9340828,64.1473363],[-21.9341884,64.1472354],[-21.9339329,64.1471845],[-21.9339702,64.147149],[-21.9339499,64.1471449],[-21.9338352,64.1471221],[-21.9336925,64.1472586],[-21.9340828,64.1473363]]}},{"type":"Feature","id":105067675,"properties":{"addr:city":"Reykjavík","addr:housenumber":"7","addr:postcode":"101","addr:street":"Bankastræti","building":"yes","building:levels":"4"},"geometry":{"type":"LineString","coordinates":[[-21.9340266,64.1469797],[-21.9340568,64.1469509],[-21.9341247,64.1469644],[-21.9342575,64.1468375],[-21.9338113,64.1467487],[-21.9336483,64.1469045],[-21.9340266,64.1469797]]}},{"type":"Feature","id":105067677,"properties":{"addr:housenumber":"4A","addr:postcode":"101","addr:street":"Hverfisgata","building":"yes","ref:HNITNUM":"10073173","source:addr":"Staðfangaskrá"},"geometry":{"type":"LineString","coordinates":[[-21.9342995,64.1471321],[-21.9346131,64.1471945],[-21.9346981,64.1471133],[-21.9344884,64.1470716],[-21.9344355,64.1470611],[-21.9343844,64.1470509],[-21.9342995,64.1471321]]}},{"type":"Feature","id":105067678,"properties":{"addr:housenumber":"3","addr:postcode":"101","addr:street":"Bankastræti","building":"retail","building:levels":"2","roof:shape":"gabled","start_date":"1881"},"geometry":{"type":"LineString","coordinates":[[-21.9348812,64.1469664],[-21.9346858,64.1469276],[-21.9346159,64.1469944],[-21.9347603,64.1470231],[-21.9348113,64.1470333],[-21.9348812,64.1469664]]}},{"type":"Feature","id":105067679,"properties":{"addr:housenumber":"10","addr:postcode":"101","addr:street":"Hverfisgata","building":"yes","building:levels":"5"},"geometry":{"type":"LineString","coordinates":[[-21.9336925,64.1472586],[-21.9338352,64.1471221],[-21.9333594,64.1470275],[-21.9332343,64.147147],[-21.9332833,64.1471567],[-21.9332618,64.1471773],[-21.933338,64.1471925],[-21.9333418,64.1471888],[-21.9336925,64.1472586]]}},{"type":"Feature","id":105067682,"properties":{"addr:housenumber":"5","addr:postcode":"101","addr:street":"Bankastræti","building":"yes","building:levels":"4"},"geometry":{"type":"LineString","coordinates":[[-21.9344355,64.1470611],[-21.9344435,64.1470534],[-21.9343922,64.1470432],[-21.9344147,64.1470218],[-21.9344679,64.1470323],[-21.9346004,64.1469057],[-21.9342575,64.1468375],[-21.9341247,64.1469644],[-21.9340568,64.1469509],[-21.9340266,64.1469797],[-21.9341062,64.1469956],[-21.9343844,64.1470509],[-21.9344355,64.1470611]]}},{"type":"Feature","id":105067684,"properties":{"building":"yes"},"geometry":{"type":"LineString","coordinates":[[-21.9346131,64.1471945],[-21.9345926,64.1472141],[-21.9346947,64.1472344],[-21.934748,64.1471835],[-21.9348018,64.1471942],[-21.934854,64.1471443],[-21.9347225,64.1471182],[-21.9346981,64.1471133],[-21.9346131,64.1471945]]}},{"type":"Feature","id":105068083,"properties":{"highway":"service","oneway":"no","service":"parking_aisle","surface":"asphalt"},"geometry":{"type":"LineString","coordinates":[[-21.9341022,64.1471747],[-21.9345883,64.1472737]]}},{"type":"Feature","id":105068085,"properties":{"highway":"service","oneway":"no","surface":"asphalt"},"geometry":{"type":"LineString","coordinates":[[-21.9343443,64.1475117],[-21.9344369,64.1474213],[-21.9345883,64.1472737]]}},{"type":"Feature","id":107495302,"properties":{"bicycle":"designated","disabled":"yes","foot":"designated","goods:conditional":"destination @ (Mo-Fr 07:00-11:00; Sa 08:00-11:00; PH off)","highway":"pedestrian","lit":"yes","maxspeed":"10","motor_vehicle":"no","name":"Bankastræti","oneway":"no","sidewalk":"both","surface":"paving_stones","wikidata":"Q16420477","wikipedia":"is:Bankastræti"},"geometry":{"type":"LineString","coordinates":[[-21.9328919,64.1464724],[-21.9335275,64.1466029],[-21.93363,64.146624]]}},{"type":"Feature","id":107495456,"properties":{"highway":"service","maxspeed":"10","service":"parking_aisle","surface":"asphalt"},"geometry":{"type":"LineString","coordinates":[[-21.9331507,64.1457329],[-21.9335705,64.1458253],[-21.9341972,64.145896],[-21.934286,64.1459058]]}},{"type":"Feature","id":107495459,"properties":{"addr:city":"Reykjavík","addr:housenumber":"1","addr:postcode":"101","addr:street":"Hallveigarstígur","building":"commercial","building:levels":"4","description":"Samfylkingin","roof:levels":"0"},"geometry":{"type":"LineString","coordinates":[[-21.9341198,64.145734],[-21.9342915,64.1455875],[-21.933865,64.145491],[-21.9339006,64.1454624],[-21.9336706,64.1454057],[-21.9336323,64.1454364],[-21.9334721,64.1453978],[-21.9332964,64.1455472],[-21.933458,64.1455837],[-21.9333874,64.1456408],[-21.9333537,64.1456326],[-21.9333485,64.1456254],[-21.9333393,64.1456193],[-21.9333233,64.1456148],[-21.9333079,64.1456131],[-21.9332932,64.1456148],[-21.9332737,64.1456187],[-21.9332644,64.1456248],[-21.93326,64.1456333],[-21.9332648,64.1456414],[-21.9332745,64.145648],[-21.9332943,64.145653],[-21.9333174,64.1456533],[-21.9333338,64.1456495],[-21.9333669,64.1456574],[-21.9333339,64.145684],[-21.9335713,64.1457387],[-21.9336907,64.1456367],[-21.9341198,64.145734]]}},{"type":"Feature","id":108370299,"properties":{"access":"yes","amenity":"parking","building":"parking","capacity":"58","fee":"yes","name":"Bergstaðir","operator":"Bílastæðasjóður Reykjavíkur","operator:type":"government","parking":"multi-storey","payment:cash":"yes","payment:credit_cards":"yes","start_date":"1993","surface":"concrete"},"geometry":{"type":"LineString","coordinates":[[-21.933016,64.1456923],[-21.9333003,64.1454525],[-21.9328041,64.1453402],[-21.9325681,64.1455437],[-21.9326056,64.1456022],[-21.933016,64.1456923]]}},{"type":"Feature","id":108370301,"properties":{"highway":"service","maxspeed":"10","service":"parking_aisle","surface":"concrete"},"geometry":{"type":"LineString","coordinates":[[-21.9322211,64.1455689],[-21.9322955,64.1455838],[-21.9328899,64.1457028]]}},{"type":"Feature","id":109231840,"properties":{"addr:housenumber":"6","addr:postcode":"101","addr:street":"Skólavörðustígur","building":"yes","start_date":"1985"},"geometry":{"type":"LineString","coordinates":[[-21.9330118,64.1460083],[-21.9329344,64.1459604],[-21.9329245,64.1459632],[-21.9328741,64.1459357],[-21.9327167,64.1459823],[-21.9327613,64.1460129],[-21.9327489,64.1460162],[-21.9328293,64.146067],[-21.9330118,64.1460083]]}},{"type":"Feature","id":109231844,"properties":{"addr:housenumber":"10","addr:postcode":"101","addr:street":"Skólavörðustígur","building":"yes","start_date":"1994"},"geometry":{"type":"LineString","coordinates":[[-21.9326326,64.1456994],[-21.9325365,64.1456762],[-21.9324855,64.1456336],[-21.9324377,64.1456356],[-21.9324914,64.1456691],[-21.9324189,64.1457309],[-21.9323142,64.1457311],[-21.9324102,64.1457936],[-21.9325648,64.1457611],[-21.9326326,64.1456994]]}},{"type":"Feature","id":109232232,"properties":{"addr:housenumber":"7b","addr:postcode":"101","building":"yes"},"geometry":{"type":"LineString","coordinates":[[-21.9336915,64.1460291],[-21.9337643,64.145957],[-21.9335926,64.145924],[-21.9335819,64.1459346],[-21.9335166,64.1459221],[-21.933479,64.1459593],[-21.9335473,64.1459724],[-21.9335227,64.1459967],[-21.9336915,64.1460291]]}},{"type":"Feature","id":109232233,"properties":{"addr:housenumber":"6b","addr:postcode":"101","building":"yes","start_date":"1986"},"geometry":{"type":"LineString","coordinates":[[-21.9332513,64.1460724],[-21.9331708,64.1460744],[-21.9329616,64.1459241],[-21.9330568,64.1458431],[-21.9331017,64.1458373],[-21.9334022,64.145907],[-21.9334203,64.1459311],[-21.9332513,64.1460724]]}},{"type":"Feature","id":109232234,"properties":{"addr:postcode":"101","addr:street":"Skólavörðustígur","building":"yes","start_date":"1901"},"geometry":{"type":"LineString","coordinates":[[-21.9329862,64.1461693],[-21.9330687,64.1462248],[-21.9331511,64.1462008],[-21.9332739,64.1461648],[-21.9332146,64.1461264],[-21.9331867,64.1461083],[-21.9331189,64.1461294],[-21.9329862,64.1461693]]}},{"type":"Feature","id":109232235,"properties":{"addr:housenumber":"2","addr:postcode":"101","addr:street":"Skólavörðustígur","building":"yes","building:levels":"4"},"geometry":{"type":"LineString","coordinates":[[-21.9333532,64.1463095],[-21.9333981,64.1462975],[-21.933325,64.1462429],[-21.9333418,64.1462259],[-21.9333076,64.1462019],[-21.9331511,64.1462008],[-21.9330687,64.1462248],[-21.9330202,64.1462385],[-21.9331762,64.1463547],[-21.9333532,64.1463095]]}},{"type":"Feature","id":109232236,"properties":{"building":"yes","start_date":"2004"},"geometry":{"type":"LineString","coordinates":[[-21.9335482,64.1461851],[-21.9334223,64.1461721],[-21.9334082,64.1462119],[-21.9334455,64.1462149],[-21.933535,64.1462222],[-21.9335482,64.1461851]]}},{"type":"Feature","id":109232237,"properties":{"building":"yes"},"geometry":{"type":"LineString","coordinates":[[-21.9334455,64.1462149],[-21.9334008,64.1462692],[-21.933435,64.1462762],[-21.9334605,64.1462715],[-21.9335139,64.146283],[-21.9335228,64.1462563],[-21.933535,64.1462222],[-21.9334455,64.1462149]]}},{"type":"Feature","id":109232238,"properties":{"addr:housenumber":"14","addr:postcode":"101","addr:street":"Bankastræti","building":"yes","building:levels":"4"},"geometry":{"type":"LineString","coordinates":[[-21.9335102,64.1463453],[-21.933374,64.1463259],[-21.9333532,64.1463095],[-21.9331762,64.1463547],[-21.9331447,64.1463627],[-21.9331795,64.1463847],[-21.9331554,64.1464066],[-21.933188,64.1464123],[-21.9332171,64.1464174],[-21.9331949,64.1464379],[-21.9332727,64.1464528],[-21.9332466,64.1464819],[-21.9333814,64.1465075],[-21.9334451,64.1464414],[-21.9334828,64.1463969],[-21.9334677,64.1463944],[-21.9335102,64.1463453]]}},{"type":"Feature","id":109232239,"properties":{"building":"yes"},"geometry":{"type":"LineString","coordinates":[[-21.9336983,64.1461294],[-21.9335717,64.1461049],[-21.9335604,64.1461507],[-21.9335482,64.1461851],[-21.933535,64.1462222],[-21.9335228,64.1462563],[-21.9335771,64.146268],[-21.9336983,64.1461294]]}},{"type":"Feature","id":109232240,"properties":{"addr:housenumber":"4C","addr:postcode":"101","addr:street":"Skólavörðustígur","building":"yes","ref:HNITNUM":"10017661","source:addr":"Staðfangaskrá"},"geometry":{"type":"LineString","coordinates":[[-21.9335731,64.146099],[-21.9334498,64.1460811],[-21.9334115,64.1461323],[-21.9335604,64.1461507],[-21.9335717,64.1461049],[-21.9335731,64.146099]]}},{"type":"Feature","id":109232241,"properties":{"addr:housenumber":"3","addr:postcode":"101","building":"yes","start_date":"1987"},"geometry":{"type":"LineString","coordinates":[[-21.9336971,64.1464322],[-21.9338065,64.1463058],[-21.9337896,64.146303],[-21.9335771,64.146268],[-21.9335102,64.1463453],[-21.9334677,64.1463944],[-21.9334828,64.1463969],[-21.9336971,64.1464322]]}},{"type":"Feature","id":109232242,"properties":{"addr:housenumber":"12","addr:postcode":"101","addr:street":"Bankastræti","building":"yes","building:levels":"2"},"geometry":{"type":"LineString","coordinates":[[-21.9337008,64.1464634],[-21.9336368,64.1464525],[-21.9336288,64.1464622],[-21.9335752,64.1464543],[-21.9335664,64.1464625],[-21.9334451,64.1464414],[-21.9333814,64.1465075],[-21.9335879,64.1465475],[-21.9336084,64.1465437],[-21.933628,64.1465401],[-21.9337008,64.1464634]]}},{"type":"Feature","id":109232243,"properties":{"addr:housenumber":"5","addr:postcode":"101","building":"yes"},"geometry":{"type":"LineString","coordinates":[[-21.9339118,64.1461655],[-21.9336983,64.1461294],[-21.9335771,64.146268],[-21.9337896,64.146303],[-21.9339118,64.1461655]]}},{"type":"Feature","id":109232244,"properties":{"addr:housenumber":"4","addr:postcode":"101","addr:street":"Skólavörðustígur","building":"yes"},"geometry":{"type":"LineString","coordinates":[[-21.9331189,64.1461294],[-21.9330919,64.1461118],[-21.9331111,64.1460974],[-21.9330783,64.146075],[-21.9330386,64.1460778],[-21.9330106,64.14606],[-21.9328775,64.1460997],[-21.9329862,64.1461693],[-21.9331189,64.1461294]]}},{"type":"Feature","id":109232245,"properties":{"building":"yes","start_date":"1896"},"geometry":{"type":"LineString","coordinates":[[-21.9340086,64.1461358],[-21.9340977,64.1460372],[-21.9339463,64.1460112],[-21.9338571,64.1461098],[-21.9340086,64.1461358]]}},{"type":"Feature","id":118706421,"properties":{"addr:housenumber":"1","addr:postcode":"101","addr:street":"Þingholtsstræti","building":"yes","building:levels":"2","start_date":"1900"},"geometry":{"type":"LineString","coordinates":[[-21.9341192,64.1466694],[-21.9342846,64.1467075],[-21.9343732,64.1466923],[-21.9344728,64.1465722],[-21.9343222,64.1465484],[-21.9342846,64.1465952],[-21.9341995,64.1465787],[-21.9341192,64.1466694]]}},{"type":"Feature","id":120306350,"properties":{"bicycle":"designated","disabled":"yes","foot":"designated","goods:conditional":"destination @ (Mo-Fr 07:00-11:00; Sa 08:00-11:00; PH off)","highway":"pedestrian","lit":"yes","maxspeed":"10","motor_vehicle":"no","name":"Laugavegur","oneway":"no","surface":"asphalt","surface:colour":"red","wikidata":"Q151294","wikipedia":"is:Laugavegur"},"geometry":{"type":"LineString","coordinates":[[-21.9312539,64.1461359],[-21.9312948,64.1461443],[-21.9321327,64.1463164],[-21.9325599,64.1464042]]}},{"type":"Feature","id":122401664,"properties":{"addr:city":"Reykjavík","addr:housenumber":"4","addr:postcode":"101","addr:street":"Spítalastígur","building":"yes","ref:HNITNUM":"10019472","source":"Kaart Ground Survey 2017","source:addr":"Staðfangaskrá","start_date":"1903"},"geometry":{"type":"LineString","coordinates":[[-21.9344568,64.1446002],[-21.9344056,64.1446595],[-21.9342284,64.1446304],[-21.9342796,64.1445711],[-21.9343367,64.1445805],[-21.9344568,64.1446002]]}},{"type":"Feature","id":122401666,"properties":{"addr:housenumber":"7","addr:postcode":"101","building":"apartments"},"geometry":{"type":"LineString","coordinates":[[-21.9345232,64.1440955],[-21.9345683,64.1440312],[-21.9344178,64.1440111],[-21.9343719,64.1440767],[-21.9344033,64.1440809],[-21.9343795,64.1441148],[-21.9344321,64.1441218],[-21.9344567,64.1440867],[-21.9345232,64.1440955]]}},{"type":"Feature","id":122401668,"properties":{"addr:housenumber":"26","addr:postcode":"101","building":"yes","start_date":"1902"},"geometry":{"type":"LineString","coordinates":[[-21.9346118,64.1436979],[-21.9344656,64.143664],[-21.9344026,64.1437207],[-21.9344412,64.1437302],[-21.9344187,64.1437517],[-21.9345592,64.1437822],[-21.93459,64.1437577],[-21.9345555,64.1437476],[-21.9346118,64.1436979]]}},{"type":"Feature","id":122401669,"properties":{"addr:housenumber":"22","addr:postcode":"101","addr:street":"Bergstaðastræti","building":"detached","ref:HNITNUM":"10007030","source:addr":"Staðfangaskrá"},"geometry":{"type":"LineString","coordinates":[[-21.9342873,64.1440263],[-21.9342543,64.1440606],[-21.9342964,64.1440683],[-21.9342716,64.1440941],[-21.9342407,64.1440885],[-21.9342384,64.1440909],[-21.9343157,64.144105],[-21.9342843,64.1441377],[-21.9342472,64.1441764],[-21.9341448,64.1441577],[-21.9341781,64.1441229],[-21.9340837,64.1441057],[-21.9341789,64.1440065],[-21.9342873,64.1440263]]}},{"type":"Feature","id":122401670,"properties":{"addr:housenumber":"24b","addr:postcode":"101","building":"yes"},"geometry":{"type":"LineString","coordinates":[[-21.9344884,64.1438441],[-21.9345592,64.1437822],[-21.9344187,64.1437517],[-21.9344023,64.1437489],[-21.9343433,64.1438121],[-21.9344884,64.1438441]]}},{"type":"Feature","id":122401671,"properties":{"addr:housenumber":"6","addr:postcode":"101","addr:street":"Bjargarstígur","building":"house","ref:HNITNUM":"10008160","source:addr":"Staðfangaskrá"},"geometry":{"type":"LineString","coordinates":[[-21.9346829,64.1438757],[-21.934822,64.1438969],[-21.9347808,64.1439605],[-21.934644,64.1439424],[-21.9346829,64.1438757]]}},{"type":"Feature","id":122401674,"properties":{"addr:housenumber":"24","addr:postcode":"101","building":"detached","start_date":"1884"},"geometry":{"type":"LineString","coordinates":[[-21.9344305,64.1438682],[-21.9343203,64.1438499],[-21.9342679,64.1439102],[-21.9343585,64.1439252],[-21.9343634,64.1439195],[-21.9344184,64.1439286],[-21.9344336,64.1439111],[-21.9343982,64.1439053],[-21.9344305,64.1438682]]}},{"type":"Feature","id":122401679,"properties":{"addr:housenumber":"6","addr:postcode":"101","addr:street":"Spítalastígur","building":"yes","ref:HNITNUM":"10020121","source:addr":"Staðfangaskrá","start_date":"1904"},"geometry":{"type":"LineString","coordinates":[[-21.9340256,64.1445294],[-21.9342796,64.1445711],[-21.9342284,64.1446304],[-21.9339744,64.1445888],[-21.9340256,64.1445294]]}},{"type":"Feature","id":122401683,"properties":{"addr:city":"Reykjavík","addr:housenumber":"5","addr:postcode":"101","addr:street":"Bjargarstígur","building":"house","ref:HNITNUM":"10008159","source:addr":"Staðfangaskrá"},"geometry":{"type":"LineString","coordinates":[[-21.934766,64.1441371],[-21.934819,64.144067],[-21.9346713,64.1440458],[-21.9346183,64.1441159],[-21.934766,64.1441371]]}},{"type":"Feature","id":122401688,"properties":{"addr:housenumber":"5B","addr:postcode":"101","addr:street":"Grundarstígur","building":"yes","ref:HNITNUM":"10010985","source:addr":"Staðfangaskrá"},"geometry":{"type":"LineString","coordinates":[[-21.9346718,64.1443809],[-21.934699,64.1443131],[-21.9345233,64.1442997],[-21.9344997,64.1443584],[-21.9345468,64.144362],[-21.9345357,64.1443897],[-21.9346473,64.1443983],[-21.9346548,64.1443796],[-21.9346718,64.1443809]]}},{"type":"Feature","id":122401691,"properties":{"addr:housenumber":"20","addr:postcode":"101","addr:street":"Bergstaðastræti","building":"yes","ref:HNITNUM":"10007027","source:addr":"Staðfangaskrá","start_date":"1902"},"geometry":{"type":"LineString","coordinates":[[-21.9340046,64.1441378],[-21.9341505,64.1441713],[-21.9341291,64.144189],[-21.9341861,64.1442021],[-21.9341572,64.144226],[-21.9341027,64.1442135],[-21.9340605,64.1442485],[-21.9339122,64.1442145],[-21.9340046,64.1441378]]}},{"type":"Feature","id":122401693,"properties":{"building":"yes"},"geometry":{"type":"LineString","coordinates":[[-21.934748,64.1441769],[-21.9345243,64.1441582],[-21.9345103,64.1441901],[-21.934734,64.1442088],[-21.934748,64.1441769]]}},{"type":"Feature","id":122401700,"properties":{"addr:city":"Reykjavík","addr:housenumber":"2b","addr:postcode":"101","addr:street":"Spítalastígur","building":"yes","source":"Kaart Ground Survey 2017"},"geometry":{"type":"LineString","coordinates":[[-21.9346504,64.1446337],[-21.9346919,64.14464],[-21.9346998,64.1446301],[-21.9347611,64.1446394],[-21.9347549,64.1446472],[-21.934781,64.1446512],[-21.9347302,64.1447149],[-21.9346012,64.1446954],[-21.9346504,64.1446337]]}},{"type":"Feature","id":122401710,"properties":{"addr:housenumber":"4D","addr:postcode":"101","addr:street":"Spítalastígur","building":"yes","ref:HNITNUM":"10160897","source:addr":"Staðfangaskrá"},"geometry":{"type":"LineString","coordinates":[[-21.9343253,64.1445158],[-21.9342447,64.144503],[-21.9343362,64.1443929],[-21.9344169,64.1444056],[-21.9343253,64.1445158]]}},{"type":"Feature","id":122551441,"properties":{"addr:housenumber":"3a","addr:postcode":"101","addr:street":"Skólavörðustígur","building":"retail","building:levels":"3","roof:levels":"1","roof:shape":"gabled"},"geometry":{"type":"LineString","coordinates":[[-21.9323275,64.1459608],[-21.9324706,64.1460664],[-21.9323232,64.1461044],[-21.9322993,64.1461105],[-21.9321562,64.146005],[-21.9323275,64.1459608]]}},{"type":"Feature","id":122551442,"properties":{"addr:housenumber":"2","addr:postcode":"101","addr:street":"Laugavegur","building":"yes","ref:HNITNUM":"10017497","source:addr":"Staðfangaskrá"},"geometry":{"type":"LineString","coordinates":[[-21.9328639,64.1463277],[-21.9326159,64.1462802],[-21.9325943,64.1463017],[-21.9325558,64.14634],[-21.9326252,64.1463533],[-21.9326163,64.1463621],[-21.9327948,64.1463963],[-21.9328639,64.1463277]]}},{"type":"Feature","id":122551443,"properties":{"addr:housenumber":"4","addr:postcode":"101","addr:street":"Laugavegur","building":"yes","ref:HNITNUM":"10017499","source:addr":"Staðfangaskrá","start_date":"1890"},"geometry":{"type":"LineString","coordinates":[[-21.9325943,64.1463017],[-21.9325558,64.14634],[-21.9325515,64.1463443],[-21.9323787,64.1463112],[-21.9323842,64.1463058],[-21.9324216,64.1462686],[-21.9324835,64.1462805],[-21.9325943,64.1463017]]}},{"type":"Feature","id":122551448,"properties":{"addr:housenumber":"3","addr:postcode":"101","addr:street":"Skólavörðustígur","building":"yes","start_date":"1890"},"geometry":{"type":"LineString","coordinates":[[-21.9324706,64.1460664],[-21.9325055,64.1460904],[-21.9325908,64.146149],[-21.9324907,64.1461782],[-21.9324406,64.1461928],[-21.9324097,64.1461899],[-21.9324057,64.1461817],[-21.9324151,64.1461689],[-21.9323534,64.1461531],[-21.9323843,64.1461285],[-21.9323232,64.1461044],[-21.9324706,64.1460664]]}},{"type":"Feature","id":124546016,"properties":{"building":"yes"},"geometry":{"type":"LineString","coordinates":[[-21.9332781,64.1449561],[-21.9336976,64.1450473],[-21.9336606,64.1450796],[-21.9333848,64.1450197],[-21.9333925,64.1450129],[-21.9332488,64.1449817],[-21.9332781,64.1449561]]}},{"type":"Feature","id":124546020,"properties":{"addr:housenumber":"1a","addr:postcode":"101","addr:street":"Spítalastígur","building":"yes"},"geometry":{"type":"LineString","coordinates":[[-21.9345849,64.1448668],[-21.9345709,64.144883],[-21.9345279,64.144876],[-21.9345019,64.1449061],[-21.9346338,64.1449277],[-21.9346622,64.1448948],[-21.9346754,64.1448796],[-21.9346388,64.1448736],[-21.9347003,64.1448022],[-21.9345252,64.1447735],[-21.9344621,64.1448467],[-21.9345849,64.1448668]]}},{"type":"Feature","id":124546023,"properties":{"addr:housenumber":"8","addr:postcode":"101","building":"yes"},"geometry":{"type":"LineString","coordinates":[[-21.9336138,64.1451399],[-21.9337631,64.1451738],[-21.9337926,64.1451805],[-21.9337161,64.1452446],[-21.9336844,64.1452374],[-21.9335373,64.145204],[-21.9336138,64.1451399]]}},{"type":"Feature","id":124546025,"properties":{"addr:housenumber":"21A","addr:postcode":"101","addr:street":"Ingólfsstræti","building":"yes","ref:HNITNUM":"10023219","source:addr":"Staðfangaskrá"},"geometry":{"type":"LineString","coordinates":[[-21.9343379,64.1450028],[-21.9341573,64.1449716],[-21.9342064,64.1449175],[-21.9342329,64.1448883],[-21.9342516,64.1448915],[-21.9344135,64.1449194],[-21.9343379,64.1450028]]}},{"type":"Feature","id":124546032,"properties":{"addr:housenumber":"8A","addr:postcode":"101","addr:street":"Hallveigarstígur","building":"yes","ref:HNITNUM":"10012251","source:addr":"Staðfangaskrá"},"geometry":{"type":"LineString","coordinates":[[-21.9337466,64.1450045],[-21.9338992,64.1450376],[-21.9338132,64.1451128],[-21.9336606,64.1450796],[-21.9336976,64.1450473],[-21.9337466,64.1450045]]}},{"type":"Feature","id":124546034,"properties":{"addr:housenumber":"10c","addr:postcode":"101","building":"yes"},"geometry":{"type":"LineString","coordinates":[[-21.9332757,64.1449424],[-21.9331125,64.1449057],[-21.9330406,64.1449665],[-21.9331453,64.14499],[-21.9332037,64.1450032],[-21.9332757,64.1449424]]}},{"type":"Feature","id":124546037,"properties":{"addr:city":"Reykjavík","addr:housenumber":"7","addr:postcode":"101","addr:street":"Spítalastígur","building":"yes","source":"Kaart Ground Survey 2017"},"geometry":{"type":"LineString","coordinates":[[-21.9338949,64.1447366],[-21.9337962,64.1447205],[-21.9337923,64.1447249],[-21.9337817,64.1447232],[-21.9337661,64.1447414],[-21.9336851,64.1447281],[-21.9337572,64.1446443],[-21.9339475,64.1446754],[-21.9338949,64.1447366]]}},{"type":"Feature","id":124546042,"properties":{"addr:housenumber":"21B","addr:postcode":"101","addr:street":"Ingólfsstræti","building":"yes","ref:HNITNUM":"10023220","source:addr":"Staðfangaskrá"},"geometry":{"type":"LineString","coordinates":[[-21.9340419,64.1449939],[-21.9338917,64.1449641],[-21.9339829,64.1448618],[-21.9341304,64.1448904],[-21.9340419,64.1449939]]}},{"type":"Feature","id":124546046,"properties":{"addr:housenumber":"4","addr:postcode":"101","building":"yes"},"geometry":{"type":"LineString","coordinates":[[-21.9339502,64.1452163],[-21.9340927,64.1452486],[-21.9340162,64.1453127],[-21.9338737,64.1452804],[-21.9339502,64.1452163]]}},{"type":"Feature","id":124546050,"properties":{"addr:housenumber":"10","addr:postcode":"101","building":"yes"},"geometry":{"type":"LineString","coordinates":[[-21.9335939,64.1451205],[-21.9334067,64.1450782],[-21.9333193,64.1451518],[-21.9335065,64.1451941],[-21.9335939,64.1451205]]}},{"type":"Feature","id":124546061,"properties":{"addr:housenumber":"2","addr:postcode":"101","building":"yes"},"geometry":{"type":"LineString","coordinates":[[-21.9340927,64.1452486],[-21.9342175,64.1452801],[-21.9341451,64.1453434],[-21.9340162,64.1453127],[-21.9340927,64.1452486]]}},{"type":"Feature","id":124546072,"properties":{"addr:housenumber":"5","addr:postcode":"101","addr:street":"Spítalastígur","building":"yes","ref:HNITNUM":"10020120","source:addr":"Staðfangaskrá","start_date":"1901"},"geometry":{"type":"LineString","coordinates":[[-21.9342222,64.1447202],[-21.9340796,64.1446978],[-21.9340246,64.1447644],[-21.934058,64.1447697],[-21.9340342,64.1447985],[-21.9341018,64.1448091],[-21.9341259,64.1447799],[-21.9341674,64.1447864],[-21.9342222,64.1447202]]}},{"type":"Feature","id":124546076,"properties":{"addr:housenumber":"10","addr:postcode":"101","addr:street":"Bergstaðastræti","building":"apartments","ref:HNITNUM":"10007014","source:addr":"Staðfangaskrá"},"geometry":{"type":"LineString","coordinates":[[-21.9329355,64.1450887],[-21.9331427,64.1451332],[-21.9332018,64.1450798],[-21.9331296,64.1450646],[-21.9331678,64.1450301],[-21.9331165,64.1450173],[-21.9331453,64.14499],[-21.9330406,64.1449665],[-21.9329315,64.1450594],[-21.9329341,64.1450741],[-21.9329355,64.1450887]]}},{"type":"Feature","id":124546085,"properties":{"addr:housenumber":"6","addr:postcode":"101","addr:street":"Hallveigarstígur","building":"yes","ref:HNITNUM":"10012247","source:addr":"Staðfangaskrá"},"geometry":{"type":"LineString","coordinates":[[-21.9337926,64.1451805],[-21.9339502,64.1452163],[-21.9338737,64.1452804],[-21.9337161,64.1452446],[-21.9337926,64.1451805]]}},{"type":"Feature","id":124546087,"properties":{"addr:housenumber":"21C","addr:postcode":"101","addr:street":"Ingólfsstræti","building":"yes","ref:HNITNUM":"10023221","source:addr":"Staðfangaskrá"},"geometry":{"type":"LineString","coordinates":[[-21.9340913,64.1451703],[-21.934293,64.1452141],[-21.9343705,64.1451463],[-21.9341689,64.1451024],[-21.9340913,64.1451703]]}},{"type":"Feature","id":124546093,"properties":{"addr:housenumber":"12B","addr:postcode":"101","addr:street":"Bergstaðastræti","building":"yes","ref:HNITNUM":"10007020","source:addr":"Staðfangaskrá"},"geometry":{"type":"LineString","coordinates":[[-21.9339436,64.1447953],[-21.9338376,64.1447765],[-21.9337282,64.1448942],[-21.9338342,64.1449129],[-21.9338536,64.1448921],[-21.9339369,64.1448025],[-21.9339436,64.1447953]]}},{"type":"Feature","id":124546098,"properties":{"addr:housenumber":"21","addr:postcode":"101","building":"yes","start_date":"1903"},"geometry":{"type":"LineString","coordinates":[[-21.9348036,64.1451402],[-21.9347351,64.1451333],[-21.9347244,64.1451467],[-21.9346615,64.1451355],[-21.9346736,64.1451197],[-21.9346171,64.1451105],[-21.9346722,64.1450454],[-21.9345917,64.1450337],[-21.9346199,64.1450004],[-21.9348853,64.1450473],[-21.9348036,64.1451402]]}},{"type":"Feature","id":124546106,"properties":{"addr:housenumber":"10a","addr:postcode":"101","building":"yes"},"geometry":{"type":"LineString","coordinates":[[-21.9331728,64.1450258],[-21.9334067,64.1450782],[-21.9333193,64.1451518],[-21.9333023,64.1451668],[-21.9331427,64.1451332],[-21.9332018,64.1450798],[-21.9331296,64.1450646],[-21.9331678,64.1450301],[-21.9331728,64.1450258]]}},{"type":"Feature","id":124546116,"properties":{"addr:housenumber":"3","addr:postcode":"101","building":"yes"},"geometry":{"type":"LineString","coordinates":[[-21.9342727,64.1448173],[-21.9343991,64.144838],[-21.9343859,64.1448533],[-21.9344476,64.1448634],[-21.9344621,64.1448467],[-21.9345252,64.1447735],[-21.9344558,64.1447621],[-21.9344466,64.1447728],[-21.9343279,64.1447533],[-21.9342727,64.1448173]]}},{"type":"Feature","id":124546118,"properties":{"addr:housenumber":"6A","addr:postcode":"101","addr:street":"Hallveigarstígur","building":"yes","ref:HNITNUM":"10012248","source:addr":"Staðfangaskrá"},"geometry":{"type":"LineString","coordinates":[[-21.9339895,64.1451511],[-21.9338132,64.1451128],[-21.9338992,64.1450376],[-21.9340755,64.145076],[-21.9339895,64.1451511]]}},{"type":"Feature","id":124546121,"properties":{"addr:housenumber":"12A","addr:postcode":"101","addr:street":"Bergstaðastræti","building":"yes","ref:HNITNUM":"10001356","source:addr":"Staðfangaskrá"},"geometry":{"type":"LineString","coordinates":[[-21.933493,64.1447891],[-21.9333017,64.144746],[-21.9331125,64.1449057],[-21.9332757,64.1449424],[-21.9333949,64.1448418],[-21.933423,64.1448482],[-21.933493,64.1447891]]}},{"type":"Feature","id":124546125,"properties":{"addr:housenumber":"14","addr:postcode":"101","building":"yes"},"geometry":{"type":"LineString","coordinates":[[-21.9336764,64.1447397],[-21.9336851,64.1447281],[-21.9337572,64.1446443],[-21.9335041,64.1445986],[-21.9334758,64.1445999],[-21.9334584,64.1446057],[-21.9333821,64.1446875],[-21.9336764,64.1447397]]}},{"type":"Feature","id":124546127,"properties":{"addr:housenumber":"21B","addr:postcode":"101","building":"yes","start_date":"1903"},"geometry":{"type":"LineString","coordinates":[[-21.9345144,64.1450837],[-21.9344006,64.1450645],[-21.9344597,64.1449979],[-21.9345735,64.1450171],[-21.9345144,64.1450837]]}},{"type":"Feature","id":124546128,"properties":{"addr:city":"Reykjavík","addr:housenumber":"21D","addr:postcode":"101","addr:street":"Ingólfsstræti","building":"yes"},"geometry":{"type":"LineString","coordinates":[[-21.9339477,64.1448746],[-21.9339121,64.1448683],[-21.9338848,64.1448976],[-21.9338536,64.1448921],[-21.9339369,64.1448025],[-21.9340037,64.1448144],[-21.9339477,64.1448746]]}},{"type":"Feature","id":124546138,"properties":{"addr:housenumber":"12","addr:postcode":"101","addr:street":"Bergstaðastræti","building":"yes","ref:HNITNUM":"10007019","source:addr":"Staðfangaskrá"},"geometry":{"type":"LineString","coordinates":[[-21.9335131,64.1449365],[-21.9334063,64.1449141],[-21.9334656,64.1448605],[-21.9335724,64.1448829],[-21.9335131,64.1449365]]}},{"type":"Feature","id":124712327,"properties":{"addr:housenumber":"10","addr:postcode":"101","building":"yes"},"geometry":{"type":"LineString","coordinates":[[-21.9344498,64.1460456],[-21.9344697,64.1460145],[-21.9345233,64.1460244],[-21.9345595,64.1459788],[-21.9343409,64.1459402],[-21.9342797,64.1460182],[-21.9344498,64.1460456]]}},{"type":"Feature","id":124712330,"properties":{"building":"yes"},"geometry":{"type":"LineString","coordinates":[[-21.9341964,64.1465225],[-21.9340344,64.1464954],[-21.9340664,64.146459],[-21.9342303,64.1464864],[-21.9342117,64.1465082],[-21.9341964,64.1465225]]}},{"type":"Feature","id":124712332,"properties":{"addr:city":"Reykjavík","addr:housenumber":"12","addr:postcode":"101","addr:street":"Ingólfsstræti","building":"yes","source":"Kaart Ground Survey 2017"},"geometry":{"type":"LineString","coordinates":[[-21.934754,64.1458065],[-21.9346542,64.1457885],[-21.9345544,64.1457704],[-21.9344407,64.1458898],[-21.9346403,64.145926],[-21.934754,64.1458065]]}},{"type":"Feature","id":124712333,"properties":{"addr:housenumber":"8","addr:postcode":"101","addr:street":"Bankastræti","building":"yes","building:levels":"1","ref:HNITNUM":"10007583","source:addr":"Staðfangaskrá"},"geometry":{"type":"LineString","coordinates":[[-21.933911,64.1466344],[-21.9339397,64.146602],[-21.9339914,64.1465436],[-21.9341995,64.1465787],[-21.9341192,64.1466694],[-21.933911,64.1466344]]}},{"type":"Feature","id":124712336,"properties":{"building":"yes"},"geometry":{"type":"LineString","coordinates":[[-21.9343222,64.1462396],[-21.9342647,64.1462266],[-21.9341212,64.1462014],[-21.9341489,64.1461663],[-21.9342854,64.1461901],[-21.9343597,64.1462004],[-21.9343222,64.1462396]]}},{"type":"Feature","id":124712338,"properties":{"addr:housenumber":"8","addr:postcode":"101","building":"yes"},"geometry":{"type":"LineString","coordinates":[[-21.9343782,64.1461016],[-21.9343359,64.1460942],[-21.9343474,64.1460816],[-21.9342766,64.1460692],[-21.9342633,64.1460837],[-21.93423,64.1460779],[-21.9341489,64.1461663],[-21.9342854,64.1461901],[-21.9343087,64.1461648],[-21.9343445,64.146171],[-21.9343748,64.1461381],[-21.9343488,64.1461336],[-21.9343782,64.1461016]]}},{"type":"Feature","id":124712340,"properties":{"addr:city":"Reykjavík","addr:housenumber":"19","addr:postcode":"101","addr:street":"Ingólfsstræti","amenity":"place_of_worship","building":"church","denomination":"seventh_day_adventist","name":"Adventkirkjan","religion":"christian","source":"Kaart Ground Survey 2017"},"geometry":{"type":"LineString","coordinates":[[-21.9342175,64.1452801],[-21.9341451,64.1453434],[-21.9345098,64.1454228],[-21.9345292,64.1454058],[-21.934552,64.1454108],[-21.9346059,64.1453637],[-21.9345883,64.1453599],[-21.9346098,64.1453411],[-21.9343484,64.1452842],[-21.9344791,64.1451699],[-21.9343705,64.1451463],[-21.934293,64.1452141],[-21.9342175,64.1452801]]}},{"type":"Feature","id":124712344,"properties":{"addr:housenumber":"3","addr:postcode":"101","addr:street":"Þingholtsstræti","building":"yes","ref:HNITNUM":"10015514","source:addr":"Staðfangaskrá","start_date":"2006"},"geometry":{"type":"LineString","coordinates":[[-21.9342117,64.1465082],[-21.9342303,64.1464864],[-21.9343412,64.1463565],[-21.9346016,64.1463987],[-21.9344721,64.1465505],[-21.9342117,64.1465082]]}},{"type":"Feature","id":124712349,"properties":{"addr:city":"Reykjavík","addr:housenumber":"14","addr:postcode":"101","addr:street":"Ingólfsstræti","building":"yes","source":"Kaart Ground Survey 2017"},"geometry":{"type":"LineString","coordinates":[[-21.9347885,64.1457294],[-21.9347476,64.1457225],[-21.9346252,64.145702],[-21.9347027,64.1456141],[-21.9348661,64.1456415],[-21.9347885,64.1457294]]}},{"type":"Feature","id":124712353,"properties":{"addr:housenumber":"7","addr:postcode":"101","building":"yes","start_date":"1880"},"geometry":{"type":"LineString","coordinates":[[-21.9347902,64.146149],[-21.9346454,64.1461314],[-21.9346346,64.1461519],[-21.9345922,64.1461469],[-21.9345837,64.1461654],[-21.9346105,64.1461694],[-21.9345931,64.1461958],[-21.9347352,64.1462227],[-21.9347902,64.146149]]}},{"type":"Feature","id":124712354,"properties":{"addr:housenumber":"2","addr:postcode":"101","building":"yes"},"geometry":{"type":"LineString","coordinates":[[-21.9340344,64.1464954],[-21.9340148,64.1465179],[-21.9338563,64.1464911],[-21.9339062,64.1464333],[-21.9340483,64.1464565],[-21.9340664,64.146459],[-21.9340344,64.1464954]]}},{"type":"Feature","id":124712355,"properties":{"addr:housenumber":"5","addr:postcode":"101","building":"yes"},"geometry":{"type":"LineString","coordinates":[[-21.9343412,64.1463565],[-21.9344644,64.1461876],[-21.9344791,64.1461905],[-21.934526,64.1461864],[-21.9345931,64.1461958],[-21.9347352,64.1462227],[-21.9346016,64.1463987],[-21.9343412,64.1463565]]}},{"type":"Feature","id":124712357,"properties":{"addr:housenumber":"10","addr:postcode":"101","addr:street":"Bankastræti","building":"yes","building:levels":"3"},"geometry":{"type":"LineString","coordinates":[[-21.9337815,64.1465752],[-21.9339397,64.146602],[-21.9339914,64.1465436],[-21.9340148,64.1465179],[-21.9338563,64.1464911],[-21.9337815,64.1465752]]}},{"type":"Feature","id":124712358,"properties":{"addr:housenumber":"7A","addr:postcode":"101","addr:street":"Þingholtsstræti","building":"yes","ref:HNITNUM":"10015518","source:addr":"Staðfangaskrá"},"geometry":{"type":"LineString","coordinates":[[-21.9345568,64.1461145],[-21.9344634,64.1460948],[-21.9343963,64.1461742],[-21.9344644,64.1461876],[-21.9344791,64.1461905],[-21.9345568,64.1461145]]}},{"type":"Feature","id":124712360,"properties":{"addr:housenumber":"6","addr:postcode":"101","building":"yes"},"geometry":{"type":"LineString","coordinates":[[-21.9341475,64.1463682],[-21.9341919,64.1463202],[-21.9342183,64.1463248],[-21.9342516,64.1462888],[-21.9342134,64.1462821],[-21.9342647,64.1462266],[-21.9341212,64.1462014],[-21.9339922,64.146341],[-21.9341302,64.1463652],[-21.9341475,64.1463682]]}},{"type":"Feature","id":124712366,"properties":{"addr:housenumber":"4","addr:postcode":"101","building":"yes"},"geometry":{"type":"LineString","coordinates":[[-21.9341302,64.1463652],[-21.9339922,64.146341],[-21.9339062,64.1464333],[-21.9340483,64.1464565],[-21.9341302,64.1463652]]}},{"type":"Feature","id":126213991,"properties":{"addr:housenumber":"16","addr:postcode":"101","addr:street":"Bergstaðastræti","building":"yes","ref:HNITNUM":"10097472","source:addr":"Staðfangaskrá"},"geometry":{"type":"LineString","coordinates":[[-21.9337555,64.144527],[-21.9337705,64.1445119],[-21.9338481,64.1445266],[-21.933899,64.1444756],[-21.9338278,64.1444621],[-21.9338513,64.1444386],[-21.9337091,64.1444116],[-21.933644,64.1444767],[-21.9336863,64.1444847],[-21.9336619,64.1445092],[-21.9337555,64.144527]]}},{"type":"Feature","id":128602239,"properties":{"addr:housenumber":"12","addr:postcode":"101","addr:street":"Hverfisgata","building":"yes","building:levels":"3"},"geometry":{"type":"LineString","coordinates":[[-21.9330763,64.1470384],[-21.9329991,64.1470238],[-21.9330195,64.1470033],[-21.9329537,64.1469909],[-21.9329345,64.1470102],[-21.9328806,64.147],[-21.9328432,64.1470376],[-21.932789,64.1470273],[-21.932741,64.1470756],[-21.932992,64.1471231],[-21.9330763,64.1470384]]}},{"type":"Feature","id":128602240,"properties":{"addr:housenumber":"18","addr:postcode":"101","addr:street":"Hverfisgata","building":"yes","building:levels":"3","ref:HNITNUM":"10001195","source:addr":"Staðfangaskrá"},"geometry":{"type":"LineString","coordinates":[[-21.9323405,64.1467561],[-21.9320974,64.1467061],[-21.9321839,64.1466261],[-21.932427,64.1466761],[-21.9323405,64.1467561]]}},{"type":"Feature","id":128602242,"properties":{"addr:city":"Reykjavík","addr:housenumber":"16a","addr:postcode":"101","addr:street":"Hverfisgata","building":"yes","building:levels":"3","source":"Kaart Ground Survey 2017"},"geometry":{"type":"LineString","coordinates":[[-21.9323608,64.1469985],[-21.9322155,64.1469699],[-21.9322924,64.1468956],[-21.932395,64.1469158],[-21.93242,64.1468916],[-21.9324627,64.1469],[-21.9323608,64.1469985]]}},{"type":"Feature","id":128602243,"properties":{"addr:housenumber":"3","addr:postcode":"101","addr:street":"Laugavegur","building":"apartments","building:levels":"4","wikidata":"Q151294","wikipedia":"is:Laugavegur"},"geometry":{"type":"LineString","coordinates":[[-21.9320802,64.146545],[-21.9321814,64.1465669],[-21.9322355,64.1465193],[-21.932349,64.1464195],[-21.9322806,64.1464047],[-21.9322216,64.1464566],[-21.9322158,64.1464554],[-21.9321363,64.1465253],[-21.9321092,64.1465195],[-21.9320802,64.146545]]}},{"type":"Feature","id":128602245,"properties":{"addr:housenumber":"9","addr:postcode":"101","addr:street":"Bankastræti","building":"yes","building:levels":"3","ref:HNITNUM":"10007584","source:addr":"Staðfangaskrá"},"geometry":{"type":"LineString","coordinates":[[-21.9332066,64.1467136],[-21.9330825,64.1468294],[-21.9332524,64.1468615],[-21.9334433,64.1466802],[-21.9334318,64.1466649],[-21.9333864,64.1466558],[-21.933364,64.1466389],[-21.9332648,64.1467262],[-21.9332066,64.1467136]]}},{"type":"Feature","id":128602249,"properties":{"addr:housenumber":"1a","addr:postcode":"101","addr:street":"Ingólfsstræti","building":"yes","building:levels":"3"},"geometry":{"type":"LineString","coordinates":[[-21.9330825,64.1468294],[-21.9332524,64.1468615],[-21.9331314,64.146983],[-21.9329615,64.1469509],[-21.9330825,64.1468294]]}},{"type":"Feature","id":128602250,"properties":{"addr:city":"Reykjavík","addr:housenumber":"14A","addr:postcode":"101","addr:street":"Hverfisgata","building":"yes","ref:HNITNUM":"10022344","source:addr":"Staðfangaskrá"},"geometry":{"type":"LineString","coordinates":[[-21.9329019,64.1468864],[-21.9329844,64.1468141],[-21.9330199,64.1467829],[-21.9330038,64.1467642],[-21.9329864,64.1467589],[-21.9330534,64.146701],[-21.9329381,64.1466741],[-21.9328362,64.146756],[-21.9327731,64.1468075],[-21.9325972,64.1467728],[-21.9325537,64.1468154],[-21.9329019,64.1468864]]}},{"type":"Feature","id":128602251,"properties":{"addr:housenumber":"14","addr:postcode":"101","addr:street":"Hverfisgata","building":"yes","building:levels":"3"},"geometry":{"type":"LineString","coordinates":[[-21.9327258,64.1469741],[-21.9325048,64.1469328],[-21.9324273,64.1470116],[-21.9326483,64.1470529],[-21.9326726,64.1470281],[-21.9327203,64.1470371],[-21.9327488,64.1470081],[-21.9327011,64.1469992],[-21.9327258,64.1469741]]}},{"type":"Feature","id":128602252,"properties":{"building":"yes"},"geometry":{"type":"LineString","coordinates":[[-21.9324891,64.146689],[-21.9328362,64.146756],[-21.9327731,64.1468075],[-21.9325972,64.1467728],[-21.9324308,64.1467406],[-21.9324891,64.146689]]}},{"type":"Feature","id":128602253,"properties":{"addr:housenumber":"1B","addr:postcode":"101","addr:street":"Laugavegur","building":"yes","ref:HNITNUM":"10017496","source:addr":"Staðfangaskrá"},"geometry":{"type":"LineString","coordinates":[[-21.932499,64.1468691],[-21.93231,64.1468325],[-21.9324082,64.1467362],[-21.9324308,64.1467406],[-21.9325972,64.1467728],[-21.9325537,64.1468154],[-21.932499,64.1468691]]}},{"type":"Feature","id":128602254,"properties":{"addr:housenumber":"3","addr:postcode":"101","addr:street":"Laugavegur","building":"yes","building:levels":"4","ref:HNITNUM":"10017498","source:addr":"Staðfangaskrá","wikidata":"Q151294","wikipedia":"is:Laugavegur"},"geometry":{"type":"LineString","coordinates":[[-21.9326059,64.1465994],[-21.9322355,64.1465193],[-21.932349,64.1464195],[-21.9327194,64.1464996],[-21.9326059,64.1465994]]}},{"type":"Feature","id":128602256,"properties":{"addr:housenumber":"11","addr:postcode":"101","addr:street":"Bankastræti","building":"yes","building:levels":"4"},"geometry":{"type":"LineString","coordinates":[[-21.9329694,64.1466508],[-21.9329589,64.1466601],[-21.9332066,64.1467136],[-21.9332648,64.1467262],[-21.933364,64.1466389],[-21.9330581,64.1465728],[-21.9329694,64.1466508]]}},{"type":"Feature","id":128602257,"properties":{"addr:housenumber":"1","addr:postcode":"101","addr:street":"Laugavegur","building":"yes","building:levels":"1","ref:HNITNUM":"10017495","source:addr":"Staðfangaskrá","start_date":"1848","wikidata":"Q16420046","wikipedia":"is:Laugavegur 1"},"geometry":{"type":"LineString","coordinates":[[-21.9330581,64.1465728],[-21.9329694,64.1466508],[-21.9329162,64.1466393],[-21.9328653,64.1466841],[-21.9327468,64.1466585],[-21.9327651,64.1466424],[-21.932598,64.1466063],[-21.9326059,64.1465994],[-21.9327194,64.1464996],[-21.9330581,64.1465728]]}},{"type":"Feature","id":164011439,"properties":{"natural":"water"},"geometry":{"type":"LineString","coordinates":[[-21.9334694,64.1494619],[-21.9336213,64.1494207],[-21.9338533,64.1493032],[-21.9339367,64.14923],[-21.9340147,64.1491793],[-21.9340858,64.1491981],[-21.9341283,64.1491662],[-21.9340378,64.149139],[-21.9343355,64.1488162],[-21.9344562,64.1488367],[-21.934554,64.1487416],[-21.934433,64.1487137],[-21.9338002,64.1491113],[-21.9336715,64.1491922],[-21.9324865,64.1495252],[-21.9317089,64.1496192],[-21.9316947,64.1496205],[-21.9315602,64.1496364],[-21.9316381,64.1497837],[-21.9325881,64.1496611],[-21.9325774,64.1496126],[-21.9332144,64.1495355],[-21.9333077,64.149508],[-21.9333543,64.1494942],[-21.9334694,64.1494619]]}},{"type":"Feature","id":164447074,"properties":{"busway:right":"lane","foot":"no","highway":"primary","lanes":"1","maxspeed":"30","name":"Kalkofnsvegur","oneway":"yes","surface":"asphalt","wikidata":"Q16429961","wikipedia":"is:Kalkofnsvegur"},"geometry":{"type":"LineString","coordinates":[[-21.9338101,64.1488032],[-21.9340012,64.1486481],[-21.9343134,64.1484723],[-21.9343543,64.1484456],[-21.9343954,64.1484224],[-21.9344731,64.1483798]]}},{"type":"Feature","id":231736631,"properties":{"addr:housenumber":"6","addr:postcode":"101","building":"yes","start_date":"1993"},"geometry":{"type":"LineString","coordinates":[[-21.9327892,64.1453481],[-21.9325691,64.1455328],[-21.9324175,64.1454985],[-21.9326376,64.1453137],[-21.9327892,64.1453481]]}},{"type":"Feature","id":231736636,"properties":{"addr:housenumber":"8","addr:postcode":"101","building":"apartments","start_date":"1991"},"geometry":{"type":"LineString","coordinates":[[-21.933003,64.1452425],[-21.9327822,64.1451924],[-21.9326376,64.1453137],[-21.9327892,64.1453481],[-21.9328529,64.1452946],[-21.9329221,64.1453103],[-21.933003,64.1452425]]}},{"type":"Feature","id":231736639,"properties":{"addr:housenumber":"9","addr:postcode":"101","building":"yes"},"geometry":{"type":"LineString","coordinates":[[-21.9331892,64.1453721],[-21.9329169,64.1453146],[-21.9329221,64.1453103],[-21.933003,64.1452425],[-21.933006,64.1452399],[-21.9332693,64.1452995],[-21.9331892,64.1453721]]}},{"type":"Feature","id":231736640,"properties":{"addr:housenumber":"7","addr:postcode":"101","building":"residential","building:levels":"1"},"geometry":{"type":"LineString","coordinates":[[-21.9334218,64.1453229],[-21.933277,64.1452925],[-21.9332693,64.1452995],[-21.9331892,64.1453721],[-21.9332475,64.1453844],[-21.9332612,64.145372],[-21.9333086,64.1453819],[-21.9333231,64.1453688],[-21.9333621,64.145377],[-21.9334218,64.1453229]]}},{"type":"Feature","id":232310873,"properties":{"addr:housenumber":"1A","addr:postcode":"101","addr:street":"Skólavörðustígur","building":"yes","ref:HNITNUM":"10119918","source:addr":"Staðfangaskrá"},"geometry":{"type":"LineString","coordinates":[[-21.9325908,64.146149],[-21.932678,64.1462168],[-21.932619,64.1462694],[-21.9325908,64.1462771],[-21.9325573,64.1462741],[-21.9325378,64.1462671],[-21.9325372,64.1462554],[-21.9325653,64.1462373],[-21.9325562,64.146229],[-21.9325452,64.1462192],[-21.9325318,64.1462203],[-21.9325076,64.1462039],[-21.932517,64.1461963],[-21.9324907,64.1461782],[-21.9325908,64.146149]]}},{"type":"Feature","id":232310877,"properties":{"addr:housenumber":"8","addr:postcode":"101","addr:street":"Skólavörðustígur","building":"retail","building:levels":"2","start_date":"1987"},"geometry":{"type":"LineString","coordinates":[[-21.9324102,64.1457936],[-21.932583,64.1459042],[-21.9326492,64.1459466],[-21.9326548,64.1459452],[-21.9327167,64.1459823],[-21.9328741,64.1459357],[-21.9329031,64.1459222],[-21.9328356,64.1458855],[-21.932811,64.1458934],[-21.9328031,64.1458881],[-21.9328502,64.1458465],[-21.9329106,64.1457933],[-21.9329415,64.145766],[-21.932922,64.1457599],[-21.9326383,64.1456933],[-21.9326326,64.1456994],[-21.9325648,64.1457611],[-21.9324102,64.1457936]]}},{"type":"Feature","id":371540935,"properties":{"foot":"no","highway":"primary","lanes":"2","lit":"yes","maxspeed":"30","name":"Kalkofnsvegur","old_ref":"41","oneway":"yes","surface":"asphalt","wikidata":"Q16429961","wikipedia":"is:Kalkofnsvegur"},"geometry":{"type":"LineString","coordinates":[[-21.9300832,64.1495722],[-21.9304819,64.1495834],[-21.9309946,64.14957],[-21.9312693,64.1495539],[-21.9316337,64.1495051],[-21.9320976,64.1494301],[-21.9323939,64.1493698],[-21.9325783,64.1493248],[-21.9326806,64.1493],[-21.9329523,64.1492124],[-21.9331272,64.1491488],[-21.933374,64.1490453],[-21.9335908,64.1489365],[-21.9338101,64.1488032]]}},{"type":"Feature","id":400994215,"properties":{"highway":"service","maxspeed":"30","oneway":"no","surface":"paved"},"geometry":{"type":"LineString","coordinates":[[-21.9332405,64.1486618],[-21.933418,64.1486983],[-21.9334402,64.1487029],[-21.9335644,64.1487294]]}},{"type":"Feature","id":512370944,"properties":{"bicycle":"designated","disabled":"yes","foot":"designated","highway":"pedestrian","lit":"yes","maxspeed":"10","motor_vehicle":"no","name":"Bankastræti","oneway":"no","sidewalk":"both","surface":"asphalt","wikidata":"Q16420477","wikipedia":"is:Bankastræti"},"geometry":{"type":"LineString","coordinates":[[-21.93363,64.146624],[-21.9344132,64.1467932]]}},{"type":"Feature","id":542168970,"properties":{"foot":"no","highway":"primary","lanes":"2","lit":"yes","maxspeed":"30","name":"Kalkofnsvegur","old_ref":"41","oneway":"yes","surface":"asphalt","wikidata":"Q16429961","wikipedia":"is:Kalkofnsvegur"},"geometry":{"type":"LineString","coordinates":[[-21.9342895,64.1483244],[-21.9342055,64.1483687],[-21.9341671,64.1483899],[-21.9335644,64.1487294],[-21.9330403,64.1489751],[-21.9327761,64.1490883],[-21.9326632,64.1491286],[-21.9323038,64.1492433],[-21.9320061,64.1493171],[-21.9316491,64.1493804],[-21.9315593,64.1493932],[-21.9312161,64.149432],[-21.9309408,64.1494438],[-21.930651,64.1494467]]}},{"type":"Feature","id":551494747,"properties":{"foot":"no","highway":"primary","lanes":"2","maxspeed":"30","name":"Lækjargata","old_ref":"41","oneway":"yes","surface":"asphalt","turn:lanes":"left|through","wikidata":"Q16421199","wikipedia":"is:Lækjargata"},"geometry":{"type":"LineString","coordinates":[[-21.9343871,64.1482728],[-21.9342895,64.1483244]]}},{"type":"Feature","id":636017939,"properties":{"cycleway:right":"no","foot":"no","highway":"primary","lanes":"1","maxspeed":"30","name":"Geirsgata","oneway":"yes","surface":"asphalt","wikidata":"Q16424996","wikipedia":"is:Geirsgata"},"geometry":{"type":"LineString","coordinates":[[-21.9342895,64.1483244],[-21.9344731,64.1483798]]}},{"type":"Feature","id":636017942,"properties":{"cycleway:right":"no","foot":"no","highway":"primary","lanes":"2","maxspeed":"30","name":"Geirsgata","old_ref":"41","oneway":"yes","surface":"asphalt","wikidata":"Q16424996","wikipedia":"is:Geirsgata"},"geometry":{"type":"LineString","coordinates":[[-21.9345722,64.1483263],[-21.9343871,64.1482728]]}},{"type":"Feature","id":636017944,"properties":{"foot":"no","highway":"primary","maxspeed":"30","name":"Lækjargata","oneway":"yes","surface":"asphalt","wikidata":"Q16421199","wikipedia":"is:Lækjargata"},"geometry":{"type":"LineString","coordinates":[[-21.9344731,64.1483798],[-21.9345722,64.1483263]]}},{"type":"Feature","id":712243724,"properties":{"addr:city":"Reykjavík","addr:housenumber":"4","addr:postcode":"101","addr:street":"Hverfisgata","building":"yes","building:levels":"4","contact:instagram":"herma_rvk","email":"herma@herma.is","name":"Herma","ref:HNITNUM":"10022340","source:addr":"Staðfangaskrá","tourism":"gallery","website":"https://www.herma.is/"},"geometry":{"type":"LineString","coordinates":[[-21.9340828,64.1473363],[-21.9340982,64.1473393],[-21.9343399,64.1473874],[-21.9344454,64.1472865],[-21.9341884,64.1472354],[-21.9340828,64.1473363]]}},{"type":"Feature","id":712243725,"properties":{"addr:housenumber":"6A","addr:postcode":"101","addr:street":"Hverfisgata","building":"yes","ref:HNITNUM":"10083859","source:addr":"Staðfangaskrá"},"geometry":{"type":"LineString","coordinates":[[-21.9340213,64.1470767],[-21.9342416,64.1471206],[-21.9342995,64.1471321],[-21.9343844,64.1470509],[-21.9341062,64.1469956],[-21.9340213,64.1470767]]}},{"type":"Feature","id":712243726,"properties":{"building":"retail","building:levels":"1","roof:levels":"0","roof:shape":"flat"},"geometry":{"type":"LineString","coordinates":[[-21.9346858,64.1469276],[-21.9346342,64.1469173],[-21.9345643,64.1469841],[-21.9346159,64.1469944],[-21.9346858,64.1469276]]}},{"type":"Feature","id":712243727,"properties":{"building":"yes"},"geometry":{"type":"LineString","coordinates":[[-21.9348113,64.1470333],[-21.9347603,64.1470231],[-21.9347104,64.1470709],[-21.9345888,64.1470467],[-21.934622,64.1470148],[-21.9345606,64.1470026],[-21.9344884,64.1470716],[-21.9346981,64.1471133],[-21.9347225,64.1471182],[-21.9348113,64.1470333]]}},{"type":"Feature","id":720383792,"properties":{"leisure":"park","name":"Arnarhóll","wikidata":"Q15220031","wikimedia_commons":"Category:Arnarhóll","wikipedia":"en:Arnarhóll"},"geometry":{"type":"LineString","coordinates":[[-21.9348598,64.1478256],[-21.9342262,64.1481924],[-21.9340338,64.1483028],[-21.9336797,64.1485007],[-21.9336514,64.1485218],[-21.9336482,64.1485254],[-21.9335178,64.1486124],[-21.9335097,64.1486149],[-21.9335049,64.1486152],[-21.9335004,64.1486151],[-21.9334091,64.1486267],[-21.9334028,64.1486288],[-21.9333987,64.1486296],[-21.9333432,64.1486406],[-21.9333122,64.1486352],[-21.9332741,64.148628],[-21.9332405,64.1486618],[-21.9331294,64.1487673],[-21.9329335,64.1488014],[-21.9328804,64.148854],[-21.93286,64.1488497],[-21.9328393,64.1488459],[-21.9321649,64.1487214],[-21.9321336,64.1487156],[-21.9319587,64.1486847],[-21.9319032,64.1486743],[-21.931737,64.1486431],[-21.93172,64.1486397],[-21.9317695,64.1485924],[-21.9317896,64.1485755],[-21.9318447,64.148521],[-21.9318471,64.1485014],[-21.9320147,64.1483355],[-21.9320315,64.1483217],[-21.9320449,64.1483089],[-21.9320657,64.1482918],[-21.932087,64.1482703],[-21.9321493,64.1482118],[-21.9323721,64.1479985],[-21.9324754,64.1478956],[-21.9326433,64.1477283],[-21.9326565,64.1477151],[-21.9329378,64.1474348],[-21.9330416,64.1473314],[-21.9334354,64.1474148],[-21.9337163,64.1474715],[-21.9348049,64.1476917],[-21.9348258,64.1477422],[-21.9348598,64.1478256]]}},{"type":"Feature","id":745389958,"properties":{"foot":"use_sidepath","highway":"tertiary","lanes":"2","lit":"no","maxspeed":"30","name":"Hverfisgata","oneway":"no","surface":"asphalt","wikidata":"Q16428581","wikipedia":"is:Hverfisgata"},"geometry":{"type":"LineString","coordinates":[[-21.9343443,64.1475117],[-21.9332276,64.1472607],[-21.9330132,64.147216]]}},{"type":"Feature","id":780254391,"properties":{"building":"yes","ref:HNITNUM":"10023222","source:addr":"Staðfangaskrá"},"geometry":{"type":"LineString","coordinates":[[-21.9342122,64.1448536],[-21.9341536,64.1448435],[-21.9341178,64.144883],[-21.9341763,64.1448931],[-21.9342122,64.1448536]]}},{"type":"Feature","id":780254392,"properties":{"building":"yes"},"geometry":{"type":"LineString","coordinates":[[-21.9342064,64.1449175],[-21.9341612,64.1449097],[-21.9341763,64.1448931],[-21.9342122,64.1448536],[-21.934276,64.1448646],[-21.9342516,64.1448915],[-21.9342329,64.1448883],[-21.9342064,64.1449175]]}},{"type":"Feature","id":841729545,"properties":{"highway":"service","service":"driveway"},"geometry":{"type":"LineString","coordinates":[[-21.9338962,64.1446048],[-21.9341263,64.1443927]]}},{"type":"Feature","id":841730665,"properties":{"highway":"service","service":"parking_aisle"},"geometry":{"type":"LineString","coordinates":[[-21.9332296,64.1446838],[-21.9336489,64.1447775],[-21.933618,64.1449249],[-21.933559,64.1449852]]}},{"type":"Feature","id":946967154,"properties":{"building":"yes"},"geometry":{"type":"LineString","coordinates":[[-21.9331314,64.146983],[-21.9330763,64.1470384],[-21.9329991,64.1470238],[-21.9330195,64.1470033],[-21.9329537,64.1469909],[-21.9329268,64.1469858],[-21.9329615,64.1469509],[-21.9331314,64.146983]]}},{"type":"Feature","id":1125285634,"properties":{"addr:housenumber":"6","addr:postcode":"101","addr:street":"Laugavegur","building":"yes","start_date":"2017"},"geometry":{"type":"LineString","coordinates":[[-21.9325943,64.1463017],[-21.9324835,64.1462805],[-21.9324903,64.1462737],[-21.9324023,64.1462569],[-21.9323749,64.1462841],[-21.9322184,64.1462541],[-21.9322527,64.14622],[-21.9320329,64.14617],[-21.9320806,64.14613],[-21.9321924,64.1461346],[-21.9325211,64.1462465],[-21.9325562,64.146229],[-21.9325653,64.1462373],[-21.9325372,64.1462554],[-21.9325378,64.1462671],[-21.9325586,64.1462747],[-21.9325908,64.1462771],[-21.932619,64.1462694],[-21.9326159,64.1462802],[-21.9325943,64.1463017]]}},{"type":"Feature","id":1223752700,"properties":{"coach":"no","highway":"residential","lanes":"2","lit":"yes","maxlength":"8","maxspeed":"30","name":"Ingólfsstræti","oneway":"no","surface":"asphalt"},"geometry":{"type":"LineString","coordinates":[[-21.93363,64.146624],[-21.9335688,64.1466847],[-21.933077,64.1471573],[-21.9330585,64.1471746],[-21.9330132,64.147216]]}},{"type":"Feature","id":1270371882,"properties":{"bicycle":"designated","disabled":"yes","foot":"designated","goods:conditional":"destination @ (Mo-Fr 07:00-11:00; Sa 08:00-11:00; PH off)","highway":"pedestrian","lit":"yes","maxspeed":"10","motor_vehicle":"no","name":"Laugavegur","oneway":"no","surface":"paving_stones","wikidata":"Q151294","wikipedia":"is:Laugavegur"},"geometry":{"type":"LineString","coordinates":[[-21.9325599,64.1464042],[-21.9328919,64.1464724]]}},{"type":"Feature","id":1388330699,"properties":{"building":"yes"},"geometry":{"type":"LineString","coordinates":[[-21.9344415,64.1444676],[-21.9343744,64.1445529],[-21.9343301,64.1445463],[-21.9343971,64.1444609],[-21.9344415,64.1444676]]}},{"type":"Feature","id":1388330700,"properties":{"addr:housenumber":"18","addr:postcode":"101","addr:street":"Bergstaðastræti","building":"yes","ref:HNITNUM":"10109055","source:addr":"Staðfangaskrá"},"geometry":{"type":"LineString","coordinates":[[-21.9339077,64.1442646],[-21.9340336,64.1442936],[-21.9339978,64.1443231],[-21.9340657,64.1443387],[-21.9340177,64.1443783],[-21.9339499,64.1443627],[-21.9339317,64.1443778],[-21.9338058,64.1443488],[-21.9339077,64.1442646]]}},{"type":"Feature","id":1497403544,"properties":{"area":"yes","bicycle":"yes","foot":"yes","goods:conditional":"destination @ (Mo-Fr 07:00-11:00; Sa 08:00-11:00; PH off)","highway":"pedestrian","lit":"yes","motor_vehicle":"no","surface":"paving_stones"},"geometry":{"type":"LineString","coordinates":[[-21.9321896,64.1456777],[-21.9320921,64.1456937],[-21.9319793,64.1457121],[-21.9321683,64.145846],[-21.9323275,64.1459608],[-21.9324706,64.1460664],[-21.9325908,64.146149],[-21.932678,64.1462168],[-21.932619,64.1462694],[-21.9326159,64.1462802],[-21.9328639,64.1463277],[-21.9327948,64.1463963],[-21.9326163,64.1463621],[-21.9326252,64.1463533],[-21.9325558,64.14634],[-21.9325515,64.1463443],[-21.9323787,64.1463112],[-21.9321521,64.1462665],[-21.9320159,64.1462389],[-21.9320302,64.1462256],[-21.9320011,64.1462197],[-21.9319364,64.1462174],[-21.9316521,64.1461606],[-21.9317073,64.1461125],[-21.931648,64.1460998],[-21.9315986,64.1461464],[-21.9313677,64.1460998],[-21.9312948,64.1461443],[-21.9312473,64.1461733],[-21.9315021,64.1462285],[-21.9316184,64.1462522],[-21.9320695,64.146347],[-21.932089,64.1463562],[-21.9321165,64.1463692],[-21.9322806,64.1464047],[-21.932349,64.1464195],[-21.9327194,64.1464996],[-21.9330581,64.1465728],[-21.933364,64.1466389],[-21.9333864,64.1466558],[-21.9334318,64.1466649],[-21.9334433,64.1466802],[-21.9335275,64.1466029],[-21.9335879,64.1465475],[-21.9333814,64.1465075],[-21.9332466,64.1464819],[-21.9332727,64.1464528],[-21.9331949,64.1464379],[-21.9332171,64.1464174],[-21.933188,64.1464123],[-21.9331554,64.1464066],[-21.9331795,64.1463847],[-21.9331447,64.1463627],[-21.9331762,64.1463547],[-21.9330202,64.1462385],[-21.9330687,64.1462248],[-21.9329862,64.1461693],[-21.9328775,64.1460997],[-21.9330106,64.14606],[-21.9330386,64.1460778],[-21.9330783,64.146075],[-21.9331111,64.1460974],[-21.9330919,64.1461118],[-21.9331189,64.1461294],[-21.9331867,64.1461083],[-21.9332146,64.1461264],[-21.933362,64.1460837],[-21.933479,64.1459593],[-21.9335166,64.1459221],[-21.9334673,64.1459156],[-21.9334022,64.145907],[-21.9334203,64.1459311],[-21.9332513,64.1460724],[-21.9331708,64.1460744],[-21.9329616,64.1459241],[-21.9330568,64.1458431],[-21.9331017,64.1458373],[-21.9330061,64.1458153],[-21.9329106,64.1457933],[-21.9328502,64.1458465],[-21.9328031,64.1458881],[-21.932811,64.1458934],[-21.9328356,64.1458855],[-21.9329031,64.1459222],[-21.9328741,64.1459357],[-21.9329245,64.1459632],[-21.9329344,64.1459604],[-21.9330118,64.1460083],[-21.9328293,64.146067],[-21.9327489,64.1460162],[-21.9327613,64.1460129],[-21.9327167,64.1459823],[-21.9326548,64.1459452],[-21.9326492,64.1459466],[-21.9324102,64.1457936],[-21.9323142,64.1457311],[-21.9322723,64.1457316],[-21.9322363,64.1457241],[-21.9322483,64.1457146],[-21.9321896,64.1456777]]}},{"type":"Feature","id":102640936,"properties":{"highway":"service","service":"parking_aisle","surface":"asphalt"},"geometry":{"type":"LineString","coordinates":[[-21.9403195,64.1502831],[-21.9407093,64.149957]]}},{"type":"Feature","id":102640938,"properties":{"bus":"yes","highway":"service","motor_vehicle":"no","oneway":"yes","service":"parking_aisle","surface":"asphalt"},"geometry":{"type":"LineString","coordinates":[[-21.9393008,64.1500053],[-21.9396704,64.1500553],[-21.9405006,64.1504512]]}},{"type":"Feature","id":102640950,"properties":{"highway":"service","oneway":"no","surface":"asphalt"},"geometry":{"type":"LineString","coordinates":[[-21.940454,64.1505433],[-21.9404805,64.150491],[-21.9405006,64.1504512],[-21.940581,64.150385],[-21.9409352,64.150093]]}},{"type":"Feature","id":1392454145,"properties":{"highway":"service","service":"parking_aisle","surface":"asphalt"},"geometry":{"type":"LineString","coordinates":[[-21.940581,64.150385],[-21.9404989,64.150353],[-21.9403195,64.1502831],[-21.9400452,64.1501762]]}}]}