{"type":"FeatureCollection","features":[{"type":"Feature","id":415565397,"properties":{"addr:city":"San Francisco","addr:housenumber":"310","addr:street":"Mission Street","alterations":"yes","dry_clean":"yes","name":"La Petite Cleaners","shop":"laundry","wheelchair":"limited"},"geometry":{"type":"Point","coordinates":[-122.396175,37.791023]}},{"type":"Feature","id":670245582,"properties":{"amenity":"post_box","capacity":"5","collection_times":"Mo-Fr 14:00, 17:00; Sa 10:30","drive_through":"no","operator":"United States Postal Service","operator:short":"USPS","operator:type":"public","operator:website":"https://www.usps.com","operator:wikidata":"Q668687","operator:wikipedia":"en:United States Postal Service","post_box:type":"pillar","ref":"9410500015;9410500058;9410500112;9410500079;9410500011","wheelchair":"yes"},"geometry":{"type":"Point","coordinates":[-122.3979435,37.7913395]}},{"type":"Feature","id":4518564989,"properties":{"addr:city":"San Francisco","addr:postcode":"94105","addr:state":"CA","addr:street":"Mission Street","amenity":"restaurant","cuisine":"barbecue","diet:vegetarian":"yes","name":"International Smoke","note":"Replaced RN74","opening_hours":"Mo-Fr 11:00-22:00+; Sa,Su 17:00-22:00+","website":"https://www.michaelmina.net/restaurants/san-francisco-bay-area/international-smoke/","wheelchair":"yes"},"geometry":{"type":"Point","coordinates":[-122.396377,37.7905358]}},{"type":"Feature","id":5463889676,"properties":{"addr:city":"San Francisco","addr:housenumber":"201","addr:postcode":"94105","addr:state":"CA","addr:street":"Mission Street","consulate":"honorary_consul","contact:email":"sanfrancisco@honorary.mzv.cz","contact:phone":"+1 415 813 4040","country":"CZ","diplomatic":"consulate","name":"Honorary Consulate General of the Czech Republic","name:cs":"Honorární generální konzulát České republiky","office":"diplomatic","target":"US","website":"https://www.mzv.cz/jnp/cz/o_ministerstvu/adresar_diplomatickych_misi/ceske_urady_v_zahranici/spojene_staty_honorarni_generalni.html"},"geometry":{"type":"Point","coordinates":[-122.3951501,37.7911783]}},{"type":"Feature","id":5891843288,"properties":{"addr:city":"San Francisco","addr:housenumber":"425","addr:postcode":"94105","addr:state":"CA","addr:street":"Mission Street","fee":"no","name":"Salesforce Park Cable Car","tourism":"attraction","wheelchair":"yes"},"geometry":{"type":"Point","coordinates":[-122.3966321,37.7902007]}},{"type":"Feature","id":6488899086,"properties":{"amenity":"atm","brand":"Bank of America","brand:wikidata":"Q487907","check_date":"2025-08-12","name":"Bank of America","opening_hours":"24/7","operator":"Bank of America","operator:wikidata":"Q487907","operator:wikipedia":"en:Bank of America","wheelchair":"yes"},"geometry":{"type":"Point","coordinates":[-122.3984707,37.7912725]}},{"type":"Feature","id":6582272277,"properties":{"amenity":"bench","direction":"NW","material":"metal","seats":"3"},"geometry":{"type":"Point","coordinates":[-122.3969611,37.7910261]}},{"type":"Feature","id":6582272279,"properties":{"amenity":"bench","direction":"NW","material":"metal","seats":"3"},"geometry":{"type":"Point","coordinates":[-122.3968755,37.7910866]}},{"type":"Feature","id":6582272280,"properties":{"amenity":"bench","direction":"NW","material":"metal","seats":"3"},"geometry":{"type":"Point","coordinates":[-122.3970461,37.7909547]}},{"type":"Feature","id":6582272282,"properties":{"amenity":"bench","direction":"NW","material":"metal","seats":"3"},"geometry":{"type":"Point","coordinates":[-122.3968368,37.7911134]}},{"type":"Feature","id":6582592255,"properties":{"amenity":"bench","backrest":"yes"},"geometry":{"type":"Point","coordinates":[-122.3966744,37.7902314]}},{"type":"Feature","id":6856686742,"properties":{"amenity":"parking_entrance"},"geometry":{"type":"Point","coordinates":[-122.3980185,37.7908647]}},{"type":"Feature","id":9695906476,"properties":{"addr:city":"San Francisco","addr:state":"CA","amenity":"restaurant","check_date":"2024-02-11","name":"Pokéworks","takeaway":"yes","wheelchair":"yes"},"geometry":{"type":"Point","coordinates":[-122.397698,37.7904394]}},{"type":"Feature","id":10681135965,"properties":{"addr:city":"San Francisco","addr:housenumber":"425","addr:postcode":"94105","addr:state":"CA","addr:street":"Market Street","description":"MGAC is a global boutique consultancy dedicated to managing and representing our clients’ best interests.","image":"infomailbox@mgac.com","name":"MGAC San Francisco","office":"consulting","opening_hours":"Mo-Fr 08:30-17:30","phone":"+1-628-239-1271","website":"https://www.mgac.com/"},"geometry":{"type":"Point","coordinates":[-122.3983565,37.791236]}},{"type":"Feature","id":12156399535,"properties":{"access":"yes","amenity":"bench","backrest":"yes"},"geometry":{"type":"Point","coordinates":[-122.3952641,37.7909796]}},{"type":"Feature","id":12156399544,"properties":{"access":"yes","amenity":"bench","backrest":"yes"},"geometry":{"type":"Point","coordinates":[-122.3954,37.7910303]}},{"type":"Feature","id":12156399569,"properties":{"access":"yes","amenity":"bench","backrest":"yes"},"geometry":{"type":"Point","coordinates":[-122.3953051,37.7909953]}},{"type":"Feature","id":12156399570,"properties":{"access":"yes","amenity":"bench","backrest":"yes"},"geometry":{"type":"Point","coordinates":[-122.395226,37.7908941]}},{"type":"Feature","id":12156399579,"properties":{"access":"yes","amenity":"bench","backrest":"yes","direction":"SW"},"geometry":{"type":"Point","coordinates":[-122.3951643,37.7908789]}},{"type":"Feature","id":13717332926,"properties":{"amenity":"fast_food","check_date":"2026-06-25","cuisine":"sandwich","name":"The Melt"},"geometry":{"type":"Point","coordinates":[-122.3988099,37.7910226]}},{"type":"Feature","id":1147880123,"properties":{"amenity":"post_box","collection_times":"Mo-Fr 14:30, 17:00; Sa 10:15","operator":"United States Postal Service","operator:short":"USPS","operator:type":"public","operator:website":"https://www.usps.com","operator:wikidata":"Q668687","operator:wikipedia":"en:United States Postal Service","post_box:type":"pillar","quantity":"2","ref":"9410500124;9410500067","short_name":"USPS","source":"survey","wheelchair":"yes"},"geometry":{"type":"Point","coordinates":[-122.392592,37.791151]}},{"type":"Feature","id":3174203338,"properties":{"addr:housenumber":"190","addr:postcode":"94105","addr:state":"CA","addr:street":"Spear Street","amenity":"bank","atm":"yes","brand":"Chase","brand:wikidata":"Q524629","check_date":"2024-12-21","drive_through":"no","name":"Chase","opening_hours":"Mo-Fr 09:00-17:00","phone":"+1 415-268-0372","website":"https://locator.chase.com/ca/san-francisco/188-spear-st","wheelchair":"yes"},"geometry":{"type":"Point","coordinates":[-122.3928174,37.7913158]}},{"type":"Feature","id":6253241891,"properties":{"amenity":"parking_entrance"},"geometry":{"type":"Point","coordinates":[-122.394333,37.7908653]}},{"type":"Feature","id":9756066957,"properties":{"amenity":"bicycle_parking","bicycle_parking":"stands","capacity":"10","covered":"no"},"geometry":{"type":"Point","coordinates":[-122.3939076,37.7903457]}},{"type":"Feature","id":9977301418,"properties":{"amenity":"parking_entrance"},"geometry":{"type":"Point","coordinates":[-122.3944398,37.790659]}},{"type":"Feature","id":11019019871,"properties":{"amenity":"vending_machine","check_date":"2023-07-01","operator":"SFMTA","payment:mastercard":"yes","payment:visa":"yes","ref":"470-01003","vending":"parking_tickets"},"geometry":{"type":"Point","coordinates":[-122.392946,37.7908593]}},{"type":"Feature","id":11019019872,"properties":{"addr:city":"San Francisco","addr:state":"CA","amenity":"cafe","check_date":"2023-07-01","name":"Sweet Joanna’s Cafe & Bakery"},"geometry":{"type":"Point","coordinates":[-122.3926421,37.7910128]}},{"type":"Feature","id":11019019873,"properties":{"access":"yes","amenity":"motorcycle_parking","capacity":"10","covered":"no","operator":"SFMTA"},"geometry":{"type":"Point","coordinates":[-122.3926538,37.7911247]}},{"type":"Feature","id":11019019874,"properties":{"amenity":"vending_machine","check_date":"2023-07-01","operator":"SFMTA","payment:mastercard":"yes","payment:visa":"yes","ref":"470-01001","vending":"parking_tickets"},"geometry":{"type":"Point","coordinates":[-122.3926463,37.7911093]}},{"type":"Feature","id":11019019900,"properties":{"amenity":"vending_machine","check_date":"2023-07-01","operator":"SFMTA","payment:mastercard":"yes","payment:visa":"yes","ref":"470-01004","vending":"parking_tickets"},"geometry":{"type":"Point","coordinates":[-122.3927917,37.7912311]}},{"type":"Feature","id":11019019902,"properties":{"amenity":"waste_basket","material":"metal","waste":"trash"},"geometry":{"type":"Point","coordinates":[-122.3931673,37.791178]}},{"type":"Feature","id":11019019903,"properties":{"addr:city":"San Francisco","addr:housenumber":"188","addr:state":"CA","addr:street":"Spear Street","addr:unit":"110","check_date":"2023-07-01","name":"Beta 90 Computer & Networking","office":"it"},"geometry":{"type":"Point","coordinates":[-122.3932262,37.7912939]}},{"type":"Feature","id":11019019908,"properties":{"amenity":"bicycle_parking","bicycle_parking":"stands","capacity":"2","covered":"no"},"geometry":{"type":"Point","coordinates":[-122.3933468,37.7908052]}},{"type":"Feature","id":11019019910,"properties":{"amenity":"waste_basket","material":"metal","waste":"trash"},"geometry":{"type":"Point","coordinates":[-122.3934654,37.7907711]}},{"type":"Feature","id":11019019920,"properties":{"amenity":"bench","backrest":"no","colour":"orange","material":"metal"},"geometry":{"type":"Point","coordinates":[-122.3936691,37.7906712]}},{"type":"Feature","id":11019019921,"properties":{"amenity":"bench","backrest":"no","colour":"orange","material":"metal"},"geometry":{"type":"Point","coordinates":[-122.3938301,37.7907998]}},{"type":"Feature","id":11019019922,"properties":{"amenity":"bench","backrest":"yes","colour":"blue","material":"metal"},"geometry":{"type":"Point","coordinates":[-122.3937222,37.7907154]}},{"type":"Feature","id":11019019923,"properties":{"amenity":"bench","backrest":"yes","colour":"blue","material":"metal"},"geometry":{"type":"Point","coordinates":[-122.3937731,37.7907565]}},{"type":"Feature","id":11019019924,"properties":{"amenity":"bench","backrest":"yes","colour":"blue","material":"metal"},"geometry":{"type":"Point","coordinates":[-122.3938838,37.7908436]}},{"type":"Feature","id":11019019925,"properties":{"amenity":"bench","backrest":"yes","colour":"blue","material":"metal"},"geometry":{"type":"Point","coordinates":[-122.3939375,37.7908825]}},{"type":"Feature","id":11019019926,"properties":{"amenity":"bench","backrest":"no","colour":"orange","material":"metal"},"geometry":{"type":"Point","coordinates":[-122.3939856,37.7909214]}},{"type":"Feature","id":11019019927,"properties":{"amenity":"bench","backrest":"yes","material":"wood","seats":"3"},"geometry":{"type":"Point","coordinates":[-122.394079,37.7909063]}},{"type":"Feature","id":11019019929,"properties":{"amenity":"bench","backrest":"yes","material":"wood","seats":"3"},"geometry":{"type":"Point","coordinates":[-122.3940577,37.7907981]}},{"type":"Feature","id":11019019930,"properties":{"amenity":"bench","backrest":"yes","material":"wood","seats":"3"},"geometry":{"type":"Point","coordinates":[-122.3940169,37.7907676]}},{"type":"Feature","id":11019019931,"properties":{"amenity":"bench","backrest":"yes","material":"wood","seats":"3"},"geometry":{"type":"Point","coordinates":[-122.3938771,37.7907826]}},{"type":"Feature","id":11019019932,"properties":{"amenity":"bench","backrest":"yes","material":"wood","seats":"3"},"geometry":{"type":"Point","coordinates":[-122.3939375,37.7908016]}},{"type":"Feature","id":11019019933,"properties":{"amenity":"vending_machine","bin":"yes","check_date":"2023-07-01","fee":"no","vending":"excrement_bags"},"geometry":{"type":"Point","coordinates":[-122.39398,37.7907278]}},{"type":"Feature","id":11019019934,"properties":{"amenity":"bench","backrest":"yes","material":"wood","seats":"3"},"geometry":{"type":"Point","coordinates":[-122.3939201,37.7907283]}},{"type":"Feature","id":11019019935,"properties":{"amenity":"bench","backrest":"yes","material":"wood","seats":"3"},"geometry":{"type":"Point","coordinates":[-122.3939241,37.7906929]}},{"type":"Feature","id":11019019936,"properties":{"amenity":"bench","backrest":"yes","material":"wood","seats":"3"},"geometry":{"type":"Point","coordinates":[-122.3938553,37.7906306]}},{"type":"Feature","id":11019019937,"properties":{"amenity":"bench","backrest":"yes","material":"wood","seats":"3"},"geometry":{"type":"Point","coordinates":[-122.3937362,37.7906514]}},{"type":"Feature","id":11019019938,"properties":{"amenity":"vending_machine","check_date":"2023-07-01","operator":"SFMTA","payment:mastercard":"yes","payment:visa":"yes","ref":"470-02002","vending":"parking_tickets"},"geometry":{"type":"Point","coordinates":[-122.3936786,37.7905298]}},{"type":"Feature","id":12747187201,"properties":{"addr:housenumber":"101","addr:street":"Howard Street","amenity":"university","name":"University of San Francisco - Folger Building"},"geometry":{"type":"Point","coordinates":[-122.3925583,37.7911018]}},{"type":"Feature","id":61690511,"properties":{"addr:postcode":"94111","amenity":"post_office","name":"United States Post Office - Gateway Station","operator":"United States Postal Service","operator:short":"USPS","operator:type":"public","operator:website":"https://www.usps.com","operator:wikidata":"Q668687","operator:wikipedia":"en:United States Postal Service","short_name":"USPS","wheelchair":"yes"},"geometry":{"type":"Point","coordinates":[-122.399438,37.7949406]}},{"type":"Feature","id":358855346,"properties":{"amenity":"post_office","ele":"2","gnis:feature_id":"2087583","name":"Gateway Station San Francisco Post Office"},"geometry":{"type":"Point","coordinates":[-122.3958333,37.7941667]}},{"type":"Feature","id":386585808,"properties":{"amenity":"university","brand":"University of Phoenix","brand:short":"UOPX","brand:wikidata":"Q1889100","name":"University of Phoenix","short_name":"UOPX"},"geometry":{"type":"Point","coordinates":[-122.3991462,37.7916315]}},{"type":"Feature","id":386589588,"properties":{"amenity":"bicycle_parking","bicycle_parking":"stands","capacity":"4","check_date":"2022-04-01","covered":"no","fee":"no","source":"survey"},"geometry":{"type":"Point","coordinates":[-122.3978403,37.7919298]}},{"type":"Feature","id":386613961,"properties":{"amenity":"bicycle_parking","bicycle_parking":"stands","capacity":"4","check_date":"2022-04-01","covered":"no","fee":"no","source":"survey"},"geometry":{"type":"Point","coordinates":[-122.3951208,37.7943588]}},{"type":"Feature","id":631311569,"properties":{"addr:city":"San Francisco","addr:housenumber":"48","addr:postcode":"94111","addr:state":"CA","addr:street":"Drumm Street","amenity":"taxi","description":"Taxi Zone, at \"48\" Drumm Street, east side, from Sacramento Street to 171 feet southerly (171-foot zone)","name":"Taxi Stand at Hyatt Regency (along Drumm St)","opening_hours":"24/7","operator":"SFMTA","source":"https://www.sfmta.com/maps/san-francisco-taxi-stand-locations"},"geometry":{"type":"Point","coordinates":[-122.396374,37.794265]}},{"type":"Feature","id":669137656,"properties":{"amenity":"post_box","collection_times":"Mo-Fr 15:00,17:00; Sa 13:00","operator":"United States Postal Service","operator:short":"USPS","operator:type":"public","operator:website":"https://www.usps.com","operator:wikidata":"Q668687","operator:wikipedia":"en:United States Postal Service"},"geometry":{"type":"Point","coordinates":[-122.399945,37.7922925]}},{"type":"Feature","id":669137660,"properties":{"amenity":"post_box","capacity":"1","collection_times":"Mo-Fr 14:30,17:00; Sa 13:00","operator":"United States Postal Service","operator:short":"USPS","operator:type":"public","operator:website":"https://www.usps.com","operator:wikidata":"Q668687","operator:wikipedia":"en:United States Postal Service","short_name":"USPS"},"geometry":{"type":"Point","coordinates":[-122.39877,37.7924834]}},{"type":"Feature","id":1223019571,"properties":{"amenity":"post_box","collection_times":"Mo-Fr 15:00,17:00; Sa 13:00","operator":"United States Postal Service","operator:short":"USPS","operator:type":"public","operator:website":"https://www.usps.com","operator:wikidata":"Q668687","operator:wikipedia":"en:United States Postal Service","quantity":"4"},"geometry":{"type":"Point","coordinates":[-122.399826,37.7931305]}},{"type":"Feature","id":1223019595,"properties":{"amenity":"post_office","brand":"FedEx","brand:wikidata":"Q459477","name":"FedEx 24h office","opening_hours":"24/7","operator":"FedEx","operator:type":"private","operator:wikidata":"Q459477","operator:wikipedia":"en:FedEx","shop":"copyshop"},"geometry":{"type":"Point","coordinates":[-122.397912,37.7939898]}},{"type":"Feature","id":1454042337,"properties":{"addr:city":"San Francisco","addr:housenumber":"240","addr:postcode":"94111","addr:state":"CA","addr:street":"California Street","amenity":"restaurant","check_date":"2024-12-17","name":"Tadich Grill","opening_hours":"Mo-Fr 11:00-21:30; Sa 16:00-21:30","phone":"+1-415-391-1849","website":"https://tadichgrillsf.com","wheelchair":"yes","wikidata":"Q7674616"},"geometry":{"type":"Point","coordinates":[-122.399472,37.7934198]}},{"type":"Feature","id":1617283400,"properties":{"addr:floor":"0","addr:housenumber":"22","addr:street":"Battery Street","amenity":"fast_food","check_date":"2026-05-14","cuisine":"bagel","diet:fish":"yes","diet:vegan":"yes","diet:vegetarian":"yes","drive_through":"no","email":"battery@boichikbagels.com","name":"Boichik","opening_hours":"06:30-13:30","payment:cash":"yes","payment:mastercard":"yes","payment:visa":"yes","phone":"+1-415-757-0375","takeaway":"yes","website":"https://boichikbagels.com","wheelchair":"yes"},"geometry":{"type":"Point","coordinates":[-122.3993698,37.7914771]}},{"type":"Feature","id":1617283411,"properties":{"amenity":"cafe","check_date":"2026-05-21","cuisine":"coffee_shop","name":"Flywheel Coffee Roasters","takeaway":"yes"},"geometry":{"type":"Point","coordinates":[-122.3994657,37.7914682]}},{"type":"Feature","id":1627742298,"properties":{"addr:housenumber":"240","addr:postcode":"94111","addr:street":"Front Street","amenity":"restaurant","cuisine":"german","fax":"+1 415 421 2217","internet_access":"wlan","internet_access:fee":"no","name":"Schroeder's Restaurant","opening_hours":"Mo-Th 11:00-21:30; Fr 11:00-23:00; Sa 16:30-22:00; Su closed","phone":"+1 415 421 4778","website":"https://www.schroederssf.com/","wheelchair":"limited"},"geometry":{"type":"Point","coordinates":[-122.3987561,37.7939149]}},{"type":"Feature","id":2310115693,"properties":{"amenity":"clinic","check_date":"2024-02-11","healthcare":"clinic","name":"Concentra Urgent Care","operator":"Concentra","operator:type":"private","operator:wikidata":"Q5158304"},"geometry":{"type":"Point","coordinates":[-122.39703,37.7937286]}},{"type":"Feature","id":2310116209,"properties":{"addr:housenumber":"1","addr:street":"California Street","amenity":"fast_food","check_date":"2023-01-10","name":"Ladle & Leaf","opening_hours":"Mo-Fr 10:00-14:00","outdoor_seating":"yes","website":"https://ladleandleaf.com/","wheelchair":"yes"},"geometry":{"type":"Point","coordinates":[-122.397355,37.7933322]}},{"type":"Feature","id":2616668270,"properties":{"name":"Trolley-bus Flowers","shop":"florist"},"geometry":{"type":"Point","coordinates":[-122.3956629,37.7935404]}},{"type":"Feature","id":2616676496,"properties":{"amenity":"bicycle_rental","bicycle_rental":"docking_station","brand":"Bay Wheels","brand:wikidata":"Q16971391","fee":"yes","name":"Bay Wheels","network":"Bay Wheels","network:wikidata":"Q16971391","network:wikipedia":"en:Bay Wheels","operator":"Lyft","operator:type":"private","operator:website":"https://motivateco.com/","operator:wikidata":"Q17077936","operator:wikipedia":"en:Motivate (company)","ref":"Beale at Market"},"geometry":{"type":"Point","coordinates":[-122.397137,37.7922451]}},{"type":"Feature","id":2655602840,"properties":{"addr:city":"San Francisco","addr:housename":"One Embarcadero Center, Street Level","addr:housenumber":"1","addr:postcode":"94111","addr:street":"Embarcadero Center","check_date":"2025-10-03","name":"Beckett & Robb","phone":"+1-415-685-0848","shop":"clothes","website":"https://www.beckettrobb.com/","wheelchair":"yes"},"geometry":{"type":"Point","coordinates":[-122.3995563,37.7947268]}},{"type":"Feature","id":2671868131,"properties":{"amenity":"bicycle_rental","bicycle_rental":"docking_station","brand":"Bay Wheels","brand:wikidata":"Q16971391","capacity":"15","fee":"yes","name":"Bay Wheels","network":"Bay Wheels","network:wikidata":"Q16971391","network:wikipedia":"en:Bay Wheels","operator":"Lyft","operator:type":"private","operator:website":"https://motivateco.com/","operator:wikidata":"Q17077936","operator:wikipedia":"en:Motivate (company)","ref":"Clay at Battery","wheelchair":"yes"},"geometry":{"type":"Point","coordinates":[-122.399972,37.7950036]}},{"type":"Feature","id":2701812242,"properties":{"name":"Lookout, Inc.","office":"company","toilets:wheelchair":"yes","wheelchair":"yes"},"geometry":{"type":"Point","coordinates":[-122.3987337,37.79198]}},{"type":"Feature","id":2827539158,"properties":{"addr:housenumber":"388, Suite 1300","addr:street":"Market Street","check_date":"2014-04-30","contact:email":"leasing@ravenios.com","contact:phone":"+1-415-837-3201","name":"Raven Office Centers","office":"estate_agent","website":"https://ravenios.com/"},"geometry":{"type":"Point","coordinates":[-122.39819,37.7922062]}},{"type":"Feature","id":3018371855,"properties":{"amenity":"restaurant","check_date":"2024-02-11","name":"Osha Thai","wheelchair":"yes"},"geometry":{"type":"Point","coordinates":[-122.3955509,37.7948237]}},{"type":"Feature","id":3828742814,"properties":{"addr:city":"San Francisco","addr:housenumber":"91","addr:postcode":"94111","addr:state":"CA","addr:street":"Drumm Street","amenity":"fast_food","check_date":"2024-02-11","cuisine":"mediterranean","name":"Oasis Grill","takeaway":"only","website":"https://oasisgrill.com"},"geometry":{"type":"Point","coordinates":[-122.3967287,37.7943544]}},{"type":"Feature","id":3931497661,"properties":{"amenity":"dentist","check_date":"2024-12-23","healthcare":"dentist","name":"CitiDent"},"geometry":{"type":"Point","coordinates":[-122.3996827,37.7925628]}},{"type":"Feature","id":3931497662,"properties":{"addr:housenumber":"130","addr:street":"Battery Street","amenity":"bank","name":"Tri Counties Bank","opening_hours":"Mo-Fr 09:00-17:00","phone":"+1-415-392-0642","website":"https://www.tcbk.com/"},"geometry":{"type":"Point","coordinates":[-122.399686,37.7926749]}},{"type":"Feature","id":3931497665,"properties":{"addr:city":"San Francisco","addr:state":"CA","alt_name":"Verizon Wireless","brand":"Verizon","brand:wikidata":"Q919641","name":"Verizon","opening_hours":"Mo-Fr 08:00-19:00","shop":"mobile_phone"},"geometry":{"type":"Point","coordinates":[-122.399599,37.7921546]}},{"type":"Feature","id":4118236789,"properties":{"addr:city":"San Francisco","addr:housenumber":"21","addr:postcode":"94111","addr:state":"CA","addr:street":"Drumm Street","amenity":"fast_food","check_date":"2024-02-11","cuisine":"burger","drive_through":"no","name":"Ozzy's  Cafe & Grill","phone":"+1-415-391-8181"},"geometry":{"type":"Point","coordinates":[-122.3966629,37.7939497]}},{"type":"Feature","id":4309710472,"properties":{"addr:city":"San Francisco","addr:housenumber":"4","addr:postcode":"94111","addr:state":"CA","addr:street":"Embarcadero Center","amenity":"restaurant","capacity":"100","cuisine":"sandwich","name":"Boudin Bakery & Cafe","opening_hours":"Mo-Fr 07:00-16:00; Sa 11:30-15:00; Su 12:00-15:00","smoking":"no","takeaway":"yes","website":"https://www.boudinbakery.com/index.cfm","wheelchair":"yes"},"geometry":{"type":"Point","coordinates":[-122.3956931,37.7949094]}},{"type":"Feature","id":4333234723,"properties":{"amenity":"bench","backrest":"yes"},"geometry":{"type":"Point","coordinates":[-122.3959742,37.795751]}},{"type":"Feature","id":4333241056,"properties":{"amenity":"bench","backrest":"yes"},"geometry":{"type":"Point","coordinates":[-122.3956833,37.7959506]}},{"type":"Feature","id":4393034456,"properties":{"addr:city":"San Francisco","addr:housenumber":"7","addr:postcode":"94111","addr:state":"CA","addr:street":"Drumm Street","amenity":"cafe","branch":"Pickup - California & Drumm -","brand":"Starbucks","brand:wikidata":"Q37158","check_date":"2024-02-11","cuisine":"coffee_shop","name":"Starbucks","official_name":"Starbucks Coffee","opening_hours":"Mo-Fr 04:30-17:00; Sa 06:30-14:00","phone":"+1 341-388-0001","takeaway":"only","website":"https://www.starbucks.com/store-locator/store/1031613/pickup-california-drumm-7-drumm-street-san-francisco-ca-941114805-us"},"geometry":{"type":"Point","coordinates":[-122.396632,37.7937815]}},{"type":"Feature","id":4451772829,"properties":{"addr:city":"San Francisco","addr:housenumber":"1","addr:postcode":"94111","addr:state":"CA","addr:street":"Embarcadero Center","addr:unit":"1020A","name":"Steven S. Miyake, Esq.","office":"lawyer","phone":"+1 415 4214400","website":"https://miyakelaw.com/"},"geometry":{"type":"Point","coordinates":[-122.3995603,37.7948667]}},{"type":"Feature","id":4502608502,"properties":{"addr:city":"San Francisco","addr:postcode":"94111","addr:state":"CA","name":"Bain & Company","office":"company","phone":"+1-415-627-1000","website":"https://www.bain.com/offices/sanfrancisco/en_us/index.aspx","wheelchair":"yes"},"geometry":{"type":"Point","coordinates":[-122.3996684,37.7944459]}},{"type":"Feature","id":4536361678,"properties":{"addr:housenumber":"15","addr:street":"Drumm Street","check_date":"2025-04-29","check_date:opening_hours":"2025-04-29","name":"Drumm Liquors","opening_hours":"Mo-Su 09:00-24:00","shop":"alcohol"},"geometry":{"type":"Point","coordinates":[-122.3966519,37.7939081]}},{"type":"Feature","id":4618173073,"properties":{"amenity":"pub","name":"Patriot House","outdoor_seating":"yes","wheelchair":"yes"},"geometry":{"type":"Point","coordinates":[-122.3987013,37.7950723]}},{"type":"Feature","id":4618173074,"properties":{"name":"Scottrade","office":"company"},"geometry":{"type":"Point","coordinates":[-122.3991223,37.7931728]}},{"type":"Feature","id":4618173568,"properties":{"amenity":"bank","name":"City Bank","wheelchair":"yes"},"geometry":{"type":"Point","coordinates":[-122.4000636,37.7947901]}},{"type":"Feature","id":4618173570,"properties":{"amenity":"restaurant","name":"Gochees Pizza"},"geometry":{"type":"Point","coordinates":[-122.3986364,37.7950842]}},{"type":"Feature","id":4618253238,"properties":{"amenity":"parking","parking":"underground"},"geometry":{"type":"Point","coordinates":[-122.3997375,37.7928335]}},{"type":"Feature","id":4618253701,"properties":{"amenity":"atm","operator":"Tri Counties Bank"},"geometry":{"type":"Point","coordinates":[-122.3997332,37.7927115]}},{"type":"Feature","id":4632000726,"properties":{"addr:city":"San Francisco","addr:housenumber":"140","addr:postcode":"94111-5526","addr:state":"CA","addr:street":"Pine Street","alt_name":"Financial District Hardware","branch":"Financial District Hardware","brand":"Ace Hardware","brand:wikidata":"Q4672981","check_date":"2024-12-23","name":"Financial District Ace Hardware","opening_hours":"Mo-Th 08:00-15:00; Fr 08:00-14:00","phone":"+1 415-362-7744","ref":"11469","shop":"doityourself","wheelchair":"no"},"geometry":{"type":"Point","coordinates":[-122.39908,37.7924831]}},{"type":"Feature","id":4632000733,"properties":{"amenity":"fast_food","brand":"Jimmy John's","brand:wikidata":"Q1689380","cuisine":"sandwich","fixme:atp":"no ATP match, check if still exists","name":"Jimmy John's","official_name":"Jimmy John's Gourmet Sandwiches","takeaway":"yes","wheelchair":"yes"},"geometry":{"type":"Point","coordinates":[-122.3989062,37.7925096]}},{"type":"Feature","id":4632000811,"properties":{"addr:city":"San Francisco","addr:housenumber":"200","addr:postcode":"94104","addr:state":"CA","addr:street":"Pine Street","addr:unit":"140","amenity":"fast_food","brand":"Subway","brand:wikidata":"Q244457","check_date":"2024-12-17","cuisine":"sandwich","name":"Subway","opening_hours":"Mo-Fr 09:00-18:00","phone":"+1 415-778-6388","takeaway":"yes","website":"https://restaurants.subway.com/united-states/ca/san-francisco/200-pine-st","wheelchair":"yes"},"geometry":{"type":"Point","coordinates":[-122.3999895,37.7923452]}},{"type":"Feature","id":4632112445,"properties":{"amenity":"atm","name":"First Republic"},"geometry":{"type":"Point","coordinates":[-122.3995012,37.7915846]}},{"type":"Feature","id":4632112448,"properties":{"addr:city":"San Francisco","addr:housenumber":"201","addr:postcode":"94104","addr:state":"CA","addr:street":"Pine Street","amenity":"cafe","name":"Cafe Atlas","note":"2022-07-05, regular hours not posted, sign says \"closed until Aug 1\""},"geometry":{"type":"Point","coordinates":[-122.399904,37.7921232]}},{"type":"Feature","id":4632112452,"properties":{"amenity":"parking","parking":"underground"},"geometry":{"type":"Point","coordinates":[-122.399543,37.791757]}},{"type":"Feature","id":4911568322,"properties":{"addr:city":"San Francisco","addr:housenumber":"101","addr:postcode":"94111","addr:state":"CA","addr:street":"California Street","alt_name":"Pabu Izakaya","amenity":"restaurant","cocktails":"yes","contact:facebook":"PabuRestaurant","contact:instagram":"pabusf","cuisine":"japanese;sushi","happy_hours":"Mo-Sa 16:00-17:30","indoor_seating":"yes","name":"Pabu","opening_hours":"Mo-Sa 16:00-21:00","opening_hours:url":"https://www.michaelmina.net/restaurants/pabu/san-francisco/","outdoor_seating":"yes","phone":"+1 415 5350184","reservation":"yes","takeaway":"yes","website":"https://www.michaelmina.net/restaurants/pabu/san-francisco/","wheelchair":"yes"},"geometry":{"type":"Point","coordinates":[-122.3986241,37.7931931]}},{"type":"Feature","id":5067639715,"properties":{"addr:city":"San Francisco","addr:housenumber":"292","addr:postcode":"94111","addr:state":"CA","addr:street":"Battery Street","amenity":"bank","atm":"yes","brand":"Wells Fargo","brand:wikidata":"Q744149","name":"Wells Fargo","toilets:wheelchair":"yes","wheelchair":"yes"},"geometry":{"type":"Point","coordinates":[-122.3999594,37.7940493]}},{"type":"Feature","id":5067639717,"properties":{"addr:city":"San Francisco","addr:housenumber":"222","addr:postcode":"94111","addr:state":"CA","addr:street":"Battery Street","amenity":"cafe","cuisine":"sandwich","name":"Homegrown","takeaway":"yes"},"geometry":{"type":"Point","coordinates":[-122.3999163,37.7936713]}},{"type":"Feature","id":5093230381,"properties":{"addr:city":"San Francisco","addr:housenumber":"50","addr:postcode":"94111","addr:state":"CA","addr:street":"California Street","amenity":"fast_food","brand":"Chipotle","brand:wikidata":"Q465751","capacity":"66","check_date":"2023-11-28","cuisine":"mexican","delivery":"no","diet:vegetarian":"yes","drive_through":"no","ele":"0","name":"Chipotle","official_name":"Chipotle Mexican Grill","opening_hours":"Mo-Fr 10:45-21:00; Sa 10:45-20:00; Su off","outdoor_seating":"yes","phone":"+1 415-500-9511","smoking":"no","takeaway":"yes","website":"https://locations.chipotle.com/ca/san-francisco/50-california-st","wheelchair":"yes"},"geometry":{"type":"Point","coordinates":[-122.3975668,37.7943113]}},{"type":"Feature","id":5604917322,"properties":{"amenity":"bank","brand":"Chase","brand:wikidata":"Q524629","name":"Chase","wheelchair":"yes"},"geometry":{"type":"Point","coordinates":[-122.3988035,37.7925277]}},{"type":"Feature","id":5604933821,"properties":{"addr:housenumber":"101","addr:street":"Pine Street","amenity":"bank","atm":"yes","brand":"First Republic Bank","brand:wikidata":"Q5453752","name":"First Republic Bank"},"geometry":{"type":"Point","coordinates":[-122.398806,37.7922591]}},{"type":"Feature","id":6177111675,"properties":{"addr:city":"San Francisco","addr:postcode":"94111","addr:state":"CA","addr:unit":"Suite 2400","brand":"Boston Consulting Group","brand:wikidata":"Q135635","name":"Boston Consulting Group","office":"consulting","phone":"+1 415 732 8000","website":"https://www.bcg.com/offices/bay-area/san-francisco.aspx;https://www.bcg.com/offices/digital-ventures-san-francisco.aspx","wheelchair":"yes"},"geometry":{"type":"Point","coordinates":[-122.398416,37.7948768]}},{"type":"Feature","id":6467152931,"properties":{"addr:city":"San Francisco","addr:housenumber":"5","addr:postcode":"94111","addr:state":"CA","addr:street":"Embarcadero Center","amenity":"cafe","brand":"Philz Coffee","brand:wikidata":"Q18156812","check_date":"2024-02-11","cuisine":"coffee_shop","internet_access":"wlan","name":"Philz Coffee","opening_hours":"Mo-Fr 05:30-18:00; Sa-Su 06:00-18:00","outdoor_seating":"yes","phone":"+1 415-321-1499","takeaway":"yes","website":"https://philzcoffee.com/locations/47","wheelchair":"yes"},"geometry":{"type":"Point","coordinates":[-122.395302,37.7944134]}},{"type":"Feature","id":6530508349,"properties":{"amenity":"bicycle_parking","bicycle_parking":"stands","capacity":"2","covered":"no"},"geometry":{"type":"Point","coordinates":[-122.3953311,37.7942067]}},{"type":"Feature","id":6530508353,"properties":{"amenity":"vending_machine","check_date":"2025-04-28","vending":"newspapers"},"geometry":{"type":"Point","coordinates":[-122.395495,37.7940734]}},{"type":"Feature","id":6530508356,"properties":{"amenity":"waste_basket"},"geometry":{"type":"Point","coordinates":[-122.3955202,37.7940503]}},{"type":"Feature","id":6530526415,"properties":{"amenity":"fast_food","check_date":"2024-02-11","cuisine":"japanese","fax":"+1 415 397 5366","name":"Sushi Kinta","phone":"+1 415 434 3116","wheelchair":"yes"},"geometry":{"type":"Point","coordinates":[-122.3956683,37.7946339]}},{"type":"Feature","id":6530555243,"properties":{"artwork_type":"sculpture","tourism":"artwork"},"geometry":{"type":"Point","coordinates":[-122.3963189,37.7946852]}},{"type":"Feature","id":6576249554,"properties":{"artist:wikidata":"Q28607765","artist_name":"Gwynn Murrill","artwork_type":"statue","date":"2002","material":"bronze","name":"The Hawaiians (Mother and Child)","tourism":"artwork","wikimedia_commons":"File:Hawaiian-by-gwynn-murrill.jpg"},"geometry":{"type":"Point","coordinates":[-122.398895,37.7934926]}},{"type":"Feature","id":6582227557,"properties":{"addr:city":"San Francisco","addr:housenumber":"333","addr:state":"CA","addr:street":"Market Street","name":"Russell’s","shop":"convenience"},"geometry":{"type":"Point","coordinates":[-122.3974122,37.7917231]}},{"type":"Feature","id":6582227560,"properties":{"artist_name":"Simon Norris","artwork_type":"sculpture","name":"My Heart","start_date":"2009-02-12","tourism":"artwork"},"geometry":{"type":"Point","coordinates":[-122.3976865,37.7919283]}},{"type":"Feature","id":6967263270,"properties":{"amenity":"parking_entrance"},"geometry":{"type":"Point","coordinates":[-122.3995945,37.7918962]}},{"type":"Feature","id":6967263272,"properties":{"amenity":"parking_entrance"},"geometry":{"type":"Point","coordinates":[-122.3995768,37.7918143]}},{"type":"Feature","id":6967308029,"properties":{"amenity":"parking_entrance"},"geometry":{"type":"Point","coordinates":[-122.3956104,37.7921439]}},{"type":"Feature","id":6967308030,"properties":{"amenity":"parking_entrance"},"geometry":{"type":"Point","coordinates":[-122.3956606,37.7921068]}},{"type":"Feature","id":6967308038,"properties":{"access":"private","amenity":"parking_entrance"},"geometry":{"type":"Point","coordinates":[-122.3958455,37.7923957]}},{"type":"Feature","id":8628126633,"properties":{"amenity":"parking_entrance"},"geometry":{"type":"Point","coordinates":[-122.3985535,37.7927233]}},{"type":"Feature","id":8628126635,"properties":{"amenity":"parking_entrance"},"geometry":{"type":"Point","coordinates":[-122.399951,37.7924925]}},{"type":"Feature","id":8628126641,"properties":{"amenity":"parking_entrance"},"geometry":{"type":"Point","coordinates":[-122.3989169,37.7928406]}},{"type":"Feature","id":8628126643,"properties":{"amenity":"parking_entrance"},"geometry":{"type":"Point","coordinates":[-122.399756,37.7927901]}},{"type":"Feature","id":8807475769,"properties":{"amenity":"bicycle_parking","bicycle_parking":"stands","capacity":"8","covered":"no"},"geometry":{"type":"Point","coordinates":[-122.3990711,37.7953119]}},{"type":"Feature","id":9000171989,"properties":{"amenity":"bank","brand":"Chase","brand:wikidata":"Q524629","check_date":"2024-09-17","check_date:opening_hours":"2024-09-17","name":"Chase","opening_hours":"Mo-Fr 09:00-17:00; Sa-Su closed","phone":"+1 415-984-0960","website":"https://locator.chase.com/ca/san-francisco/2-embarcadero-ctr-st-level"},"geometry":{"type":"Point","coordinates":[-122.3989492,37.7949481]}},{"type":"Feature","id":9000171990,"properties":{"amenity":"cafe","brand":"Peet's Coffee","brand:wikidata":"Q1094101","cuisine":"coffee_shop","name":"Peet's Coffee","takeaway":"yes"},"geometry":{"type":"Point","coordinates":[-122.3988661,37.7946776]}},{"type":"Feature","id":9000171993,"properties":{"brand":"Allen Edmonds","brand:wikidata":"Q4731627","name":"Allen Edmonds","shop":"shoes"},"geometry":{"type":"Point","coordinates":[-122.3992692,37.7948066]}},{"type":"Feature","id":9000171994,"properties":{"amenity":"bank","brand":"Charles Schwab","brand:wikidata":"Q1066028","name":"Charles Schwab","office":"financial_advisor"},"geometry":{"type":"Point","coordinates":[-122.39898,37.7934876]}},{"type":"Feature","id":9231385805,"properties":{"addr:city":"San Francisco","addr:country":"US","addr:floor":"12","addr:housename":"100 Pine Center","addr:housenumber":"100","addr:postcode":"94111","addr:state":"CA","addr:street":"Pine Street","addr:suburb":"San Francisco","brand":"Bell Resources","description":"Electric Vehicle Charging & Clean Energy Company","name":"Bell Resources","office":"company","opening_hours":"Mo-Fr 09:00-17:00","operator":"Bell Resources","phone":"+1-415-772-5659","website":"https://bellresources.com","wikidata":"Q96018061","wikimedia_commons":"File:100_Pine_Center.jpg"},"geometry":{"type":"Point","coordinates":[-122.399022,37.7926915]}},{"type":"Feature","id":9397921871,"properties":{"amenity":"bicycle_rental","bicycle_rental":"docking_station","brand":"Bay Wheels","brand:wikidata":"Q16971391","capacity":"32","fee":"yes","name":"Bay Wheels","network":"Bay Wheels","network:wikidata":"Q16971391","network:wikipedia":"en:Bay Wheels","operator":"Lyft","operator:type":"private","operator:website":"https://motivateco.com/","operator:wikidata":"Q17077936","operator:wikipedia":"en:Motivate (company)"},"geometry":{"type":"Point","coordinates":[-122.39882,37.7931391]}},{"type":"Feature","id":9538820419,"properties":{"addr:housenumber":"18","addr:street":"California Street","amenity":"cafe","check_date":"2024-02-11","name":"Le Regency Deli Cafe","opening_hours":"Mo-Th 06:30-14:00; Fr 07:00-13:30"},"geometry":{"type":"Point","coordinates":[-122.3968698,37.7937447]}},{"type":"Feature","id":9538820439,"properties":{"addr:housenumber":"16","addr:street":"California Street","amenity":"bar","bar":"yes","check_date":"2024-02-11","cocktails":"yes","description":"Small bar with daytime food. Mostly bar seating with a few small tables.","drink:beer":"yes","drink:coffee":"no","drink:espresso":"no","drink:wine":"yes","email":"cafeterminusbar@gmail.com","food":"yes","name":"Terminus","phone":"+1 415 9608405","website":"https://www.terminussf.com/","website:menu":"https://www.terminussf.com/menu"},"geometry":{"type":"Point","coordinates":[-122.3967216,37.7937667]}},{"type":"Feature","id":9538820448,"properties":{"amenity":"cafe","brand":"Joe & The Juice","brand:wikidata":"Q26221514","check_date":"2023-11-28","cuisine":"coffee_shop","name":"Joe & The Juice","opening_hours":"Mo-Fr 08:00-17:00","takeaway":"yes","website":"https://orders.joejuice.com/store/0e123114-610b-462d-80a7-8ffa6bbecfee","wheelchair":"yes"},"geometry":{"type":"Point","coordinates":[-122.3976155,37.7942834]}},{"type":"Feature","id":9646446266,"properties":{"addr:city":"San Francisco","addr:housenumber":"100","addr:postcode":"94111","addr:state":"CA","addr:street":"Pine Street","addr:unit":"102","amenity":"fast_food","cuisine":"sandwich","drive_through":"no","name":"Lou's Cafe","opening_hours":"Mo-Fr 08:00-15:00","outdoor_seating":"no","phone":"+1 415-283-4777","website":"http://www.louscafesf.com/100-pine-st","wheelchair":"yes"},"geometry":{"type":"Point","coordinates":[-122.3989635,37.7927828]}},{"type":"Feature","id":9656692456,"properties":{"amenity":"waste_basket","waste":"trash"},"geometry":{"type":"Point","coordinates":[-122.4000972,37.793332]}},{"type":"Feature","id":9656692457,"properties":{"amenity":"post_box","capacity":"3","collection_times":"Mo-Fr 14:30,17:00; Sa 15:00","operator":"United States Postal Service","operator:short":"USPS","operator:type":"public","operator:website":"https://www.usps.com","operator:wikidata":"Q668687","operator:wikipedia":"en:United States Postal Service","ref":"9410400039"},"geometry":{"type":"Point","coordinates":[-122.4001022,37.7933489]}},{"type":"Feature","id":9656692459,"properties":{"amenity":"bank","name":"Flagstar Private Bank"},"geometry":{"type":"Point","coordinates":[-122.4001488,37.7933264]}},{"type":"Feature","id":9656844748,"properties":{"addr:housenumber":"98","addr:street":"Battery Street","amenity":"restaurant","name":"Locali Mediterranean","opening_hours":"Mo-Fr 09:00-14:00","phone":"+1-415-399-9991","website":"http://localisf.com/"},"geometry":{"type":"Point","coordinates":[-122.399559,37.7919842]}},{"type":"Feature","id":9657078791,"properties":{"addr:housenumber":"275","addr:street":"Battery Street","amenity":"fast_food","cuisine":"soup","name":"Ladle & Leaf","opening_hours":"Mo-Fr 10:00-14:00","phone":"+1-415-788-7687","website":"https://ladleandleaf.com/locations/275-Battery-Street/"},"geometry":{"type":"Point","coordinates":[-122.400293,37.7940318]}},{"type":"Feature","id":9659564110,"properties":{"addr:housenumber":"50","addr:street":"California Street","amenity":"atm","brand":"Bank of America","brand:wikidata":"Q487907","name":"Bank of America","operator":"Bank of America","operator:wikidata":"Q487907"},"geometry":{"type":"Point","coordinates":[-122.397429,37.7937985]}},{"type":"Feature","id":9659734537,"properties":{"addr:housenumber":"50","addr:street":"California Street","amenity":"bank","atm":"yes","brand":"Bank of America","brand:wikidata":"Q487907","name":"Bank of America","opening_hours":"24/7 closed \"temporarily closed\"","website":"https://locators.bankofamerica.com/ca/sanfrancisco/financial-centers-san-francisco-7436.html"},"geometry":{"type":"Point","coordinates":[-122.397389,37.7938792]}},{"type":"Feature","id":9661566100,"properties":{"addr:housenumber":"187","addr:street":"Pine Street","amenity":"dentist","healthcare":"dentist","name":"The Dental Practice"},"geometry":{"type":"Point","coordinates":[-122.399244,37.7921953]}},{"type":"Feature","id":9789228943,"properties":{"amenity":"cafe","cuisine":"sandwich","name":"Lou's Sandwiches Cafe","opening_hours":"Mo-Fr 08:00-15:00; PH closed","phone":"+1 415-658-7259","website":"http://louscafesf.com/275-battery-st"},"geometry":{"type":"Point","coordinates":[-122.4002434,37.7937974]}},{"type":"Feature","id":9817475311,"properties":{"addr:housenumber":"388","addr:street":"Market Street","addr:unit":"105","check_date":"2026-05-21","check_date:opening_hours":"2025-03-04","name":"Nigella Botanical Boutique","opening_hours":"Mo-Fr 08:00-17:00; Sa,Su 09:00-13:00","phone":"+1 415-933-9309","shop":"florist","website":"https://nigellasf.com/"},"geometry":{"type":"Point","coordinates":[-122.3978849,37.7923308]}},{"type":"Feature","id":9839588385,"properties":{"addr:housenumber":"255","addr:street":"Battery Street","amenity":"bank","brand":"First Citizens Bank","brand:wikidata":"Q117419474","name":"First Citizens Bank"},"geometry":{"type":"Point","coordinates":[-122.4001869,37.7934482]}},{"type":"Feature","id":9847267000,"properties":{"amenity":"waste_basket","check_date":"2021-08-11","waste":"trash"},"geometry":{"type":"Point","coordinates":[-122.3954013,37.7970535]}},{"type":"Feature","id":9868864104,"properties":{"amenity":"bank","name":"Comerica"},"geometry":{"type":"Point","coordinates":[-122.3998653,37.7943987]}},{"type":"Feature","id":9869203373,"properties":{"addr:city":"San Francisco","addr:housenumber":"227","addr:postcode":"94111","addr:state":"CA","addr:street":"Front Street","amenity":"cafe","brand":"Bluestone Lane","cuisine":"coffee_shop","name":"Bluestone Lane","opening_hours":"Mo-Fr 07:00-15:00","outdoor_seating":"no","website":"https://bluestonelane.com/cafes/financial-district-227-front-st/"},"geometry":{"type":"Point","coordinates":[-122.3990314,37.7937743]}},{"type":"Feature","id":9869203374,"properties":{"addr:city":"San Francisco","addr:housenumber":"301","addr:postcode":"94111","addr:state":"CA","addr:street":"Sacramento Street","amenity":"pub","check_date":"2023-01-10","name":"Royal Exchange","opening_hours":"Mo-Fr 11:00-21:00","phone":"+1 415-956-1710","smoking":"no","website":"https://www.royalexchange.com/","wheelchair":"yes"},"geometry":{"type":"Point","coordinates":[-122.3991541,37.7941594]}},{"type":"Feature","id":9870644230,"properties":{"addr:city":"San Francisco","addr:housenumber":"51","addr:postcode":"94111","addr:state":"CA","addr:street":"Davis Street","amenity":"taxi","description":"Taxi Zone (Signage: 9a-3p, 7p-11p, Mon-Fri) at 51 Davis Street, west side, from 75' to 186' south of California Street (111' Total).","name":"Taxi Stand at 101 California St Building (along Davis St)","opening_hours":"Mo-Fr 09:00-15:00, 19:00-23:00","operator":"SFMTA","source":"https://www.sfmta.com/maps/san-francisco-taxi-stand-locations"},"geometry":{"type":"Point","coordinates":[-122.3976192,37.793028]}},{"type":"Feature","id":9976231888,"properties":{"amenity":"post_office","brand":"The UPS Store","brand:short":"UPS","brand:wikidata":"Q7771029","check_date":"2023-01-29","name":"The UPS Store","shop":"copyshop","short_name":"UPS"},"geometry":{"type":"Point","coordinates":[-122.397129,37.7952626]}},{"type":"Feature","id":9976276744,"properties":{"amenity":"post_office","brand":"FedEx Office","brand:wikidata":"Q474379","name":"FedEx Office","shop":"copyshop"},"geometry":{"type":"Point","coordinates":[-122.3976,37.7951665]}},{"type":"Feature","id":9976284805,"properties":{"note":"Barber","shop":"hairdresser"},"geometry":{"type":"Point","coordinates":[-122.3973498,37.7951864]}},{"type":"Feature","id":10002539448,"properties":{"addr:city":"San Francisco","addr:state":"CA","amenity":"restaurant","name":"Eclipse Kitchen & Bar"},"geometry":{"type":"Point","coordinates":[-122.3959731,37.7943639]}},{"type":"Feature","id":10002539449,"properties":{"addr:city":"San Francisco","addr:state":"CA","amenity":"cafe","name":"The Market"},"geometry":{"type":"Point","coordinates":[-122.3959858,37.7944221]}},{"type":"Feature","id":10538306967,"properties":{"addr:city":"San Francisco","addr:state":"CA","check_date":"2023-01-10","name":"Ahmet's Barber and Hair Styling","shop":"hairdresser"},"geometry":{"type":"Point","coordinates":[-122.3981092,37.7942399]}},{"type":"Feature","id":10593143098,"properties":{"amenity":"bicycle_parking","bicycle_parking":"stands","capacity":"4","covered":"no"},"geometry":{"type":"Point","coordinates":[-122.3965483,37.7949945]}},{"type":"Feature","id":10651055384,"properties":{"amenity":"parking_entrance"},"geometry":{"type":"Point","coordinates":[-122.3972238,37.7917205]}},{"type":"Feature","id":10869882866,"properties":{"amenity":"waste_basket","material":"metal"},"geometry":{"type":"Point","coordinates":[-122.3952655,37.7922177]}},{"type":"Feature","id":10869882870,"properties":{"amenity":"vending_machine","check_date":"2023-05-04","operator":"SFMTA","payment:mastercard":"yes","payment:visa":"yes","ref":"561-00310","vending":"parking_tickets"},"geometry":{"type":"Point","coordinates":[-122.3958051,37.7926356]}},{"type":"Feature","id":10869882871,"properties":{"amenity":"vending_machine","check_date":"2023-05-04","operator":"SFMTA","payment:mastercard":"yes","payment:visa":"yes","ref":"561-00250","vending":"parking_tickets"},"geometry":{"type":"Point","coordinates":[-122.395889,37.7927032]}},{"type":"Feature","id":10869882872,"properties":{"amenity":"vending_machine","check_date":"2023-05-04","operator":"SFMTA","payment:mastercard":"yes","payment:visa":"yes","ref":"561-00190","vending":"parking_tickets"},"geometry":{"type":"Point","coordinates":[-122.3959654,37.7927646]}},{"type":"Feature","id":10869882873,"properties":{"amenity":"vending_machine","check_date":"2023-05-04","operator":"SFMTA","payment:mastercard":"yes","payment:visa":"yes","ref":"561-00130","vending":"parking_tickets"},"geometry":{"type":"Point","coordinates":[-122.3960349,37.7928205]}},{"type":"Feature","id":10869882874,"properties":{"amenity":"vending_machine","check_date":"2023-05-04","operator":"SFMTA","payment:mastercard":"yes","payment:visa":"yes","ref":"561-00070","vending":"parking_tickets"},"geometry":{"type":"Point","coordinates":[-122.3961262,37.792894]}},{"type":"Feature","id":10869882875,"properties":{"amenity":"vending_machine","check_date":"2023-05-04","operator":"SFMTA","payment:mastercard":"yes","payment:visa":"yes","ref":"561-00010","vending":"parking_tickets"},"geometry":{"type":"Point","coordinates":[-122.3961992,37.7929527]}},{"type":"Feature","id":10869882878,"properties":{"amenity":"vending_machine","check_date":"2023-05-04","operator":"SFMTA","payment:mastercard":"yes","payment:visa":"yes","ref":"561-00004","vending":"parking_tickets"},"geometry":{"type":"Point","coordinates":[-122.3963339,37.7928344]}},{"type":"Feature","id":10869882879,"properties":{"amenity":"vending_machine","check_date":"2023-05-04","operator":"SFMTA","payment:mastercard":"yes","payment:visa":"yes","ref":"561-00120","vending":"parking_tickets"},"geometry":{"type":"Point","coordinates":[-122.3962513,37.7927694]}},{"type":"Feature","id":10869882880,"properties":{"amenity":"vending_machine","check_date":"2023-05-04","operator":"SFMTA","payment:mastercard":"yes","payment:visa":"yes","ref":"561-00140","vending":"parking_tickets"},"geometry":{"type":"Point","coordinates":[-122.3961541,37.7926927]}},{"type":"Feature","id":10869882882,"properties":{"amenity":"vending_machine","check_date":"2023-05-04","operator":"SFMTA","payment:mastercard":"yes","payment:visa":"yes","ref":"561-00180","vending":"parking_tickets"},"geometry":{"type":"Point","coordinates":[-122.3959808,37.7925562]}},{"type":"Feature","id":10869882886,"properties":{"amenity":"waste_basket","material":"metal"},"geometry":{"type":"Point","coordinates":[-122.3966692,37.7929022]}},{"type":"Feature","id":10869882892,"properties":{"amenity":"waste_basket","material":"metal"},"geometry":{"type":"Point","coordinates":[-122.3966264,37.7931835]}},{"type":"Feature","id":10869882897,"properties":{"amenity":"waste_basket","material":"metal"},"geometry":{"type":"Point","coordinates":[-122.3963142,37.7939077]}},{"type":"Feature","id":10869882898,"properties":{"amenity":"waste_basket","material":"metal"},"geometry":{"type":"Point","coordinates":[-122.3963647,37.794144]}},{"type":"Feature","id":10869882901,"properties":{"amenity":"vending_machine","check_date":"2023-05-04","operator":"SFMTA","payment:mastercard":"yes","payment:visa":"yes","ref":"386-01004","vending":"parking_tickets"},"geometry":{"type":"Point","coordinates":[-122.3965241,37.7948606]}},{"type":"Feature","id":10869882902,"properties":{"amenity":"vending_machine","check_date":"2023-05-04","operator":"SFMTA","payment:mastercard":"yes","payment:visa":"yes","vending":"parking_tickets"},"geometry":{"type":"Point","coordinates":[-122.3967869,37.7948633]}},{"type":"Feature","id":10869882903,"properties":{"amenity":"vending_machine","check_date":"2023-05-04","operator":"SFMTA","payment:mastercard":"yes","payment:visa":"yes","ref":"386-01006","vending":"parking_tickets"},"geometry":{"type":"Point","coordinates":[-122.3965874,37.7951684]}},{"type":"Feature","id":10869882904,"properties":{"amenity":"bicycle_parking","bicycle_parking":"stands","capacity":"2","covered":"no"},"geometry":{"type":"Point","coordinates":[-122.3966281,37.7953748]}},{"type":"Feature","id":10869899311,"properties":{"amenity":"waste_basket","material":"metal"},"geometry":{"type":"Point","coordinates":[-122.3966334,37.7956777]}},{"type":"Feature","id":10869899315,"properties":{"amenity":"waste_basket","material":"concrete"},"geometry":{"type":"Point","coordinates":[-122.3967335,37.796273]}},{"type":"Feature","id":10869899318,"properties":{"amenity":"vending_machine","check_date":"2023-05-04","operator":"SFMTA","payment:mastercard":"yes","payment:visa":"yes","ref":"386-02150","vending":"parking_tickets"},"geometry":{"type":"Point","coordinates":[-122.3970606,37.7961878]}},{"type":"Feature","id":10869899319,"properties":{"amenity":"vending_machine","check_date":"2023-05-04","operator":"SFMTA","payment:mastercard":"yes","payment:visa":"yes","ref":"386-02130","vending":"parking_tickets"},"geometry":{"type":"Point","coordinates":[-122.3970424,37.7961001]}},{"type":"Feature","id":10869899320,"properties":{"amenity":"vending_machine","check_date":"2023-05-04","operator":"SFMTA","payment:mastercard":"yes","payment:visa":"yes","ref":"386-02110","vending":"parking_tickets"},"geometry":{"type":"Point","coordinates":[-122.3970261,37.7960212]}},{"type":"Feature","id":10869899321,"properties":{"amenity":"vending_machine","check_date":"2023-05-04","operator":"SFMTA","payment:mastercard":"yes","payment:visa":"yes","ref":"386-02090","vending":"parking_tickets"},"geometry":{"type":"Point","coordinates":[-122.3970082,37.7959347]}},{"type":"Feature","id":10869899322,"properties":{"amenity":"vending_machine","check_date":"2023-05-04","operator":"SFMTA","payment:mastercard":"yes","payment:visa":"yes","ref":"386-02079","vending":"parking_tickets"},"geometry":{"type":"Point","coordinates":[-122.3969892,37.7958429]}},{"type":"Feature","id":10869899323,"properties":{"amenity":"vending_machine","check_date":"2023-05-04","operator":"SFMTA","payment:mastercard":"yes","payment:visa":"yes","ref":"386-02050","vending":"parking_tickets"},"geometry":{"type":"Point","coordinates":[-122.3969751,37.7957748]}},{"type":"Feature","id":10869899324,"properties":{"amenity":"vending_machine","check_date":"2023-05-04","operator":"SFMTA","payment:mastercard":"yes","payment:visa":"yes","ref":"386-02030","vending":"parking_tickets"},"geometry":{"type":"Point","coordinates":[-122.3969587,37.7956954]}},{"type":"Feature","id":10869899325,"properties":{"amenity":"vending_machine","check_date":"2023-05-04","operator":"SFMTA","payment:mastercard":"yes","payment:visa":"yes","ref":"386-02010","vending":"parking_tickets"},"geometry":{"type":"Point","coordinates":[-122.3969464,37.7956359]}},{"type":"Feature","id":10869899326,"properties":{"amenity":"vending_machine","check_date":"2023-05-04","operator":"SFMTA","payment:mastercard":"yes","payment:visa":"yes","vending":"parking_tickets"},"geometry":{"type":"Point","coordinates":[-122.3963812,37.7963882]}},{"type":"Feature","id":10869899327,"properties":{"amenity":"vending_machine","check_date":"2023-05-04","operator":"SFMTA","payment:mastercard":"yes","payment:visa":"yes","vending":"parking_tickets"},"geometry":{"type":"Point","coordinates":[-122.3959804,37.7964383]}},{"type":"Feature","id":10869899328,"properties":{"amenity":"waste_basket","material":"concrete"},"geometry":{"type":"Point","coordinates":[-122.3956441,37.7964454]}},{"type":"Feature","id":10869899329,"properties":{"board_type":"history","information":"board","name":"The Embarcadero Freeway to Nowhere Comes Down","tourism":"information"},"geometry":{"type":"Point","coordinates":[-122.3955627,37.7964235]}},{"type":"Feature","id":10869899331,"properties":{"amenity":"vending_machine","check_date":"2023-05-04","operator":"SFMTA","payment:credit_cards":"yes","ref":"830-01003","vending":"parking_tickets"},"geometry":{"type":"Point","coordinates":[-122.3951885,37.7960501]}},{"type":"Feature","id":10968501888,"properties":{"board_type":"history","information":"board","name":"Herb Caen Way","tourism":"information"},"geometry":{"type":"Point","coordinates":[-122.3954736,37.7971326]}},{"type":"Feature","id":10968501889,"properties":{"amenity":"post_box","operator":"United States Postal Service","operator:short":"USPS","operator:type":"public","operator:website":"https://www.usps.com","operator:wikidata":"Q668687","operator:wikipedia":"en:United States Postal Service","post_box:type":"pillar"},"geometry":{"type":"Point","coordinates":[-122.3955018,37.797166]}},{"type":"Feature","id":11162058141,"properties":{"amenity":"pub","name":"Harrington's Bar & Grill","note":"reopened after closure in 2024","theme":"irish","wheelchair":"yes"},"geometry":{"type":"Point","coordinates":[-122.3990871,37.7940242]}},{"type":"Feature","id":11232158534,"properties":{"addr:city":"San Francisco","addr:housenumber":"212","addr:postcode":"94111","addr:state":"CA","addr:street":"California Street","name":"2One2 California Dispensary","shop":"cannabis"},"geometry":{"type":"Point","coordinates":[-122.3991152,37.7934731]}},{"type":"Feature","id":11612234500,"properties":{"artwork_type":"sculpture","name":"La Chiffonnière","tourism":"artwork","wikidata":"Q60747212"},"geometry":{"type":"Point","coordinates":[-122.3951937,37.7947438]}},{"type":"Feature","id":11612234505,"properties":{"board_type":"history","information":"board","tourism":"information"},"geometry":{"type":"Point","coordinates":[-122.3993317,37.7913969]}},{"type":"Feature","id":11761159378,"properties":{"addr:city":"San Francisco","addr:housenumber":"50","addr:postcode":"94111","addr:state":"CA","addr:street":"California Street","addr:unit":"15 Floor","contact:linkedin":"https://www.linkedin.com/in/valerie-fenchel-36142325/","facebook":"https://www.facebook.com/FenchelFamilyLaw/","name":"Fenchel Family Law","office":"lawyer","opening_hours":"Mo-Fr 08:30-17:30, Sa-Su 00:00-24:00","phone":"+1 415-805-9069","website":"https://www.fenchelfamilylaw.com/"},"geometry":{"type":"Point","coordinates":[-122.3974189,37.7940068]}},{"type":"Feature","id":11877307177,"properties":{"addr:city":"San Francisco","addr:state":"CA","amenity":"bank","brand":"City National Bank","brand:wikidata":"Q5123314","name":"City National Bank"},"geometry":{"type":"Point","coordinates":[-122.3986324,37.793512]}},{"type":"Feature","id":11877338791,"properties":{"addr:city":"San Francisco","addr:state":"CA","amenity":"fast_food","cuisine":"salad","name":"Mixt","takeaway":"yes"},"geometry":{"type":"Point","coordinates":[-122.3978482,37.7937108]}},{"type":"Feature","id":11877338918,"properties":{"amenity":"parking_entrance"},"geometry":{"type":"Point","coordinates":[-122.3971405,37.7942142]}},{"type":"Feature","id":11927061732,"properties":{"amenity":"fast_food","cuisine":"sandwich","name":"Gambino's New York Subs"},"geometry":{"type":"Point","coordinates":[-122.3993106,37.7949257]}},{"type":"Feature","id":11963169369,"properties":{"addr:housenumber":"255","addr:postcode":"94111","addr:street":"California Street","amenity":"bank","name":"Amalgamated Bank","opening_hours":"Tu-Th 09:00-14:00","phone":"+1-415-995-8113","website":"https://amalgamatedbank.com"},"geometry":{"type":"Point","coordinates":[-122.3995978,37.7929589]}},{"type":"Feature","id":11965722173,"properties":{"check_date":"2022-08-24","name":"The Hub by BXP","opening_hours":"Mo-Fr 07:00-17:00","service:bicycle:repair":"yes","shop":"bicycle"},"geometry":{"type":"Point","coordinates":[-122.3998788,37.7948486]}},{"type":"Feature","id":11986548650,"properties":{"name":"Acacia","opening_hours":"Tu-Th 11:00-17:00","shop":"houseware","website":"https://acaciasf.com/"},"geometry":{"type":"Point","coordinates":[-122.3968691,37.7946983]}},{"type":"Feature","id":12251148866,"properties":{"amenity":"cafe","check_date":"2024-12-17","name":"Cafe Atlas"},"geometry":{"type":"Point","coordinates":[-122.3999514,37.7923506]}},{"type":"Feature","id":12423981705,"properties":{"artist_name":"Ned Kahn","artwork_type":"sculpture","name":"Cloud Portal","start_date":"2011","tourism":"artwork","website":"https://nedkahn.com/portfolio/cloud-portal"},"geometry":{"type":"Point","coordinates":[-122.3981739,37.7963307]}},{"type":"Feature","id":12842074059,"properties":{"addr:city":"San Francisco","addr:housenumber":"388","addr:postcode":"94111","addr:state":"CA","addr:street":"Market Street","addr:unit":"1300","name":"PaperTrue","office":"company","opening_hours":"24/7","phone":"+1-888-527-3085","website":"https://www.papertrue.com/"},"geometry":{"type":"Point","coordinates":[-122.3983803,37.7921731]}},{"type":"Feature","id":13104821601,"properties":{"addr:housenumber":"201","addr:street":"Pine Street","amenity":"restaurant","name":"Wayfare Tavern"},"geometry":{"type":"Point","coordinates":[-122.3999123,37.7921418]}},{"type":"Feature","id":13152930479,"properties":{"name":"Awesomed Design Agency","office":"coworking","opening_hours":"Mo-Su 10:00-22:00","website":"https://awsmd.com/"},"geometry":{"type":"Point","coordinates":[-122.3972981,37.7950057]}},{"type":"Feature","id":13229918301,"properties":{"amenity":"bench"},"geometry":{"type":"Point","coordinates":[-122.3958397,37.7962604]}},{"type":"Feature","id":13350838943,"properties":{"amenity":"bench"},"geometry":{"type":"Point","coordinates":[-122.3964601,37.7961783]}},{"type":"Feature","id":13484989697,"properties":{"check_date":"2026-01-25","name":"Boho Petite","opening_hours":"Mo-Fr 07:00-15:00; Sa-Su off","shop":"bakery"},"geometry":{"type":"Point","coordinates":[-122.3960836,37.7945571]}},{"type":"Feature","id":13520265801,"properties":{"addr:housenumber":"4","addr:postcode":"94111","addr:street":"Embarcadero Center","amenity":"clinic","healthcare":"clinic","name":"One Medical","opening_hours":"Mo-Fr 08:00-17:30","operator":"1Life Healthcare","operator:type":"private","operator:wikidata":"Q85727717","website":"https://www.onemedical.com/locations/sf/4ec/"},"geometry":{"type":"Point","coordinates":[-122.3962964,37.7954041]}},{"type":"Feature","id":13619035201,"properties":{"addr:housenumber":"123","addr:postcode":"94111","addr:street":"Battery Street","amenity":"cafe","check_date":"2026-07-12","check_date:opening_hours":"2026-07-12","cuisine":"cake;coffee_shop;japanese;tea","internet_access":"wlan","name":"The Wild Fox","opening_hours":"Mo-Fr 07:00-17:00; Sa-Su 08:00-14:00"},"geometry":{"type":"Point","coordinates":[-122.4000243,37.7927132]}},{"type":"Feature","id":13730908881,"properties":{"amenity":"restaurant","check_date":"2026-04-14","cuisine":"mexican","name":"Cenote"},"geometry":{"type":"Point","coordinates":[-122.3983125,37.7922643]}},{"type":"Feature","id":13760750941,"properties":{"addr:housenumber":"1","addr:street":"Market Street","addr:unit":"800","name":"Postman","office":"it","opening_hours":"Mo-Fr 09:00-17:00","phone":"+1 415-796-6470","twitter":"https://x.com/getpostman","website":"https://www.postman.com/","wheelchair":"yes"},"geometry":{"type":"Point","coordinates":[-122.3951601,37.7938108]}},{"type":"Feature","id":13887112058,"properties":{"addr:city":"San Francisco","addr:housenumber":"1","addr:postcode":"94111","addr:state":"CA","addr:street":"Embarcadero Center","addr:unit":"Suite 1200","contact:facebook":"jvlawSF","contact:linkedin":"the-law-office-of-jeannette-a-vaccaro/","contact:twitter":"_jvlaw","name":"The Law Offices of Jeannette A. Vaccaro PC","office":"lawyer","opening_hours":"Mo-Fr 08:30-18:00","phone":"+1-415-444-5800","website":"https://jvlaw.com/"},"geometry":{"type":"Point","coordinates":[-122.3999636,37.7948003]}},{"type":"Feature","id":13950958443,"properties":{"amenity":"cafe","cuisine":"yemeni","name":"Sana'a Cafe"},"geometry":{"type":"Point","coordinates":[-122.396678,37.7940471]}},{"type":"Feature","id":13975004722,"properties":{"addr:city":"San Francisco","addr:housenumber":"50","addr:postcode":"94111","addr:state":"CA","addr:street":"California Street","addr:unit":"Ste 1500","name":"Jacoby & Meyers Accident & Injury Lawyers - San Francisco","office":"lawyer","opening_hours":"24/7","phone":"+14158554289","website":"https://www.jacobyandmeyers.com/san-francisco-personal-injury-lawyer/"},"geometry":{"type":"Point","coordinates":[-122.3997824,37.7938229]}},{"type":"Feature","id":13998697011,"properties":{"addr:city":"San Francisco","addr:housenumber":"1","addr:postcode":"94111","addr:state":"CA","addr:street":"Embarcadero Ctr","addr:unit":"1200","name":"Young & Young APC - A California Lemon Law Firm - San Francisco","office":"lawyer","opening_hours":"Mo-Fr 09:00-17:00","phone":"+18335366600","website":"https://www.lemonlawprotector.com/"},"geometry":{"type":"Point","coordinates":[-122.3999339,37.7947375]}},{"type":"Feature","id":14024482674,"properties":{"addr:city":"San Francisco","addr:housenumber":"303","addr:postcode":"94111","addr:state":"CA","addr:street":"Sacramento Street","addr:unit":"200","name":"Maschoff Brennan","office":"lawyer","phone":"+1-415-738-6228","website":"https://mabr.com"},"geometry":{"type":"Point","coordinates":[-122.3992305,37.7941261]}},{"type":"Feature","id":14168231374,"properties":{"addr:city":"San Francisco","addr:housenumber":"50","addr:postcode":"94111","addr:state":"CA","addr:street":"California Street","alt_name":"Purism Linux","name":"Purism SPC","office":"company","website":"https://puri.sm/","wikidata":"Q28450799","wikipedia":"en:Purism (company)"},"geometry":{"type":"Point","coordinates":[-122.3974964,37.7941052]}},{"type":"Feature","id":14256004133,"properties":{"amenity":"waste_basket"},"geometry":{"type":"Point","coordinates":[-122.3980173,37.7944613]}},{"type":"Feature","id":14256032213,"properties":{"amenity":"waste_basket"},"geometry":{"type":"Point","coordinates":[-122.4000953,37.7940656]}},{"type":"Feature","id":14256032748,"properties":{"amenity":"waste_basket"},"geometry":{"type":"Point","coordinates":[-122.3988056,37.7943548]}},{"type":"Feature","id":14256034159,"properties":{"amenity":"post_box","operator":"United States Postal Service","operator:short":"USPS","operator:type":"public","operator:wikidata":"Q668687"},"geometry":{"type":"Point","coordinates":[-122.4002513,37.7942521]}},{"type":"Feature","id":14256035814,"properties":{"amenity":"waste_basket"},"geometry":{"type":"Point","coordinates":[-122.3991656,37.7943121]}},{"type":"Feature","id":14256039671,"properties":{"amenity":"waste_basket"},"geometry":{"type":"Point","coordinates":[-122.4000019,37.7942035]}},{"type":"Feature","id":355351587,"properties":{"highway":"street_lamp","tourism":"artwork","wheelchair":"no"},"geometry":{"type":"Point","coordinates":[-122.3943316,37.7952809]}},{"type":"Feature","id":365489125,"properties":{"amenity":"fast_food","check_date":"2024-09-29","cuisine":"pizza","drive_through":"no","name":"Joyride Pizza","opening_hours":"Su-Mo 10:00-20:00; Tu-Sa 10:00-21:00; Nov Th[4] off; Dec 24 10:00-16:00; Dec 25 off; Dec 31 10:00-25:00","outdoor_seating":"yes","phone":"+1 415 237 3888","website":"https://www.joyridepizza.com/pier-1-the-embarcadero"},"geometry":{"type":"Point","coordinates":[-122.3948945,37.7966589]}},{"type":"Feature","id":386591692,"properties":{"addr:housenumber":"77","addr:postcode":"94105","addr:street":"Steuart Street","check_date":"2026-07-21","contact:instagram":"sfmsr","fee":"no","name":"San Francisco Railway Museum","opening_hours":"Tu-Su 12:00-17:00","phone":"+1-415-974-1948","tourism":"museum","website":"https://www.streetcar.org/museum/","wheelchair":"yes","wikidata":"Q7414098"},"geometry":{"type":"Point","coordinates":[-122.3936744,37.7938022]}},{"type":"Feature","id":415564786,"properties":{"amenity":"bicycle_parking","bicycle_parking":"stands","capacity":"2","check_date":"2023-09-14","covered":"no","fee":"no","outside":"yes","source":"survey"},"geometry":{"type":"Point","coordinates":[-122.3939434,37.7927865]}},{"type":"Feature","id":1147880118,"properties":{"amenity":"post_box","operator":"United States Postal Service","operator:short":"USPS","operator:type":"public","operator:website":"https://www.usps.com","operator:wikidata":"Q668687","operator:wikipedia":"en:United States Postal Service","quantity":"2","short_name":"USPS","source":"survey"},"geometry":{"type":"Point","coordinates":[-122.393213,37.7917593]}},{"type":"Feature","id":1377436555,"properties":{"addr:street":"Ferry Plaza","amenity":"ferry_terminal","check_date":"2025-03-02","ferry":"yes","local_ref":"C","network":"Golden Gate Ferry","operator":"Golden Gate Bridge, Highway & Transportation District","public_transport":"stop_position","ref":"C","wheelchair":"yes"},"geometry":{"type":"Point","coordinates":[-122.3926567,37.7960291]}},{"type":"Feature","id":1398265306,"properties":{"access":"yes","amenity":"drinking_water","bottle":"yes","description":"Drinking water at Peir 14, near rotating Burning Man installation.","fee":"no","fountain":"drinking","source":"wetap.org","wetap:status":"broken","wetap:statusnote":"detached from base","wheelchair":"yes"},"geometry":{"type":"Point","coordinates":[-122.3921114,37.7937779]}},{"type":"Feature","id":2035229775,"properties":{"addr:city":"San Francisco","addr:housename":"One Market Plaza","addr:housenumber":"70","addr:postcode":"94105","addr:state":"CA","addr:street":"Mission Street","amenity":"fast_food","check_date":"2025-04-28","check_date:opening_hours":"2025-04-28","drive_through":"no","indoor_seating":"yes","name":"Mixt","opening_hours":"Mo-Fr 10:30-15:00","outdoor_seating":"yes","website":"https://www.mixt.com/","wheelchair":"yes"},"geometry":{"type":"Point","coordinates":[-122.3939632,37.7929355]}},{"type":"Feature","id":2069721985,"properties":{"highway":"street_lamp","tourism":"artwork"},"geometry":{"type":"Point","coordinates":[-122.3939444,37.7948585]}},{"type":"Feature","id":2573698071,"properties":{"amenity":"restaurant","check_date":"2024-06-22","cuisine":"steak_house","name":"STK Steakhouse","old_name":"Rosa Mexicano","outdoor_seating":"yes"},"geometry":{"type":"Point","coordinates":[-122.3937195,37.7933145]}},{"type":"Feature","id":2840131401,"properties":{"amenity":"fountain","artist_name":"Ruth Asawa","artwork_type":"sculpture","material":"metal","name":"Aurora","tourism":"artwork","wikidata":"Q28451422"},"geometry":{"type":"Point","coordinates":[-122.3915188,37.792517]}},{"type":"Feature","id":2840135401,"properties":{"addr:city":"San Francisco","addr:housenumber":"155","addr:postcode":"94105","addr:state":"CA","addr:street":"Steuart Street","amenity":"restaurant","check_date":"2023-05-04","cuisine":"american","delivery":"no","name":"Perry's","opening_hours":"Mo-We 11:30-21:00; Th-Fr 11:30-22:00; Sa 11:00-14:30, 16:00-22:00; Su 11:00-14:30, 16:00-21:00","outdoor_seating":"yes","phone":"+1 415-495-6500","smoking":"no","takeaway":"yes","website":"https://www.perryssf.com/location/embarcadero/","wheelchair":"yes"},"geometry":{"type":"Point","coordinates":[-122.3921158,37.7929537]}},{"type":"Feature","id":2840137601,"properties":{"addr:city":"San Francisco","addr:housenumber":"132","addr:postcode":"94105","addr:state":"CA","addr:street":"The Embarcadero","amenity":"restaurant","check_date":"2023-05-04","cuisine":"seafood","delivery":"no","internet_access":"wlan","name":"Angler","outdoor_seating":"yes","toilets:wheelchair":"yes","website":"https://www.anglerrestaurants.com/san-francisco","wheelchair":"yes"},"geometry":{"type":"Point","coordinates":[-122.392177,37.793083]}},{"type":"Feature","id":3201049452,"properties":{"addr:city":"San Francisco","addr:housenumber":"101","addr:postcode":"94105","addr:state":"CA","addr:street":"Spear Street","amenity":"restaurant","contact:facebook":"https://www.facebook.com/YankSing/","contact:instagram":"https://www.instagram.com/yanksing/","cuisine":"chinese","name":"Yank Sing","opening_hours":"Mo-Fr 11:00-15:00; Sa, Su 10:00-16:00","phone":"+1-415-781-1111","toilets:wheelchair":"yes","website":"https://www.yanksing.com/","wheelchair":"limited"},"geometry":{"type":"Point","coordinates":[-122.3930383,37.7925915]}},{"type":"Feature","id":3230311995,"properties":{"addr:city":"San Francisco","addr:housenumber":"1","addr:postcode":"94105","addr:state":"CA","addr:street":"Market Street","addr:unit":"Suite 3658","name":"Project Management Academy","office":"company","opening_hours":"Mo-Fr 08:00-17:00","phone":"+1-877-637-0450","website":"https://projectmanagementacademy.net/pmp-certification/san-francisco"},"geometry":{"type":"Point","coordinates":[-122.394918,37.79407]}},{"type":"Feature","id":3772756743,"properties":{"addr:city":"San Francisco","addr:housenumber":"1","addr:postcode":"94105","addr:state":"CA","addr:street":"Mission Street","amenity":"restaurant","name":"Boulevard","opening_hours":"Tu-Sa 17:00-21:30","phone":"+1 415-543-6084","website":"https://www.boulevardrestaurant.com/","wheelchair":"yes","wikidata":"Q21188146"},"geometry":{"type":"Point","coordinates":[-122.3928913,37.7932361]}},{"type":"Feature","id":3986999356,"properties":{"amenity":"bench","backrest":"yes","material":"wood","seats":"2"},"geometry":{"type":"Point","coordinates":[-122.3927009,37.7943316]}},{"type":"Feature","id":3987010251,"properties":{"amenity":"bicycle_parking","bicycle_parking":"stands","capacity":"18","covered":"no"},"geometry":{"type":"Point","coordinates":[-122.3928415,37.7944745]}},{"type":"Feature","id":3987010252,"properties":{"amenity":"bench","backrest":"yes","material":"wood","seats":"2"},"geometry":{"type":"Point","coordinates":[-122.3927867,37.7944248]}},{"type":"Feature","id":3987010253,"properties":{"amenity":"waste_basket","material":"metal"},"geometry":{"type":"Point","coordinates":[-122.3927424,37.7943735]}},{"type":"Feature","id":4346230395,"properties":{"amenity":"bicycle_parking","bicycle_parking":"rack","capacity":"6","covered":"no"},"geometry":{"type":"Point","coordinates":[-122.3934438,37.7948454]}},{"type":"Feature","id":4346241694,"properties":{"amenity":"bicycle_parking","bicycle_parking":"rack","capacity":"6","covered":"no"},"geometry":{"type":"Point","coordinates":[-122.393533,37.7949362]}},{"type":"Feature","id":5427706522,"properties":{"name":"Autodesk Gallery","tourism":"gallery","website":"https://www.autodesk.com/gallery/overview"},"geometry":{"type":"Point","coordinates":[-122.394787,37.794149]}},{"type":"Feature","id":5512802827,"properties":{"amenity":"bench","backrest":"yes"},"geometry":{"type":"Point","coordinates":[-122.3919157,37.7952604]}},{"type":"Feature","id":5512802828,"properties":{"amenity":"bench","backrest":"yes"},"geometry":{"type":"Point","coordinates":[-122.3922433,37.7951202]}},{"type":"Feature","id":5512802830,"properties":{"access":"yes","amenity":"bench","backrest":"yes","lit":"no","material":"wood","seats":"2"},"geometry":{"type":"Point","coordinates":[-122.3915816,37.7935197]}},{"type":"Feature","id":5512804322,"properties":{"amenity":"bench","backrest":"yes"},"geometry":{"type":"Point","coordinates":[-122.3920477,37.7951559]}},{"type":"Feature","id":5993835885,"properties":{"addr:city":"San Francisco","addr:housenumber":"180","addr:postcode":"94105","addr:state":"CA","addr:street":"Steuart Street","amenity":"post_office","check_date":"2023-07-01","name":"Rincon Station","opening_hours":"Mo-Fr 07:30-17:00; Sa 09:00-14:00; PH off","operator":"United States Postal Service","operator:short":"USPS","operator:type":"public","operator:website":"https://www.usps.com","operator:wikidata":"Q668687","operator:wikipedia":"en:United States Postal Service","phone":"+1-415-626-2932","short_name":"USPS","website":"https://tools.usps.com/go/POLocatorDetailsAction!input.action?&radius=20&locationType=po&locationTypeQ=po&locationID=1440865","wheelchair":"yes"},"geometry":{"type":"Point","coordinates":[-122.392012,37.7920514]}},{"type":"Feature","id":6776263386,"properties":{"addr:city":"San Francisco","addr:housenumber":"1","addr:state":"CA","addr:street":"Market Street","branch":"One Market","brand":"Google","brand:wikidata":"Q95","check_date":"2024-06-22","name":"Google","office":"company"},"geometry":{"type":"Point","coordinates":[-122.3945205,37.7933154]}},{"type":"Feature","id":8748507817,"properties":{"check_date":"2023-11-10","name":"Autodesk","office":"yes"},"geometry":{"type":"Point","coordinates":[-122.394905,37.7939099]}},{"type":"Feature","id":9064052221,"properties":{"amenity":"bench","backrest":"yes","material":"wood","seats":"2"},"geometry":{"type":"Point","coordinates":[-122.3923607,37.7950281]}},{"type":"Feature","id":9064052222,"properties":{"amenity":"bench","backrest":"yes"},"geometry":{"type":"Point","coordinates":[-122.3923305,37.7950496]}},{"type":"Feature","id":9064052223,"properties":{"amenity":"bench","backrest":"yes"},"geometry":{"type":"Point","coordinates":[-122.392301,37.795074]}},{"type":"Feature","id":9064052224,"properties":{"amenity":"bench","backrest":"yes"},"geometry":{"type":"Point","coordinates":[-122.3922708,37.7950981]}},{"type":"Feature","id":9064052225,"properties":{"amenity":"bench","backrest":"yes"},"geometry":{"type":"Point","coordinates":[-122.3920043,37.7951911]}},{"type":"Feature","id":9064052226,"properties":{"amenity":"bench","backrest":"yes"},"geometry":{"type":"Point","coordinates":[-122.3919604,37.7952252]}},{"type":"Feature","id":9064052243,"properties":{"amenity":"bench","backrest":"yes"},"geometry":{"type":"Point","coordinates":[-122.3922876,37.7944998]}},{"type":"Feature","id":9064052244,"properties":{"amenity":"bench","backrest":"yes"},"geometry":{"type":"Point","coordinates":[-122.3923114,37.7944861]}},{"type":"Feature","id":9064052245,"properties":{"amenity":"bench","backrest":"yes"},"geometry":{"type":"Point","coordinates":[-122.3923339,37.7944733]}},{"type":"Feature","id":9064052246,"properties":{"amenity":"bench","backrest":"yes"},"geometry":{"type":"Point","coordinates":[-122.3923805,37.7944458]}},{"type":"Feature","id":9064052247,"properties":{"amenity":"bench","backrest":"yes"},"geometry":{"type":"Point","coordinates":[-122.3924026,37.7944328]}},{"type":"Feature","id":9064052248,"properties":{"amenity":"bench","backrest":"yes"},"geometry":{"type":"Point","coordinates":[-122.3924267,37.7944193]}},{"type":"Feature","id":9064052249,"properties":{"amenity":"bench","backrest":"yes"},"geometry":{"type":"Point","coordinates":[-122.3925494,37.7944566]}},{"type":"Feature","id":9064052250,"properties":{"amenity":"bench","backrest":"yes"},"geometry":{"type":"Point","coordinates":[-122.3925679,37.7944704]}},{"type":"Feature","id":9064052251,"properties":{"amenity":"bench","backrest":"yes"},"geometry":{"type":"Point","coordinates":[-122.3925867,37.7944858]}},{"type":"Feature","id":9064052252,"properties":{"amenity":"bench","backrest":"yes"},"geometry":{"type":"Point","coordinates":[-122.3926051,37.7945022]}},{"type":"Feature","id":9064052253,"properties":{"amenity":"bench","backrest":"yes"},"geometry":{"type":"Point","coordinates":[-122.3926128,37.7945822]}},{"type":"Feature","id":9064052254,"properties":{"amenity":"bench","backrest":"yes"},"geometry":{"type":"Point","coordinates":[-122.3925937,37.7945973]}},{"type":"Feature","id":9064052255,"properties":{"amenity":"bench","backrest":"yes"},"geometry":{"type":"Point","coordinates":[-122.3925739,37.7946116]}},{"type":"Feature","id":9064052256,"properties":{"amenity":"bench","backrest":"yes"},"geometry":{"type":"Point","coordinates":[-122.3925551,37.794627]}},{"type":"Feature","id":9064052257,"properties":{"amenity":"bench","backrest":"yes"},"geometry":{"type":"Point","coordinates":[-122.3925357,37.7946424]}},{"type":"Feature","id":9064052258,"properties":{"amenity":"bench","backrest":"yes"},"geometry":{"type":"Point","coordinates":[-122.3924841,37.7946826]}},{"type":"Feature","id":9064052259,"properties":{"amenity":"bench","backrest":"yes"},"geometry":{"type":"Point","coordinates":[-122.392465,37.7946977]}},{"type":"Feature","id":9065403525,"properties":{"amenity":"bench","backrest":"yes"},"geometry":{"type":"Point","coordinates":[-122.3934582,37.7960974]}},{"type":"Feature","id":9065403526,"properties":{"amenity":"bench","backrest":"yes"},"geometry":{"type":"Point","coordinates":[-122.3934302,37.796114]}},{"type":"Feature","id":9065403527,"properties":{"amenity":"bench","backrest":"yes"},"geometry":{"type":"Point","coordinates":[-122.3934585,37.7961456]}},{"type":"Feature","id":9065403528,"properties":{"amenity":"bench","backrest":"yes"},"geometry":{"type":"Point","coordinates":[-122.3934859,37.7961297]}},{"type":"Feature","id":9659886917,"properties":{"addr:city":"San Francisco","addr:housenumber":"110","addr:postcode":"94105","addr:state":"CA","addr:street":"The Embarcadero","amenity":"community_centre","check_date":"2023-05-04","email":"info@commonwealthclub.org","name":"The Commonwealth Club of California","opening_hours":"Mo-Th 10:00-17:00; Fr 10:00-14:00","phone":"+1 415-597-6705","website":"https://www.commonwealthclub.org/","wheelchair":"yes"},"geometry":{"type":"Point","coordinates":[-122.392646,37.7932364]}},{"type":"Feature","id":9721647434,"properties":{"addr:city":"San Francisco","addr:housenumber":"8","addr:postcode":"94105","addr:state":"CA","addr:street":"Mission Street","amenity":"taxi","capacity":"1","description":"At All Times Passenger Loading Zone at 8 Mission St, north side, from 45’ to 76’ east of Steuart St (31’ zone)","name":"Taxi Stand at Hotel Vitale","opening_hours":"24/7","operator":"SFMTA","source":"https://www.sfmta.com/maps/san-francisco-taxi-stand-locations"},"geometry":{"type":"Point","coordinates":[-122.392881,37.7935998]}},{"type":"Feature","id":9847266976,"properties":{"amenity":"waste_basket","check_date":"2021-08-11","manufacturer":"BigBelly","waste":"trash"},"geometry":{"type":"Point","coordinates":[-122.3945004,37.796227]}},{"type":"Feature","id":9847266977,"properties":{"amenity":"recycling","check_date":"2021-08-11","manufacturer":"BigBelly","recycling:cans":"yes","recycling:glass_bottles":"yes","recycling:plastic_bottles":"yes","recycling:waste":"yes","recycling_type":"container","wheelchair":"yes"},"geometry":{"type":"Point","coordinates":[-122.3945044,37.7962306]}},{"type":"Feature","id":9847266978,"properties":{"access":"yes","amenity":"bench","armrest":"yes","backrest":"yes","check_date":"2021-08-11","material":"wood"},"geometry":{"type":"Point","coordinates":[-122.3944354,37.7962381]}},{"type":"Feature","id":9847266979,"properties":{"access":"yes","amenity":"bench","armrest":"yes","backrest":"yes","check_date":"2021-08-11","material":"wood"},"geometry":{"type":"Point","coordinates":[-122.3944451,37.7962325]}},{"type":"Feature","id":9847266980,"properties":{"access":"yes","amenity":"bench","armrest":"yes","backrest":"yes","check_date":"2021-08-11","material":"wood"},"geometry":{"type":"Point","coordinates":[-122.3944555,37.7962603]}},{"type":"Feature","id":9847266981,"properties":{"access":"yes","amenity":"bench","armrest":"yes","backrest":"yes","check_date":"2021-08-11","material":"wood"},"geometry":{"type":"Point","coordinates":[-122.3944649,37.7962545]}},{"type":"Feature","id":9847266982,"properties":{"access":"yes","amenity":"bench","armrest":"yes","backrest":"yes","check_date":"2021-08-11","material":"wood"},"geometry":{"type":"Point","coordinates":[-122.3944743,37.7962799]}},{"type":"Feature","id":9847266983,"properties":{"access":"yes","amenity":"bench","armrest":"yes","backrest":"yes","check_date":"2021-08-11","material":"wood"},"geometry":{"type":"Point","coordinates":[-122.394484,37.7962746]}},{"type":"Feature","id":9847266984,"properties":{"access":"yes","amenity":"bench","armrest":"yes","backrest":"yes","check_date":"2021-08-11","material":"wood","seats":"2"},"geometry":{"type":"Point","coordinates":[-122.3945862,37.7963297]}},{"type":"Feature","id":9847266985,"properties":{"access":"yes","amenity":"bench","armrest":"yes","backrest":"yes","check_date":"2021-08-11","material":"wood","seats":"2"},"geometry":{"type":"Point","coordinates":[-122.3946204,37.7963655]}},{"type":"Feature","id":9847266986,"properties":{"access":"yes","amenity":"bench","armrest":"yes","backrest":"yes","check_date":"2021-08-11","material":"wood","seats":"2"},"geometry":{"type":"Point","coordinates":[-122.3946476,37.7963947]}},{"type":"Feature","id":9847266991,"properties":{"access":"yes","amenity":"bench","armrest":"yes","backrest":"yes","check_date":"2021-08-11","material":"wood","seats":"2"},"geometry":{"type":"Point","coordinates":[-122.3947331,37.7965221]}},{"type":"Feature","id":9847266992,"properties":{"access":"yes","amenity":"bench","armrest":"yes","backrest":"yes","check_date":"2021-08-11","material":"wood","seats":"2"},"geometry":{"type":"Point","coordinates":[-122.3946947,37.7965446]}},{"type":"Feature","id":9847266993,"properties":{"access":"yes","amenity":"bench","armrest":"yes","backrest":"yes","check_date":"2021-08-11","material":"wood","seats":"2"},"geometry":{"type":"Point","coordinates":[-122.3947214,37.7965714]}},{"type":"Feature","id":9847266994,"properties":{"access":"yes","amenity":"bench","armrest":"yes","backrest":"yes","check_date":"2021-08-11","material":"wood","seats":"2"},"geometry":{"type":"Point","coordinates":[-122.3947596,37.7965516]}},{"type":"Feature","id":9847266997,"properties":{"amenity":"waste_basket","check_date":"2021-08-11","manufacturer":"BigBelly","waste":"trash"},"geometry":{"type":"Point","coordinates":[-122.3949681,37.796563]}},{"type":"Feature","id":9847266998,"properties":{"amenity":"recycling","check_date":"2021-08-11","manufacturer":"BigBelly","recycling:cans":"yes","recycling:glass_bottles":"yes","recycling:plastic_bottles":"yes","recycling:waste":"yes","recycling_type":"container","wheelchair":"yes"},"geometry":{"type":"Point","coordinates":[-122.3949612,37.7965613]}},{"type":"Feature","id":9870644229,"properties":{"addr:city":"San Francisco","addr:housenumber":"1","addr:postcode":"94111","addr:state":"CA","addr:street":"Ferry Building","amenity":"taxi","description":"Taxi Stand at Farmers Market near Ferry Building\nOperates between 6am and 3pm on Tuesdays, Thursdays, and Saturdays.\nCars with valid Farmers Market permits are allowed to use the zone","name":"Taxi Stand at Farmers Market near Ferry Building","opening_hours":"Tu 06:00-15:00; Th 06:00-15:00; Sa 06:00-15:00","operator":"SFMTA","source":"https://www.sfmta.com/maps/san-francisco-taxi-stand-locations"},"geometry":{"type":"Point","coordinates":[-122.392266,37.7937846]}},{"type":"Feature","id":10000514872,"properties":{"amenity":"bench","backrest":"yes"},"geometry":{"type":"Point","coordinates":[-122.3937769,37.7964001]}},{"type":"Feature","id":10000514873,"properties":{"amenity":"bench","backrest":"yes"},"geometry":{"type":"Point","coordinates":[-122.3936559,37.796267]}},{"type":"Feature","id":10000514874,"properties":{"amenity":"bench","backrest":"yes"},"geometry":{"type":"Point","coordinates":[-122.3935448,37.7961465]}},{"type":"Feature","id":10000514875,"properties":{"amenity":"bench","backrest":"yes"},"geometry":{"type":"Point","coordinates":[-122.3935733,37.796176]}},{"type":"Feature","id":10000514876,"properties":{"amenity":"bench","backrest":"yes"},"geometry":{"type":"Point","coordinates":[-122.3936871,37.7963029]}},{"type":"Feature","id":10000514877,"properties":{"amenity":"waste_basket","manufacturer":"BigBelly","waste":"trash"},"geometry":{"type":"Point","coordinates":[-122.3935929,37.7961914]}},{"type":"Feature","id":10000514878,"properties":{"amenity":"bench","backrest":"yes"},"geometry":{"type":"Point","coordinates":[-122.3937456,37.7963658]}},{"type":"Feature","id":10000514879,"properties":{"amenity":"waste_basket","manufacturer":"BigBelly","waste":"trash"},"geometry":{"type":"Point","coordinates":[-122.393796,37.7964188]}},{"type":"Feature","id":10000514880,"properties":{"amenity":"bench","backrest":"yes"},"geometry":{"type":"Point","coordinates":[-122.3937174,37.7963352]}},{"type":"Feature","id":10092226000,"properties":{"amenity":"parking_entrance"},"geometry":{"type":"Point","coordinates":[-122.3918376,37.7923096]}},{"type":"Feature","id":10538307838,"properties":{"access":"yes","amenity":"toilets","check_date":"2025-04-28","check_date:wheelchair":"2025-04-28","wheelchair":"yes"},"geometry":{"type":"Point","coordinates":[-122.3947142,37.7947381]}},{"type":"Feature","id":10651024023,"properties":{"amenity":"marketplace","check_date:opening_hours":"2026-07-07","name":"Ferry Plaza Farmers Market","opening_hours":"Tu 10:00-14:00; Th 10:00-14:00; Sa 08:00-14:00","website":"https://foodwise.org/markets/ferry-plaza-farmers-market/"},"geometry":{"type":"Point","coordinates":[-122.3923704,37.7952753]}},{"type":"Feature","id":10780426460,"properties":{"amenity":"bicycle_parking","bicycle_parking":"stands","capacity":"12","covered":"no"},"geometry":{"type":"Point","coordinates":[-122.3928158,37.7954434]}},{"type":"Feature","id":10780522736,"properties":{"amenity":"bicycle_parking","bicycle_parking":"wave","capacity":"4","covered":"no"},"geometry":{"type":"Point","coordinates":[-122.3941514,37.7957104]}},{"type":"Feature","id":10805571219,"properties":{"amenity":"waste_basket","colour":"green","covered":"no","waste":"organic"},"geometry":{"type":"Point","coordinates":[-122.3941695,37.7959713]}},{"type":"Feature","id":10805597216,"properties":{"amenity":"vending_machine","check_date":"2023-04-12","vending":"newspapers"},"geometry":{"type":"Point","coordinates":[-122.3949381,37.7965531]}},{"type":"Feature","id":10805597217,"properties":{"bicycle":"yes","information":"guidepost","tourism":"information"},"geometry":{"type":"Point","coordinates":[-122.3949043,37.7965299]}},{"type":"Feature","id":10805597218,"properties":{"information":"guidepost","tourism":"information"},"geometry":{"type":"Point","coordinates":[-122.3947104,37.7966871]}},{"type":"Feature","id":10805597223,"properties":{"access":"yes","addr:housenumber":"Pier 1","addr:street":"The Embarcadero","amenity":"toilets","changing_table":"no","check_date":"2023-04-12","fee":"no","portable":"no","toilets:disposal":"flush","toilets:handwashing":"yes","toilets:position":"seated;urinal","wheelchair":"yes"},"geometry":{"type":"Point","coordinates":[-122.3949918,37.7968258]}},{"type":"Feature","id":10805597225,"properties":{"addr:housenumber":"Pier 1","addr:street":"The Embarcadero","check_date":"2023-04-12","government":"local_government","name":"The Port of San Francisco","office":"government"},"geometry":{"type":"Point","coordinates":[-122.3949472,37.7969141]}},{"type":"Feature","id":10869899332,"properties":{"amenity":"vending_machine","check_date":"2023-05-04","operator":"SFMTA","payment:credit_cards":"yes","ref":"830-00005","vending":"parking_tickets"},"geometry":{"type":"Point","coordinates":[-122.3948209,37.7955076]}},{"type":"Feature","id":10869899333,"properties":{"amenity":"vending_machine","check_date":"2023-05-04","operator":"SFMTA","payment:credit_cards":"yes","ref":"830-00003","vending":"parking_tickets"},"geometry":{"type":"Point","coordinates":[-122.3945318,37.7950932]}},{"type":"Feature","id":10869899337,"properties":{"amenity":"vending_machine","check_date":"2023-05-04","operator":"SFMTA","payment:credit_cards":"yes","ref":"831-00004","vending":"parking_tickets"},"geometry":{"type":"Point","coordinates":[-122.3940856,37.7946522]}},{"type":"Feature","id":10869899338,"properties":{"amenity":"vending_machine","check_date":"2023-05-04","operator":"SFMTA","payment:credit_cards":"yes","ref":"831-0006","vending":"parking_tickets"},"geometry":{"type":"Point","coordinates":[-122.3937737,37.7944456]}},{"type":"Feature","id":10869899339,"properties":{"amenity":"waste_basket","material":"metal"},"geometry":{"type":"Point","coordinates":[-122.3935561,37.794322]}},{"type":"Feature","id":10869899344,"properties":{"amenity":"bicycle_parking","bicycle_parking":"stands","capacity":"4","covered":"no"},"geometry":{"type":"Point","coordinates":[-122.3928819,37.7936216]}},{"type":"Feature","id":10869899345,"properties":{"amenity":"vending_machine","check_date":"2023-05-04","operator":"SFMTA","payment:mastercard":"yes","payment:visa":"yes","ref":"568-00004","vending":"parking_tickets"},"geometry":{"type":"Point","coordinates":[-122.3928346,37.7936532]}},{"type":"Feature","id":10869899347,"properties":{"amenity":"waste_basket","material":"metal","waste":"cigarettes"},"geometry":{"type":"Point","coordinates":[-122.3930192,37.7932119]}},{"type":"Feature","id":10869899348,"properties":{"amenity":"vending_machine","check_date":"2023-05-04","operator":"SFMTA","payment:mastercard":"yes","payment:visa":"yes","ref":"568-0003","vending":"parking_tickets"},"geometry":{"type":"Point","coordinates":[-122.3928127,37.7934482]}},{"type":"Feature","id":10869899350,"properties":{"amenity":"waste_basket","material":"metal"},"geometry":{"type":"Point","coordinates":[-122.39257,37.7935385]}},{"type":"Feature","id":10869899351,"properties":{"amenity":"vending_machine","check_date":"2023-05-04","operator":"SFMTA","payment:mastercard":"yes","payment:visa":"yes","ref":"831-01002","vending":"parking_tickets"},"geometry":{"type":"Point","coordinates":[-122.3924294,37.7934293]}},{"type":"Feature","id":10869899352,"properties":{"amenity":"bicycle_parking","bicycle_parking":"stands","capacity":"2","covered":"no"},"geometry":{"type":"Point","coordinates":[-122.3924458,37.7934418]}},{"type":"Feature","id":10869899353,"properties":{"amenity":"bicycle_parking","bicycle_parking":"stands","capacity":"2","covered":"no"},"geometry":{"type":"Point","coordinates":[-122.392387,37.7933863]}},{"type":"Feature","id":10968501882,"properties":{"board_type":"history","direction":"49","information":"board","name":"Getting Around","tourism":"information"},"geometry":{"type":"Point","coordinates":[-122.3923668,37.7939095]}},{"type":"Feature","id":10968501884,"properties":{"amenity":"vending_machine","check_date":"2023-06-10","operator":"SFMTA","payment:credit_cards":"yes","payment:mastercard":"yes","payment:visa":"yes","ref":"892-00001","vending":"parking_tickets"},"geometry":{"type":"Point","coordinates":[-122.3947073,37.7964625]}},{"type":"Feature","id":10968501885,"properties":{"amenity":"bicycle_parking","bicycle_parking":"stands","capacity":"2","covered":"no"},"geometry":{"type":"Point","coordinates":[-122.3949362,37.7966288]}},{"type":"Feature","id":10968501886,"properties":{"amenity":"bicycle_parking","bicycle_parking":"stands","capacity":"2","covered":"no"},"geometry":{"type":"Point","coordinates":[-122.3950227,37.7967281]}},{"type":"Feature","id":10968514768,"properties":{"board_type":"history","information":"board","name":"The Big Strike","tourism":"information"},"geometry":{"type":"Point","coordinates":[-122.3914155,37.7930599]}},{"type":"Feature","id":10968514769,"properties":{"board_type":"history","information":"board","name":"Pier 14","tourism":"information"},"geometry":{"type":"Point","coordinates":[-122.3917872,37.7935969]}},{"type":"Feature","id":10968514770,"properties":{"access":"yes","amenity":"bench","backrest":"yes","lit":"no","material":"wood","seats":"2"},"geometry":{"type":"Point","coordinates":[-122.3916275,37.7934836]}},{"type":"Feature","id":10968514771,"properties":{"information":"map","map_type":"street","tourism":"information","wheelchair":"yes"},"geometry":{"type":"Point","coordinates":[-122.3920148,37.7937961]}},{"type":"Feature","id":10968514774,"properties":{"board_type":"public_transport","information":"board","name":"Gate G","tourism":"information"},"geometry":{"type":"Point","coordinates":[-122.3916214,37.794054]}},{"type":"Feature","id":10968514776,"properties":{"board_type":"public_transport","information":"board","name":"Gate F","tourism":"information"},"geometry":{"type":"Point","coordinates":[-122.3918519,37.7943064]}},{"type":"Feature","id":10968514777,"properties":{"board_type":"public_transport","information":"board","name":"Gate E","tourism":"information"},"geometry":{"type":"Point","coordinates":[-122.392185,37.7946736]}},{"type":"Feature","id":10968514778,"properties":{"amenity":"waste_basket","material":"metal","waste":"trash;recycling"},"geometry":{"type":"Point","coordinates":[-122.3924262,37.7943262]}},{"type":"Feature","id":10968514779,"properties":{"board_type":"history","information":"board","name":"Splendid Survivor","tourism":"information"},"geometry":{"type":"Point","coordinates":[-122.3927625,37.7943063]}},{"type":"Feature","id":10968514780,"properties":{"information":"map","map_type":"street","tourism":"information"},"geometry":{"type":"Point","coordinates":[-122.3927975,37.7945084]}},{"type":"Feature","id":10968514786,"properties":{"amenity":"vending_machine","check_date":"2025-03-02","operator":"Golden Gate Ferry","payment:credit_cards":"yes","ref":"SFF04","vending":"public_transport_tickets"},"geometry":{"type":"Point","coordinates":[-122.3923973,37.7955738]}},{"type":"Feature","id":10968514787,"properties":{"amenity":"vending_machine","check_date":"2025-03-02","operator":"Golden Gate Ferry","payment:credit_cards":"yes","ref":"SFF03","vending":"public_transport_tickets"},"geometry":{"type":"Point","coordinates":[-122.3923852,37.7955531]}},{"type":"Feature","id":10968514788,"properties":{"amenity":"waste_basket","material":"concrete"},"geometry":{"type":"Point","coordinates":[-122.3923476,37.7955753]}},{"type":"Feature","id":10968514790,"properties":{"amenity":"bench","backrest":"yes","material":"wood","seats":"2"},"geometry":{"type":"Point","coordinates":[-122.3923266,37.7955894]}},{"type":"Feature","id":10968514792,"properties":{"amenity":"waste_basket","material":"concrete"},"geometry":{"type":"Point","coordinates":[-122.3925849,37.7954744]}},{"type":"Feature","id":10968514793,"properties":{"amenity":"vending_machine","check_date":"2025-03-02","operator":"Golden Gate Ferry","payment:credit_cards":"yes","ref":"SFF05","vending":"public_transport_tickets"},"geometry":{"type":"Point","coordinates":[-122.3925714,37.7955091]}},{"type":"Feature","id":10968514794,"properties":{"amenity":"vending_machine","check_date":"2025-03-02","operator":"Golden Gate Ferry","payment:credit_cards":"yes","ref":"SFF06","vending":"public_transport_tickets"},"geometry":{"type":"Point","coordinates":[-122.3925615,37.7954927]}},{"type":"Feature","id":10968514795,"properties":{"amenity":"vending_machine","check_date":"2025-03-02","operator":"Golden Gate Ferry","payment:credit_cards":"yes","ref":"SFF07","vending":"public_transport_tickets"},"geometry":{"type":"Point","coordinates":[-122.392552,37.7954771]}},{"type":"Feature","id":10968514796,"properties":{"amenity":"bench","backrest":"yes","material":"wood","seats":"2"},"geometry":{"type":"Point","coordinates":[-122.3926212,37.7954598]}},{"type":"Feature","id":10968514797,"properties":{"amenity":"bench","backrest":"yes","material":"wood","seats":"2"},"geometry":{"type":"Point","coordinates":[-122.3926677,37.7954392]}},{"type":"Feature","id":10968514798,"properties":{"amenity":"bench","backrest":"yes","material":"wood","seats":"2"},"geometry":{"type":"Point","coordinates":[-122.3927192,37.7954161]}},{"type":"Feature","id":10968514799,"properties":{"amenity":"bench","backrest":"yes","material":"wood","seats":"2"},"geometry":{"type":"Point","coordinates":[-122.3927606,37.7953949]}},{"type":"Feature","id":10968514800,"properties":{"amenity":"bench","backrest":"yes","material":"wood","seats":"2"},"geometry":{"type":"Point","coordinates":[-122.3927893,37.7954055]}},{"type":"Feature","id":10968514818,"properties":{"access":"customers","amenity":"drinking_water","bottle":"no","fee":"no","wheelchair":"yes"},"geometry":{"type":"Point","coordinates":[-122.3922928,37.7957605]}},{"type":"Feature","id":10968514824,"properties":{"amenity":"waste_basket","material":"metal"},"geometry":{"type":"Point","coordinates":[-122.3931712,37.7957377]}},{"type":"Feature","id":10968514825,"properties":{"amenity":"bench","backrest":"yes","material":"wood"},"geometry":{"type":"Point","coordinates":[-122.3931037,37.7956612]}},{"type":"Feature","id":10968514826,"properties":{"amenity":"bench","backrest":"yes","material":"wood"},"geometry":{"type":"Point","coordinates":[-122.3930706,37.795627]}},{"type":"Feature","id":10968514827,"properties":{"amenity":"bench","backrest":"yes","material":"wood"},"geometry":{"type":"Point","coordinates":[-122.3932253,37.7957941]}},{"type":"Feature","id":10968514828,"properties":{"amenity":"bench","backrest":"yes","material":"wood"},"geometry":{"type":"Point","coordinates":[-122.3931916,37.7957573]}},{"type":"Feature","id":10968514829,"properties":{"amenity":"waste_basket","material":"metal"},"geometry":{"type":"Point","coordinates":[-122.3932896,37.795866]}},{"type":"Feature","id":10968514830,"properties":{"amenity":"bench","backrest":"yes","material":"wood"},"geometry":{"type":"Point","coordinates":[-122.3933106,37.7958851]}},{"type":"Feature","id":10968514831,"properties":{"amenity":"bench","backrest":"yes","material":"wood"},"geometry":{"type":"Point","coordinates":[-122.3933259,37.7959057]}},{"type":"Feature","id":10968514832,"properties":{"amenity":"bench","backrest":"yes","material":"wood"},"geometry":{"type":"Point","coordinates":[-122.3934227,37.7960094]}},{"type":"Feature","id":10968514833,"properties":{"amenity":"bench","backrest":"yes","material":"wood"},"geometry":{"type":"Point","coordinates":[-122.3934551,37.7960491]}},{"type":"Feature","id":10968514838,"properties":{"amenity":"waste_basket","material":"metal","waste":"trash;recycling"},"geometry":{"type":"Point","coordinates":[-122.394799,37.7966494]}},{"type":"Feature","id":10968514839,"properties":{"amenity":"waste_basket","material":"metal","waste":"recycling;organic"},"geometry":{"type":"Point","coordinates":[-122.3948724,37.7966085]}},{"type":"Feature","id":10968514840,"properties":{"amenity":"waste_basket","material":"metal"},"geometry":{"type":"Point","coordinates":[-122.3944308,37.7969503]}},{"type":"Feature","id":10968514843,"properties":{"amenity":"bench","backrest":"yes","material":"metal","seats":"2"},"geometry":{"type":"Point","coordinates":[-122.3944104,37.7968971]}},{"type":"Feature","id":10968514844,"properties":{"board_type":"history","information":"board","name":"Design & Construction","tourism":"information"},"geometry":{"type":"Point","coordinates":[-122.394476,37.7969998]}},{"type":"Feature","id":11019019880,"properties":{"amenity":"vending_machine","check_date":"2023-07-01","operator":"SFMTA","payment:mastercard":"yes","payment:visa":"yes","ref":"470-00003","vending":"parking_tickets"},"geometry":{"type":"Point","coordinates":[-122.3921074,37.7915484]}},{"type":"Feature","id":11019019889,"properties":{"amenity":"restaurant","check_date":"2023-07-01","cuisine":"sushi","name":"Ozuma","outdoor_seating":"yes","wheelchair":"yes"},"geometry":{"type":"Point","coordinates":[-122.391977,37.7928659]}},{"type":"Feature","id":11019019890,"properties":{"amenity":"waste_basket","material":"metal","waste":"trash"},"geometry":{"type":"Point","coordinates":[-122.3916917,37.7921636]}},{"type":"Feature","id":11019019891,"properties":{"amenity":"bicycle_parking","bicycle_parking":"stands","capacity":"4","covered":"no"},"geometry":{"type":"Point","coordinates":[-122.3917439,37.7922012]}},{"type":"Feature","id":11019019892,"properties":{"amenity":"waste_basket","material":"metal","waste":"trash"},"geometry":{"type":"Point","coordinates":[-122.3919009,37.7919231]}},{"type":"Feature","id":11019019893,"properties":{"amenity":"post_box","collection_times":"Mo-Fr 12:00","operator":"United States Postal Service","operator:short":"USPS","operator:type":"public","operator:website":"https://www.usps.com","operator:wikidata":"Q668687","operator:wikipedia":"en:United States Postal Service","post_box:type":"pillar","ref":"9410500094","wheelchair":"yes"},"geometry":{"type":"Point","coordinates":[-122.3920487,37.7918064]}},{"type":"Feature","id":11019019894,"properties":{"amenity":"post_box","collection_times":"Mo-Fr 15:30, 18:00; Sa 14:00, 15:00","operator":"United States Postal Service","operator:short":"USPS","operator:type":"public","operator:website":"https://www.usps.com","operator:wikidata":"Q668687","operator:wikipedia":"en:United States Postal Service","post_box:type":"pillar","ref":"9410500178;9410500130","wheelchair":"yes"},"geometry":{"type":"Point","coordinates":[-122.39207,37.7917888]}},{"type":"Feature","id":11019019895,"properties":{"amenity":"vending_machine","check_date":"2023-07-01","operator":"SFMTA","payment:mastercard":"yes","payment:visa":"yes","ref":"470-00004","vending":"parking_tickets"},"geometry":{"type":"Point","coordinates":[-122.3921161,37.7917667]}},{"type":"Feature","id":11019019896,"properties":{"amenity":"bicycle_parking","bicycle_parking":"stands","capacity":"4","covered":"no"},"geometry":{"type":"Point","coordinates":[-122.3924372,37.791497]}},{"type":"Feature","id":11019019904,"properties":{"addr:city":"San Francisco","addr:housenumber":"188","addr:state":"CA","addr:street":"Spear Street","addr:unit":"105","amenity":"dentist","check_date":"2025-12-02","healthcare":"dentist","name":"Michael J. Perona, D.D.S."},"geometry":{"type":"Point","coordinates":[-122.393306,37.7913507]}},{"type":"Feature","id":12001925662,"properties":{"amenity":"bicycle_parking","bicycle_parking":"stands","capacity":"6","covered":"no"},"geometry":{"type":"Point","coordinates":[-122.3943943,37.7959811]}},{"type":"Feature","id":12001925663,"properties":{"amenity":"bicycle_parking","bicycle_parking":"stands","capacity":"14","covered":"no"},"geometry":{"type":"Point","coordinates":[-122.3941906,37.7957609]}},{"type":"Feature","id":12001925664,"properties":{"board_type":"history","information":"board","name":"Klebingat Recalls the Waterfront","tourism":"information"},"geometry":{"type":"Point","coordinates":[-122.3939136,37.7954774]}},{"type":"Feature","id":12001925666,"properties":{"amenity":"waste_basket","material":"metal","waste":"trash;recycling"},"geometry":{"type":"Point","coordinates":[-122.3937323,37.7951971]}},{"type":"Feature","id":12001976870,"properties":{"amenity":"bicycle_parking","bicycle_parking":"stands","capacity":"14","covered":"no"},"geometry":{"type":"Point","coordinates":[-122.3928871,37.7944035]}},{"type":"Feature","id":12001976871,"properties":{"amenity":"bicycle_parking","bicycle_parking":"stands","capacity":"16","covered":"no"},"geometry":{"type":"Point","coordinates":[-122.3929497,37.7943566]}},{"type":"Feature","id":12001976872,"properties":{"amenity":"waste_basket","material":"metal","waste":"trash;recycling"},"geometry":{"type":"Point","coordinates":[-122.3927895,37.7943135]}},{"type":"Feature","id":12001976876,"properties":{"artwork_type":"sculpture","tourism":"artwork"},"geometry":{"type":"Point","coordinates":[-122.3932105,37.7934248]}},{"type":"Feature","id":12001976978,"properties":{"amenity":"waste_basket","material":"metal","waste":"trash;organic;recycling"},"geometry":{"type":"Point","coordinates":[-122.3927459,37.7920325]}},{"type":"Feature","id":12001976984,"properties":{"addr:housenumber":"128","addr:street":"Spear Street","check_date":"2024-06-22","name":"Sutherland Labs","office":"company"},"geometry":{"type":"Point","coordinates":[-122.393741,37.7920098]}},{"type":"Feature","id":12001976985,"properties":{"addr:city":"San Francisco","addr:state":"CA","check_date":"2024-06-22","name":"Woods Bagot","office":"architect"},"geometry":{"type":"Point","coordinates":[-122.3937869,37.7920446]}},{"type":"Feature","id":12001976987,"properties":{"addr:city":"San Francisco","addr:state":"CA","check_date":"2024-06-22","name":"Rincon Flowers","opening_hours":"Mo-Fr 07:00-16:30","phone":"+1 415-896-0508","shop":"florist"},"geometry":{"type":"Point","coordinates":[-122.3938541,37.7925251]}},{"type":"Feature","id":12001976998,"properties":{"amenity":"post_box","collection_times":"Mo-Fr 14:30, 17:00; Sa 10:15","drive_through":"no","operator":"United States Postal Service","operator:short":"USPS","operator:type":"public","operator:website":"https://www.usps.com","operator:wikidata":"Q668687","operator:wikipedia":"en:United States Postal Service","ref":"9410500061;9410500087"},"geometry":{"type":"Point","coordinates":[-122.3943258,37.7914652]}},{"type":"Feature","id":12001977001,"properties":{"amenity":"vending_machine","check_date":"2024-06-22","operator":"SFMTA","payment:cash":"yes","payment:mastercard":"yes","payment:visa":"yes","ref":"568-01003","vending":"parking_tickets"},"geometry":{"type":"Point","coordinates":[-122.3943767,37.7921982]}},{"type":"Feature","id":12001977002,"properties":{"amenity":"bicycle_parking","bicycle_parking":"stands","capacity":"8","covered":"no"},"geometry":{"type":"Point","coordinates":[-122.3943098,37.7922516]}},{"type":"Feature","id":12001977005,"properties":{"amenity":"vending_machine","check_date":"2024-06-22","operator":"SFMTA","payment:cash":"yes","payment:mastercard":"yes","payment:visa":"yes","ref":"665-01008","vending":"parking_tickets"},"geometry":{"type":"Point","coordinates":[-122.3922214,37.7923278]}},{"type":"Feature","id":12003576176,"properties":{"amenity":"waste_basket","material":"metal"},"geometry":{"type":"Point","coordinates":[-122.3941343,37.7919231]}},{"type":"Feature","id":12003576177,"properties":{"amenity":"bicycle_parking","bicycle_parking":"stands","capacity":"10","covered":"no"},"geometry":{"type":"Point","coordinates":[-122.3939627,37.7919618]}},{"type":"Feature","id":12212942702,"properties":{"addr:postcode":"94111","addr:state":"CA","addr:unit":"201","name":"Shack15","office":"company","outdoor_seating":"no","website":"https://www.shack15.com/"},"geometry":{"type":"Point","coordinates":[-122.3941909,37.796157]}},{"type":"Feature","id":13683535255,"properties":{"artist_name":"Mathias Gmachi","artwork_type":"sculpture","material":"metal","name":"Echoes: A Voice From Uncharted Waters","start_date":"2022","tourism":"artwork","website":"https://hov.to/81ed8c9f"},"geometry":{"type":"Point","coordinates":[-122.3924594,37.7946008]}},{"type":"Feature","id":13714502572,"properties":{"beauty":"cosmetics","check_date":"2026-04-07","name":"Benedetta","shop":"beauty"},"geometry":{"type":"Point","coordinates":[-122.392818,37.7948021]}},{"type":"Feature","id":13714595547,"properties":{"artist_name":"Michael Christian","artwork_type":"sculpture","material":"metal","name":"Corpus","start_date":"2019","tourism":"artwork","website":"https://hov.to/373513cd"},"geometry":{"type":"Point","coordinates":[-122.391911,37.7936492]}},{"type":"Feature","id":14042187908,"properties":{"amenity":"waste_basket","material":"metal","waste":"trash;recycling"},"geometry":{"type":"Point","coordinates":[-122.392117,37.7937386]}},{"type":"Feature","id":14042187909,"properties":{"amenity":"waste_basket","material":"metal"},"geometry":{"type":"Point","coordinates":[-122.3925331,37.7940079]}},{"type":"Feature","id":14075070716,"properties":{"addr:city":"San Francisco","addr:housenumber":"1","addr:postcode":"94111","addr:state":"CA","addr:street":"Ferry Building","addr:unit":"Suite 5","name":"Parachute Bakery","opening_hours":"Mo-Th 08:00-16:00; Fr-Su 08:00-19:00","shop":"bakery","website":"https://www.parachutebakery.com/"},"geometry":{"type":"Point","coordinates":[-122.393991,37.7962405]}},{"type":"Feature","id":14103710908,"properties":{"artist_name":"Marco Cochrane","artwork_type":"sculpture","height":"13.716","material":"metal","name":"R-Evolution","tourism":"artwork"},"geometry":{"type":"Point","coordinates":[-122.394496,37.7947196]}},{"type":"Feature","id":14111560901,"properties":{"addr:housenumber":"139","addr:postcode":"94105","addr:street":"Steuart Street","amenity":"nightclub","check_date":"2026-08-21","name":"Modernist","website":"https://www.modernist.club"},"geometry":{"type":"Point","coordinates":[-122.3924133,37.7928872]}},{"type":"Feature","id":14197327035,"properties":{"addr:city":"San Francisco","addr:postcode":"94111","addr:state":"CA","addr:street":"Ferry Building","amenity":"cafe","currency:XBT":"yes","name":"SIGNAL Coffee Roasters","opening_hours":"Sa 08:00-14:00, Tu 08:00-14:00, Th 08:00-14:00","payment:lightning":"yes","payment:lightning:operator":"square"},"geometry":{"type":"Point","coordinates":[-122.3935052,37.7952242]}},{"type":"Feature","id":142961070,"properties":{"cable_tram":"cable","electrified":"no","gauge":"1067","maxspeed":"9.5 mph","network":"Muni","operator":"San Francisco Municipal Railway","owner":"San Francisco Municipal Railway","railway":"tram","railway:preferred_direction":"forward"},"geometry":{"type":"LineString","coordinates":[[-122.4215926,37.7904601],[-122.4208268,37.7905547],[-122.4207932,37.7905589],[-122.420728,37.7905669],[-122.4206986,37.7905705],[-122.4206041,37.7905822],[-122.4201695,37.7906385],[-122.4192161,37.7907601],[-122.4191599,37.7907675],[-122.4190565,37.7907815],[-122.4189633,37.790794],[-122.4181374,37.7908976],[-122.4176725,37.790956],[-122.4175173,37.7909747],[-122.4174084,37.7909879],[-122.417375,37.7909925],[-122.4173078,37.7910005],[-122.417156,37.7910184],[-122.4166093,37.7910879],[-122.4161129,37.7911477],[-122.4158452,37.7911816],[-122.4157625,37.7911923],[-122.4157287,37.7911965],[-122.4156503,37.791207],[-122.414234,37.7913878],[-122.414119,37.7914025],[-122.4140906,37.7914063],[-122.4140274,37.7914146],[-122.4136614,37.7914626],[-122.4128995,37.7915625],[-122.4128077,37.7915743],[-122.4127899,37.7915769],[-122.4125997,37.7916022],[-122.4125904,37.7916034],[-122.4124766,37.7916183],[-122.4123879,37.7916301],[-122.4120662,37.7916721],[-122.4117259,37.7917152],[-122.4109725,37.7918104],[-122.4109447,37.7918139],[-122.4108295,37.7918286],[-122.4108179,37.7918301],[-122.4107276,37.7918415],[-122.4104526,37.7918771],[-122.409665,37.7919756],[-122.409314,37.7920198],[-122.409304,37.7920211],[-122.4092319,37.7920302],[-122.4091995,37.7920345],[-122.4091816,37.7920369],[-122.4091636,37.7920392],[-122.4091395,37.7920423],[-122.4090908,37.7920484],[-122.4088249,37.7920819],[-122.408372,37.7921386],[-122.4080867,37.792174],[-122.4075488,37.7922402],[-122.4075207,37.7922434],[-122.4074508,37.7922524],[-122.4067271,37.7923452],[-122.4060229,37.7924362],[-122.4059509,37.7924455],[-122.4059105,37.792451],[-122.4058852,37.7924541],[-122.4056647,37.7924815],[-122.405315,37.7925268],[-122.4045605,37.7926247],[-122.4044229,37.7926425],[-122.4043259,37.7926549],[-122.4041521,37.7926772],[-122.4037301,37.792731],[-122.4034248,37.7927694],[-122.4029152,37.7928339],[-122.4028853,37.7928379],[-122.4027896,37.7928505],[-122.4027013,37.7928614],[-122.4019718,37.7929516],[-122.4012913,37.7930402],[-122.4012546,37.7930449],[-122.4011498,37.7930581],[-122.4010522,37.7930705],[-122.4000975,37.7931914],[-122.4000831,37.7931932],[-122.3999747,37.793207],[-122.3998749,37.7932198],[-122.3989422,37.7933391],[-122.3989004,37.7933441],[-122.3987994,37.793357],[-122.3987036,37.7933691],[-122.3977525,37.7934893],[-122.397735,37.7934915],[-122.3976258,37.7935055],[-122.3975152,37.7935173],[-122.3970732,37.793571],[-122.3968299,37.7936005],[-122.3966898,37.7936175],[-122.3966372,37.7936239]]}},{"type":"Feature","id":305585433,"properties":{"access":"no","bus":"yes","highway":"service","lanes":"1","name":"Fremont Street","name:etymology:wikidata":"Q169011","oneway":"yes","psv":"yes","tiger:cfcc":"A41","tiger:county":"San Francisco, CA","tiger:name_base":"Fremont","tiger:name_type":"St","trolley_wire":"yes"},"geometry":{"type":"LineString","coordinates":[[-122.397536,37.7911349],[-122.3976713,37.7911898],[-122.3978482,37.7913048],[-122.3981957,37.7915749],[-122.3982409,37.7916116],[-122.3982886,37.7917187],[-122.3982976,37.791734]]}},{"type":"Feature","id":397153595,"properties":{"highway":"secondary","lanes":"3","lanes:psv":"1","maxspeed":"20 mph","name":"Fremont Street","name:etymology:wikidata":"Q169011","oneway":"yes","sidewalk":"separate","surface":"asphalt","tiger:cfcc":"A41","tiger:county":"San Francisco, CA","tiger:name_base":"Fremont","tiger:name_type":"St","trolley_wire":"yes"},"geometry":{"type":"LineString","coordinates":[[-122.397536,37.7911349],[-122.3975849,37.7911979],[-122.3981738,37.7916639],[-122.3982818,37.7917241],[-122.3982976,37.791734]]}},{"type":"Feature","id":397269728,"properties":{"cycleway:left":"track","cycleway:left:oneway":"no","cycleway:right":"no","highway":"secondary","lanes":"3","lcn_ref":"11","maxspeed":"25 mph","maxspeed:type":"US:urban","name":"Battery Street","oneway":"yes","oneway:bicycle":"no","parking:lane:both":"parallel","sidewalk:both":"separate","surface":"asphalt","tiger:cfcc":"A41","tiger:county":"San Francisco, CA","tiger:name_base":"Battery","tiger:name_type":"St","turn:lanes":"left|left|left"},"geometry":{"type":"LineString","coordinates":[[-122.3997849,37.7922611],[-122.3997717,37.7921916],[-122.399728,37.7919714],[-122.3997102,37.7918836],[-122.3996937,37.7918026],[-122.3996691,37.791682],[-122.3996157,37.7914074],[-122.3996112,37.7913319]]}},{"type":"Feature","id":408575055,"properties":{"highway":"tertiary","lanes":"4","lanes:backward":"2","lanes:bus:backward":"1","lanes:forward":"2","maxspeed":"20 mph","name":"Mission Street","sidewalk:both":"separate","surface":"asphalt","tiger:cfcc":"A41","tiger:county":"San Francisco, CA","tiger:name_base":"Mission","tiger:name_type":"St","trolley_wire":"yes","turn:lanes:backward":"left|through","turn:lanes:forward":"left|none"},"geometry":{"type":"LineString","coordinates":[[-122.3958251,37.7911596],[-122.3957693,37.7911993],[-122.3957377,37.7912218],[-122.3954328,37.7914616]]}},{"type":"Feature","id":417099307,"properties":{"cycleway":"separate","highway":"tertiary","lanes":"5","lanes:psv":"1","name":"Beale Street","name:etymology:wikidata":"Q1292161","oneway":"yes","sidewalk:both":"separate","surface":"asphalt","tiger:cfcc":"A41","tiger:county":"San Francisco, CA","tiger:name_base":"Beale","tiger:name_type":"St","trolley_wire":"yes","turn:lanes":"left|||through|right"},"geometry":{"type":"LineString","coordinates":[[-122.3960757,37.7913603],[-122.3959205,37.7912359],[-122.3958251,37.7911596]]}},{"type":"Feature","id":436484314,"properties":{"access":"yes","alt_name":"S.D. Bechtel Plaza","area":"yes","leisure":"park","name":"50 Beale Street Plaza","note":"privately-owned public open space","place":"square","wheelchair":"yes"},"geometry":{"type":"LineString","coordinates":[[-122.3966158,37.7916075],[-122.3969311,37.7913588],[-122.3969486,37.791345],[-122.3969659,37.7913314],[-122.3972636,37.791567],[-122.3973408,37.7916282],[-122.3973018,37.7916589],[-122.3972238,37.7917205],[-122.3969907,37.7919043],[-122.3969155,37.7918449],[-122.3966701,37.7916506],[-122.3966232,37.7916134],[-122.3966158,37.7916075]]}},{"type":"Feature","id":619378853,"properties":{"cycleway":"separate","highway":"tertiary","lanes":"3","lanes:psv":"1","name":"Beale Street","name:etymology:wikidata":"Q1292161","oneway":"yes","parking:lane:both":"no","sidewalk:both":"separate","surface":"asphalt","tiger:cfcc":"A41","tiger:county":"San Francisco, CA","tiger:name_base":"Beale","tiger:name_type":"St","trolley_wire":"yes"},"geometry":{"type":"LineString","coordinates":[[-122.3952251,37.7906808],[-122.3949635,37.7904673],[-122.3948748,37.7903948]]}},{"type":"Feature","id":619590734,"properties":{"area":"yes","bench":"no","bin":"no","bus":"yes","highway":"platform","lit":"yes","network":"Muni","operator":"San Francisco Municipal Railway","public_transport":"platform","railway":"platform","shelter":"yes","tactile_paving":"no","tram":"yes","trolleybus":"yes","wheelchair":"limited","wheelchair:description":"step-free access for buses but not light rail"},"geometry":{"type":"LineString","coordinates":[[-122.3990525,37.7911983],[-122.3990449,37.7911921],[-122.399039,37.7911872],[-122.3987765,37.7913941],[-122.3987752,37.7913992],[-122.3987769,37.7914029],[-122.3987805,37.7914058],[-122.3987852,37.7914069],[-122.3987893,37.791405],[-122.3990525,37.7911983]]}},{"type":"Feature","id":619979120,"properties":{"bus":"yes","cycleway:right":"shared_lane","cycleway:right:lane":"pictogram","highway":"tertiary","maxspeed":"20 mph","motor_vehicle":"no","name":"Market Street","oneway":"yes","rideshare:conditional":"yes @ (brand:wikidata=Q136550451; Q136550335; Q15330)","surface":"asphalt","taxi":"yes","trolley_wire":"yes"},"geometry":{"type":"LineString","coordinates":[[-122.3984654,37.7916014],[-122.3985089,37.7915917],[-122.3985857,37.7915746],[-122.3987293,37.791476],[-122.3990962,37.7911888],[-122.3991429,37.7910915],[-122.3991626,37.7910505]]}},{"type":"Feature","id":650378689,"properties":{"bicycle":"yes","bus":"yes","cycleway":"shared_lane","foot":"yes","highway":"tertiary","lane_markings":"yes","maxspeed":"20 mph","motor_vehicle":"no","name":"Market Street","rideshare:conditional":"yes @ (brand:wikidata=Q136550451; Q136550335; Q15330)","sidewalk":"separate","surface":"asphalt","taxi":"yes","tiger:cfcc":"A45","tiger:county":"San Francisco, CA","tiger:name_base":"Market","tiger:name_type":"St","trolley_wire":"yes"},"geometry":{"type":"LineString","coordinates":[[-122.3984654,37.7916014],[-122.3987948,37.7913412],[-122.398983,37.7911939],[-122.3990417,37.7911461],[-122.3991626,37.7910505]]}},{"type":"Feature","id":1089100480,"properties":{"highway":"service"},"geometry":{"type":"LineString","coordinates":[[-122.3947457,37.7904889],[-122.3947774,37.7905144],[-122.3950665,37.7907493],[-122.394984,37.7908149]]}},{"type":"Feature","id":88572881,"properties":{"cycleway:right":"no","highway":"secondary","lanes":"4","lanes:psv":"1","maxspeed":"20 mph","name":"Fremont Street","name:etymology:wikidata":"Q169011","oneway":"yes","sidewalk:both":"separate","surface":"asphalt","tiger:cfcc":"A41","tiger:county":"San Francisco, CA","tiger:name_base":"Fremont","tiger:name_type":"St","trolley_wire":"yes"},"geometry":{"type":"LineString","coordinates":[[-122.3967026,37.7904732],[-122.396786,37.7905395],[-122.3969942,37.7907071],[-122.3972643,37.7909213],[-122.3974421,37.7910623],[-122.397536,37.7911349]]}},{"type":"Feature","id":88572970,"properties":{"highway":"tertiary","lanes:bus:forward":"1","name":"Mission Street","sidewalk:both":"separate","surface":"asphalt","tiger:cfcc":"A41","tiger:county":"San Francisco, CA","tiger:name_base":"Mission","tiger:name_type":"St","trolley_wire":"yes"},"geometry":{"type":"LineString","coordinates":[[-122.3967026,37.7904732],[-122.3967956,37.7903996],[-122.3968169,37.7903828],[-122.3973449,37.7899649]]}},{"type":"Feature","id":159280388,"properties":{"addr:housenumber":"50","addr:street":"Fremont Street","area":"yes","height":"25 m","highway":"pedestrian","name":"Fremont Center"},"geometry":{"type":"LineString","coordinates":[[-122.398248,37.7904651],[-122.3980187,37.7902778],[-122.3979965,37.7902604],[-122.3976913,37.7905022],[-122.3976292,37.7905514],[-122.3973356,37.790784],[-122.3973652,37.7908073],[-122.3973951,37.7908308],[-122.3974152,37.790814],[-122.397792,37.790517],[-122.3979849,37.7906698],[-122.398248,37.7904651]]}},{"type":"Feature","id":175507521,"properties":{"cycleway:right":"no","highway":"secondary","lanes":"3","maxspeed":"20 mph","name":"Fremont Street","name:etymology:wikidata":"Q169011","oneway":"yes","sidewalk:both":"separate","surface":"asphalt","tiger:cfcc":"A41","tiger:county":"San Francisco, CA","tiger:name_base":"Fremont","tiger:name_type":"St","trolley_wire":"yes","turn:lanes":"left|none|none"},"geometry":{"type":"LineString","coordinates":[[-122.3961934,37.7900668],[-122.3962974,37.7901481],[-122.3963394,37.79018]]}},{"type":"Feature","id":256400244,"properties":{"cycleway":"separate","highway":"tertiary","lanes":"3","lanes:psv":"1","name":"Beale Street","name:etymology:wikidata":"Q1292161","oneway":"yes","parking:lane:both":"no","sidewalk:both":"separate","surface":"asphalt","tiger:cfcc":"A41","tiger:county":"San Francisco, CA","tiger:name_base":"Beale","tiger:name_type":"St","trolley_wire":"yes"},"geometry":{"type":"LineString","coordinates":[[-122.3958251,37.7911596],[-122.3957314,37.791085],[-122.3953199,37.790757]]}},{"type":"Feature","id":256400251,"properties":{"highway":"tertiary","lanes":"4","lanes:bus:backward":"1","lanes:bus:forward":"1","name":"Mission Street","sidewalk:both":"separate","surface":"asphalt","tiger:cfcc":"A41","tiger:county":"San Francisco, CA","tiger:name_base":"Mission","tiger:name_type":"St","trolley_wire":"yes"},"geometry":{"type":"LineString","coordinates":[[-122.3958251,37.7911596],[-122.3959322,37.7910829],[-122.3962102,37.7908629],[-122.39662,37.7905386],[-122.3967026,37.7904732]]}},{"type":"Feature","id":397148931,"properties":{"highway":"secondary","lanes":"3","maxspeed":"20 mph","name":"Fremont Street","name:etymology:wikidata":"Q169011","oneway":"yes","sidewalk:both":"separate","smoothness":"intermediate","surface":"asphalt","tiger:cfcc":"A41","tiger:county":"San Francisco, CA","tiger:name_base":"Fremont","tiger:name_type":"St","trolley_wire":"yes","turn:lanes":"left|through|through;right"},"geometry":{"type":"LineString","coordinates":[[-122.3965718,37.7903664],[-122.3966103,37.7903991],[-122.3967026,37.7904732]]}},{"type":"Feature","id":680955154,"properties":{"access":"no","bus":"yes","highway":"service","lanes":"1","name":"Mission Street","oneway":"yes","psv":"yes","trolley_wire":"yes"},"geometry":{"type":"LineString","coordinates":[[-122.3973449,37.7899649],[-122.3971925,37.7899984],[-122.396762,37.7903413]]}},{"type":"Feature","id":681687034,"properties":{"cycleway:right":"no","highway":"secondary","lanes":"3","maxspeed":"20 mph","name":"Fremont Street","name:etymology:wikidata":"Q169011","oneway":"yes","sidewalk:both":"separate","surface":"asphalt","tiger:cfcc":"A41","tiger:county":"San Francisco, CA","tiger:name_base":"Fremont","tiger:name_type":"St","trolley_wire":"yes","turn:lanes":"left|through|through;right"},"geometry":{"type":"LineString","coordinates":[[-122.3963394,37.79018],[-122.3965718,37.7903664]]}},{"type":"Feature","id":732257525,"properties":{"highway":"service","lanes":"2","lanes:backward":"1","lanes:forward":"1"},"geometry":{"type":"LineString","coordinates":[[-122.397536,37.7911349],[-122.3976245,37.7910579],[-122.3976626,37.7910241],[-122.3976949,37.7909966],[-122.3978326,37.7908854],[-122.3979264,37.7908532],[-122.3980185,37.7908647]]}},{"type":"Feature","id":742702370,"properties":{"access":"private","highway":"service","service":"driveway"},"geometry":{"type":"LineString","coordinates":[[-122.3954409,37.7906613],[-122.3954061,37.7906888],[-122.3953199,37.790757]]}},{"type":"Feature","id":742702371,"properties":{"access":"private","highway":"service","service":"driveway","tunnel":"building_passage"},"geometry":{"type":"LineString","coordinates":[[-122.3958249,37.790358],[-122.3954409,37.7906613]]}},{"type":"Feature","id":780981030,"properties":{"cycleway":"separate","highway":"tertiary","lanes":"3","lanes:psv":"1","name":"Beale Street","name:etymology:wikidata":"Q1292161","oneway":"yes","sidewalk:both":"separate","surface":"asphalt","tiger:cfcc":"A41","tiger:county":"San Francisco, CA","tiger:name_base":"Beale","tiger:name_type":"St","trolley_wire":"yes"},"geometry":{"type":"LineString","coordinates":[[-122.3953199,37.790757],[-122.395274,37.7907187],[-122.3952251,37.7906808]]}},{"type":"Feature","id":944095988,"properties":{"area":"yes","highway":"pedestrian"},"geometry":{"type":"LineString","coordinates":[[-122.398554,37.7912761],[-122.3986458,37.7912045],[-122.3987119,37.7911531],[-122.3983818,37.79089],[-122.398349,37.7908638],[-122.398294,37.7909068],[-122.3981361,37.7907808],[-122.3981031,37.7908067],[-122.3979581,37.790691],[-122.3979114,37.7907277],[-122.3980513,37.7908389],[-122.3980185,37.7908647],[-122.39779,37.7910442],[-122.3976978,37.7910128],[-122.3976743,37.7910313],[-122.3976494,37.7910509],[-122.397752,37.7911311],[-122.398063,37.7908864],[-122.398554,37.7912761]]}},{"type":"Feature","id":1213218719,"properties":{"garden:type":"landscaping","leisure":"garden"},"geometry":{"type":"LineString","coordinates":[[-122.396621,37.79023],[-122.396647,37.7902505],[-122.396694,37.7902086],[-122.3966752,37.7901791],[-122.3966345,37.7901475],[-122.3966254,37.7901548],[-122.3966449,37.7901715],[-122.396674,37.7901952],[-122.3966758,37.7902081],[-122.3966676,37.7902214],[-122.3966563,37.79023],[-122.3966359,37.7902346],[-122.396621,37.79023]]}},{"type":"Feature","id":1213218720,"properties":{"garden:type":"landscaping","leisure":"garden"},"geometry":{"type":"LineString","coordinates":[[-122.3965849,37.7901482],[-122.3966051,37.7901309],[-122.3965783,37.7901138],[-122.3965315,37.7900907],[-122.3964353,37.7900541],[-122.3964232,37.7900503],[-122.3964088,37.7900619],[-122.3965127,37.7901443],[-122.3965049,37.7901354],[-122.3965054,37.7901265],[-122.396509,37.7901175],[-122.3965199,37.7901107],[-122.3965335,37.7901107],[-122.3965443,37.790115],[-122.3965849,37.7901482]]}},{"type":"Feature","id":1286999777,"properties":{"leisure":"park","name":"Urban Park","opening_hours":"Mo-Fr 08:00-20:00"},"geometry":{"type":"LineString","coordinates":[[-122.395593,37.7911252],[-122.3951987,37.7908098],[-122.3950539,37.7909117],[-122.3954276,37.7910484],[-122.3954082,37.791062],[-122.3955709,37.791141],[-122.395593,37.7911252]]}},{"type":"Feature","id":1313353730,"properties":{"area":"yes","highway":"pedestrian","surface":"paved"},"geometry":{"type":"LineString","coordinates":[[-122.3953834,37.7910705],[-122.3953689,37.791081],[-122.3953556,37.7910705],[-122.3953413,37.7910807],[-122.3953041,37.7910823],[-122.3953018,37.7910743],[-122.3953,37.7910647],[-122.3953211,37.7910451],[-122.3953465,37.7910256],[-122.395395,37.7910617],[-122.3953834,37.7910705]]}},{"type":"Feature","id":30831796,"properties":{"electrified":"contact_line","frequency":"0","gauge":"1435","name":"Muni E","network":"Muni","operator":"San Francisco Municipal Railway","owner":"San Francisco Municipal Railway","railway":"tram","railway:preferred_direction":"forward","voltage":"600"},"geometry":{"type":"LineString","coordinates":[[-122.3925468,37.7937635],[-122.3924511,37.7936762],[-122.3922413,37.7934713],[-122.3919391,37.7932104],[-122.3915003,37.7928621],[-122.3913821,37.7927571],[-122.3913227,37.7926945],[-122.3912722,37.7926294],[-122.3911999,37.7925263],[-122.3911303,37.7924135],[-122.3910881,37.7923058],[-122.3909404,37.7919024],[-122.3908992,37.7917859],[-122.3908418,37.7916605],[-122.390784,37.7915537],[-122.3907286,37.7914564],[-122.39066,37.7913506],[-122.390591,37.7912555],[-122.3905063,37.7911483],[-122.3904206,37.7910532],[-122.3903413,37.790975],[-122.3902632,37.7909048],[-122.3902123,37.790863],[-122.3901365,37.7908147],[-122.3900924,37.7907905],[-122.3900432,37.7907619],[-122.3899834,37.7907226],[-122.3899312,37.7906929]]}},{"type":"Feature","id":207781141,"properties":{"natural":"coastline","source":"Bing"},"geometry":{"type":"LineString","coordinates":[[-122.387632,37.785459],[-122.3875927,37.7854718],[-122.3875299,37.7854924],[-122.3874534,37.7855092],[-122.3873739,37.7855198],[-122.387298,37.7855267],[-122.3845767,37.7856903],[-122.3844453,37.7856982],[-122.3844036,37.7857087],[-122.3843718,37.7857411],[-122.3845243,37.7873797],[-122.3845367,37.7873963],[-122.3845604,37.7874023],[-122.3858908,37.7873259],[-122.3870224,37.7872609],[-122.3872694,37.7872467],[-122.3873634,37.7872421],[-122.3874397,37.7872478],[-122.3874165,37.7875374],[-122.3874048,37.7876541],[-122.3874192,37.7877055],[-122.3874269,37.7877267],[-122.3872479,37.7877823],[-122.3851933,37.7881203],[-122.385171,37.7881305],[-122.3851601,37.7881421],[-122.3851536,37.7881581],[-122.3851556,37.7881794],[-122.3852379,37.7884897],[-122.385246,37.7885043],[-122.3852619,37.7885147],[-122.38528,37.7885198],[-122.385304,37.7885202],[-122.3870892,37.7882342],[-122.3872328,37.7887795],[-122.3851775,37.7892836],[-122.3851569,37.7892946],[-122.3851433,37.789318],[-122.3851414,37.7893393],[-122.385313,37.7897707],[-122.3853275,37.7897893],[-122.385353,37.7898023],[-122.3853896,37.7898037],[-122.387362,37.7893119],[-122.3873776,37.7893429],[-122.3876521,37.789811],[-122.3880852,37.7896674],[-122.3881605,37.7896452],[-122.3881916,37.7897042],[-122.3883097,37.7897386],[-122.3883815,37.7898249],[-122.3884084,37.7898667],[-122.3883023,37.7899393],[-122.3883624,37.7899922],[-122.3883829,37.7900105],[-122.3884042,37.790029],[-122.3884408,37.7900612],[-122.3884582,37.7900862],[-122.3883066,37.7901338],[-122.3883607,37.7902377],[-122.3884042,37.790321],[-122.3884323,37.7903746],[-122.3885844,37.7903234],[-122.388638,37.7903054],[-122.3886499,37.7903272],[-122.389037,37.7910361],[-122.3889803,37.7910789],[-122.3888492,37.7909767],[-122.388835,37.7909874],[-122.3906977,37.7925504],[-122.3917249,37.7934276]]}},{"type":"Feature","id":223360159,"properties":{"access":"yes","leisure":"outdoor_seating","lit":"yes","name":"Spear Street Plaza","note":"Privately Owned Public Open Space; outdoor seating area with tables and chairs","ownership":"private"},"geometry":{"type":"LineString","coordinates":[[-122.3933176,37.7917615],[-122.3932469,37.7917053],[-122.3931598,37.7916361],[-122.3933903,37.791458],[-122.3933568,37.7914315],[-122.3934077,37.79139],[-122.3934313,37.7913718],[-122.3934656,37.7913452],[-122.3935338,37.7914015],[-122.393545,37.7914017],[-122.3935454,37.7914336],[-122.3935693,37.7914533],[-122.3936039,37.7914817],[-122.3936466,37.791482],[-122.3936463,37.7914904],[-122.3936558,37.791498],[-122.3936369,37.7915137],[-122.3936187,37.7915287],[-122.3933176,37.7917615]]}},{"type":"Feature","id":620728120,"properties":{"highway":"tertiary","lanes":"2","lit":"yes","maxspeed":"20 mph","name":"Spear Street","oneway":"yes","parking:lanes:left":"diagonal","parking:lanes:right":"parallel","sidewalk":"separate","surface":"asphalt","tiger:cfcc":"A41","tiger:county":"San Francisco, CA","tiger:name_base":"Spear","tiger:name_type":"St"},"geometry":{"type":"LineString","coordinates":[[-122.3940959,37.792562],[-122.3939865,37.7924745],[-122.3938482,37.7923642],[-122.3930326,37.7917142],[-122.392628,37.7913918],[-122.3925074,37.7912945]]}},{"type":"Feature","id":622297791,"properties":{"electrified":"contact_line","frequency":"0","gauge":"1435","name":"Muni E","network":"Muni","operator":"San Francisco Municipal Railway","owner":"San Francisco Municipal Railway","railway":"tram","railway:preferred_direction":"forward","voltage":"600"},"geometry":{"type":"LineString","coordinates":[[-122.3898743,37.7907437],[-122.3899061,37.7907818],[-122.3899876,37.7908697],[-122.3900684,37.7909722],[-122.3901091,37.7910155],[-122.3902205,37.7911299],[-122.3903036,37.7912296],[-122.3903823,37.7913328],[-122.390453,37.7914312],[-122.3905138,37.7915327],[-122.3905713,37.7916363],[-122.3906166,37.7917349],[-122.3907244,37.7919791],[-122.3907672,37.7920721],[-122.3908139,37.7921528],[-122.3908648,37.7922288],[-122.390926,37.7923181],[-122.390988,37.7923916],[-122.3910557,37.7924738],[-122.3911111,37.7925486],[-122.3911382,37.7925767],[-122.3911982,37.7926419],[-122.3913087,37.7927452],[-122.3914661,37.7928763],[-122.391505,37.792909],[-122.3921006,37.7933995],[-122.3924201,37.7937006],[-122.3925149,37.7937859],[-122.3926038,37.7938705],[-122.392652,37.7939139]]}},{"type":"Feature","id":680402688,"properties":{"highway":"tertiary","lanes":"3","lit":"yes","name":"Main Street","oneway":"yes","parking:lane:both":"parallel","sidewalk":"separate","surface":"asphalt","tiger:cfcc":"A41","tiger:county":"San Francisco, CA","tiger:name_base":"Main","tiger:name_type":"St","trolley_wire":"yes"},"geometry":{"type":"LineString","coordinates":[[-122.3940675,37.7911444],[-122.3941743,37.79123],[-122.3942403,37.7912828],[-122.3944045,37.7914144],[-122.3945455,37.7915273],[-122.3948543,37.7917747],[-122.3949513,37.7918524]]}},{"type":"Feature","id":681289316,"properties":{"cycleway:right":"track","hgv":"designated","highway":"secondary","lanes":"3","lanes:backward":"1","lanes:forward":"2","lcn_ref":"30","maxspeed":"25 mph","name":"Howard Street","name:etymology:wikidata":"Q16066217","parking:lane:both":"parallel","sidewalk:both":"separate","source:hgv":"https://sfplanninggis.org/TIM/?search=3591024#searchbox","surface":"asphalt","tiger:cfcc":"A41","tiger:county":"San Francisco, CA","tiger:name_base":"Howard","tiger:name_type":"St"},"geometry":{"type":"LineString","coordinates":[[-122.3922786,37.7914824],[-122.3924251,37.7913625],[-122.3925074,37.7912945]]}},{"type":"Feature","id":1089100477,"properties":{"highway":"service","service":"parking_aisle"},"geometry":{"type":"LineString","coordinates":[[-122.3942026,37.7909921],[-122.3948254,37.7915088]]}},{"type":"Feature","id":1295386877,"properties":{"highway":"service","service":"driveway","surface":"concrete"},"geometry":{"type":"LineString","coordinates":[[-122.3939118,37.7914259],[-122.3940883,37.7912953],[-122.3941743,37.79123]]}},{"type":"Feature","id":1295386885,"properties":{"highway":"service","service":"driveway","surface":"concrete"},"geometry":{"type":"LineString","coordinates":[[-122.3941384,37.7913592],[-122.3941538,37.7913477],[-122.3942403,37.7912828]]}},{"type":"Feature","id":32862942,"properties":{"fixme":"One sign says the opening hours are 08:00-20:00, another says 08:00-18:00. Which is correct?","leisure":"park","opening_hours":"Mo-Fr 08:00-20:00","wheelchair":"yes"},"geometry":{"type":"LineString","coordinates":[[-122.3940385,37.7909571],[-122.3940019,37.790928],[-122.3936918,37.7906815],[-122.3936164,37.7906216],[-122.3936635,37.7905841],[-122.3937007,37.7905544],[-122.3937394,37.7905236],[-122.3937956,37.7905678],[-122.3938608,37.7906188],[-122.394025,37.7907475],[-122.394085,37.7907946],[-122.3941637,37.7908563],[-122.3940469,37.7909504],[-122.3940385,37.7909571]]}},{"type":"Feature","id":99231463,"properties":{"cycleway:right":"no","highway":"tertiary","lanes":"3","name":"Main Street","oneway":"yes","parking:lane:both":"parallel","sidewalk":"separate","surface":"asphalt","tiger:cfcc":"A41","tiger:county":"San Francisco, CA","tiger:name_base":"Main","tiger:name_type":"St","trolley_wire":"yes"},"geometry":{"type":"LineString","coordinates":[[-122.3934057,37.7906148],[-122.393457,37.7906563]]}},{"type":"Feature","id":99231475,"properties":{"cycleway:right":"track","hgv":"designated","highway":"secondary","lanes":"5","lanes:backward":"3","lanes:forward":"2","lcn_ref":"30","maxspeed":"25 mph","name":"Howard Street","name:etymology:wikidata":"Q16066217","parking:lane:both":"no","placement:backward":"left_of:1","sidewalk:both":"separate","source:hgv":"https://sfplanninggis.org/TIM/?search=3591024#searchbox","surface":"asphalt","tiger:cfcc":"A41","tiger:county":"San Francisco, CA","tiger:name_base":"Howard","tiger:name_type":"St","trolley_wire":"yes","turn:lanes:backward":"left;through||left"},"geometry":{"type":"LineString","coordinates":[[-122.3934057,37.7906148],[-122.3934932,37.7905457],[-122.3935658,37.7904894]]}},{"type":"Feature","id":120256350,"properties":{"highway":"tertiary","lanes":"2","name":"Spear Street","oneway":"yes","parking:lane:both":"parallel","sidewalk:both":"separate","smoothness":"good","surface":"asphalt","tiger:cfcc":"A41","tiger:county":"San Francisco, CA","tiger:name_base":"Spear","tiger:name_type":"St"},"geometry":{"type":"LineString","coordinates":[[-122.3925074,37.7912945],[-122.3924485,37.7912479],[-122.3920726,37.7909484],[-122.3918051,37.790735],[-122.3915943,37.7905677],[-122.3915108,37.7905013],[-122.3914773,37.7904745],[-122.3913467,37.7903715],[-122.3913196,37.7903502]]}},{"type":"Feature","id":242940298,"properties":{"cycleway":"separate","highway":"tertiary","lanes":"3","name":"Beale Street","name:etymology:wikidata":"Q1292161","oneway":"yes","sidewalk:both":"separate","surface":"asphalt","tiger:cfcc":"A41","tiger:county":"San Francisco, CA","tiger:name_base":"Beale","tiger:name_type":"St","trolley_wire":"yes","turn:lanes":"left;through|through|right"},"geometry":{"type":"LineString","coordinates":[[-122.3948323,37.7903594],[-122.3947253,37.7902645]]}},{"type":"Feature","id":254971064,"properties":{"cycleway:right":"track","hgv":"designated","highway":"secondary","lanes":"3","lanes:backward":"2","lanes:forward":"1","lcn_ref":"30","lit":"yes","maxspeed":"25 mph","name":"Howard Street","name:etymology:wikidata":"Q16066217","parking:lane:both":"parallel","sidewalk:both":"separate","source:hgv":"https://sfplanninggis.org/TIM/?search=3591024#searchbox","surface":"asphalt","tiger:cfcc":"A41","tiger:county":"San Francisco, CA","tiger:name_base":"Howard","tiger:name_type":"St"},"geometry":{"type":"LineString","coordinates":[[-122.3929349,37.7909711],[-122.3933147,37.7906836],[-122.3934057,37.7906148]]}},{"type":"Feature","id":417099315,"properties":{"cycleway":"separate","highway":"tertiary","lanes":"3","name":"Beale Street","name:etymology:wikidata":"Q1292161","oneway":"yes","sidewalk:both":"separate","surface":"asphalt","tiger:cfcc":"A41","tiger:county":"San Francisco, CA","tiger:name_base":"Beale","tiger:name_type":"St","trolley_wire":"yes","turn:lanes":"left;through|through|none"},"geometry":{"type":"LineString","coordinates":[[-122.3947253,37.7902645],[-122.3943939,37.7899765],[-122.3943106,37.7899029]]}},{"type":"Feature","id":417099343,"properties":{"cycleway:right":"no","highway":"tertiary","lanes":"2","lit":"yes","name":"Main Street","oneway":"yes","sidewalk":"separate","surface":"asphalt","tiger:cfcc":"A41","tiger:county":"San Francisco, CA","tiger:name_base":"Main","tiger:name_type":"St","turn:lanes":"none|through;right"},"geometry":{"type":"LineString","coordinates":[[-122.3929627,37.7902807],[-122.3930443,37.7903558],[-122.3932641,37.7905297],[-122.393303,37.7905604],[-122.3934057,37.7906148]]}},{"type":"Feature","id":619378852,"properties":{"cycleway":"separate","highway":"tertiary","lanes":"2","name":"Beale Street","name:etymology:wikidata":"Q1292161","oneway":"yes","sidewalk:both":"separate","tiger:cfcc":"A41","tiger:county":"San Francisco, CA","tiger:name_base":"Beale","tiger:name_type":"St","trolley_wire":"yes"},"geometry":{"type":"LineString","coordinates":[[-122.3948748,37.7903948],[-122.3948323,37.7903594]]}},{"type":"Feature","id":667822780,"properties":{"highway":"service","surface":"asphalt"},"geometry":{"type":"LineString","coordinates":[[-122.394333,37.7908653],[-122.3940314,37.7906306],[-122.3938732,37.7905341],[-122.393774,37.7904721],[-122.393671,37.7904051]]}},{"type":"Feature","id":673970959,"properties":{"cycleway:right":"track","hgv":"designated","highway":"secondary","lanes":"4","lanes:backward":"2","lanes:forward":"2","lcn_ref":"30","lit":"yes","maxspeed":"25 mph","name":"Howard Street","name:etymology:wikidata":"Q16066217","parking:lane:both":"parallel","sidewalk:both":"separate","source:hgv":"https://sfplanninggis.org/TIM/?search=3591024#searchbox","surface":"asphalt","tiger:cfcc":"A41","tiger:county":"San Francisco, CA","tiger:name_base":"Howard","tiger:name_type":"St","turn:lanes:backward":"|right"},"geometry":{"type":"LineString","coordinates":[[-122.3925074,37.7912945],[-122.3925998,37.7912239],[-122.3928646,37.7910243]]}},{"type":"Feature","id":673997067,"properties":{"cycleway:right":"track","hgv":"designated","highway":"secondary","lanes":"4","lanes:backward":"2","lanes:forward":"2","lcn_ref":"30","maxspeed":"25 mph","name":"Howard Street","name:etymology:wikidata":"Q16066217","parking:lane:both":"parallel","sidewalk:both":"separate","source:hgv":"https://sfplanninggis.org/TIM/?search=3591024#searchbox","surface":"asphalt","tiger:cfcc":"A41","tiger:county":"San Francisco, CA","tiger:name_base":"Howard","tiger:name_type":"St"},"geometry":{"type":"LineString","coordinates":[[-122.3928646,37.7910243],[-122.3929349,37.7909711]]}},{"type":"Feature","id":684030185,"properties":{"cycleway:right":"track","hgv":"designated","highway":"secondary","lanes":"5","lanes:backward":"3","lanes:forward":"2","lcn_ref":"30","lit":"yes","maxspeed":"25 mph","name":"Howard Street","name:etymology:wikidata":"Q16066217","parking:lane:both":"no","placement:backward":"left_of:1","sidewalk:both":"separate","source:hgv":"https://sfplanninggis.org/TIM/?search=3591024#searchbox","surface":"asphalt","tiger:cfcc":"A41","tiger:county":"San Francisco, CA","tiger:name_base":"Howard","tiger:name_type":"St","trolley_wire":"yes","turn:lanes:backward":"left;through||left"},"geometry":{"type":"LineString","coordinates":[[-122.3935658,37.7904894],[-122.393671,37.7904051]]}},{"type":"Feature","id":1089100478,"properties":{"highway":"service"},"geometry":{"type":"LineString","coordinates":[[-122.3940348,37.7911187],[-122.3941269,37.7910487],[-122.3942026,37.7909921]]}},{"type":"Feature","id":1089100479,"properties":{"highway":"service"},"geometry":{"type":"LineString","coordinates":[[-122.3948748,37.7903948],[-122.394813,37.790439],[-122.3947846,37.7904593],[-122.3947457,37.7904889],[-122.3944742,37.7906844],[-122.3944398,37.790659]]}},{"type":"Feature","id":1349027886,"properties":{"cycleway:right":"no","highway":"tertiary","lanes":"3","name":"Main Street","oneway":"yes","parking:lane:both":"parallel","sidewalk":"separate","surface":"asphalt","tiger:cfcc":"A41","tiger:county":"San Francisco, CA","tiger:name_base":"Main","tiger:name_type":"St","trolley_wire":"yes"},"geometry":{"type":"LineString","coordinates":[[-122.393457,37.7906563],[-122.3935008,37.7906916],[-122.3940348,37.7911187],[-122.3940675,37.7911444]]}},{"type":"Feature","id":144783747,"properties":{"cable_tram":"cable","electrified":"no","gauge":"1067","maxspeed":"9.5 mph","network":"Muni","operator":"San Francisco Municipal Railway","owner":"San Francisco Municipal Railway","railway":"tram","railway:preferred_direction":"forward"},"geometry":{"type":"LineString","coordinates":[[-122.3962674,37.7937051],[-122.3962811,37.7937006],[-122.3963539,37.7936943],[-122.3964814,37.7936781],[-122.3965619,37.793668],[-122.3974764,37.7935522],[-122.3975218,37.7935464],[-122.3976311,37.7935324],[-122.39774,37.7935187],[-122.3986691,37.7934019],[-122.3987089,37.7933965],[-122.3988048,37.7933835],[-122.3989044,37.7933708],[-122.3998155,37.7932552],[-122.3998805,37.793247],[-122.3999806,37.7932343],[-122.4000888,37.7932206],[-122.4010244,37.7931023],[-122.4010572,37.7930981],[-122.4011558,37.7930853],[-122.4012606,37.793072],[-122.4019774,37.792981],[-122.402656,37.7928936],[-122.4027071,37.7928876],[-122.4027948,37.7928773],[-122.4028912,37.7928651],[-122.4034847,37.7927898],[-122.4038343,37.7927455],[-122.4042862,37.7926888],[-122.4043316,37.7926828],[-122.4044284,37.7926701],[-122.4045662,37.7926526],[-122.4056631,37.7925135],[-122.4058914,37.7924846],[-122.4059495,37.7924773],[-122.4059572,37.7924764],[-122.4060292,37.7924674],[-122.4067347,37.7923794],[-122.4068856,37.7923605],[-122.4074584,37.7922888],[-122.4075557,37.7922766],[-122.4075668,37.792275],[-122.4081123,37.7922071],[-122.4083765,37.7921697],[-122.4088484,37.792109],[-122.4090962,37.7920753],[-122.4091451,37.7920693],[-122.4091691,37.7920662],[-122.4091868,37.7920639],[-122.4092045,37.7920616],[-122.4092375,37.7920573],[-122.4093096,37.7920488],[-122.409424,37.7920354],[-122.4107332,37.791868],[-122.4107628,37.7918642]]}},{"type":"Feature","id":8916375,"properties":{"highway":"tertiary","name":"California Street","name:etymology:wikidata":"Q99","sidewalk:both":"separate","surface":"asphalt","tiger:cfcc":"A41","tiger:county":"San Francisco, CA","tiger:name_base":"California","tiger:name_type":"St"},"geometry":{"type":"LineString","coordinates":[[-122.39648,37.7936638],[-122.3965582,37.7936509],[-122.3975174,37.7935269],[-122.3976272,37.7935131]]}},{"type":"Feature","id":8916936,"properties":{"highway":"service","name":"Halleck Street","oneway":"yes","surface":"asphalt","tiger:cfcc":"A41","tiger:county":"San Francisco, CA","tiger:name_base":"Halleck","tiger:name_type":"St"},"geometry":{"type":"LineString","coordinates":[[-122.3989001,37.7938468],[-122.3989937,37.7938348],[-122.3999752,37.7937094],[-122.4000735,37.7936968],[-122.4001831,37.7936828],[-122.4007175,37.7936145],[-122.4011493,37.7935593],[-122.4012475,37.7935467]]}},{"type":"Feature","id":8916967,"properties":{"alt_name":"Sacramento Street","covered":"yes","foot":"yes","highway":"pedestrian","name":"Sacramento Alley","surface":"paving_stones","tiger:cfcc":"A41","tiger:county":"San Francisco, CA","tiger:name_base":"Sacramento","tiger:name_type":"St","tiger:reviewed":"no"},"geometry":{"type":"LineString","coordinates":[[-122.3964568,37.7946298],[-122.3963168,37.79465],[-122.3963062,37.7946045],[-122.3962684,37.7946098],[-122.3958604,37.7946666],[-122.3958399,37.7946694],[-122.395451,37.7947235],[-122.3952723,37.7947482],[-122.3952249,37.7947549]]}},{"type":"Feature","id":8918369,"properties":{"foot":"yes","highway":"living_street","name":"Davis Court","oneway":"no","sidewalk":"both","tiger:cfcc":"A41","tiger:county":"San Francisco, CA","tiger:name_base":"Davis","tiger:name_type":"Ct"},"geometry":{"type":"LineString","coordinates":[[-122.3983581,37.797093],[-122.3983444,37.7970161],[-122.3983422,37.7970051],[-122.3982985,37.7967914],[-122.3982295,37.7964134],[-122.3982058,37.7963683]]}},{"type":"Feature","id":8919179,"properties":{"highway":"unclassified","lit":"yes","name":"Clay Street","surface":"unhewn_cobblestone","tiger:cfcc":"A41","tiger:county":"San Francisco, CA","tiger:name_base":"Clay","tiger:name_type":"St","tiger:reviewed":"no"},"geometry":{"type":"LineString","coordinates":[[-122.396271,37.7956271],[-122.3963527,37.7955639],[-122.3966415,37.7955185],[-122.3967162,37.7955066]]}},{"type":"Feature","id":8922026,"properties":{"highway":"unclassified","lanes":"2","name":"Davis Street","name:etymology:wikidata":"Q8011813","oneway":"yes","sidewalk:both":"separate","surface":"asphalt","tiger:cfcc":"A41","tiger:county":"San Francisco, CA","tiger:name_base":"Davis","tiger:name_type":"St"},"geometry":{"type":"LineString","coordinates":[[-122.3981915,37.7961842],[-122.3981763,37.7961093],[-122.3980416,37.7954197],[-122.3980104,37.7953396]]}},{"type":"Feature","id":8922560,"properties":{"cycleway:right":"lane","cycleway:right:buffer":"yes","highway":"tertiary","lanes":"2","lit":"yes","name":"Washington Street","name:etymology:wikidata":"Q23","oneway":"yes","sidewalk":"right","surface":"asphalt","tiger:cfcc":"A41","tiger:county":"San Francisco, CA","tiger:name_base":"Washington","tiger:name_type":"St"},"geometry":{"type":"LineString","coordinates":[[-122.3968921,37.7963219],[-122.396799,37.7963333],[-122.396598,37.7963937],[-122.396341,37.7964509],[-122.396114,37.7964817],[-122.3960307,37.796493]]}},{"type":"Feature","id":24245406,"properties":{"foot":"yes","highway":"tertiary","name":"Sacramento Street","sidewalk":"both","surface":"asphalt","tiger:cfcc":"A41","tiger:county":"San Francisco, CA","tiger:name_base":"Sacramento","tiger:name_type":"St","trolley_wire":"yes"},"geometry":{"type":"LineString","coordinates":[[-122.3965439,37.794602],[-122.3966507,37.7945886]]}},{"type":"Feature","id":27054213,"properties":{"cycleway:left":"track","cycleway:left:oneway":"no","cycleway:right":"no","highway":"secondary","lanes":"3","lcn_ref":"11","maxspeed":"25 mph","name":"Battery Street","oneway":"yes","oneway:bicycle":"no","parking:lane:both":"parallel","sidewalk:both":"separate","surface":"asphalt","tiger:cfcc":"A41","tiger:county":"San Francisco, CA","tiger:name_base":"Battery","tiger:name_type":"St"},"geometry":{"type":"LineString","coordinates":[[-122.4001635,37.794144],[-122.4001523,37.7940884],[-122.4000735,37.7936968],[-122.3999967,37.7933146],[-122.3999806,37.7932343],[-122.3999769,37.7932159]]}},{"type":"Feature","id":27146036,"properties":{"highway":"unclassified","lanes":"2","name":"Washington Street","name:etymology:wikidata":"Q23","name:zh":"華盛頓街","oneway":"yes","sidewalk:both":"separate","tiger:cfcc":"A41","tiger:county":"San Francisco, CA","tiger:name_base":"Washington","tiger:name_type":"St"},"geometry":{"type":"LineString","coordinates":[[-122.3970127,37.7963522],[-122.397109,37.796337],[-122.3980631,37.7962131],[-122.3981915,37.7961842]]}},{"type":"Feature","id":27146051,"properties":{"access":"destination","covered":"yes","highway":"service","lanes":"2","oneway":"yes","service":"driveway","turn:lanes":"through|through"},"geometry":{"type":"LineString","coordinates":[[-122.3963232,37.7945891],[-122.3963143,37.7945613],[-122.3961778,37.7938782],[-122.396174,37.793867]]}},{"type":"Feature","id":27397715,"properties":{"foot":"no","highway":"tertiary","name":"Washington Street","name:etymology:wikidata":"Q23","sidewalk:both":"separate","surface":"asphalt","tiger:cfcc":"A41","tiger:county":"San Francisco, CA","tiger:name_base":"Washington","tiger:name_type":"St"},"geometry":{"type":"LineString","coordinates":[[-122.395556,37.7966342],[-122.39546,37.7966925],[-122.3954399,37.7967046],[-122.3954196,37.7967168],[-122.3953356,37.7967682]]}},{"type":"Feature","id":27398048,"properties":{"highway":"tertiary","lanes":"2","lanes:psv":"1","name":"Clay Street","oneway":"yes","sidewalk:both":"separate","surface":"asphalt","tiger:cfcc":"A41","tiger:county":"San Francisco, CA","tiger:name_base":"Clay","tiger:name_type":"St","trolley_wire":"yes"},"geometry":{"type":"LineString","coordinates":[[-122.3998945,37.7950855],[-122.3995698,37.7951502],[-122.3992967,37.7951846],[-122.3991785,37.7951996],[-122.3989539,37.7952298],[-122.3987357,37.7952574]]}},{"type":"Feature","id":28319343,"properties":{"cycleway:both":"no","highway":"tertiary","lanes":"2","name":"Drumm Street","oneway":"yes","source":"Yahoo","surface":"asphalt","trolley_wire":"yes"},"geometry":{"type":"LineString","coordinates":[[-122.3963524,37.7936868],[-122.3963539,37.7936943],[-122.3963664,37.7937582],[-122.3963819,37.7938228],[-122.3964193,37.794005],[-122.3965343,37.7945497],[-122.3965439,37.794602]]}},{"type":"Feature","id":28843496,"properties":{"highway":"unclassified","lanes":"2","name":"Drumm Street","oneway":"no","sidewalk:both":"separate","surface":"asphalt","tiger:cfcc":"A41","tiger:county":"San Francisco, CA","tiger:name_base":"Drumm","tiger:name_type":"St"},"geometry":{"type":"LineString","coordinates":[[-122.397188,37.7972396],[-122.3971674,37.7972167],[-122.3971583,37.797197],[-122.3970551,37.7966823],[-122.3970363,37.7966002]]}},{"type":"Feature","id":30035709,"properties":{"cable_tram":"cable","electrified":"no","gauge":"1067","network":"Muni","operator":"San Francisco Municipal Railway","owner":"San Francisco Municipal Railway","railway":"tram","railway:preferred_direction":"forward"},"geometry":{"type":"LineString","coordinates":[[-122.3960333,37.7937361],[-122.3962202,37.7937113]]}},{"type":"Feature","id":30758839,"properties":{"highway":"unclassified","lanes":"2","name":"Drumm Street","oneway":"yes","surface":"asphalt","tiger:cfcc":"A41","tiger:county":"San Francisco, CA","tiger:name_base":"Drumm","tiger:name_type":"St"},"geometry":{"type":"LineString","coordinates":[[-122.3970363,37.7966002],[-122.3970471,37.7965283],[-122.397028,37.7964335],[-122.3970127,37.7963522]]}},{"type":"Feature","id":32930554,"properties":{"cycleway:right":"track","foot":"no","hgv":"designated","highway":"primary","lanes":"2","lcn_ref":"5","lit":"yes","maxspeed":"30 mph","name":"The Embarcadero","oneway":"yes","oneway:bicycle":"no","sidewalk":"separate","source:hgv":"https://sfplanninggis.org/TIM/?search=3591024#searchbox","surface":"asphalt","tiger:cfcc":"A45","tiger:county":"San Francisco, CA","tiger:name_base":"The Embarcadero"},"geometry":{"type":"LineString","coordinates":[[-122.3953356,37.7967682],[-122.39546,37.7969317],[-122.3955615,37.7970401]]}},{"type":"Feature","id":32931798,"properties":{"cycleway:right":"lane","cycleway:right:buffer":"yes","highway":"tertiary","lanes":"2","name":"Washington Street","name:etymology:wikidata":"Q23","oneway":"yes","sidewalk":"right","surface":"asphalt","tiger:cfcc":"A41","tiger:county":"San Francisco, CA","tiger:name_base":"Washington","tiger:name_type":"St"},"geometry":{"type":"LineString","coordinates":[[-122.395556,37.7966342],[-122.3956341,37.7966277],[-122.3956926,37.7966228],[-122.3958407,37.7966068],[-122.3961102,37.7965719],[-122.396319,37.7965415],[-122.3964828,37.7965101],[-122.396818,37.7964208],[-122.3969087,37.7963968]]}},{"type":"Feature","id":88597553,"properties":{"cycleway:right":"no","hgv":"designated","highway":"tertiary","lanes":"2","lanes:bus":"1","lit":"yes","maxspeed":"20 mph","name":"Pine Street","oneway":"yes","sidewalk":"separate","source:hgv":"https://sfplanninggis.org/TIM/?search=3591024#searchbox","surface":"asphalt","tiger:cfcc":"A41","tiger:county":"San Francisco, CA","tiger:name_base":"Pine","tiger:name_type":"St"},"geometry":{"type":"LineString","coordinates":[[-122.3974308,37.7925584],[-122.3974726,37.7925539],[-122.3976018,37.7925437],[-122.3978323,37.7925142]]}},{"type":"Feature","id":88597563,"properties":{"cycleway":"separate","highway":"tertiary","lanes":"4","lanes:psv":"1","lit":"yes","maxspeed:type":"US:urban","name":"Beale Street","name:etymology:wikidata":"Q1292161","oneway":"yes","sidewalk":"separate","surface":"asphalt","tiger:cfcc":"A41","tiger:county":"San Francisco, CA","tiger:name_base":"Beale","tiger:name_type":"St","trolley_wire":"yes"},"geometry":{"type":"LineString","coordinates":[[-122.3974037,37.7924404],[-122.3973935,37.7924207],[-122.3973796,37.7923938],[-122.3973171,37.7923338],[-122.3969055,37.7920192],[-122.3967834,37.7919259]]}},{"type":"Feature","id":88597575,"properties":{"highway":"secondary","lanes":"3","name":"Front Street","oneway":"yes","sidewalk":"separate","surface":"asphalt","tiger:cfcc":"A41","tiger:county":"San Francisco, CA","tiger:name_base":"Front","tiger:name_type":"St","turn:lanes":"left|left;through|through"},"geometry":{"type":"LineString","coordinates":[[-122.3982976,37.791734],[-122.3983156,37.7917442],[-122.3983752,37.7917783],[-122.3984483,37.7918226],[-122.3984764,37.7918501],[-122.3985001,37.7918818],[-122.3985291,37.7920217]]}},{"type":"Feature","id":132121561,"properties":{"highway":"pedestrian"},"geometry":{"type":"LineString","coordinates":[[-122.3961216,37.7951069],[-122.3961161,37.7950782],[-122.3960594,37.7947849]]}},{"type":"Feature","id":196672885,"properties":{"foot":"yes","highway":"pedestrian","name":"Davis Court","sidewalk":"both","tiger:cfcc":"A41","tiger:county":"San Francisco, CA","tiger:name_base":"Davis","tiger:name_type":"Ct"},"geometry":{"type":"LineString","coordinates":[[-122.3982058,37.7963683],[-122.3981887,37.7962649],[-122.3981915,37.7961842]]}},{"type":"Feature","id":202317711,"properties":{"bicycle":"yes","bus":"yes","cycleway":"shared_lane","foot":"yes","highway":"tertiary","lane_markings":"yes","lit":"yes","maxspeed":"20 mph","maxspeed:type":"sign","motor_vehicle":"no","name":"Market Street","rideshare:conditional":"yes @ (brand:wikidata=Q136550451; Q136550335; Q15330)","sidewalk":"separate","surface":"asphalt","taxi":"yes","tiger:cfcc":"A45","tiger:county":"San Francisco, CA","tiger:name_base":"Market","tiger:name_type":"St","trolley_wire":"yes"},"geometry":{"type":"LineString","coordinates":[[-122.3974037,37.7924404],[-122.3975333,37.792338],[-122.398102,37.7918901],[-122.3981827,37.7918248],[-122.3982976,37.791734]]}},{"type":"Feature","id":224199013,"properties":{"cycleway:both":"no","highway":"tertiary","lanes":"2","lit":"yes","maxspeed:type":"US:urban","motor_vehicle":"yes","name":"Drumm Street","oneway":"yes","surface":"asphalt","tiger:cfcc":"A41","tiger:county":"San Francisco, CA","tiger:name_base":"Drumm","tiger:name_type":"St","turn:lanes":"left|left"},"geometry":{"type":"LineString","coordinates":[[-122.39648,37.7936638],[-122.3964786,37.7936495],[-122.3964715,37.7936062],[-122.396442,37.7934589],[-122.3964263,37.7933874],[-122.3963771,37.7932884],[-122.3963597,37.7932761]]}},{"type":"Feature","id":224199014,"properties":{"highway":"tertiary","lanes":"2","name":"Drumm Street","oneway":"yes","surface":"asphalt","tiger:cfcc":"A41","tiger:county":"San Francisco, CA","tiger:name_base":"Drumm","tiger:name_type":"St","trolley_wire":"yes"},"geometry":{"type":"LineString","coordinates":[[-122.396743,37.7950705],[-122.3967346,37.7950224],[-122.3966782,37.794735]]}},{"type":"Feature","id":224199018,"properties":{"foot":"yes","highway":"tertiary","lanes":"2","lanes:psv":"1","lit":"yes","name":"Sacramento Street","oneway":"yes","shoulder":"no","sidewalk:both":"separate","surface":"asphalt","tiger:cfcc":"A41","tiger:county":"San Francisco, CA","tiger:name_base":"Sacramento","tiger:name_type":"St","trolley_wire":"yes"},"geometry":{"type":"LineString","coordinates":[[-122.3966507,37.7945886],[-122.3967483,37.7945769],[-122.3972009,37.7945192],[-122.397299,37.7945067],[-122.3975937,37.7944692],[-122.3977054,37.7944551],[-122.3978164,37.794441],[-122.3979348,37.794426],[-122.3988883,37.7943053],[-122.3989918,37.7942922],[-122.3990997,37.7942786],[-122.4000665,37.7941563],[-122.4001635,37.794144]]}},{"type":"Feature","id":224200968,"properties":{"bicycle":"yes","cycleway:right":"shared_lane","foot":"yes","highway":"tertiary","lanes":"2","lit":"yes","maxspeed":"20 mph","name":"Market Street","oneway":"yes","oneway:bicycle":"no","oneway:bus":"no","oneway:psv":"no","oneway:taxi":"no","sidewalk":"separate","surface":"asphalt","tiger:cfcc":"A45","tiger:county":"San Francisco, CA","tiger:name_base":"Market","tiger:name_type":"St","trolley_wire":"yes"},"geometry":{"type":"LineString","coordinates":[[-122.3963597,37.7932761],[-122.3960479,37.7935233],[-122.395791,37.793726],[-122.3956799,37.7938135]]}},{"type":"Feature","id":224373751,"properties":{"highway":"tertiary","lanes":"3","lit":"yes","name":"Main Street","oneway":"yes","surface":"asphalt","tiger:cfcc":"A41","tiger:county":"San Francisco, CA","tiger:name_base":"Main","tiger:name_type":"St","trolley_wire":"yes","turn:lanes":"left|none|slight_right;right"},"geometry":{"type":"LineString","coordinates":[[-122.3960609,37.7927313],[-122.3962343,37.7928976],[-122.3963649,37.7930169],[-122.3963895,37.7930648],[-122.3964058,37.7931033],[-122.3964018,37.7931526],[-122.3963745,37.7932306],[-122.3963597,37.7932761]]}},{"type":"Feature","id":224373753,"properties":{"bicycle":"yes","bus":"yes","cycleway:both":"shared_lane","cycleway:both:lane":"pictogram","foot":"yes","highway":"tertiary","lanes":"2","lit":"yes","maxspeed":"20 mph","motor_vehicle":"no","name":"Market Street","rideshare:conditional":"yes @ (brand:wikidata=Q136550451; Q136550335; Q15330)","sidewalk":"separate","surface":"asphalt","taxi":"yes","tiger:cfcc":"A45","tiger:county":"San Francisco, CA","tiger:name_base":"Market","tiger:name_type":"St","trolley_wire":"yes"},"geometry":{"type":"LineString","coordinates":[[-122.3963597,37.7932761],[-122.3966233,37.7930571],[-122.3972247,37.7925794]]}},{"type":"Feature","id":225380578,"properties":{"access":"yes","barrier":"fence","leisure":"playground","name":"Waterfront Playground at Sue Bierman Park","website":"http://www.waterfrontplayground.org/","wheelchair":"yes"},"geometry":{"type":"LineString","coordinates":[[-122.3962256,37.7963255],[-122.3962275,37.7963137],[-122.3962265,37.7963001],[-122.3962152,37.7962844],[-122.3961955,37.7962656],[-122.3961628,37.7962599],[-122.3961086,37.7962514],[-122.3960565,37.7962495],[-122.3960315,37.7962527],[-122.3960281,37.7962531],[-122.3959988,37.7962596],[-122.3959698,37.7962684],[-122.3959614,37.7962711],[-122.3959506,37.7962756],[-122.3959366,37.7962819],[-122.3959179,37.7962948],[-122.395904,37.7963082],[-122.3958927,37.7963198],[-122.3958839,37.7963256],[-122.3958768,37.7963284],[-122.3958655,37.7963294],[-122.3958547,37.7963277],[-122.3958451,37.7963258],[-122.3958288,37.7963181],[-122.395818,37.7963128],[-122.3958072,37.7963089],[-122.3957948,37.796306],[-122.3957821,37.796306],[-122.3957696,37.7963067],[-122.3957499,37.7963143],[-122.3957413,37.7963196],[-122.3957334,37.796325],[-122.3957225,37.7963389],[-122.3957165,37.7963568],[-122.3957198,37.7963741],[-122.3957278,37.796388],[-122.3957383,37.7963991],[-122.3957479,37.7964058],[-122.3957589,37.7964101],[-122.3957716,37.7964131],[-122.3957812,37.7964139],[-122.3957912,37.7964139],[-122.3958016,37.7964127],[-122.395816,37.7964091],[-122.3958258,37.796403],[-122.3958382,37.7963927],[-122.395857,37.7963769],[-122.3958689,37.7963722],[-122.3958793,37.7963702],[-122.3958899,37.7963702],[-122.3958981,37.7963712],[-122.3959104,37.7963752],[-122.3959454,37.7963916],[-122.3959717,37.7963991],[-122.3959961,37.7964016],[-122.3960185,37.7964039],[-122.3960501,37.7964032],[-122.3960758,37.7964008],[-122.3961205,37.7963915],[-122.3961585,37.7963782],[-122.3961832,37.7963659],[-122.3962012,37.7963529],[-122.3962199,37.796335],[-122.3962256,37.7963255]]}},{"type":"Feature","id":228186482,"properties":{"bicycle":"yes","bus":"yes","cycleway:both":"shared_lane","cycleway:both:lane":"pictogram","foot":"yes","highway":"tertiary","lanes":"2","lit":"yes","motor_vehicle":"no","name":"Market Street","rideshare:conditional":"yes @ (brand:wikidata=Q136550451; Q136550335; Q15330)","shoulder":"no","sidewalk":"separate","surface":"asphalt","taxi":"yes","tiger:cfcc":"A45","tiger:county":"San Francisco, CA","tiger:name_base":"Market","tiger:name_type":"St","trolley_wire":"yes"},"geometry":{"type":"LineString","coordinates":[[-122.3982976,37.791734],[-122.3984065,37.791648],[-122.3984654,37.7916014]]}},{"type":"Feature","id":254396710,"properties":{"cycleway:right":"lane","cycleway:right:lane":"exclusive","cycleway:right:oneway":"no","highway":"tertiary","lanes":"3","lit":"yes","maxspeed":"30 mph","name":"Davis Street","name:etymology:wikidata":"Q8011813","oneway":"yes","sidewalk":"separate","source:maxspeed":"sign","surface":"asphalt","tiger:cfcc":"A41","tiger:county":"San Francisco, CA","tiger:name_base":"Davis","tiger:name_type":"St","trolley_wire":"yes","turn:lanes":"through|through|right"},"geometry":{"type":"LineString","coordinates":[[-122.3974599,37.7926927],[-122.3974499,37.792645],[-122.3974373,37.7925856],[-122.3974308,37.7925584]]}},{"type":"Feature","id":254466686,"properties":{"cycleway:both":"no","highway":"tertiary","name":"California Street","name:etymology:wikidata":"Q99","sidewalk:both":"separate","surface":"asphalt","tiger:cfcc":"A41","tiger:county":"San Francisco, CA","tiger:name_base":"California","tiger:name_type":"St"},"geometry":{"type":"LineString","coordinates":[[-122.3986758,37.7933805],[-122.3987051,37.7933768],[-122.3988009,37.7933647],[-122.3989016,37.7933518],[-122.3998767,37.7932286],[-122.3999769,37.7932159]]}},{"type":"Feature","id":254756517,"properties":{"highway":"unclassified","lane_markings":"no","name":"Clay Street","oneway":"yes","sidewalk:both":"separate","surface":"asphalt","tiger:cfcc":"A41","tiger:county":"San Francisco, CA","tiger:name_base":"Clay","tiger:name_type":"St","trolley_wire":"yes"},"geometry":{"type":"LineString","coordinates":[[-122.3980104,37.7953396],[-122.3978786,37.7953424],[-122.3969857,37.795451]]}},{"type":"Feature","id":254756520,"properties":{"highway":"tertiary","lanes":"3","name":"Davis Street","name:etymology:wikidata":"Q8011813","oneway":"yes","sidewalk:both":"separate","tiger:cfcc":"A41","tiger:county":"San Francisco, CA","tiger:name_base":"Davis","tiger:name_type":"St","trolley_wire":"yes"},"geometry":{"type":"LineString","coordinates":[[-122.3980104,37.7953396],[-122.3979857,37.7952719],[-122.3979018,37.7948578],[-122.3978913,37.7948061],[-122.3978315,37.7945145],[-122.3978164,37.794441],[-122.3978032,37.7943762],[-122.397692,37.7938308],[-122.3976471,37.7936109],[-122.3976311,37.7935324],[-122.3976272,37.7935131]]}},{"type":"Feature","id":254756521,"properties":{"highway":"tertiary","lanes":"2","name":"Drumm Street","oneway":"yes","source":"Yahoo","surface":"asphalt"},"geometry":{"type":"LineString","coordinates":[[-122.3965439,37.794602],[-122.3965562,37.7946688],[-122.396613,37.7950028],[-122.3966188,37.7950368],[-122.3966308,37.7951047],[-122.3966697,37.7952879],[-122.396706,37.7954585],[-122.3967162,37.7955066]]}},{"type":"Feature","id":262943779,"properties":{"highway":"unclassified","lanes":"2","name":"Drumm Street","oneway":"yes","source":"Yahoo","surface":"asphalt"},"geometry":{"type":"LineString","coordinates":[[-122.3969087,37.7963968],[-122.396936,37.7964665],[-122.3969712,37.7965271],[-122.3970363,37.7966002]]}},{"type":"Feature","id":262943781,"properties":{"highway":"tertiary","lanes":"2","name":"Drumm Street","oneway":"yes","surface":"asphalt","tiger:cfcc":"A41","tiger:county":"San Francisco, CA","tiger:name_base":"Drumm","tiger:name_type":"St"},"geometry":{"type":"LineString","coordinates":[[-122.3970127,37.7963522],[-122.396996,37.7962788],[-122.3969841,37.7962231],[-122.3968553,37.7955981]]}},{"type":"Feature","id":359898157,"properties":{"cycleway:right":"lane","hgv":"designated","highway":"primary","lanes":"4","lcn_ref":"5","lit":"yes","maxspeed":"30 mph","name":"The Embarcadero","oneway":"yes","sidewalk:left":"no","sidewalk:right":"separate","source:hgv":"https://sfplanninggis.org/TIM/?search=3591024#searchbox","surface":"asphalt","tiger:cfcc":"A45","tiger:county":"San Francisco, CA","tiger:name_base":"The Embarcadero","turn:lanes":"left|none|through|right"},"geometry":{"type":"LineString","coordinates":[[-122.3959486,37.7971074],[-122.3956923,37.7967967],[-122.395556,37.7966342]]}},{"type":"Feature","id":397146705,"properties":{"highway":"tertiary","lanes":"2","name":"Front Street","oneway":"yes","sidewalk:both":"separate","tiger:cfcc":"A41","tiger:county":"San Francisco, CA","tiger:name_base":"Front","tiger:name_type":"St","turn:lanes":"right|right"},"geometry":{"type":"LineString","coordinates":[[-122.3989918,37.7942922],[-122.3990088,37.7943747],[-122.3990738,37.79469],[-122.3990828,37.7947334],[-122.3991619,37.7951186],[-122.3991785,37.7951996]]}},{"type":"Feature","id":397146706,"properties":{"cycleway:right":"no","highway":"tertiary","lanes":"2","lit":"yes","maxspeed:type":"US:urban","name":"Front Street","oneway":"yes","sidewalk":"separate","surface":"asphalt","tiger:cfcc":"A41","tiger:county":"San Francisco, CA","tiger:name_base":"Front","tiger:name_type":"St"},"geometry":{"type":"LineString","coordinates":[[-122.3986103,37.7924133],[-122.398628,37.7925019],[-122.3986695,37.7927096],[-122.3987016,37.7928706],[-122.3987812,37.793269],[-122.3987994,37.793357],[-122.3988009,37.7933647],[-122.3988048,37.7933835],[-122.3988238,37.7934699],[-122.3989001,37.7938468],[-122.3989807,37.7942385],[-122.3989918,37.7942922]]}},{"type":"Feature","id":397150140,"properties":{"cycleway":"separate","highway":"tertiary","lanes":"4","lanes:psv":"1","name":"Beale Street","name:etymology:wikidata":"Q1292161","oneway":"yes","sidewalk:both":"separate","surface":"asphalt","tiger:cfcc":"A41","tiger:county":"San Francisco, CA","tiger:name_base":"Beale","tiger:name_type":"St","trolley_wire":"yes"},"geometry":{"type":"LineString","coordinates":[[-122.3964688,37.7916743],[-122.3963093,37.7915467]]}},{"type":"Feature","id":408586838,"properties":{"highway":"tertiary","lanes":"3","lit":"yes","name":"Main Street","oneway":"yes","sidewalk":"separate","surface":"asphalt","tiger:cfcc":"A41","tiger:county":"San Francisco, CA","tiger:name_base":"Main","tiger:name_type":"St","trolley_wire":"yes","turn:lanes":"left|none|"},"geometry":{"type":"LineString","coordinates":[[-122.3953958,37.792203],[-122.3954942,37.7922812],[-122.3955374,37.7923155],[-122.3957411,37.7924773],[-122.3957533,37.7924869]]}},{"type":"Feature","id":417099304,"properties":{"cycleway":"separate","highway":"tertiary","lanes":"3","lanes:psv":"1","name":"Beale Street","name:etymology:wikidata":"Q1292161","oneway":"yes","sidewalk:both":"separate","surface":"asphalt","tiger:cfcc":"A41","tiger:county":"San Francisco, CA","tiger:name_base":"Beale","tiger:name_type":"St","trolley_wire":"yes"},"geometry":{"type":"LineString","coordinates":[[-122.3967834,37.7919259],[-122.396701,37.79186],[-122.3964688,37.7916743]]}},{"type":"Feature","id":417099330,"properties":{"cycleway:both":"no","highway":"tertiary","maxspeed:type":"US:urban","name":"California Street","name:etymology:wikidata":"Q99","sidewalk:both":"separate","surface":"asphalt","tiger:cfcc":"A41","tiger:county":"San Francisco, CA","tiger:name_base":"California","tiger:name_type":"St","turn:lanes:backward":"|right"},"geometry":{"type":"LineString","coordinates":[[-122.3976272,37.7935131],[-122.3977363,37.7934983],[-122.3986758,37.7933805]]}},{"type":"Feature","id":417101703,"properties":{"highway":"tertiary","lanes":"2","name":"Drumm Street","oneway":"yes","source":"Yahoo","surface":"asphalt"},"geometry":{"type":"LineString","coordinates":[[-122.3968921,37.7963219],[-122.3969087,37.7963968]]}},{"type":"Feature","id":417101704,"properties":{"highway":"tertiary","lanes":"2","name":"Drumm Street","oneway":"yes","surface":"asphalt","tiger:cfcc":"A41","tiger:county":"San Francisco, CA","tiger:name_base":"Drumm","tiger:name_type":"St","trolley_wire":"yes"},"geometry":{"type":"LineString","coordinates":[[-122.3968336,37.7954802],[-122.3968229,37.7954316],[-122.3967868,37.7952708],[-122.396743,37.7950705]]}},{"type":"Feature","id":417101706,"properties":{"highway":"tertiary","lanes":"2","name":"Drumm Street","oneway":"yes","tiger:cfcc":"A41","tiger:county":"San Francisco, CA","tiger:name_base":"Drumm","tiger:name_type":"St","trolley_wire":"yes"},"geometry":{"type":"LineString","coordinates":[[-122.3966782,37.794735],[-122.3966635,37.7946551],[-122.3966507,37.7945886]]}},{"type":"Feature","id":417101708,"properties":{"highway":"secondary","lanes":"3","name":"Front Street","oneway":"yes","sidewalk":"separate","surface":"asphalt","tiger:cfcc":"A41","tiger:county":"San Francisco, CA","tiger:name_base":"Front","tiger:name_type":"St","turn:lanes":"left|left;through|through"},"geometry":{"type":"LineString","coordinates":[[-122.3985291,37.7920217],[-122.3985956,37.7923426],[-122.3986103,37.7924133]]}},{"type":"Feature","id":417101722,"properties":{"cycleway:right":"lane","cycleway:right:buffer":"yes","highway":"tertiary","lanes":"1","name":"Washington Street","name:etymology:wikidata":"Q23","oneway":"yes","sidewalk":"right","surface":"asphalt","tiger:cfcc":"A41","tiger:county":"San Francisco, CA","tiger:name_base":"Washington","tiger:name_type":"St"},"geometry":{"type":"LineString","coordinates":[[-122.3960307,37.796493],[-122.3958387,37.7965196],[-122.3956364,37.7965526],[-122.3956012,37.7965884],[-122.395556,37.7966342]]}},{"type":"Feature","id":418196173,"properties":{"highway":"tertiary_link","oneway":"no","surface":"asphalt"},"geometry":{"type":"LineString","coordinates":[[-122.396114,37.7964817],[-122.3961102,37.7965719]]}},{"type":"Feature","id":462445108,"properties":{"highway":"pedestrian","old_name":"Commercial Street","tiger:cfcc":"A41","tiger:county":"San Francisco, CA","tiger:name_base":"Commercial","tiger:name_type":"St"},"geometry":{"type":"LineString","coordinates":[[-122.3992032,37.7947174],[-122.4000697,37.7946012],[-122.4001553,37.7945905]]}},{"type":"Feature","id":512984873,"properties":{"highway":"tertiary","lit":"yes","maxspeed:type":"US:urban","name":"California Street","name:etymology:wikidata":"Q99","surface":"asphalt","tiger:cfcc":"A41","tiger:county":"San Francisco, CA","tiger:name_base":"California","tiger:name_type":"St"},"geometry":{"type":"LineString","coordinates":[[-122.3963524,37.7936868],[-122.39648,37.7936638]]}},{"type":"Feature","id":512984874,"properties":{"cycleway:both":"no","highway":"tertiary","lanes":"2","maxspeed:type":"US:urban","name":"Drumm Street","oneway":"yes","surface":"asphalt","tiger:cfcc":"A41","tiger:county":"San Francisco, CA","tiger:name_base":"Drumm","tiger:name_type":"St"},"geometry":{"type":"LineString","coordinates":[[-122.3966507,37.7945886],[-122.3966406,37.7945362],[-122.3964934,37.7937805],[-122.3964854,37.7937373],[-122.3964814,37.7936781],[-122.39648,37.7936638]]}},{"type":"Feature","id":512984875,"properties":{"cycleway:both":"no","highway":"tertiary","lanes":"2","name":"Drumm Street","oneway":"yes","source":"Yahoo","surface":"asphalt","trolley_wire":"yes"},"geometry":{"type":"LineString","coordinates":[[-122.3963597,37.7932761],[-122.396346,37.7933134],[-122.3963185,37.7933874],[-122.3963177,37.7934617],[-122.3963254,37.793549],[-122.3963508,37.7936793],[-122.3963524,37.7936868]]}},{"type":"Feature","id":513729745,"properties":{"highway":"tertiary","lanes":"3","maxheight":"default","name":"Clay Street","oneway":"yes","sidewalk:both":"separate","tiger:cfcc":"A41","tiger:county":"San Francisco, CA","tiger:name_base":"Clay","tiger:name_type":"St","trolley_wire":"yes","turn:lanes":"|right|right"},"geometry":{"type":"LineString","coordinates":[[-122.3987357,37.7952574],[-122.3983056,37.7953118],[-122.3981152,37.7953384],[-122.3980104,37.7953396]]}},{"type":"Feature","id":556413473,"properties":{"area":"yes","bus":"yes","highway":"platform","network":"Muni","operator":"San Francisco Municipal Railway","public_transport":"platform","railway":"platform","tram":"yes","wheelchair":"limited","wheelchair:description":"step-free access for buses but not light rail; pass through platform to reach accessible light rail platform"},"geometry":{"type":"LineString","coordinates":[[-122.3955645,37.7969292],[-122.3955794,37.7969209],[-122.3957294,37.7970907],[-122.3957098,37.7971015],[-122.3957009,37.7971064],[-122.3955508,37.7969367],[-122.3955645,37.7969292]]}},{"type":"Feature","id":556413478,"properties":{"area":"yes","bus":"yes","highway":"platform","network":"Muni","operator":"San Francisco Municipal Railway","public_transport":"platform","railway":"platform","tram":"yes","wheelchair":"limited","wheelchair:description":"step-free access for buses but not light rail; pass through platform to reach accessible light rail platform"},"geometry":{"type":"LineString","coordinates":[[-122.3953363,37.796516],[-122.395323,37.7965235],[-122.39515,37.7963337],[-122.3951676,37.7963237],[-122.3951773,37.7963181],[-122.3953504,37.796508],[-122.3953363,37.796516]]}},{"type":"Feature","id":563105553,"properties":{"highway":"service"},"geometry":{"type":"LineString","coordinates":[[-122.3961102,37.7965719],[-122.396123,37.7966504],[-122.3961257,37.7966671],[-122.396238,37.7967906]]}},{"type":"Feature","id":563105555,"properties":{"highway":"service","service":"parking_aisle"},"geometry":{"type":"LineString","coordinates":[[-122.3959359,37.7967429],[-122.3961797,37.7969912],[-122.3964085,37.7972125],[-122.3964447,37.7973534],[-122.3965667,37.7975092]]}},{"type":"Feature","id":563105556,"properties":{"highway":"service"},"geometry":{"type":"LineString","coordinates":[[-122.3961797,37.7969912],[-122.3960535,37.7970547],[-122.3959486,37.7971074]]}},{"type":"Feature","id":563462029,"properties":{"access":"private","highway":"service","service":"driveway","surface":"concrete"},"geometry":{"type":"LineString","coordinates":[[-122.3954942,37.7922812],[-122.3954125,37.7923555],[-122.3953586,37.7923993],[-122.3953429,37.7924108]]}},{"type":"Feature","id":563462031,"properties":{"access":"private","highway":"service","service":"driveway","surface":"asphalt"},"geometry":{"type":"LineString","coordinates":[[-122.3952063,37.792521],[-122.3950379,37.7923832]]}},{"type":"Feature","id":619378866,"properties":{"highway":"tertiary","lanes":"3","lit":"yes","maxspeed":"30 mph","name":"Davis Street","name:etymology:wikidata":"Q8011813","oneway":"yes","sidewalk:both":"separate","source:maxspeed":"sign","surface":"asphalt","tiger:cfcc":"A41","tiger:county":"San Francisco, CA","tiger:name_base":"Davis","tiger:name_type":"St","trolley_wire":"yes"},"geometry":{"type":"LineString","coordinates":[[-122.3976272,37.7935131],[-122.3976258,37.7935055],[-122.3976082,37.7934203],[-122.397551,37.7931397]]}},{"type":"Feature","id":619590730,"properties":{"bicycle":"yes","cycleway:right":"shared_lane","cycleway:right:lane":"pictogram","foot":"yes","highway":"tertiary","lanes":"2","maxspeed":"20 mph","name":"Market Street","oneway":"yes","oneway:bicycle":"no","oneway:bus":"no","oneway:psv":"no","oneway:taxi":"no","sidewalk":"separate","surface":"asphalt","tiger:cfcc":"A45","tiger:county":"San Francisco, CA","tiger:name_base":"Market","tiger:name_type":"St","trolley_wire":"yes"},"geometry":{"type":"LineString","coordinates":[[-122.3956799,37.7938135],[-122.3955738,37.793897],[-122.3951338,37.7942447]]}},{"type":"Feature","id":619590733,"properties":{"area":"yes","bench":"no","bin":"yes","lit":"yes","network":"Muni","operator":"San Francisco Municipal Railway","public_transport":"platform","railway":"platform","shelter":"yes","tactile_paving":"no","tram":"yes","wheelchair":"limited","wheelchair:description":"pass through platform to reach accessible platform"},"geometry":{"type":"LineString","coordinates":[[-122.3967873,37.7928814],[-122.3967801,37.7928758],[-122.3967719,37.7928693],[-122.3966255,37.7929861],[-122.396634,37.7929927],[-122.396641,37.7929982],[-122.3967873,37.7928814]]}},{"type":"Feature","id":619593084,"properties":{"bicycle":"yes","bus":"yes","cycleway:both":"shared_lane","cycleway:both:lane":"pictogram","foot":"yes","highway":"tertiary","lanes":"2","lit":"yes","motor_vehicle":"no","name":"Market Street","rideshare:conditional":"yes @ (brand:wikidata=Q136550451; Q136550335; Q15330)","shoulder":"no","sidewalk":"separate","surface":"asphalt","taxi":"yes","tiger:cfcc":"A45","tiger:county":"San Francisco, CA","tiger:name_base":"Market","tiger:name_type":"St","trolley_wire":"yes"},"geometry":{"type":"LineString","coordinates":[[-122.3972247,37.7925794],[-122.3974037,37.7924404]]}},{"type":"Feature","id":619593085,"properties":{"bus":"yes","hgv":"designated","highway":"tertiary","lanes":"2","lit":"yes","maxspeed":"20 mph","motor_vehicle":"no","name":"Pine Street","oneway":"yes","rideshare:conditional":"yes @ (brand:wikidata=Q136550451; Q136550335; Q15330)","sidewalk":"separate","source:hgv":"https://sfplanninggis.org/TIM/?search=3591024#searchbox","surface":"asphalt","taxi":"yes","tiger:cfcc":"A41","tiger:county":"San Francisco, CA","tiger:name_base":"Pine","tiger:name_type":"St"},"geometry":{"type":"LineString","coordinates":[[-122.3972247,37.7925794],[-122.3972639,37.7925753],[-122.3974308,37.7925584]]}},{"type":"Feature","id":619593086,"properties":{"highway":"tertiary","lanes":"3","lit":"yes","maxspeed":"30 mph","name":"Davis Street","name:etymology:wikidata":"Q8011813","oneway":"yes","sidewalk":"separate","source:maxspeed":"sign","surface":"asphalt","tiger:cfcc":"A41","tiger:county":"San Francisco, CA","tiger:name_base":"Davis","tiger:name_type":"St","trolley_wire":"yes"},"geometry":{"type":"LineString","coordinates":[[-122.3974308,37.7925584],[-122.3974095,37.7924657],[-122.3974037,37.7924404]]}},{"type":"Feature","id":619979119,"properties":{"bus":"yes","cycleway:right":"shared_lane","cycleway:right:lane":"pictogram","highway":"tertiary","lanes":"1","lit":"yes","maxspeed":"20 mph","motor_vehicle":"no","name":"Market Street","oneway":"yes","rideshare:conditional":"yes @ (brand:wikidata=Q136550451; Q136550335; Q15330)","sidewalk:left":"no","sidewalk:right":"separate","surface":"asphalt","taxi":"yes","trolley_wire":"yes"},"geometry":{"type":"LineString","coordinates":[[-122.3974037,37.7924404],[-122.3973391,37.792465],[-122.3972265,37.7925077],[-122.3970307,37.7926534],[-122.3968598,37.7927785],[-122.3965653,37.7930122],[-122.3964503,37.7931697],[-122.3963597,37.7932761]]}},{"type":"Feature","id":620169771,"properties":{"cycleway:right":"no","hgv":"designated","highway":"secondary","lanes":"4","lanes:bus":"1","lit":"yes","maxspeed":"20 mph","name":"Pine Street","oneway":"yes","sidewalk:both":"separate","source:hgv":"https://sfplanninggis.org/TIM/?search=3591024#searchbox","surface":"asphalt","tiger:cfcc":"A41","tiger:county":"San Francisco, CA","tiger:name_base":"Pine","tiger:name_type":"St"},"geometry":{"type":"LineString","coordinates":[[-122.3986103,37.7924133],[-122.398719,37.7923991],[-122.3992226,37.7923335],[-122.3994447,37.792305],[-122.3996548,37.7922779],[-122.3996859,37.7922739],[-122.3997849,37.7922611],[-122.3998882,37.7922479],[-122.4001147,37.7922188],[-122.4008686,37.7921272],[-122.4009593,37.7921162]]}},{"type":"Feature","id":620728119,"properties":{"highway":"tertiary","lanes":"2","name":"Washington Street","name:etymology:wikidata":"Q23","oneway":"yes","sidewalk":"right","surface":"asphalt","tiger:cfcc":"A41","tiger:county":"San Francisco, CA","tiger:name_base":"Washington","tiger:name_type":"St"},"geometry":{"type":"LineString","coordinates":[[-122.3969087,37.7963968],[-122.3970127,37.7963522]]}},{"type":"Feature","id":675498892,"properties":{"area":"yes","bench":"no","bin":"yes","height":"2'10\"","lit":"yes","network":"Muni","operator":"San Francisco Municipal Railway","public_transport":"platform","railway":"platform","shelter":"no","tactile_paving":"no","tram":"yes","wheelchair":"designated"},"geometry":{"type":"LineString","coordinates":[[-122.3968848,37.7928054],[-122.3968717,37.7927952],[-122.3968548,37.7928087],[-122.3968595,37.7928124],[-122.3968679,37.7928189],[-122.3968848,37.7928054]]}},{"type":"Feature","id":675498893,"properties":{"area":"yes","bench":"no","bin":"no","height":"2'10\"","lit":"yes","network":"Muni","operator":"San Francisco Municipal Railway","public_transport":"platform","railway":"platform","shelter":"no","tactile_paving":"yes","tram":"yes","wheelchair":"designated"},"geometry":{"type":"LineString","coordinates":[[-122.3958948,37.7937205],[-122.3958877,37.7937149],[-122.3958819,37.7937102],[-122.3958648,37.7937236],[-122.3958777,37.7937339],[-122.3958948,37.7937205]]}},{"type":"Feature","id":675498934,"properties":{"area":"yes","height":"2'10\"","network":"Muni","operator":"San Francisco Municipal Railway","public_transport":"platform","railway":"platform","tram":"yes","wheelchair":"designated"},"geometry":{"type":"LineString","coordinates":[[-122.3957946,37.7971693],[-122.3957778,37.7971785],[-122.39577,37.7971828],[-122.3957865,37.7972014],[-122.395811,37.7971879],[-122.3957946,37.7971693]]}},{"type":"Feature","id":675498936,"properties":{"area":"yes","height":"2'10\"","network":"Muni","operator":"San Francisco Municipal Railway","public_transport":"platform","railway":"platform","tram":"yes","wheelchair":"designated"},"geometry":{"type":"LineString","coordinates":[[-122.3951125,37.7962512],[-122.3950882,37.796265],[-122.395105,37.7962834],[-122.395122,37.7962738],[-122.3951293,37.7962696],[-122.3951125,37.7962512]]}},{"type":"Feature","id":679349455,"properties":{"area":"yes","bench":"no","bin":"no","lit":"yes","network":"Muni","operator":"San Francisco Municipal Railway","public_transport":"platform","railway":"platform","shelter":"no","tactile_paving":"no","tram":"yes","wheelchair":"no"},"geometry":{"type":"LineString","coordinates":[[-122.3961626,37.7937348],[-122.3962474,37.793724],[-122.3962491,37.7937325],[-122.3961643,37.7937433],[-122.3961634,37.793739],[-122.3961626,37.7937348]]}},{"type":"Feature","id":680243310,"properties":{"highway":"unclassified","name":"Clay Street","oneway":"yes","sidewalk:both":"separate","tiger:cfcc":"A41","tiger:county":"San Francisco, CA","tiger:name_base":"Clay","tiger:name_type":"St","trolley_wire":"yes"},"geometry":{"type":"LineString","coordinates":[[-122.3969857,37.795451],[-122.3969265,37.795458],[-122.3968336,37.7954802]]}},{"type":"Feature","id":680243315,"properties":{"cycleway:right":"no","hgv":"designated","highway":"tertiary","lanes":"3","lanes:bus":"1","maxspeed":"20 mph","name":"Pine Street","oneway":"yes","sidewalk":"separate","source:hgv":"https://sfplanninggis.org/TIM/?search=3591024#searchbox","surface":"asphalt","tiger:cfcc":"A41","tiger:county":"San Francisco, CA","tiger:name_base":"Pine","tiger:name_type":"St"},"geometry":{"type":"LineString","coordinates":[[-122.3984844,37.7924306],[-122.3985163,37.7924262],[-122.3986103,37.7924133]]}},{"type":"Feature","id":680402687,"properties":{"highway":"tertiary","lanes":"3","lit":"yes","name":"Main Street","oneway":"yes","sidewalk":"separate","surface":"asphalt","tiger:cfcc":"A41","tiger:county":"San Francisco, CA","tiger:name_base":"Main","tiger:name_type":"St","trolley_wire":"yes","turn:lanes":"left|none|"},"geometry":{"type":"LineString","coordinates":[[-122.3957533,37.7924869],[-122.3960609,37.7927313]]}},{"type":"Feature","id":680987090,"properties":{"cable_tram":"cable","electrified":"no","gauge":"1067","network":"Muni","operator":"San Francisco Municipal Railway","owner":"San Francisco Municipal Railway","railway":"tram","railway:preferred_direction":"forward"},"geometry":{"type":"LineString","coordinates":[[-122.3962202,37.7937113],[-122.3962597,37.7937061],[-122.3962674,37.7937051]]}},{"type":"Feature","id":680987092,"properties":{"electrified":"no","gauge":"1067","network":"Muni","operator":"San Francisco Municipal Railway","owner":"San Francisco Municipal Railway","railway":"tram","railway:preferred_direction":"forward"},"geometry":{"type":"LineString","coordinates":[[-122.3965871,37.79363],[-122.3965545,37.7936339],[-122.3964786,37.7936495],[-122.3964163,37.7936624],[-122.3963809,37.7936719],[-122.3963508,37.7936793],[-122.3963168,37.7936896],[-122.3962811,37.7937006],[-122.3962674,37.7937051]]}},{"type":"Feature","id":695508706,"properties":{"leisure":"outdoor_seating"},"geometry":{"type":"LineString","coordinates":[[-122.3956795,37.795092],[-122.3956353,37.7951299],[-122.3952317,37.7948311],[-122.3952812,37.7947916],[-122.3956795,37.795092]]}},{"type":"Feature","id":715535743,"properties":{"highway":"tertiary","lanes":"2","name":"Drumm Street","oneway":"yes","surface":"asphalt","tiger:cfcc":"A41","tiger:county":"San Francisco, CA","tiger:name_base":"Drumm","tiger:name_type":"St"},"geometry":{"type":"LineString","coordinates":[[-122.3968553,37.7955981],[-122.3968449,37.7955419],[-122.3968336,37.7954802]]}},{"type":"Feature","id":715535744,"properties":{"highway":"service","surface":"asphalt"},"geometry":{"type":"LineString","coordinates":[[-122.3966697,37.7952879],[-122.3967868,37.7952708],[-122.3968847,37.7952565],[-122.3969239,37.7952508]]}},{"type":"Feature","id":737711007,"properties":{"cycleway:right":"no","hgv":"designated","highway":"tertiary","lanes":"3","lanes:bus":"1","lit":"yes","maxspeed":"20 mph","name":"Pine Street","oneway":"yes","sidewalk":"separate","source:hgv":"https://sfplanninggis.org/TIM/?search=3591024#searchbox","surface":"asphalt","tiger:cfcc":"A41","tiger:county":"San Francisco, CA","tiger:name_base":"Pine","tiger:name_type":"St"},"geometry":{"type":"LineString","coordinates":[[-122.3982706,37.792458],[-122.3984844,37.7924306]]}},{"type":"Feature","id":737711008,"properties":{"cycleway:right":"no","hgv":"designated","highway":"tertiary","lanes":"4","lanes:bus":"1","lit":"yes","maxspeed":"20 mph","name":"Pine Street","oneway":"yes","sidewalk:both":"separate","source:hgv":"https://sfplanninggis.org/TIM/?search=3591024#searchbox","surface":"asphalt","tiger:cfcc":"A41","tiger:county":"San Francisco, CA","tiger:name_base":"Pine","tiger:name_type":"St"},"geometry":{"type":"LineString","coordinates":[[-122.3980514,37.7924861],[-122.3982706,37.792458]]}},{"type":"Feature","id":737711009,"properties":{"cycleway:right":"no","hgv":"designated","highway":"tertiary","lanes":"3","lanes:bus":"1","lit":"yes","maxspeed":"20 mph","name":"Pine Street","oneway":"yes","sidewalk":"separate","source:hgv":"https://sfplanninggis.org/TIM/?search=3591024#searchbox","surface":"asphalt","tiger:cfcc":"A41","tiger:county":"San Francisco, CA","tiger:name_base":"Pine","tiger:name_type":"St"},"geometry":{"type":"LineString","coordinates":[[-122.3978323,37.7925142],[-122.3980514,37.7924861]]}},{"type":"Feature","id":737711010,"properties":{"highway":"tertiary","lanes":"3","lit":"yes","maxspeed":"30 mph","name":"Davis Street","name:etymology:wikidata":"Q8011813","oneway":"yes","sidewalk:both":"separate","source:maxspeed":"sign","surface":"asphalt","tiger:cfcc":"A41","tiger:county":"San Francisco, CA","tiger:name_base":"Davis","tiger:name_type":"St","trolley_wire":"yes"},"geometry":{"type":"LineString","coordinates":[[-122.397551,37.7931397],[-122.3975059,37.7929185]]}},{"type":"Feature","id":737711011,"properties":{"highway":"tertiary","lanes":"3","lit":"yes","maxspeed":"30 mph","name":"Davis Street","name:etymology:wikidata":"Q8011813","oneway":"yes","sidewalk:both":"separate","source:maxspeed":"sign","surface":"asphalt","tiger:cfcc":"A41","tiger:county":"San Francisco, CA","tiger:name_base":"Davis","tiger:name_type":"St","trolley_wire":"yes","turn:lanes":"through|through|right"},"geometry":{"type":"LineString","coordinates":[[-122.3975059,37.7929185],[-122.3974599,37.7926927]]}},{"type":"Feature","id":744430395,"properties":{"highway":"service"},"geometry":{"type":"LineString","coordinates":[[-122.3997102,37.7918836],[-122.3996096,37.7918948],[-122.3995945,37.7918962]]}},{"type":"Feature","id":744430396,"properties":{"highway":"service"},"geometry":{"type":"LineString","coordinates":[[-122.3996937,37.7918026],[-122.3995931,37.7918127],[-122.3995768,37.7918143]]}},{"type":"Feature","id":744435129,"properties":{"highway":"service","oneway":"yes","surface":"concrete"},"geometry":{"type":"LineString","coordinates":[[-122.3952672,37.7921016],[-122.3953485,37.7920257],[-122.3953513,37.7920223],[-122.3953853,37.7920031],[-122.3954331,37.7920089],[-122.3956104,37.7921439]]}},{"type":"Feature","id":744435130,"properties":{"highway":"service","oneway":"yes","surface":"concrete"},"geometry":{"type":"LineString","coordinates":[[-122.3956606,37.7921068],[-122.3954695,37.7919609],[-122.3954039,37.7919507],[-122.3953766,37.7919572],[-122.3953246,37.7919763],[-122.395306,37.7919914],[-122.3952174,37.7920623]]}},{"type":"Feature","id":744435131,"properties":{"highway":"service","surface":"concrete"},"geometry":{"type":"LineString","coordinates":[[-122.3955374,37.7923155],[-122.3956243,37.7922491],[-122.3957902,37.7921223]]}},{"type":"Feature","id":744435132,"properties":{"highway":"service","lit":"yes","surface":"concrete"},"geometry":{"type":"LineString","coordinates":[[-122.3957411,37.7924773],[-122.3958251,37.7924117],[-122.3958455,37.7923957]]}},{"type":"Feature","id":744435133,"properties":{"highway":"service","oneway":"yes"},"geometry":{"type":"LineString","coordinates":[[-122.3953766,37.7919572],[-122.3953339,37.7919236]]}},{"type":"Feature","id":744435134,"properties":{"highway":"service","lit":"yes","oneway":"yes","surface":"concrete"},"geometry":{"type":"LineString","coordinates":[[-122.3952747,37.791877],[-122.3951908,37.7918068],[-122.395095,37.7917358]]}},{"type":"Feature","id":744435135,"properties":{"highway":"service","oneway":"yes","tunnel":"building_passage"},"geometry":{"type":"LineString","coordinates":[[-122.3953339,37.7919236],[-122.3952747,37.791877]]}},{"type":"Feature","id":773030143,"properties":{"area":"yes","bench":"no","bin":"no","lit":"yes","network":"Muni","operator":"San Francisco Municipal Railway","public_transport":"platform","railway":"platform","shelter":"no","tactile_paving":"no","tram":"yes","wheelchair":"no"},"geometry":{"type":"LineString","coordinates":[[-122.3961556,37.7937005],[-122.3961565,37.7937048],[-122.3961574,37.7937092],[-122.3962422,37.7936984],[-122.3962404,37.7936897],[-122.3961676,37.793699],[-122.3961556,37.7937005]]}},{"type":"Feature","id":775393066,"properties":{"highway":"tertiary","lanes":"2","lanes:psv":"1","name":"Clay Street","oneway":"yes","sidewalk:both":"separate","surface":"asphalt","tiger:cfcc":"A41","tiger:county":"San Francisco, CA","tiger:name_base":"Clay","tiger:name_type":"St","trolley_wire":"yes"},"geometry":{"type":"LineString","coordinates":[[-122.4003318,37.7949983],[-122.4002493,37.7950147],[-122.3998945,37.7950855]]}},{"type":"Feature","id":775883312,"properties":{"cable_tram":"cable","electrified":"no","gauge":"1067","network":"Muni","operator":"San Francisco Municipal Railway","owner":"San Francisco Municipal Railway","railway":"tram","railway:preferred_direction":"forward"},"geometry":{"type":"LineString","coordinates":[[-122.3966372,37.7936239],[-122.3965871,37.79363]]}},{"type":"Feature","id":784813866,"properties":{"access":"destination","highway":"service","sidewalk":"no"},"geometry":{"type":"LineString","coordinates":[[-122.3970118,37.7919396],[-122.3972067,37.7917905],[-122.3972299,37.7917653],[-122.3972339,37.7917521],[-122.3972332,37.7917298],[-122.3972238,37.7917205]]}},{"type":"Feature","id":850162149,"properties":{"cycleway:right":"track","foot":"no","hgv":"designated","highway":"primary","lanes":"3","lcn_ref":"5","lit":"yes","maxspeed":"30 mph","name":"The Embarcadero","oneway":"yes","oneway:bicycle":"no","parking:lane:right":"parallel","sidewalk":"separate","source:hgv":"https://sfplanninggis.org/TIM/?search=3591024#searchbox","surface":"asphalt","tiger:cfcc":"A45","tiger:county":"San Francisco, CA","tiger:name_base":"The Embarcadero"},"geometry":{"type":"LineString","coordinates":[[-122.3955615,37.7970401],[-122.3958291,37.797333]]}},{"type":"Feature","id":850162153,"properties":{"cycleway:right":"lane","hgv":"designated","highway":"primary","lanes":"2","lcn_ref":"5","lit":"yes","maxspeed":"30 mph","name":"The Embarcadero","oneway":"yes","sidewalk:left":"no","sidewalk:right":"separate","source:hgv":"https://sfplanninggis.org/TIM/?search=3591024#searchbox","surface":"asphalt","tiger:cfcc":"A45","tiger:county":"San Francisco, CA","tiger:name_base":"The Embarcadero"},"geometry":{"type":"LineString","coordinates":[[-122.3962915,37.7975067],[-122.3959486,37.7971074]]}},{"type":"Feature","id":930538355,"properties":{"highway":"service"},"geometry":{"type":"LineString","coordinates":[[-122.3986695,37.7927096],[-122.3985745,37.7927206],[-122.3985656,37.7927217],[-122.3985535,37.7927233]]}},{"type":"Feature","id":930538356,"properties":{"highway":"service","oneway":"yes","surface":"concrete"},"geometry":{"type":"LineString","coordinates":[[-122.3998336,37.7925062],[-122.399938,37.7924943],[-122.399951,37.7924925]]}},{"type":"Feature","id":930538358,"properties":{"highway":"service"},"geometry":{"type":"LineString","coordinates":[[-122.3987016,37.7928706],[-122.3988085,37.7928557],[-122.3989169,37.7928406]]}},{"type":"Feature","id":930538359,"properties":{"highway":"service","surface":"concrete"},"geometry":{"type":"LineString","coordinates":[[-122.3998879,37.7927741],[-122.3997889,37.7927861],[-122.399756,37.7927901]]}},{"type":"Feature","id":940149657,"properties":{"access":"destination","highway":"service","oneway":"yes","service":"driveway"},"geometry":{"type":"LineString","coordinates":[[-122.396174,37.793867],[-122.3962045,37.7938346],[-122.3962817,37.7938024],[-122.3962985,37.7937955],[-122.3963192,37.7937854],[-122.3963396,37.7937743],[-122.3963664,37.7937582]]}},{"type":"Feature","id":940149658,"properties":{"access":"destination","highway":"service","oneway":"yes","service":"driveway"},"geometry":{"type":"LineString","coordinates":[[-122.3965439,37.794602],[-122.3964492,37.794593],[-122.3963827,37.7946015],[-122.3963519,37.7945952],[-122.3963232,37.7945891]]}},{"type":"Feature","id":944093115,"properties":{"area":"yes","highway":"pedestrian"},"geometry":{"type":"LineString","coordinates":[[-122.3975644,37.7937814],[-122.3975381,37.7936444],[-122.3971011,37.7936968],[-122.3971062,37.7937223],[-122.397128,37.7937049],[-122.3971483,37.7937207],[-122.3971575,37.7937354],[-122.3971652,37.7937604],[-122.3971659,37.7937854],[-122.3971584,37.7938089],[-122.3971506,37.7938223],[-122.3971245,37.7938131],[-122.3971386,37.7938887],[-122.3971042,37.7938929],[-122.3971091,37.7939119],[-122.3972233,37.7938975],[-122.3972093,37.7938253],[-122.3975644,37.7937814]]}},{"type":"Feature","id":1030276935,"properties":{"cycleway:left":"track","cycleway:left:oneway":"no","cycleway:right":"no","highway":"secondary","lanes":"3","lcn_ref":"11","maxspeed":"25 mph","name":"Battery Street","oneway":"yes","oneway:bicycle":"no","parking:lane:both":"parallel","sidewalk:both":"separate","surface":"asphalt","tiger:cfcc":"A41","tiger:county":"San Francisco, CA","tiger:name_base":"Battery","tiger:name_type":"St"},"geometry":{"type":"LineString","coordinates":[[-122.4003318,37.7949983],[-122.4003187,37.7949126],[-122.4003104,37.7948759],[-122.4002492,37.7945787],[-122.400184,37.7942482],[-122.4001763,37.7942092],[-122.4001635,37.794144]]}},{"type":"Feature","id":1030276936,"properties":{"foot":"yes","highway":"tertiary","lanes":"3","lanes:psv":"1","lit":"yes","name":"Sacramento Street","oneway":"yes","shoulder":"no","sidewalk:both":"separate","surface":"asphalt","tiger:cfcc":"A41","tiger:county":"San Francisco, CA","tiger:name_base":"Sacramento","tiger:name_type":"St","trolley_wire":"yes"},"geometry":{"type":"LineString","coordinates":[[-122.4001635,37.794144],[-122.4002742,37.79413],[-122.4005369,37.7940967],[-122.4012409,37.7940076],[-122.4013367,37.7939955]]}},{"type":"Feature","id":1052690680,"properties":{"cycleway":"separate","highway":"tertiary","lanes":"4","lanes:psv":"1","name":"Beale Street","name:etymology:wikidata":"Q1292161","oneway":"yes","sidewalk:both":"separate","surface":"asphalt","tiger:cfcc":"A41","tiger:county":"San Francisco, CA","tiger:name_base":"Beale","tiger:name_type":"St","trolley_wire":"yes","turn:lanes":"left|||through;right"},"geometry":{"type":"LineString","coordinates":[[-122.3963093,37.7915467],[-122.3960757,37.7913603]]}},{"type":"Feature","id":1090805620,"properties":{"leisure":"pitch","lit":"yes","sport":"tennis"},"geometry":{"type":"LineString","coordinates":[[-122.396522,37.7968885],[-122.3963988,37.7969048],[-122.3963543,37.7966949],[-122.3964774,37.7966786],[-122.396522,37.7968885]]}},{"type":"Feature","id":1090805621,"properties":{"leisure":"pitch","lit":"yes","sport":"tennis"},"geometry":{"type":"LineString","coordinates":[[-122.3967294,37.796881],[-122.3966062,37.7968973],[-122.3965617,37.7966874],[-122.3966848,37.7966711],[-122.3967294,37.796881]]}},{"type":"Feature","id":1090805622,"properties":{"leisure":"pitch","lit":"yes","sport":"tennis"},"geometry":{"type":"LineString","coordinates":[[-122.3968937,37.7968594],[-122.3967705,37.7968757],[-122.396726,37.7966658],[-122.3968491,37.7966495],[-122.3968937,37.7968594]]}},{"type":"Feature","id":1090805623,"properties":{"leisure":"pitch","lit":"yes","sport":"tennis"},"geometry":{"type":"LineString","coordinates":[[-122.3968054,37.7972557],[-122.3966823,37.797272],[-122.3966377,37.7970621],[-122.3967608,37.7970458],[-122.3968054,37.7972557]]}},{"type":"Feature","id":1090805624,"properties":{"leisure":"pitch","lit":"yes","sport":"tennis"},"geometry":{"type":"LineString","coordinates":[[-122.3969703,37.797235],[-122.3968472,37.7972513],[-122.3968026,37.7970413],[-122.3969257,37.797025],[-122.3969703,37.797235]]}},{"type":"Feature","id":1126161508,"properties":{"cycleway:left":"track","cycleway:left:oneway":"no","cycleway:right":"no","highway":"secondary","lanes":"3","lcn_ref":"11","maxspeed":"25 mph","name":"Battery Street","oneway":"yes","oneway:bicycle":"no","parking:lane:both":"parallel","sidewalk:both":"separate","surface":"asphalt","tiger:cfcc":"A41","tiger:county":"San Francisco, CA","tiger:name_base":"Battery","tiger:name_type":"St"},"geometry":{"type":"LineString","coordinates":[[-122.3999769,37.7932159],[-122.3999747,37.793207],[-122.3999582,37.7931249],[-122.3998879,37.7927741]]}},{"type":"Feature","id":1126161509,"properties":{"cycleway:both":"no","highway":"tertiary","name":"California Street","name:etymology:wikidata":"Q99","sidewalk:both":"separate","surface":"asphalt","tiger:cfcc":"A41","tiger:county":"San Francisco, CA","tiger:name_base":"California","tiger:name_type":"St"},"geometry":{"type":"LineString","coordinates":[[-122.3999769,37.7932159],[-122.400085,37.7932022],[-122.4000988,37.7932005],[-122.4010539,37.7930797],[-122.4011522,37.7930673]]}},{"type":"Feature","id":1126161510,"properties":{"cycleway:left":"track","cycleway:left:oneway":"no","cycleway:right":"no","highway":"secondary","lanes":"3","lcn_ref":"11","maxspeed":"25 mph","name":"Battery Street","oneway":"yes","oneway:bicycle":"no","parking:lane:both":"parallel","sidewalk:both":"separate","surface":"asphalt","tiger:cfcc":"A41","tiger:county":"San Francisco, CA","tiger:name_base":"Battery","tiger:name_type":"St"},"geometry":{"type":"LineString","coordinates":[[-122.3998879,37.7927741],[-122.3998673,37.7926711],[-122.3998336,37.7925062],[-122.399829,37.7924828],[-122.3998036,37.7923542],[-122.3997849,37.7922611]]}},{"type":"Feature","id":1144261218,"properties":{"highway":"service","sidewalk":"no"},"geometry":{"type":"LineString","coordinates":[[-122.3969055,37.7920192],[-122.3970118,37.7919396]]}},{"type":"Feature","id":1144261220,"properties":{"area":"yes","fixme":"very rough outline","highway":"pedestrian","surface":"paved"},"geometry":{"type":"LineString","coordinates":[[-122.3971709,37.7916761],[-122.3971488,37.7916587],[-122.3969084,37.7914695],[-122.396889,37.7914543],[-122.3967347,37.7915766],[-122.3967515,37.7915898],[-122.3969949,37.7917814],[-122.3970166,37.7917985],[-122.3971709,37.7916761]]}},{"type":"Feature","id":1168164482,"properties":{"cycleway:right":"lane","cycleway:right:buffer":"yes","highway":"tertiary","lanes":"2","lit":"yes","name":"Washington Street","name:etymology:wikidata":"Q23","oneway":"yes","sidewalk":"right","surface":"asphalt","tiger:cfcc":"A41","tiger:county":"San Francisco, CA","tiger:name_base":"Washington","tiger:name_type":"St"},"geometry":{"type":"LineString","coordinates":[[-122.3970127,37.7963522],[-122.3968921,37.7963219]]}},{"type":"Feature","id":1168164483,"properties":{"highway":"tertiary","lanes":"2","name":"Drumm Street","oneway":"yes","source":"Yahoo","surface":"asphalt"},"geometry":{"type":"LineString","coordinates":[[-122.3967162,37.7955066],[-122.3967288,37.7955648],[-122.396883,37.7962756],[-122.3968921,37.7963219]]}},{"type":"Feature","id":1204966173,"properties":{"highway":"service","service":"driveway","surface":"concrete"},"geometry":{"type":"LineString","coordinates":[[-122.3960894,37.7955979],[-122.3960796,37.7955453],[-122.3960688,37.7954869]]}},{"type":"Feature","id":1204966174,"properties":{"highway":"unclassified","name":"Clay Street","oneway":"yes","sidewalk:both":"separate","tiger:cfcc":"A41","tiger:county":"San Francisco, CA","tiger:name_base":"Clay","tiger:name_type":"St","trolley_wire":"yes"},"geometry":{"type":"LineString","coordinates":[[-122.3968336,37.7954802],[-122.3967162,37.7955066]]}},{"type":"Feature","id":1204966175,"properties":{"highway":"unclassified","lit":"yes","name":"Clay Street","surface":"unhewn_cobblestone","tiger:cfcc":"A41","tiger:county":"San Francisco, CA","tiger:name_base":"Clay","tiger:name_type":"St","tiger:reviewed":"no"},"geometry":{"type":"LineString","coordinates":[[-122.3958949,37.7956205],[-122.3960894,37.7955979],[-122.3961612,37.7955896],[-122.396271,37.7956271]]}},{"type":"Feature","id":1279453527,"properties":{"highway":"service","service":"driveway"},"geometry":{"type":"LineString","coordinates":[[-122.3971405,37.7942142],[-122.3971893,37.7944606],[-122.3972009,37.7945192]]}},{"type":"Feature","id":1279453528,"properties":{"access":"private","highway":"service"},"geometry":{"type":"LineString","coordinates":[[-122.3972463,37.794234],[-122.3972874,37.7944468],[-122.397299,37.7945067]]}},{"type":"Feature","id":1442051147,"properties":{"leisure":"pitch","sport":"pickleball"},"geometry":{"type":"LineString","coordinates":[[-122.3954655,37.7953024],[-122.3954882,37.7952122],[-122.3952621,37.7951766],[-122.3952394,37.7952668],[-122.3954655,37.7953024]]}},{"type":"Feature","id":1455717299,"properties":{"leisure":"garden"},"geometry":{"type":"LineString","coordinates":[[-122.3952178,37.7958081],[-122.3952094,37.7958119],[-122.3952031,37.7958177],[-122.3951994,37.795825],[-122.3951989,37.7958329],[-122.3952017,37.7958405],[-122.3952075,37.7958469],[-122.3952157,37.7958514],[-122.3952253,37.7958536],[-122.3952352,37.7958531],[-122.3952444,37.7958501],[-122.3952519,37.7958448],[-122.3952567,37.795838],[-122.3952584,37.7958304],[-122.395257,37.7958229],[-122.3952526,37.795816],[-122.3952456,37.7958107],[-122.3952369,37.7958074],[-122.3952273,37.7958065],[-122.3952178,37.7958081]]}},{"type":"Feature","id":1456363536,"properties":{"natural":"scrub"},"geometry":{"type":"LineString","coordinates":[[-122.3960315,37.7962527],[-122.3960243,37.7962432],[-122.3960178,37.7962374],[-122.3959214,37.7962683],[-122.3959206,37.7962719],[-122.3959008,37.7962754],[-122.3958808,37.7962776],[-122.3958631,37.7962779],[-122.3958629,37.7962745],[-122.395828,37.7962731],[-122.3957835,37.7962644],[-122.3957831,37.7962683],[-122.3957791,37.7962706],[-122.3957757,37.7962701],[-122.3957731,37.7962662],[-122.395774,37.7962611],[-122.3957657,37.7962572],[-122.3957529,37.7962551],[-122.3957439,37.7962556],[-122.395728,37.7962611],[-122.3957213,37.7962685],[-122.3957095,37.7962902],[-122.3956779,37.7963543],[-122.3956497,37.7964101],[-122.395642,37.7964299],[-122.39564,37.7964417],[-122.3956704,37.7964507],[-122.3957018,37.7964554],[-122.3957151,37.7964566],[-122.395741,37.7964533],[-122.3957576,37.7964513],[-122.3958408,37.7964407],[-122.3962123,37.7963937],[-122.3962298,37.7963933],[-122.3962431,37.7963894],[-122.3962582,37.7963841],[-122.3962714,37.7963704],[-122.3962748,37.7963611],[-122.3962748,37.7963489],[-122.3962728,37.7963461],[-122.3962531,37.796298],[-122.3962491,37.7962881],[-122.3962362,37.7962754],[-122.3962269,37.7962695],[-122.3962138,37.796261],[-122.396169,37.7962451],[-122.3961354,37.7962352],[-122.3961063,37.7962322],[-122.3960865,37.7962299],[-122.3960615,37.7962309],[-122.3960588,37.7962382],[-122.3960559,37.7962418],[-122.3960565,37.7962495],[-122.3961086,37.7962514],[-122.3961628,37.7962599],[-122.3961955,37.7962656],[-122.3962152,37.7962844],[-122.3962265,37.7963001],[-122.3962275,37.7963137],[-122.3962256,37.7963255],[-122.3962199,37.796335],[-122.3962012,37.7963529],[-122.3961832,37.7963659],[-122.3961585,37.7963782],[-122.3961205,37.7963915],[-122.3960758,37.7964008],[-122.3960501,37.7964032],[-122.3960185,37.7964039],[-122.3959961,37.7964016],[-122.3959717,37.7963991],[-122.3959454,37.7963916],[-122.3959104,37.7963752],[-122.3958981,37.7963712],[-122.3958899,37.7963702],[-122.3958793,37.7963702],[-122.3958689,37.7963722],[-122.395857,37.7963769],[-122.3958382,37.7963927],[-122.3958258,37.796403],[-122.395816,37.7964091],[-122.3958016,37.7964127],[-122.3957912,37.7964139],[-122.3957812,37.7964139],[-122.3957716,37.7964131],[-122.3957589,37.7964101],[-122.3957479,37.7964058],[-122.3957383,37.7963991],[-122.3957278,37.796388],[-122.3957198,37.7963741],[-122.3957165,37.7963568],[-122.3957225,37.7963389],[-122.3957334,37.796325],[-122.3957413,37.7963196],[-122.3957499,37.7963143],[-122.3957696,37.7963067],[-122.3957821,37.796306],[-122.3957948,37.796306],[-122.3958072,37.7963089],[-122.395818,37.7963128],[-122.3958288,37.7963181],[-122.3958451,37.7963258],[-122.3958547,37.7963277],[-122.3958655,37.7963294],[-122.3958768,37.7963284],[-122.3958839,37.7963256],[-122.3958927,37.7963198],[-122.395904,37.7963082],[-122.3959179,37.7962948],[-122.3959366,37.7962819],[-122.3959506,37.7962756],[-122.3959614,37.7962711],[-122.3959698,37.7962684],[-122.3959988,37.7962596],[-122.3960281,37.7962531],[-122.3960315,37.7962527]]}},{"type":"Feature","id":1550914660,"properties":{"leisure":"pitch","sport":"pickleball"},"geometry":{"type":"LineString","coordinates":[[-122.3954348,37.7951882],[-122.3954575,37.795098],[-122.3952314,37.7950624],[-122.3952087,37.7951526],[-122.3954348,37.7951882]]}},{"type":"Feature","id":24460896,"properties":{"addr:housenumber":"370","addr:street":"Drumm Street","brand":"Bay Club","fee":"yes","leisure":"sports_centre","name":"Bay Club Gateway","opening_hours":"Mo-Fr 06:00-21:00; Sa-Su 07:00-20:00","sport":"tennis;swimming","website":"https://www.bayclubs.com/clubs/thegateway"},"geometry":{"type":"LineString","coordinates":[[-122.3965192,37.7966289],[-122.3965165,37.7966161],[-122.3962928,37.7966462],[-122.3961257,37.7966671],[-122.3960236,37.7966789],[-122.3960312,37.7967205],[-122.3962375,37.796883],[-122.3963463,37.7969707],[-122.3963596,37.7969689],[-122.3963603,37.7969723],[-122.3965513,37.7971229],[-122.3965731,37.7971557],[-122.3966962,37.7977844],[-122.3970174,37.7981456],[-122.3972562,37.7984159],[-122.3973881,37.7983443],[-122.3973957,37.7983049],[-122.3971848,37.7980662],[-122.3971792,37.798053],[-122.3972151,37.7980482],[-122.3973016,37.7980365],[-122.3973333,37.7980122],[-122.3973053,37.797869],[-122.3972731,37.7977068],[-122.3972034,37.7973711],[-122.3970389,37.7973924],[-122.3970191,37.7972916],[-122.3969553,37.7969667],[-122.3969468,37.7969216],[-122.3968787,37.7965817],[-122.3965192,37.7966289]]}},{"type":"Feature","id":27146063,"properties":{"area":"yes","leisure":"park","name":"Embarcadero Plaza","name:ko":"엠바카데로 플라자","old_name":"Justin Herman Plaza","old_name:ko":"저스틴 허먼 플라자","wikidata":"Q49486854"},"geometry":{"type":"LineString","coordinates":[[-122.39585,37.795546],[-122.3957847,37.7952288],[-122.3957647,37.7951238],[-122.3957615,37.7951152],[-122.3957451,37.7951033],[-122.395435,37.7948725],[-122.3953117,37.7947793],[-122.3952857,37.7947585],[-122.3952723,37.7947482],[-122.3952404,37.7947222],[-122.3951324,37.7946344],[-122.3950536,37.7945703],[-122.3950254,37.7945946],[-122.3949005,37.7946957],[-122.3948712,37.7947183],[-122.394455,37.7943965],[-122.3942364,37.7942275],[-122.3940307,37.7940627],[-122.3938251,37.7939005],[-122.3936147,37.7940711],[-122.3936008,37.7940808],[-122.3934456,37.7942074],[-122.3939114,37.7944782],[-122.3940626,37.7945857],[-122.394194,37.7946832],[-122.3943214,37.7947934],[-122.3944502,37.794921],[-122.394541,37.7950289],[-122.3946561,37.7951874],[-122.3947081,37.7952635],[-122.3947897,37.7953843],[-122.3948453,37.7954907],[-122.3949667,37.7956904],[-122.3951205,37.7959008],[-122.395185,37.7958706],[-122.3952083,37.7958809],[-122.3952193,37.7958831],[-122.3952427,37.7958772],[-122.3952734,37.7958656],[-122.3952896,37.7958491],[-122.3952958,37.7958373],[-122.395294,37.795819],[-122.3952875,37.7958015],[-122.3952756,37.7957907],[-122.3952563,37.7957802],[-122.3952757,37.7957096],[-122.3953239,37.795714],[-122.3953923,37.7957056],[-122.3954468,37.7956869],[-122.3954924,37.795667],[-122.3955247,37.7956474],[-122.3955454,37.7956245],[-122.3955536,37.7955872],[-122.3957692,37.7955573],[-122.3957922,37.7955541],[-122.39585,37.795546]]}},{"type":"Feature","id":43008440,"properties":{"natural":"coastline","source":"PGS"},"geometry":{"type":"LineString","coordinates":[[-122.3917249,37.7934276],[-122.3916442,37.7934894],[-122.3915828,37.7935287],[-122.3919079,37.7937867],[-122.3919229,37.7938028],[-122.391936,37.7938168],[-122.3920132,37.79388],[-122.3924805,37.7942724],[-122.3924978,37.7942863],[-122.3929774,37.7946754],[-122.394397,37.7962082],[-122.3943687,37.7962246],[-122.3944926,37.7963598],[-122.3946282,37.7965077],[-122.3946536,37.7965354],[-122.394705,37.7965915],[-122.39471,37.7965969],[-122.3946477,37.7966355],[-122.394706,37.7966944],[-122.3943584,37.7968986],[-122.3944295,37.7969739],[-122.3938255,37.7973207],[-122.3934187,37.7976614],[-122.3929231,37.7979475],[-122.392911,37.7979592],[-122.3929046,37.7979709],[-122.3929005,37.7979839],[-122.3929029,37.7979961],[-122.3929092,37.7980096],[-122.3929298,37.7980312],[-122.3929374,37.7980265],[-122.3931452,37.7982501],[-122.3931588,37.7982565],[-122.3931784,37.7982596],[-122.3931924,37.7982571],[-122.3932034,37.7982522],[-122.3950921,37.7971559],[-122.395147,37.7971533],[-122.3951953,37.7972075],[-122.3951819,37.7972406],[-122.3949341,37.7973818],[-122.3949445,37.7973915],[-122.394955,37.7974023],[-122.3949024,37.7974302],[-122.394971,37.7975112],[-122.3950523,37.7975883],[-122.3951012,37.7975594],[-122.3951169,37.797577],[-122.3953579,37.7974349],[-122.395458,37.7974349],[-122.3954912,37.7974715],[-122.395461,37.7975491],[-122.3952055,37.7976888],[-122.3952213,37.7977069],[-122.394403,37.7981763],[-122.3936058,37.7986359],[-122.3935954,37.7986447],[-122.3935922,37.7986569],[-122.3935947,37.7986691],[-122.393837,37.7989338],[-122.3938496,37.7989408],[-122.3938663,37.7989439],[-122.3938817,37.7989418],[-122.393897,37.7989341],[-122.3938932,37.7989286],[-122.394602,37.7985226],[-122.3947099,37.7984597],[-122.3955519,37.797979],[-122.3956827,37.7979208],[-122.3958232,37.7978884],[-122.3959013,37.7979719],[-122.3958965,37.7979804],[-122.3958943,37.7979897],[-122.3958957,37.7979993],[-122.3959012,37.7980075],[-122.3959091,37.7980136],[-122.3959192,37.7980177],[-122.3959311,37.7980186],[-122.3959429,37.7980176],[-122.3959809,37.7980594],[-122.3959715,37.7980721],[-122.3959667,37.7980875],[-122.3959694,37.7981034],[-122.3959793,37.798117],[-122.3959934,37.7981267],[-122.39601,37.7981323],[-122.396028,37.7981331],[-122.3960455,37.7981305],[-122.3961198,37.7982106],[-122.3961144,37.7982196],[-122.3961121,37.7982286],[-122.3961137,37.7982378],[-122.3961185,37.7982463],[-122.3961263,37.7982526],[-122.3961368,37.7982573],[-122.3961488,37.7982581],[-122.396161,37.7982568],[-122.3962358,37.7983392],[-122.3962298,37.7983451],[-122.3962258,37.7983519],[-122.3962222,37.7983597],[-122.3962207,37.7983677],[-122.3962215,37.7983757],[-122.3962242,37.7983831],[-122.3962275,37.7983905],[-122.3962331,37.7983971],[-122.39624,37.7984023],[-122.3962474,37.7984066],[-122.3962556,37.79841],[-122.3962645,37.7984122],[-122.3962737,37.7984125],[-122.396283,37.7984124],[-122.3962917,37.7984118],[-122.3963004,37.7984102],[-122.3963306,37.7984434],[-122.3963146,37.7984536],[-122.3965365,37.7986967],[-122.3965553,37.7986852],[-122.3965803,37.7987191],[-122.3966113,37.7987002],[-122.3966293,37.7986895],[-122.3966886,37.7987526],[-122.39677,37.7988388],[-122.3971339,37.7992435],[-122.3970989,37.7992641],[-122.3971722,37.7993472],[-122.3971254,37.7993731],[-122.3971315,37.7993992],[-122.3971397,37.7994218],[-122.3971523,37.7994438],[-122.3971449,37.7994482],[-122.3971886,37.7994997],[-122.3971964,37.7994948],[-122.3972658,37.7995444],[-122.3973178,37.7995143],[-122.3974,37.7996099],[-122.3974366,37.7995894],[-122.3976701,37.7998501],[-122.3976276,37.7999027],[-122.397613,37.7999165],[-122.3975707,37.7999538],[-122.3975497,37.7999711],[-122.3975038,37.8000028],[-122.3972477,37.8001458],[-122.3971601,37.8001952],[-122.3954827,37.8011416],[-122.3954733,37.80115],[-122.395468,37.8011601],[-122.3954676,37.8011714],[-122.3954722,37.8011815],[-122.395733,37.801476],[-122.3957429,37.8014816],[-122.3957544,37.8014845],[-122.3957672,37.801484],[-122.3957784,37.8014809],[-122.3967639,37.8009338],[-122.3975423,37.8004966],[-122.3977789,37.8003642],[-122.3979389,37.8002663],[-122.3980046,37.8002298],[-122.3983411,37.8006048],[-122.3989373,37.8012866],[-122.3990259,37.8013879],[-122.399432,37.8018339],[-122.3997421,37.8021787],[-122.3997419,37.8021825],[-122.3997396,37.8021864],[-122.3997025,37.8022314],[-122.3996523,37.8022775],[-122.3995958,37.8023201],[-122.3995697,37.802334],[-122.3975513,37.8034704],[-122.3975424,37.8034781],[-122.3975385,37.8034887],[-122.397538,37.8034991],[-122.3975408,37.8035093],[-122.3978085,37.8038054],[-122.3978196,37.8038116],[-122.397834,37.8038137],[-122.3978468,37.8038121],[-122.3978588,37.8038078],[-122.3996294,37.8028233],[-122.3999911,37.8032292],[-122.3982576,37.8042564],[-122.3982485,37.8042659],[-122.3982437,37.8042788],[-122.3982447,37.8042911],[-122.3982502,37.8043032],[-122.3985275,37.8045947],[-122.3985355,37.804601],[-122.3985451,37.8046065],[-122.3985562,37.8046099],[-122.3985683,37.8046112],[-122.3985786,37.8046106],[-122.3985892,37.8046086],[-122.3985988,37.8046046],[-122.39861,37.8045979],[-122.400499,37.8034761],[-122.4005279,37.8034738],[-122.400747,37.8034564],[-122.4008839,37.8034456],[-122.4009067,37.8034722],[-122.4009887,37.8035676],[-122.4004926,37.8068765],[-122.4004375,37.8072457],[-122.4004287,37.8072457],[-122.4004293,37.8072708],[-122.4004312,37.8072763],[-122.4004351,37.807281],[-122.400453,37.8072959],[-122.4004563,37.8072935],[-122.4008969,37.8076149],[-122.4009232,37.807634],[-122.4009373,37.8076391],[-122.4009532,37.8076405],[-122.4009679,37.8076393],[-122.4009802,37.8076338],[-122.4028233,37.8060332],[-122.4034368,37.8064799],[-122.4034352,37.8064891],[-122.4034313,37.8064973],[-122.4034239,37.8065055],[-122.403411,37.8065186],[-122.4023711,37.8077873],[-122.4023621,37.8078027],[-122.4023598,37.8078189],[-122.4023638,37.8078343],[-122.402374,37.8078484],[-122.4027239,37.8080292],[-122.4027416,37.8080342],[-122.4027604,37.8080331],[-122.402777,37.8080289],[-122.40279,37.8080223],[-122.4039694,37.8065867],[-122.4043563,37.8067844],[-122.4044274,37.8068207],[-122.4047372,37.8069846],[-122.4047259,37.8070093],[-122.4039383,37.8087296],[-122.4039394,37.8087429],[-122.4039463,37.8087555],[-122.4039548,37.808766],[-122.4039681,37.8087744],[-122.4043614,37.8088868],[-122.404383,37.8088895],[-122.4044041,37.8088845],[-122.4044197,37.8088742],[-122.4044301,37.8088606],[-122.4045468,37.8086025],[-122.4047472,37.8081657],[-122.4047655,37.808131],[-122.4049886,37.8076326],[-122.4050299,37.8075509],[-122.4050398,37.8075219],[-122.4051838,37.8072107],[-122.4053303,37.8068692],[-122.4059198,37.8071686],[-122.4061475,37.8100218],[-122.4061511,37.8100341],[-122.406162,37.8100437],[-122.4061755,37.8100486],[-122.406191,37.8100495],[-122.4067913,37.8100235],[-122.4068109,37.8100196],[-122.4068294,37.8100102],[-122.4068337,37.8100016],[-122.4068379,37.8099729],[-122.4066707,37.8078219],[-122.4067546,37.8078494],[-122.4073828,37.8080551],[-122.4074578,37.8079131],[-122.407512,37.8079382],[-122.4074712,37.8080107],[-122.4074891,37.8080526],[-122.4075586,37.8080734]]}},{"type":"Feature","id":111560682,"properties":{"highway":"tertiary","lanes":"4","lanes:backward":"2","lanes:bus:backward":"1","lanes:forward":"2","lit":"yes","maxspeed":"20 mph","name":"Mission Street","sidewalk":"separate","surface":"asphalt","tiger:cfcc":"A41","tiger:county":"San Francisco, CA","tiger:name_base":"Mission","tiger:name_type":"St","trolley_wire":"yes","turn:lanes:forward":"left|none"},"geometry":{"type":"LineString","coordinates":[[-122.3954328,37.7914616],[-122.395095,37.7917358],[-122.3950435,37.7917776],[-122.3949513,37.7918524]]}},{"type":"Feature","id":120256351,"properties":{"highway":"tertiary","lanes":"2","lit":"yes","maxspeed":"20 mph","maxspeed:type":"US:urban","name":"Spear Street","oneway":"no","sidewalk":"separate","smoothness":"good","surface":"asphalt","tiger:cfcc":"A41","tiger:county":"San Francisco, CA","tiger:name_base":"Spear","tiger:name_type":"St","trolley_wire":"yes"},"geometry":{"type":"LineString","coordinates":[[-122.3956799,37.7938135],[-122.3956596,37.7937982],[-122.3955477,37.7937089],[-122.395249,37.7934731],[-122.3946093,37.7929682],[-122.3941776,37.7926266],[-122.3940959,37.792562]]}},{"type":"Feature","id":122595702,"properties":{"electrified":"contact_line","frequency":"0","gauge":"1435","name":"Muni E","network":"Muni","operator":"San Francisco Municipal Railway","owner":"San Francisco Municipal Railway","railway":"tram","railway:preferred_direction":"forward","voltage":"600"},"geometry":{"type":"LineString","coordinates":[[-122.3932456,37.7944455],[-122.3932732,37.7944711],[-122.3934806,37.7946408],[-122.393551,37.7947079],[-122.3936241,37.7947824],[-122.3940043,37.7951937],[-122.3940808,37.795278],[-122.394276,37.7954898],[-122.394368,37.7955882],[-122.394685,37.7959284],[-122.3947102,37.7959559],[-122.3947813,37.7960275],[-122.3948231,37.796068],[-122.3953181,37.7966038],[-122.3954196,37.7967168],[-122.3955614,37.7968728],[-122.3957331,37.7970714],[-122.3958305,37.7971791],[-122.3965399,37.7979719],[-122.3965512,37.7979847],[-122.3970901,37.7986067],[-122.397387,37.7989456],[-122.3975661,37.7991394],[-122.3976091,37.799188],[-122.3976635,37.7992505],[-122.3977442,37.7993424],[-122.3979262,37.7995443],[-122.3980219,37.7996544],[-122.3983359,37.8000154],[-122.3990581,37.8008378],[-122.3991307,37.8009221],[-122.3992093,37.8010137],[-122.3994239,37.801251],[-122.3995215,37.8013609],[-122.3998567,37.8017404],[-122.4008686,37.8028722],[-122.400951,37.8029645],[-122.4009679,37.8029833],[-122.4011746,37.8032156],[-122.4012653,37.8033164],[-122.4018012,37.8039121],[-122.4019085,37.8040294],[-122.4021575,37.8042671],[-122.4022816,37.8043721],[-122.4023316,37.8044105],[-122.4028944,37.8048162],[-122.4031647,37.8050108],[-122.4032226,37.8050534],[-122.4033357,37.805136],[-122.4034369,37.8052095],[-122.404353,37.8058767],[-122.4046275,37.8060546],[-122.4047904,37.806147],[-122.4055465,37.8065301],[-122.4058016,37.8066572],[-122.4059114,37.8067129],[-122.4060647,37.8067906],[-122.4063265,37.8069219],[-122.4064735,37.8069936],[-122.4070019,37.8072528],[-122.4070633,37.8072838],[-122.4072435,37.8073805],[-122.4072821,37.8074034],[-122.4073685,37.8074582],[-122.4073848,37.8074672],[-122.4075789,37.8075835]]}},{"type":"Feature","id":196662072,"properties":{"area":"yes","highway":"pedestrian","pedestrian":"steps","surface":"concrete"},"geometry":{"type":"LineString","coordinates":[[-122.3947025,37.7949402],[-122.3946747,37.7949183],[-122.3947928,37.794824],[-122.3950861,37.7948093],[-122.3951507,37.794858],[-122.3953353,37.7949973],[-122.3954412,37.7949867],[-122.3956336,37.7951377],[-122.3956685,37.7953163],[-122.395678,37.7953226],[-122.3957066,37.7953415],[-122.3957584,37.7955201],[-122.395637,37.7955404],[-122.3956316,37.7955208],[-122.395718,37.7955062],[-122.3956783,37.7953613],[-122.3956419,37.7953363],[-122.3956403,37.7953274],[-122.3956124,37.7951711],[-122.3954238,37.7950174],[-122.3953265,37.795027],[-122.3951312,37.7948851],[-122.3950646,37.7948368],[-122.3948136,37.7948505],[-122.3947025,37.7949402]]}},{"type":"Feature","id":196662089,"properties":{"area":"yes","foot":"yes","highway":"pedestrian","surface":"concrete:plates"},"geometry":{"type":"LineString","coordinates":[[-122.3950861,37.7948093],[-122.3947928,37.794824],[-122.3946747,37.7949183],[-122.3946459,37.7948961],[-122.3948712,37.7947183],[-122.3949005,37.7946957],[-122.3950254,37.7945946],[-122.3950536,37.7945703],[-122.3951324,37.7946344],[-122.3952404,37.7947222],[-122.3952723,37.7947482],[-122.3952857,37.7947585],[-122.3953117,37.7947793],[-122.395435,37.7948725],[-122.3957451,37.7951033],[-122.3957615,37.7951152],[-122.3957647,37.7951238],[-122.3957847,37.7952288],[-122.39585,37.795546],[-122.3957922,37.7955541],[-122.3957692,37.7955573],[-122.3957584,37.7955201],[-122.3957066,37.7953415],[-122.395678,37.7953226],[-122.3956685,37.7953163],[-122.3956336,37.7951377],[-122.3954412,37.7949867],[-122.3953353,37.7949973],[-122.3951507,37.794858],[-122.3950861,37.7948093]]}},{"type":"Feature","id":196662092,"properties":{"area":"yes","foot":"yes","highway":"pedestrian","surface":"bricks"},"geometry":{"type":"LineString","coordinates":[[-122.3954238,37.7950174],[-122.3956124,37.7951711],[-122.3956403,37.7953274],[-122.3956419,37.7953363],[-122.3956783,37.7953613],[-122.395718,37.7955062],[-122.3956316,37.7955208],[-122.3956249,37.7954954],[-122.3956043,37.7954992],[-122.3955827,37.7955028],[-122.3954906,37.7953412],[-122.3954841,37.7953231],[-122.3952435,37.7952856],[-122.3952156,37.7952821],[-122.3950982,37.7953507],[-122.3950808,37.7953362],[-122.395055,37.7953147],[-122.3950395,37.79532],[-122.3949219,37.7951673],[-122.3949353,37.79516],[-122.3949504,37.7951475],[-122.3949633,37.7951282],[-122.3949684,37.7951064],[-122.3949639,37.7950818],[-122.3949602,37.7950751],[-122.394947,37.7950579],[-122.3949239,37.7950424],[-122.3949,37.7950345],[-122.394869,37.7950324],[-122.394841,37.795038],[-122.3948256,37.7950447],[-122.3948121,37.7950536],[-122.3946932,37.7949599],[-122.3946855,37.7949538],[-122.3946951,37.7949461],[-122.3947025,37.7949402],[-122.3948136,37.7948505],[-122.3950646,37.7948368],[-122.3951312,37.7948851],[-122.3953265,37.795027],[-122.3954238,37.7950174]]}},{"type":"Feature","id":359898521,"properties":{"cycleway:right":"track","foot":"no","hgv":"designated","highway":"primary","lanes":"4","lcn_ref":"5","lit":"yes","maxspeed":"30 mph","name":"The Embarcadero","oneway":"yes","oneway:bicycle":"no","sidewalk":"separate","source:hgv":"https://sfplanninggis.org/TIM/?search=3591024#searchbox","surface":"asphalt","tiger:cfcc":"A45","tiger:county":"San Francisco, CA","tiger:name_base":"The Embarcadero","turn:lanes":"left|left|none|none"},"geometry":{"type":"LineString","coordinates":[[-122.3948927,37.7962783],[-122.3949348,37.7963223],[-122.3952376,37.7966522],[-122.3953356,37.7967682]]}},{"type":"Feature","id":397152177,"properties":{"highway":"tertiary","lanes":"3","lit":"yes","name":"Main Street","oneway":"yes","sidewalk":"separate","surface":"asphalt","tiger:cfcc":"A41","tiger:county":"San Francisco, CA","tiger:name_base":"Main","tiger:name_type":"St","trolley_wire":"yes","turn:lanes":"left|none|none"},"geometry":{"type":"LineString","coordinates":[[-122.3949513,37.7918524],[-122.3950433,37.791925],[-122.3952174,37.7920623],[-122.3952672,37.7921016],[-122.3953958,37.792203]]}},{"type":"Feature","id":443021969,"properties":{"cycleway:right":"lane","hgv":"designated","highway":"primary","lanes":"3","lcn_ref":"5","lit":"yes","maxspeed":"30 mph","name":"The Embarcadero","oneway":"yes","sidewalk":"right","source:hgv":"https://sfplanninggis.org/TIM/?search=3591024#searchbox","surface":"asphalt","tiger:cfcc":"A45","tiger:county":"San Francisco, CA","tiger:name_base":"The Embarcadero"},"geometry":{"type":"LineString","coordinates":[[-122.395556,37.7966342],[-122.3955231,37.7966],[-122.3954556,37.7965211],[-122.39508,37.796081],[-122.3949755,37.795955]]}},{"type":"Feature","id":563462030,"properties":{"access":"private","highway":"service","service":"parking_aisle","surface":"asphalt"},"geometry":{"type":"LineString","coordinates":[[-122.3950379,37.7923832],[-122.394771,37.7921723]]}},{"type":"Feature","id":563462032,"properties":{"access":"private","highway":"service","service":"parking_aisle","surface":"asphalt"},"geometry":{"type":"LineString","coordinates":[[-122.3953429,37.7924108],[-122.3952063,37.792521],[-122.3947465,37.792875]]}},{"type":"Feature","id":680402686,"properties":{"bicycle":"yes","foot":"yes","highway":"tertiary","maxspeed":"20 mph","name":"Market Street","oneway":"yes","oneway:bicycle":"no","oneway:bus":"no","oneway:psv":"no","oneway:taxi":"no","sidewalk":"separate","surface":"asphalt","tiger:cfcc":"A45","tiger:county":"San Francisco, CA","tiger:name_base":"Market","tiger:name_type":"St","trolley_wire":"yes"},"geometry":{"type":"LineString","coordinates":[[-122.3951338,37.7942447],[-122.3949741,37.7943696]]}},{"type":"Feature","id":706534251,"properties":{"electrified":"contact_line","frequency":"0","gauge":"1435","name":"Muni E","network":"Muni","operator":"San Francisco Municipal Railway","owner":"San Francisco Municipal Railway","railway":"tram","railway:preferred_direction":"forward","voltage":"600"},"geometry":{"type":"LineString","coordinates":[[-122.4076654,37.8075013],[-122.4075996,37.8074739],[-122.4074035,37.8073988],[-122.407088,37.8072532],[-122.4070151,37.8072197],[-122.4065875,37.8070084],[-122.4061628,37.8067992],[-122.4060933,37.806765],[-122.4059215,37.8066772],[-122.4058618,37.8066466],[-122.4052534,37.806342],[-122.4048177,37.806118],[-122.4046541,37.8060281],[-122.4043866,37.8058541],[-122.4037573,37.8053883],[-122.4033695,37.8051084],[-122.4032537,37.8050265],[-122.4029388,37.8048012],[-122.4028127,37.8047111],[-122.4023101,37.8043476],[-122.4021928,37.804246],[-122.4019479,37.8040125],[-122.4018074,37.8038634],[-122.401252,37.8032441],[-122.4010315,37.8029975],[-122.4009845,37.8029458],[-122.4008765,37.8028251],[-122.4007576,37.8026923],[-122.3992463,37.8009929],[-122.399165,37.8009026],[-122.3990924,37.8008186],[-122.398916,37.8006222],[-122.3988241,37.800516],[-122.3979904,37.7995585],[-122.3978076,37.7993559],[-122.3977789,37.7993228],[-122.3976989,37.7992306],[-122.3976017,37.7991195],[-122.3974209,37.7989201],[-122.3973297,37.7988166],[-122.3973239,37.7988103],[-122.3969372,37.7983733],[-122.3966271,37.7980105],[-122.3965872,37.7979661],[-122.3961495,37.7974798],[-122.3959584,37.7972664],[-122.3956375,37.7968918],[-122.3956013,37.7968496],[-122.39546,37.7966925],[-122.3953575,37.7965801],[-122.3951692,37.7963746],[-122.3950781,37.7962775],[-122.3948624,37.7960469],[-122.3948216,37.7960058],[-122.3947501,37.7959343],[-122.394713,37.7958962],[-122.3944456,37.7956179],[-122.3940587,37.7951962],[-122.3940375,37.7951737],[-122.3939154,37.7950395],[-122.393789,37.7949003],[-122.393678,37.7947815],[-122.3936647,37.7947678],[-122.393488,37.7946036],[-122.3933316,37.7944631],[-122.3933138,37.7944454],[-122.3933084,37.79444]]}},{"type":"Feature","id":1442051148,"properties":{"leisure":"pitch","sport":"pickleball"},"geometry":{"type":"LineString","coordinates":[[-122.3952211,37.795263],[-122.3951224,37.7953148],[-122.3949952,37.7951635],[-122.3950939,37.7951117],[-122.3952211,37.795263]]}},{"type":"Feature","id":8922263,"properties":{"bicycle":"yes","hgv":"designated","highway":"primary","lanes":"2","maxspeed":"30 mph","name":"The Embarcadero","oneway":"yes","oneway:bicycle":"no","sidewalk":"separate","source:hgv":"https://sfplanninggis.org/TIM/?search=3591024#searchbox","surface":"asphalt","tiger:cfcc":"A45","tiger:county":"San Francisco, CA","tiger:name_base":"The Embarcadero"},"geometry":{"type":"LineString","coordinates":[[-122.390971,37.7925459],[-122.39106,37.7926418],[-122.3912164,37.7927773],[-122.3921913,37.7935989]]}},{"type":"Feature","id":26769717,"properties":{"destination:name":"The Embarcadero","foot":"no","highway":"primary_link","lanes":"1","oneway":"yes","sidewalk":"no","surface":"asphalt"},"geometry":{"type":"LineString","coordinates":[[-122.3933637,37.7943857],[-122.3932764,37.7943441],[-122.3932628,37.7943403],[-122.3932432,37.7943364],[-122.3932099,37.7943377],[-122.3931921,37.7943424],[-122.393168,37.7943505],[-122.3931488,37.7943628],[-122.393109,37.7943958],[-122.39309,37.7944139]]}},{"type":"Feature","id":26769726,"properties":{"bicycle":"yes","highway":"service","lanes":"2","name":"Ferry Plaza","sidewalk":"separate","surface":"asphalt"},"geometry":{"type":"LineString","coordinates":[[-122.3930285,37.7944648],[-122.3929561,37.7945201],[-122.3927428,37.7946863],[-122.3924351,37.7949261]]}},{"type":"Feature","id":26769842,"properties":{"destination:name":"The Embarcadero","foot":"no","highway":"primary_link","lanes":"1","oneway":"yes","sidewalk":"left","surface":"asphalt"},"geometry":{"type":"LineString","coordinates":[[-122.3946417,37.7960323],[-122.3946944,37.796033],[-122.394751,37.7960319],[-122.3947813,37.7960275],[-122.3948018,37.7960197],[-122.3948216,37.7960058],[-122.3948446,37.7959778],[-122.3948481,37.7959432],[-122.3948332,37.7958754],[-122.3947722,37.7957122],[-122.39474,37.7956094]]}},{"type":"Feature","id":27397934,"properties":{"highway":"unclassified","lanes":"2","maxspeed":"20 mph","name":"Steuart Street","name:etymology:wikidata":"Q360401","oneway":"yes","parking:lanes:left":"diagonal","parking:lanes:right":"parallel","sidewalk:both":"separate","surface":"asphalt","tiger:cfcc":"A41","tiger:county":"San Francisco, CA","tiger:name_base":"Steuart","tiger:name_type":"St"},"geometry":{"type":"LineString","coordinates":[[-122.3932061,37.7932459],[-122.3931048,37.7931641],[-122.3919522,37.7922386]]}},{"type":"Feature","id":27570590,"properties":{"electrified":"contact_line","frequency":"0","gauge":"1435","network":"Muni","operator":"San Francisco Municipal Railway","owner":"San Francisco Municipal Railway","railway":"tram","railway:preferred_direction":"forward","voltage":"600"},"geometry":{"type":"LineString","coordinates":[[-122.3933731,37.7941453],[-122.3933256,37.7941753],[-122.3933191,37.7941794],[-122.3932508,37.7942165],[-122.3932147,37.7942241],[-122.393178,37.7942303],[-122.3931376,37.7942279],[-122.3931072,37.7942245],[-122.3930698,37.7942156],[-122.3930419,37.7942027],[-122.3929907,37.7941735]]}},{"type":"Feature","id":27571801,"properties":{"highway":"tertiary","lanes":"3","lanes:backward":"1","lanes:forward":"2","maxspeed":"20 mph","name":"Mission Street","parking:lane:both":"parallel","placement:backward":"left_of:1","sidewalk:both":"separate","surface":"asphalt","tiger:cfcc":"A41","tiger:county":"San Francisco, CA","tiger:name_base":"Mission","tiger:name_type":"St","trolley_wire":"yes"},"geometry":{"type":"LineString","coordinates":[[-122.3932061,37.7932459],[-122.3932969,37.7931772],[-122.3935381,37.7929944]]}},{"type":"Feature","id":27571804,"properties":{"electrified":"contact_line","frequency":"0","gauge":"1435","name":"Muni E","network":"Muni","operator":"San Francisco Municipal Railway","owner":"San Francisco Municipal Railway","railway":"tram","railway:preferred_direction":"forward","voltage":"600"},"geometry":{"type":"LineString","coordinates":[[-122.3930299,37.7942542],[-122.3931488,37.7943628],[-122.3932025,37.7944087],[-122.3932456,37.7944455]]}},{"type":"Feature","id":29328570,"properties":{"destination":"The Embarcadero","highway":"primary_link","lanes":"1","oneway":"yes","sidewalk":"left","surface":"asphalt"},"geometry":{"type":"LineString","coordinates":[[-122.3933637,37.7943857],[-122.3933017,37.7943743],[-122.3932785,37.7943736],[-122.3932581,37.794377],[-122.3932488,37.7943801],[-122.3932409,37.7943834],[-122.3932173,37.7943957],[-122.3932025,37.7944087],[-122.3931854,37.7944354],[-122.3931779,37.7944663],[-122.3932011,37.7945194]]}},{"type":"Feature","id":30831808,"properties":{"highway":"tertiary","lane_markings":"no","lcn_ref":"50","name":"Mission Street","oneway":"yes","sidewalk:both":"separate","surface":"asphalt"},"geometry":{"type":"LineString","coordinates":[[-122.3926071,37.7937194],[-122.3925774,37.7937414],[-122.3925468,37.7937635],[-122.3925149,37.7937859],[-122.3924473,37.7938324]]}},{"type":"Feature","id":88463826,"properties":{"cycleway:right":"track","hgv":"designated","highway":"primary","lanes":"2","lcn_ref":"5","lit":"yes","maxspeed":"30 mph","name":"The Embarcadero","oneway":"yes","oneway:bicycle":"no","sidewalk":"separate","source:hgv":"https://sfplanninggis.org/TIM/?search=3591024#searchbox","surface":"asphalt","tiger:cfcc":"A45","tiger:county":"San Francisco, CA","tiger:name_base":"The Embarcadero"},"geometry":{"type":"LineString","coordinates":[[-122.39309,37.7944139],[-122.3932011,37.7945194],[-122.3933097,37.7946218]]}},{"type":"Feature","id":88463827,"properties":{"cycleway:right":"lane","hgv":"designated","highway":"primary","lanes":"2","lcn_ref":"5","lit":"yes","maxspeed":"30 mph","name":"The Embarcadero","oneway":"yes","sidewalk":"right","source:hgv":"https://sfplanninggis.org/TIM/?search=3591024#searchbox","surface":"asphalt","tiger:cfcc":"A45","tiger:county":"San Francisco, CA","tiger:name_base":"The Embarcadero"},"geometry":{"type":"LineString","coordinates":[[-122.3926071,37.7937194],[-122.3925917,37.7937041],[-122.3925089,37.7936304],[-122.39229,37.7934284],[-122.3922475,37.7933922]]}},{"type":"Feature","id":88463831,"properties":{"cycleway:right":"shared_lane","highway":"tertiary","lanes":"3","lanes:backward":"1","lanes:forward":"2","lcn_ref":"50","maxspeed":"20 mph","name":"Mission Street","oneway":"no","parking:lane:both":"parallel","sidewalk:both":"separate","surface":"asphalt"},"geometry":{"type":"LineString","coordinates":[[-122.3926071,37.7937194],[-122.392695,37.7936548],[-122.3927108,37.7936408],[-122.3930987,37.7933298],[-122.39312,37.7933127],[-122.3931808,37.7932655],[-122.3932061,37.7932459]]}},{"type":"Feature","id":93448545,"properties":{"electrified":"contact_line","frequency":"0","gauge":"1435","name":"Muni F","network":"Muni","operator":"San Francisco Municipal Railway","owner":"San Francisco Municipal Railway","railway":"tram","railway:preferred_direction":"forward","voltage":"600"},"geometry":{"type":"LineString","coordinates":[[-122.3933084,37.79444],[-122.393289,37.7944051],[-122.3932808,37.7943829],[-122.3932785,37.7943736],[-122.3932763,37.7943572],[-122.3932764,37.7943441],[-122.3932786,37.7943257],[-122.3932849,37.7943072],[-122.3932961,37.7942827],[-122.3933011,37.794277],[-122.393313,37.7942633],[-122.3933297,37.7942466],[-122.3933427,37.7942351],[-122.3933769,37.7942059],[-122.3934101,37.7941775]]}},{"type":"Feature","id":93448548,"properties":{"electrified":"contact_line","frequency":"0","gauge":"1435","network":"Muni","operator":"San Francisco Municipal Railway","owner":"San Francisco Municipal Railway","railway":"tram","railway:preferred_direction":"forward","voltage":"600"},"geometry":{"type":"LineString","coordinates":[[-122.3930299,37.7942542],[-122.393055,37.7942706],[-122.3930739,37.7942811],[-122.393098,37.7942899],[-122.393136,37.7942954],[-122.3931655,37.7942958],[-122.393202,37.7942928],[-122.3932209,37.7942889],[-122.3932403,37.7942849],[-122.3932546,37.7942785],[-122.3932677,37.7942726],[-122.3932799,37.7942648],[-122.393293,37.7942565],[-122.3933211,37.7942381],[-122.3933578,37.7942133],[-122.3933725,37.7942033],[-122.3934101,37.7941775]]}},{"type":"Feature","id":93448549,"properties":{"electrified":"contact_line","frequency":"0","gauge":"1435","name":"Muni F","network":"Muni","operator":"San Francisco Municipal Railway","owner":"San Francisco Municipal Railway","railway":"tram","railway:preferred_direction":"forward","voltage":"600"},"geometry":{"type":"LineString","coordinates":[[-122.3933731,37.7941453],[-122.3933316,37.7941789],[-122.3933206,37.7941879],[-122.3932675,37.7942298],[-122.39325,37.7942468],[-122.3932446,37.794252],[-122.3932271,37.7942739],[-122.3932224,37.7942852],[-122.3932209,37.7942889],[-122.3932146,37.7943041],[-122.3932108,37.7943268],[-122.3932099,37.7943377],[-122.3932114,37.7943586],[-122.3932173,37.7943957],[-122.3932263,37.7944171],[-122.3932456,37.7944455]]}},{"type":"Feature","id":120256349,"properties":{"cycleway:both":"no","highway":"tertiary","lanes":"2","lit":"yes","maxspeed":"20 mph","name":"Mission Street","sidewalk":"separate","surface":"asphalt","tiger:cfcc":"A41","tiger:county":"San Francisco, CA","tiger:name_base":"Mission","tiger:name_type":"St","trolley_wire":"yes"},"geometry":{"type":"LineString","coordinates":[[-122.3949513,37.7918524],[-122.3948681,37.7919214],[-122.3948175,37.7919634]]}},{"type":"Feature","id":122595682,"properties":{"electrified":"contact_line","frequency":"0","gauge":"1435","name":"Muni E","network":"Muni","operator":"San Francisco Municipal Railway","owner":"San Francisco Municipal Railway","railway":"tram","railway:preferred_direction":"forward","voltage":"600"},"geometry":{"type":"LineString","coordinates":[[-122.3933084,37.79444],[-122.3932534,37.7943939],[-122.3932409,37.7943834],[-122.3932114,37.7943586],[-122.3931921,37.7943424],[-122.393136,37.7942954],[-122.3931333,37.7942931],[-122.3930349,37.7942111],[-122.3929907,37.7941735],[-122.3926355,37.7938473],[-122.3925771,37.793791],[-122.3925468,37.7937635]]}},{"type":"Feature","id":123559871,"properties":{"highway":"service","name":"Ferry Plaza","sidewalk":"separate","surface":"concrete"},"geometry":{"type":"LineString","coordinates":[[-122.3919107,37.7953278],[-122.3919403,37.7953696],[-122.3919781,37.7954227],[-122.3920011,37.7954509],[-122.3920235,37.7954693],[-122.3920525,37.7954845]]}},{"type":"Feature","id":142961058,"properties":{"electrified":"contact_line","frequency":"0","gauge":"1435","network":"Muni","operator":"San Francisco Municipal Railway","owner":"San Francisco Municipal Railway","railway":"tram","railway:preferred_direction":"forward","voltage":"600"},"geometry":{"type":"LineString","coordinates":[[-122.3940187,37.7938537],[-122.3938105,37.7936872],[-122.3933509,37.7933151],[-122.393318,37.793293],[-122.3932798,37.7932769],[-122.3932287,37.7932637],[-122.3931808,37.7932655],[-122.3931423,37.7932706],[-122.3930903,37.7932893],[-122.3926705,37.793627],[-122.3926167,37.793672],[-122.3925917,37.7937041],[-122.3925774,37.7937414],[-122.3925771,37.793791],[-122.3925879,37.793829],[-122.3926097,37.7938657],[-122.392652,37.7939139]]}},{"type":"Feature","id":160325571,"properties":{"bicycle":"yes","foot":"yes","highway":"tertiary","name":"Market Street","oneway":"yes","oneway:bicycle":"no","oneway:bus":"no","oneway:psv":"no","oneway:taxi":"no","sidewalk":"separate","surface":"concrete","tiger:cfcc":"A45","tiger:county":"San Francisco, CA","tiger:name_base":"Market","tiger:name_type":"St","trolley_wire":"yes"},"geometry":{"type":"LineString","coordinates":[[-122.3949741,37.7943696],[-122.3949402,37.7943971],[-122.3949177,37.7944116],[-122.3949074,37.7944181],[-122.3948707,37.7944369],[-122.3948315,37.7944461]]}},{"type":"Feature","id":160325575,"properties":{"cycleway:right":"shared_lane","highway":"tertiary","lanes":"2","lcn_ref":"50","maxspeed":"20 mph","name":"Steuart Street","name:etymology:wikidata":"Q360401","oneway":"yes","oneway:bicycle":"no","oneway:bus":"no","oneway:psv":"no","oneway:taxi":"no","sidewalk":"separate","surface":"asphalt","tiger:cfcc":"A41","tiger:county":"San Francisco, CA","tiger:name_base":"Steuart","tiger:name_type":"St","trolley_wire":"yes"},"geometry":{"type":"LineString","coordinates":[[-122.3946275,37.7943735],[-122.394115,37.7939645],[-122.3940188,37.7938873],[-122.3939532,37.7938346],[-122.3939237,37.7938109],[-122.3938776,37.7937717]]}},{"type":"Feature","id":160325580,"properties":{"electrified":"contact_line","frequency":"0","gauge":"1435","network":"Muni","operator":"San Francisco Municipal Railway","owner":"San Francisco Municipal Railway","railway":"tram","railway:preferred_direction":"forward","voltage":"600"},"geometry":{"type":"LineString","coordinates":[[-122.3937655,37.7939],[-122.3938155,37.793863],[-122.3938297,37.7938344],[-122.3938411,37.793808],[-122.393842,37.7938],[-122.3938445,37.7937776],[-122.3938408,37.7937527],[-122.3938375,37.7937403],[-122.393833,37.7937277],[-122.3938105,37.7936872]]}},{"type":"Feature","id":196662091,"properties":{"access":"yes","leisure":"pitch","lit":"yes","sport":"boules","surface":"compacted"},"geometry":{"type":"LineString","coordinates":[[-122.394296,37.7944316],[-122.3942658,37.7944572],[-122.3942556,37.7944659],[-122.3940246,37.7942812],[-122.3940643,37.7942494],[-122.394296,37.7944316]]}},{"type":"Feature","id":196662099,"properties":{"area":"yes","foot":"yes","highway":"pedestrian","lit":"yes","surface":"paving_stones"},"geometry":{"type":"LineString","coordinates":[[-122.3949005,37.7946957],[-122.3948712,37.7947183],[-122.3946459,37.7948961],[-122.3946395,37.7949011],[-122.3946288,37.7949095],[-122.3945326,37.794833],[-122.3945223,37.7948247],[-122.3944471,37.7947639],[-122.3943771,37.7947064],[-122.3943614,37.7946938],[-122.394265,37.7946168],[-122.3942791,37.7946057],[-122.3943962,37.7945134],[-122.3945191,37.7944186],[-122.3945343,37.7944068],[-122.3945991,37.7944609],[-122.3947165,37.7945525],[-122.3948449,37.7946519],[-122.3949005,37.7946957]]}},{"type":"Feature","id":196667183,"properties":{"area":"yes","foot":"yes","highway":"pedestrian","surface":"concrete"},"geometry":{"type":"LineString","coordinates":[[-122.3949096,37.7951719],[-122.39491,37.7951828],[-122.3948941,37.7951836],[-122.3948782,37.7951822],[-122.394849,37.7951733],[-122.394836,37.7951658],[-122.3948249,37.7951566],[-122.3947962,37.7951381],[-122.3948092,37.795136],[-122.3948069,37.7951111],[-122.394809,37.7950984],[-122.3948138,37.7950863],[-122.394808,37.7950745],[-122.3948025,37.7950626],[-122.3948121,37.7950536],[-122.3948256,37.7950447],[-122.394841,37.795038],[-122.394869,37.7950324],[-122.3949,37.7950345],[-122.3949239,37.7950424],[-122.394947,37.7950579],[-122.3949602,37.7950751],[-122.3949639,37.7950818],[-122.3949684,37.7951064],[-122.3949633,37.7951282],[-122.3949504,37.7951475],[-122.3949353,37.79516],[-122.3949219,37.7951673],[-122.3949096,37.7951719]]}},{"type":"Feature","id":196670575,"properties":{"area":"yes","bench":"yes","bin":"no","bus":"yes","covered":"yes","highway":"platform","lit":"yes","network":"Muni","operator":"San Francisco Municipal Railway","public_transport":"platform","railway":"platform","ref":"17283","tactile_paving":"no","tram":"yes","wheelchair":"limited","wheelchair:description":"step-free access for buses but not light rail; pass through platform to reach accessible light rail platform"},"geometry":{"type":"LineString","coordinates":[[-122.3939726,37.7950185],[-122.3939487,37.7950321],[-122.3937898,37.7948582],[-122.3938057,37.7948491],[-122.3938137,37.7948446],[-122.3939726,37.7950185]]}},{"type":"Feature","id":196670577,"properties":{"area":"yes","bench":"yes","bin":"yes","bus":"yes","covered":"yes","highway":"platform","lit":"yes","network":"Muni","operator":"San Francisco Municipal Railway","public_transport":"platform","railway":"platform","tactile_paving":"no","tram":"yes","wheelchair":"limited","wheelchair:description":"step-free access for buses but not light rail; pass through platform to reach accessible light rail platform"},"geometry":{"type":"LineString","coordinates":[[-122.3941003,37.7953377],[-122.3940802,37.7953493],[-122.3942351,37.7955171],[-122.3942476,37.7955099],[-122.3942619,37.7955017],[-122.3941003,37.7953377]]}},{"type":"Feature","id":223360164,"properties":{"access":"permissive","area":"yes","fee":"no","leisure":"garden","lit":"yes","name":"123 Mission Plaza","note":"Privately Owned Public Open Space","wheelchair":"yes"},"geometry":{"type":"LineString","coordinates":[[-122.3944775,37.7920641],[-122.3944577,37.792079],[-122.3944456,37.7920887],[-122.3943203,37.7921897],[-122.3943082,37.7921994],[-122.3943007,37.7922054],[-122.3942878,37.7921951],[-122.3941203,37.7920628],[-122.3940843,37.7920349],[-122.3940322,37.7919933],[-122.3940168,37.7919811],[-122.3939847,37.7919555],[-122.394114,37.7918562],[-122.393746,37.7915754],[-122.3937939,37.7915374],[-122.3938037,37.7915296],[-122.3938168,37.7915364],[-122.3938449,37.791552],[-122.3941515,37.7917939],[-122.3941913,37.7917624],[-122.394251,37.7918091],[-122.3942017,37.7918485],[-122.3944775,37.7920641]]}},{"type":"Feature","id":283512618,"properties":{"cycleway:right":"lane","cycleway:right:lane":"exclusive","hgv":"designated","highway":"primary","lanes":"2","lcn_ref":"5","lit":"yes","maxspeed":"30 mph","name":"The Embarcadero","oneway":"yes","parking:lane:right":"parallel","sidewalk":"both","source:hgv":"https://sfplanninggis.org/TIM/?search=3591024#searchbox","surface":"asphalt","tiger:cfcc":"A45","tiger:county":"San Francisco, CA","tiger:name_base":"The Embarcadero"},"geometry":{"type":"LineString","coordinates":[[-122.39474,37.7956094],[-122.3945804,37.7953189],[-122.3945153,37.7952225],[-122.3944459,37.7951315],[-122.3943521,37.7950232],[-122.3943103,37.7949812],[-122.3942491,37.7949204],[-122.3941563,37.7948363],[-122.3940511,37.7947493],[-122.3939436,37.7946674],[-122.393666,37.7944973]]}},{"type":"Feature","id":370058408,"properties":{"highway":"service","surface":"concrete"},"geometry":{"type":"LineString","coordinates":[[-122.3921091,37.794535],[-122.3921311,37.7945224],[-122.3926531,37.7942244],[-122.3927061,37.794195],[-122.3927243,37.7941851],[-122.3927947,37.794143]]}},{"type":"Feature","id":397140314,"properties":{"bicycle:lanes":"yes|no|no|designated|yes","cycleway:right":"lane","hgv":"designated","highway":"primary","lanes":"4","lcn_ref":"5","maxspeed":"30 mph","name":"The Embarcadero","oneway":"yes","sidewalk":"right","source:hgv":"https://sfplanninggis.org/TIM/?search=3591024#searchbox","surface":"asphalt","tiger:cfcc":"A45","tiger:county":"San Francisco, CA","tiger:name_base":"The Embarcadero","turn:lanes":"left|||right"},"geometry":{"type":"LineString","coordinates":[[-122.3914667,37.7927084],[-122.3913402,37.7925504],[-122.3912975,37.7924796],[-122.391284,37.7924599],[-122.3912668,37.7924289],[-122.3912179,37.7923424]]}},{"type":"Feature","id":397140734,"properties":{"cycleway:right":"track","foot":"no","hgv":"designated","highway":"primary","lanes":"3","lcn_ref":"4","lit":"yes","maxspeed":"30 mph","name":"The Embarcadero","oneway":"yes","oneway:bicycle":"no","sidewalk":"separate","source:hgv":"https://sfplanninggis.org/TIM/?search=3591024#searchbox","surface":"asphalt","tiger:cfcc":"A45","tiger:county":"San Francisco, CA","tiger:name_base":"The Embarcadero","turn:lanes":"left||"},"geometry":{"type":"LineString","coordinates":[[-122.3944748,37.795864],[-122.39458,37.7959671],[-122.3946192,37.7960055]]}},{"type":"Feature","id":397141679,"properties":{"cycleway:right":"track","hgv":"designated","highway":"primary","lanes":"2","lcn_ref":"5","lit":"yes","maxspeed":"30 mph","name":"The Embarcadero","oneway":"yes","oneway:bicycle":"no","sidewalk":"separate","source:hgv":"https://sfplanninggis.org/TIM/?search=3591024#searchbox","surface":"asphalt","tiger:cfcc":"A45","tiger:county":"San Francisco, CA","tiger:name_base":"The Embarcadero"},"geometry":{"type":"LineString","coordinates":[[-122.3924473,37.7938324],[-122.3925372,37.7939235],[-122.3927947,37.794143],[-122.3930278,37.7943549],[-122.3930519,37.7943778],[-122.39309,37.7944139]]}},{"type":"Feature","id":397141680,"properties":{"cycleway:right":"lane","hgv":"designated","highway":"primary","lanes":"3","lcn_ref":"5","lit":"yes","maxspeed":"30 mph","name":"The Embarcadero","oneway":"yes","sidewalk":"right","source:hgv":"https://sfplanninggis.org/TIM/?search=3591024#searchbox","surface":"asphalt","tiger:cfcc":"A45","tiger:county":"San Francisco, CA","tiger:name_base":"The Embarcadero","turn:lanes":"none|through|right"},"geometry":{"type":"LineString","coordinates":[[-122.3932709,37.7942594],[-122.39325,37.7942468],[-122.3932147,37.7942241],[-122.3931751,37.7941987],[-122.3931358,37.7941735],[-122.3930006,37.7940764],[-122.3928645,37.7939657],[-122.3927151,37.7938234],[-122.3926939,37.7938021],[-122.3926071,37.7937194]]}},{"type":"Feature","id":397148936,"properties":{"cycleway:right":"track","hgv":"designated","highway":"secondary","lanes":"3","lanes:backward":"1","lanes:forward":"2","lcn_ref":"30","lit":"yes","maxspeed":"25 mph","name":"Howard Street","name:etymology:wikidata":"Q16066217","parking:lane:both":"parallel","sidewalk:both":"separate","source:hgv":"https://sfplanninggis.org/TIM/?search=3591024#searchbox","surface":"asphalt","tiger:cfcc":"A41","tiger:county":"San Francisco, CA","tiger:name_base":"Howard","tiger:name_type":"St"},"geometry":{"type":"LineString","coordinates":[[-122.3916518,37.792],[-122.3917377,37.7919291],[-122.392088,37.7916404],[-122.3922786,37.7914824]]}},{"type":"Feature","id":397153598,"properties":{"highway":"tertiary","lanes":"3","lanes:backward":"1","lanes:forward":"2","maxspeed":"20 mph","name":"Mission Street","parking:lane:both":"parallel","sidewalk:both":"separate","surface":"asphalt","tiger:cfcc":"A41","tiger:county":"San Francisco, CA","tiger:name_base":"Mission","tiger:name_type":"St","trolley_wire":"yes","turn:lanes:forward":"left|"},"geometry":{"type":"LineString","coordinates":[[-122.3935381,37.7929944],[-122.3938285,37.79277],[-122.394012,37.7926279],[-122.3940959,37.792562]]}},{"type":"Feature","id":397153600,"properties":{"highway":"unclassified","lanes":"2","maxspeed":"20 mph","name":"Steuart Street","name:etymology:wikidata":"Q360401","oneway":"yes","parking:lanes:right":"parallel","sidewalk:both":"separate","surface":"asphalt","tiger:cfcc":"A41","tiger:county":"San Francisco, CA","tiger:name_base":"Steuart","tiger:name_type":"St","turn:lanes":"left|none"},"geometry":{"type":"LineString","coordinates":[[-122.3919522,37.7922386],[-122.3917592,37.7920849],[-122.3916518,37.792]]}},{"type":"Feature","id":408572570,"properties":{"cycleway:right":"track","foot":"no","hgv":"designated","highway":"primary","lanes":"2","lcn_ref":"3","lit":"yes","maxspeed":"30 mph","name":"The Embarcadero","oneway":"yes","oneway:bicycle":"no","sidewalk":"separate","source:hgv":"https://sfplanninggis.org/TIM/?search=3591024#searchbox","surface":"asphalt","tiger:cfcc":"A45","tiger:county":"San Francisco, CA","tiger:name_base":"The Embarcadero"},"geometry":{"type":"LineString","coordinates":[[-122.3946417,37.7960323],[-122.39475,37.7961475],[-122.3948927,37.7962783]]}},{"type":"Feature","id":443021988,"properties":{"destination":"The Embarcadero","highway":"primary_link","lanes":"1","oneway":"yes","sidewalk":"left","surface":"asphalt"},"geometry":{"type":"LineString","coordinates":[[-122.393666,37.7944973],[-122.3934064,37.7944047],[-122.3933637,37.7943857]]}},{"type":"Feature","id":514591280,"properties":{"cycleway:right":"lane","hgv":"designated","highway":"primary","lanes":"2","lcn_ref":"5","lit":"yes","maxspeed":"30 mph","name":"The Embarcadero","oneway":"yes","parking:lane:right":"parallel","sidewalk":"right","source:hgv":"https://sfplanninggis.org/TIM/?search=3591024#searchbox","surface":"asphalt","tiger:cfcc":"A45","tiger:county":"San Francisco, CA","tiger:name_base":"The Embarcadero"},"geometry":{"type":"LineString","coordinates":[[-122.393666,37.7944973],[-122.3934545,37.7943678]]}},{"type":"Feature","id":514592845,"properties":{"cycleway:right":"shared_lane","highway":"tertiary","lanes":"2","lcn_ref":"50","maxspeed":"20 mph","name":"Steuart Street","name:etymology:wikidata":"Q360401","oneway":"yes","oneway:bicycle":"no","oneway:bus":"no","oneway:psv":"no","oneway:taxi":"no","sidewalk:both":"separate","surface":"asphalt","tiger:cfcc":"A41","tiger:county":"San Francisco, CA","tiger:name_base":"Steuart","tiger:name_type":"St","trolley_wire":"yes"},"geometry":{"type":"LineString","coordinates":[[-122.3933413,37.7933519],[-122.3933145,37.7933309],[-122.3932921,37.7933134],[-122.3932287,37.7932637],[-122.3932061,37.7932459]]}},{"type":"Feature","id":622297790,"properties":{"electrified":"contact_line","frequency":"0","gauge":"1435","name":"Muni E","network":"Muni","operator":"San Francisco Municipal Railway","owner":"San Francisco Municipal Railway","railway":"tram","railway:preferred_direction":"forward","voltage":"600"},"geometry":{"type":"LineString","coordinates":[[-122.392652,37.7939139],[-122.3926857,37.7939447],[-122.3930299,37.7942542]]}},{"type":"Feature","id":622297792,"properties":{"cycleway:right":"lane","hgv":"designated","highway":"primary","lanes":"3","lcn_ref":"5","lit":"yes","maxspeed":"30 mph","name":"The Embarcadero","oneway":"yes","sidewalk":"right","source:hgv":"https://sfplanninggis.org/TIM/?search=3591024#searchbox","surface":"asphalt","tiger:cfcc":"A45","tiger:county":"San Francisco, CA","tiger:name_base":"The Embarcadero"},"geometry":{"type":"LineString","coordinates":[[-122.3934545,37.7943678],[-122.3933952,37.7943319],[-122.3933011,37.794277],[-122.3932799,37.7942648],[-122.3932709,37.7942594]]}},{"type":"Feature","id":675498896,"properties":{"area":"yes","bench":"yes","bin":"no","height":"2'10\"","lit":"yes","network":"Muni","operator":"San Francisco Municipal Railway","public_transport":"platform","railway":"platform","shelter":"yes","tactile_paving":"no","tram":"yes","wheelchair":"designated"},"geometry":{"type":"LineString","coordinates":[[-122.3937331,37.793972],[-122.3937273,37.7939672],[-122.393715,37.7939579],[-122.393698,37.7939714],[-122.3937161,37.7939855],[-122.3937331,37.793972]]}},{"type":"Feature","id":675498897,"properties":{"area":"yes","bench":"yes","bin":"yes","height":"2'10\"","lit":"yes","network":"Muni","operator":"San Francisco Municipal Railway","public_transport":"platform","railway":"platform","shelter":"yes","tactile_paving":"no","tram":"yes","wheelchair":"designated"},"geometry":{"type":"LineString","coordinates":[[-122.39346,37.7940575],[-122.3934506,37.7940502],[-122.393442,37.7940433],[-122.3934249,37.7940568],[-122.3934429,37.794071],[-122.39346,37.7940575]]}},{"type":"Feature","id":675498929,"properties":{"area":"yes","bench":"no","bin":"no","height":"2'10\"","lit":"yes","network":"Muni","operator":"San Francisco Municipal Railway","public_transport":"platform","railway":"platform","shelter":"yes","tactile_paving":"yes","tram":"yes","wheelchair":"designated"},"geometry":{"type":"LineString","coordinates":[[-122.3937262,37.7947509],[-122.3937019,37.7947647],[-122.3937188,37.7947832],[-122.3937363,37.7947732],[-122.3937431,37.7947693],[-122.3937262,37.7947509]]}},{"type":"Feature","id":675498932,"properties":{"area":"yes","bench":"no","bin":"no","height":"2'10\"","lit":"yes","network":"Muni","operator":"San Francisco Municipal Railway","public_transport":"platform","railway":"platform","shelter":"yes","tactile_paving":"yes","tram":"yes","wheelchair":"designated"},"geometry":{"type":"LineString","coordinates":[[-122.3943361,37.7955794],[-122.3943202,37.7955886],[-122.3943119,37.7955934],[-122.3943288,37.7956118],[-122.3943531,37.7955979],[-122.3943361,37.7955794]]}},{"type":"Feature","id":675739907,"properties":{"access":"private","highway":"service"},"geometry":{"type":"LineString","coordinates":[[-122.3934082,37.7938258],[-122.3931911,37.7939986],[-122.393346,37.794115],[-122.3933794,37.7941402],[-122.3933999,37.7941556]]}},{"type":"Feature","id":677165866,"properties":{"cycleway:right":"lane","hgv":"designated","highway":"primary","lanes":"3","lcn_ref":"5","maxspeed":"30 mph","name":"The Embarcadero","oneway":"yes","sidewalk":"right","source:hgv":"https://sfplanninggis.org/TIM/?search=3591024#searchbox","surface":"asphalt","tiger:cfcc":"A45","tiger:county":"San Francisco, CA","tiger:name_base":"The Embarcadero","turn:lanes":"||right"},"geometry":{"type":"LineString","coordinates":[[-122.3915674,37.792809],[-122.3914667,37.7927084]]}},{"type":"Feature","id":677165867,"properties":{"cycleway:right":"lane","hgv":"designated","highway":"primary","lanes":"3","lcn_ref":"5","maxspeed":"30 mph","name":"The Embarcadero","oneway":"yes","sidewalk":"right","source:hgv":"https://sfplanninggis.org/TIM/?search=3591024#searchbox","surface":"asphalt","tiger:cfcc":"A45","tiger:county":"San Francisco, CA","tiger:name_base":"The Embarcadero","turn:lanes":"|through|right"},"geometry":{"type":"LineString","coordinates":[[-122.3922475,37.7933922],[-122.3917519,37.7929707],[-122.3916862,37.7929149],[-122.3916334,37.792871],[-122.3915674,37.792809]]}},{"type":"Feature","id":680243314,"properties":{"highway":"tertiary","lanes":"4","lit":"yes","maxspeed":"20 mph","name":"Mission Street","sidewalk":"separate","surface":"asphalt","tiger:cfcc":"A41","tiger:county":"San Francisco, CA","tiger:name_base":"Mission","tiger:name_type":"St","trolley_wire":"yes"},"geometry":{"type":"LineString","coordinates":[[-122.3945953,37.7921477],[-122.3944962,37.7922307],[-122.394459,37.7922618]]}},{"type":"Feature","id":680402685,"properties":{"highway":"tertiary","lane_markings":"yes","lanes":"2","lit":"yes","maxspeed":"20 mph","name":"Mission Street","sidewalk":"separate","surface":"asphalt","tiger:cfcc":"A41","tiger:county":"San Francisco, CA","tiger:name_base":"Mission","tiger:name_type":"St","trolley_wire":"yes"},"geometry":{"type":"LineString","coordinates":[[-122.394459,37.7922618],[-122.39419,37.7924842],[-122.3940959,37.792562]]}},{"type":"Feature","id":680402689,"properties":{"cycleway:right":"shared_lane","highway":"tertiary","lanes":"2","lcn_ref":"50","maxspeed":"20 mph","name":"Steuart Street","name:etymology:wikidata":"Q360401","oneway":"yes","oneway:bicycle":"no","oneway:bus":"no","oneway:psv":"no","oneway:taxi":"no","sidewalk":"separate","surface":"asphalt","tiger:cfcc":"A41","tiger:county":"San Francisco, CA","tiger:name_base":"Steuart","tiger:name_type":"St","trolley_wire":"yes"},"geometry":{"type":"LineString","coordinates":[[-122.3937719,37.793689],[-122.3933413,37.7933519]]}},{"type":"Feature","id":680402690,"properties":{"cycleway:right":"shared_lane","highway":"tertiary","lanes":"2","lcn_ref":"50","maxspeed":"20 mph","name":"Steuart Street","name:etymology:wikidata":"Q360401","oneway":"yes","oneway:bicycle":"no","oneway:bus":"no","oneway:psv":"no","oneway:taxi":"no","sidewalk":"separate","surface":"asphalt","tiger:cfcc":"A41","tiger:county":"San Francisco, CA","tiger:name_base":"Steuart","tiger:name_type":"St","trolley_wire":"yes"},"geometry":{"type":"LineString","coordinates":[[-122.3948315,37.7944461],[-122.3947985,37.7944503],[-122.3947671,37.7944479],[-122.3947256,37.7944368],[-122.3946683,37.7944061],[-122.3946604,37.7944021],[-122.3946275,37.7943735]]}},{"type":"Feature","id":680402691,"properties":{"highway":"tertiary","lanes":"2","lit":"yes","maxspeed":"20 mph","name":"Mission Street","sidewalk":"separate","surface":"asphalt","tiger:cfcc":"A41","tiger:county":"San Francisco, CA","tiger:name_base":"Mission","tiger:name_type":"St","trolley_wire":"yes"},"geometry":{"type":"LineString","coordinates":[[-122.3948175,37.7919634],[-122.3945953,37.7921477]]}},{"type":"Feature","id":680402692,"properties":{"cycleway:right":"shared_lane","highway":"tertiary","lanes":"2","lcn_ref":"50","maxspeed":"20 mph","name":"Steuart Street","name:etymology:wikidata":"Q360401","oneway":"yes","oneway:bicycle":"no","oneway:bus":"no","oneway:psv":"no","oneway:taxi":"no","sidewalk":"separate","surface":"asphalt","tiger:cfcc":"A41","tiger:county":"San Francisco, CA","tiger:name_base":"Steuart","tiger:name_type":"St","trolley_wire":"yes"},"geometry":{"type":"LineString","coordinates":[[-122.3938776,37.7937717],[-122.3938375,37.7937403],[-122.3938273,37.7937324],[-122.3937719,37.793689]]}},{"type":"Feature","id":762196510,"properties":{"cycleway:right":"track","hgv":"designated","highway":"primary","lanes":"2","maxspeed":"30 mph","name":"The Embarcadero","oneway":"yes","oneway:bicycle":"no","sidewalk":"separate","source:hgv":"https://sfplanninggis.org/TIM/?search=3591024#searchbox","surface":"asphalt","tiger:cfcc":"A45","tiger:county":"San Francisco, CA","tiger:name_base":"The Embarcadero"},"geometry":{"type":"LineString","coordinates":[[-122.3921913,37.7935989],[-122.3923141,37.793712],[-122.3923547,37.7937524],[-122.3924473,37.7938324]]}},{"type":"Feature","id":792350776,"properties":{"cycleway:right":"lane","hgv":"designated","highway":"primary","lanes":"3","lcn_ref":"4","lit":"yes","maxspeed":"30 mph","name":"The Embarcadero","oneway":"yes","oneway:bicycle":"no","sidewalk":"separate","source:hgv":"https://sfplanninggis.org/TIM/?search=3591024#searchbox","surface":"asphalt","tiger:cfcc":"A45","tiger:county":"San Francisco, CA","tiger:name_base":"The Embarcadero","turn:lanes":"left||"},"geometry":{"type":"LineString","coordinates":[[-122.3946192,37.7960055],[-122.3946417,37.7960323]]}},{"type":"Feature","id":806350104,"properties":{"access":"private","highway":"service"},"geometry":{"type":"LineString","coordinates":[[-122.3944962,37.7922307],[-122.3945906,37.7922935],[-122.394604,37.7923041],[-122.3948962,37.7925366]]}},{"type":"Feature","id":850162146,"properties":{"cycleway:right":"track","foot":"no","hgv":"designated","highway":"primary","lanes":"2","lcn_ref":"5","lit":"yes","maxspeed":"30 mph","name":"The Embarcadero","oneway":"yes","oneway:bicycle":"no","parking:lane:right":"parallel","sidewalk":"separate","source:hgv":"https://sfplanninggis.org/TIM/?search=3591024#searchbox","surface":"asphalt","tiger:cfcc":"A45","tiger:county":"San Francisco, CA","tiger:name_base":"The Embarcadero"},"geometry":{"type":"LineString","coordinates":[[-122.3933097,37.7946218],[-122.3934162,37.7947195],[-122.3935614,37.7948655],[-122.3936186,37.7949288],[-122.3937316,37.7950514]]}},{"type":"Feature","id":850162147,"properties":{"cycleway:right":"track","foot":"no","hgv":"designated","highway":"primary","lanes":"3","lcn_ref":"5","lit":"yes","maxspeed":"30 mph","name":"The Embarcadero","oneway":"yes","oneway:bicycle":"no","sidewalk":"separate","source:hgv":"https://sfplanninggis.org/TIM/?search=3591024#searchbox","surface":"asphalt","tiger:cfcc":"A45","tiger:county":"San Francisco, CA","tiger:name_base":"The Embarcadero"},"geometry":{"type":"LineString","coordinates":[[-122.3937316,37.7950514],[-122.3938135,37.7951451],[-122.3939127,37.7952549],[-122.3940159,37.7953637],[-122.3941184,37.7954763]]}},{"type":"Feature","id":850162148,"properties":{"cycleway:right":"track","foot":"no","hgv":"designated","highway":"primary","lanes":"2","lcn_ref":"5","lit":"yes","maxspeed":"30 mph","name":"The Embarcadero","oneway":"yes","oneway:bicycle":"no","parking:lane:right":"parallel","sidewalk":"separate","source:hgv":"https://sfplanninggis.org/TIM/?search=3591024#searchbox","surface":"asphalt","tiger:cfcc":"A45","tiger:county":"San Francisco, CA","tiger:name_base":"The Embarcadero"},"geometry":{"type":"LineString","coordinates":[[-122.3941184,37.7954763],[-122.3944748,37.795864]]}},{"type":"Feature","id":850162154,"properties":{"cycleway:right":"lane","hgv":"designated","highway":"primary","lanes":"2","lcn_ref":"5","lit":"yes","maxspeed":"30 mph","name":"The Embarcadero","oneway":"yes","parking:lane:right":"parallel","sidewalk":"right","source:hgv":"https://sfplanninggis.org/TIM/?search=3591024#searchbox","surface":"asphalt","tiger:cfcc":"A45","tiger:county":"San Francisco, CA","tiger:name_base":"The Embarcadero"},"geometry":{"type":"LineString","coordinates":[[-122.3949755,37.795955],[-122.3948815,37.7958267],[-122.3948091,37.7957122],[-122.39474,37.7956094]]}},{"type":"Feature","id":979811982,"properties":{"access":"yes","heating":"no","leisure":"outdoor_seating","lit":"yes","seasonal":"no","wheelchair":"yes"},"geometry":{"type":"LineString","coordinates":[[-122.3926816,37.7952858],[-122.3924864,37.7953722],[-122.3923175,37.7951341],[-122.3925127,37.7950477],[-122.3926816,37.7952858]]}},{"type":"Feature","id":979811984,"properties":{"garden:type":"landscaping","leisure":"garden","wheelchair":"yes"},"geometry":{"type":"LineString","coordinates":[[-122.3925035,37.7947627],[-122.3924143,37.7948331],[-122.3923266,37.7947366],[-122.392355,37.7947203],[-122.3923607,37.7947241],[-122.3923677,37.7947245],[-122.3923764,37.7947228],[-122.392382,37.7947238],[-122.3923853,37.7947297],[-122.392385,37.7947399],[-122.3923915,37.7947472],[-122.3924002,37.7947525],[-122.3924103,37.7947548],[-122.3924237,37.7947548],[-122.3924323,37.7947522],[-122.3924383,37.7947466],[-122.3924423,37.7947399],[-122.3924463,37.7947347],[-122.3924582,37.7947323],[-122.3924615,37.7947297],[-122.3924638,37.7947314],[-122.3924761,37.7947411],[-122.3924884,37.7947507],[-122.3925006,37.7947604],[-122.3925035,37.7947627]]}},{"type":"Feature","id":979811996,"properties":{"area":"yes","highway":"pedestrian","surface":"paving_stones"},"geometry":{"type":"LineString","coordinates":[[-122.3921464,37.7945422],[-122.3922963,37.7947038],[-122.3923266,37.7947366],[-122.392355,37.7947203],[-122.3923607,37.7947241],[-122.3923677,37.7947245],[-122.3923764,37.7947228],[-122.392382,37.7947238],[-122.3923853,37.7947297],[-122.392385,37.7947399],[-122.3923915,37.7947472],[-122.3924002,37.7947525],[-122.3924103,37.7947548],[-122.3924237,37.7947548],[-122.3924323,37.7947522],[-122.3924383,37.7947466],[-122.3924423,37.7947399],[-122.3924463,37.7947347],[-122.3924582,37.7947323],[-122.3924615,37.7947297],[-122.3925287,37.794675],[-122.392652,37.7945745],[-122.3926829,37.7945494],[-122.3926517,37.7945226],[-122.3925324,37.7944203],[-122.3924979,37.7943909],[-122.392476,37.7944056],[-122.3924467,37.7943786],[-122.3922216,37.7945077],[-122.3922164,37.7945021],[-122.3921464,37.7945422]]}},{"type":"Feature","id":979811998,"properties":{"bicycle":"yes","highway":"service","name":"Ferry Plaza","sidewalk":"separate","surface":"concrete"},"geometry":{"type":"LineString","coordinates":[[-122.3924351,37.7949261],[-122.3921642,37.7951299],[-122.3921381,37.7951394],[-122.3921209,37.7951525],[-122.3921039,37.795167],[-122.3920787,37.7952048],[-122.3919107,37.7953278],[-122.3918379,37.7953692],[-122.3917998,37.7953909]]}},{"type":"Feature","id":1083917974,"properties":{"access":"yes","leisure":"pitch","lit":"yes","sport":"boules","surface":"compacted"},"geometry":{"type":"LineString","coordinates":[[-122.3940643,37.7942494],[-122.3941117,37.7942147],[-122.3943397,37.794398],[-122.394296,37.7944316],[-122.3940643,37.7942494]]}},{"type":"Feature","id":1102885906,"properties":{"highway":"service","surface":"concrete"},"geometry":{"type":"LineString","coordinates":[[-122.3919522,37.7922386],[-122.3918587,37.7922969],[-122.3918376,37.7923096]]}},{"type":"Feature","id":1144255938,"properties":{"area":"yes","highway":"pedestrian","name":"Ferry Plaza","surface":"concrete"},"geometry":{"type":"LineString","coordinates":[[-122.3924889,37.7949272],[-122.3925033,37.7949409],[-122.392536,37.7949327],[-122.3926572,37.7950635],[-122.3927048,37.795115],[-122.3927272,37.7951392],[-122.3927446,37.7951579],[-122.3927607,37.7951753],[-122.3928175,37.7952367],[-122.393033,37.7954694],[-122.3930497,37.7954875],[-122.3929799,37.7955224],[-122.3929528,37.7955347],[-122.3929288,37.7955457],[-122.3929118,37.7955231],[-122.3928932,37.7954974],[-122.3928844,37.7955014],[-122.3928689,37.79548],[-122.3928584,37.7954848],[-122.3928468,37.7954901],[-122.3928618,37.7955107],[-122.3928459,37.7955179],[-122.3928319,37.7954974],[-122.3928349,37.7954771],[-122.3927751,37.7953978],[-122.3925952,37.7954781],[-122.3926156,37.7955074],[-122.3925706,37.7955273],[-122.3925443,37.7954903],[-122.39253,37.7954702],[-122.3925004,37.7954833],[-122.3924064,37.795525],[-122.3923786,37.7955373],[-122.3923927,37.7955572],[-122.3924108,37.7955826],[-122.3923678,37.7956003],[-122.3923584,37.7955869],[-122.3922326,37.7956403],[-122.3921868,37.7956606],[-122.3922439,37.795741],[-122.3922122,37.7957548],[-122.3921918,37.795764],[-122.3922514,37.795847],[-122.3921208,37.7959053],[-122.3921074,37.7958869],[-122.3921005,37.7958762],[-122.3921179,37.7958553],[-122.3921267,37.7958253],[-122.3921273,37.7957925],[-122.3920697,37.7957093],[-122.3920485,37.7956783],[-122.3920576,37.7956738],[-122.3919835,37.7955699],[-122.3920005,37.7955618],[-122.3920153,37.7955548],[-122.3920452,37.795562],[-122.3920935,37.7955567],[-122.3920974,37.7955546],[-122.3921223,37.7955429],[-122.3921444,37.7955228],[-122.3921552,37.7955005],[-122.3921565,37.7954788],[-122.3921505,37.7954518],[-122.3921357,37.7954311],[-122.3921216,37.7954168],[-122.3920968,37.7954035],[-122.392068,37.7953988],[-122.3920412,37.7953961],[-122.3920157,37.7953866],[-122.3919969,37.7953733],[-122.3919842,37.7953479],[-122.3919842,37.7953246],[-122.3919982,37.7953013],[-122.3920231,37.7952833],[-122.3921344,37.7951974],[-122.3921551,37.7951797],[-122.3921766,37.7951614],[-122.392436,37.7949639],[-122.3924395,37.7949665],[-122.3924591,37.7949518],[-122.3924889,37.7949272]]}},{"type":"Feature","id":1181064568,"properties":{"highway":"service","service":"driveway","surface":"concrete"},"geometry":{"type":"LineString","coordinates":[[-122.3920525,37.7954845],[-122.3920974,37.7955546],[-122.3921049,37.795566],[-122.3921238,37.7955945],[-122.3921035,37.7956942],[-122.3920697,37.7957093],[-122.3920639,37.7957119]]}},{"type":"Feature","id":1186431403,"properties":{"highway":"service","service":"driveway"},"geometry":{"type":"LineString","coordinates":[[-122.3919993,37.791577],[-122.392015,37.7915882],[-122.392088,37.7916404]]}},{"type":"Feature","id":1186828303,"properties":{"highway":"service","sidewalk":"no","surface":"concrete"},"geometry":{"type":"LineString","coordinates":[[-122.3933719,37.7914486],[-122.3931278,37.7916374],[-122.3930326,37.7917142]]}},{"type":"Feature","id":1189071406,"properties":{"access":"customers","leisure":"outdoor_seating"},"geometry":{"type":"LineString","coordinates":[[-122.3943533,37.7961261],[-122.3943882,37.7961061],[-122.3942185,37.7959222],[-122.3941884,37.7959396],[-122.3941533,37.7959598],[-122.3943127,37.7961322],[-122.3943231,37.7961433],[-122.3943533,37.7961261]]}},{"type":"Feature","id":1189071429,"properties":{"access":"customers","leisure":"outdoor_seating"},"geometry":{"type":"LineString","coordinates":[[-122.3932063,37.7956566],[-122.3931592,37.7956838],[-122.392986,37.7954965],[-122.393033,37.7954694],[-122.3930497,37.7954875],[-122.3930794,37.7955195],[-122.3931257,37.7955695],[-122.3932063,37.7956566]]}},{"type":"Feature","id":1189071433,"properties":{"access":"customers","leisure":"outdoor_seating"},"geometry":{"type":"LineString","coordinates":[[-122.3936664,37.7961534],[-122.3936214,37.7961794],[-122.3935667,37.7961199],[-122.3936115,37.7960941],[-122.3936664,37.7961534]]}},{"type":"Feature","id":1189071476,"properties":{"access":"customers","leisure":"outdoor_seating","surface":"concrete","wheelchair":"yes"},"geometry":{"type":"LineString","coordinates":[[-122.3931498,37.7948774],[-122.3932433,37.7948236],[-122.3931568,37.7947302],[-122.3930687,37.7946352],[-122.3929765,37.7946886],[-122.3931498,37.7948774]]}},{"type":"Feature","id":1215872882,"properties":{"area":"yes","highway":"pedestrian","surface":"wood"},"geometry":{"type":"LineString","coordinates":[[-122.394705,37.7965915],[-122.3947775,37.7965495],[-122.3947594,37.7965297],[-122.3947256,37.7964928],[-122.3946536,37.7965354],[-122.394705,37.7965915]]}},{"type":"Feature","id":1287232120,"properties":{"leisure":"outdoor_seating"},"geometry":{"type":"LineString","coordinates":[[-122.3923421,37.7926695],[-122.3923797,37.7926395],[-122.3922919,37.7925708],[-122.3922543,37.7926008],[-122.3923421,37.7926695]]}},{"type":"Feature","id":1295386876,"properties":{"highway":"service","service":"driveway","surface":"concrete"},"geometry":{"type":"LineString","coordinates":[[-122.3944025,37.7916429],[-122.3944616,37.7915951],[-122.3945455,37.7915273]]}},{"type":"Feature","id":1295386882,"properties":{"amenity":"fountain","fountain":"decorative","natural":"water"},"geometry":{"type":"LineString","coordinates":[[-122.3939923,37.7917438],[-122.3940088,37.7917306],[-122.3939193,37.7916607],[-122.3939028,37.7916739],[-122.3939923,37.7917438]]}},{"type":"Feature","id":1295386886,"properties":{"highway":"service","service":"driveway","surface":"concrete"},"geometry":{"type":"LineString","coordinates":[[-122.3944906,37.7930363],[-122.3945135,37.7930232],[-122.3946093,37.7929682]]}},{"type":"Feature","id":1416770899,"properties":{"heating":"no","leisure":"outdoor_seating"},"geometry":{"type":"LineString","coordinates":[[-122.3948969,37.7966041],[-122.3948736,37.7965784],[-122.3947625,37.7966413],[-122.3947858,37.7966669],[-122.3948969,37.7966041]]}},{"type":"Feature","id":1435896596,"properties":{"bicycle":"yes","highway":"service","lanes":"2","name":"Ferry Plaza","sidewalk":"separate","surface":"asphalt"},"geometry":{"type":"LineString","coordinates":[[-122.39309,37.7944139],[-122.3930558,37.7944422],[-122.3930285,37.7944648]]}}]}