{"type":"FeatureCollection","features":[{"type":"Feature","id":12293109343,"properties":{"brand":"Scotch & Soda","brand:wikidata":"Q17141914","name":"Scotch & Soda","shop":"clothes"},"geometry":{"type":"Point","coordinates":[151.209126,-33.87228]}},{"type":"Feature","id":20827946,"properties":{"access":"yes","amenity":"parking","check_date":"2026-07-23","check_date:fee":"2026-07-23","fee":"yes","name":"Angel Place Car Park","opening_hours":"Mo-Su 06:00 - 00:00","parking":"underground"},"geometry":{"type":"Point","coordinates":[151.2081579,-33.8666744]}},{"type":"Feature","id":20827952,"properties":{"amenity":"loading_dock","capacity":"2","dock:height":"1.2","door:height":"2.02","door:width":"1.95","maxheight":"3.2","operator":"City Recital Hall"},"geometry":{"type":"Point","coordinates":[151.2080557,-33.8668845]}},{"type":"Feature","id":20827956,"properties":{"addr:housenumber":"49","addr:street":"Market Street","addr:suburb":"Sydney","air_conditioning":"yes","amenity":"theatre","check_date":"2025-12-19","internet_access":"no","name":"State Theatre","payment:cash":"yes","payment:credit_cards":"yes","payment:debit_cards":"yes","website":"https://www.statetheatre.com.au/","wheelchair":"yes","wikidata":"Q7603582","wikipedia":"en:State Theatre (Sydney)"},"geometry":{"type":"Point","coordinates":[151.2075264,-33.8709129]}},{"type":"Feature","id":20827957,"properties":{"amenity":"bank","atm":"yes","brand":"Commonwealth Bank","brand:wikidata":"Q285328","brand:wikipedia":"en:Commonwealth Bank","check_date":"2025-02-20","level":"0","name":"Commonwealth Bank"},"geometry":{"type":"Point","coordinates":[151.2067585,-33.8706448]}},{"type":"Feature","id":354187407,"properties":{"alt_name":"Trek Bicycle Store","branch":"Sydney CBD","brand":"Trek","brand:wikidata":"Q1067617","name":"Trek","old_name":"Clarence Street Cyclery","opening_hours":"Mo-Fr 08:30-17:30; Sa-Su 10:00-16:00","phone":"+61 2 9295 0000","shop":"bicycle","website":"https://www.trekbikes.com/au/en_AU/retail/sydney_CBD"},"geometry":{"type":"Point","coordinates":[151.2054339,-33.8684281]}},{"type":"Feature","id":377882882,"properties":{"amenity":"bicycle_parking","bicycle_parking":"stands","capacity":"20","covered":"no"},"geometry":{"type":"Point","coordinates":[151.2053661,-33.8683253]}},{"type":"Feature","id":410403272,"properties":{"addr:housenumber":"161","addr:street":"Elizabeth Street","brand":"Sheraton","brand:wikidata":"Q634831","check_date":"2025-03-13","name":"Sheraton on the Park","tourism":"hotel"},"geometry":{"type":"Point","coordinates":[151.2099196,-33.8717322]}},{"type":"Feature","id":671365948,"properties":{"amenity":"stock_exchange","check_date":"2026-01-02","name":"Australian Securities Exchange","operator":"Australian Securities Exchange Ltd","short_name":"ASX","tourism":"attraction","website":"https://www.asx.com.au/","wikidata":"Q732670"},"geometry":{"type":"Point","coordinates":[151.2101646,-33.8679018]}},{"type":"Feature","id":1117739830,"properties":{"addr:housenumber":"165","addr:postcode":"2000","addr:street":"King Street","amenity":"restaurant","cuisine":"chinese","name":"Deli Choice"},"geometry":{"type":"Point","coordinates":[151.2101929,-33.8691237]}},{"type":"Feature","id":1301244874,"properties":{"amenity":"bicycle_parking","covered":"no","source":"survey"},"geometry":{"type":"Point","coordinates":[151.2072944,-33.8661031]}},{"type":"Feature","id":1301244878,"properties":{"amenity":"bicycle_parking","covered":"no","source":"survey"},"geometry":{"type":"Point","coordinates":[151.2073078,-33.8660051]}},{"type":"Feature","id":1368771290,"properties":{"amenity":"pub","name":"P J O'Brien's","opening_hours":"Mo-We 12:00-00:00; Th 12:00-01:00; Fr 12:00-02:00; Sa 13:00-02:00; Su 13:00-00:00","wheelchair":"limited"},"geometry":{"type":"Point","coordinates":[151.2054211,-33.8688477]}},{"type":"Feature","id":1424905516,"properties":{"amenity":"taxi","check_date":"2024-08-11"},"geometry":{"type":"Point","coordinates":[151.208338,-33.8679216]}},{"type":"Feature","id":1424905522,"properties":{"amenity":"taxi"},"geometry":{"type":"Point","coordinates":[151.2059851,-33.8687634]}},{"type":"Feature","id":1424905529,"properties":{"amenity":"taxi"},"geometry":{"type":"Point","coordinates":[151.2096066,-33.8687761]}},{"type":"Feature","id":1424905534,"properties":{"amenity":"taxi"},"geometry":{"type":"Point","coordinates":[151.2082277,-33.8721351]}},{"type":"Feature","id":1471938484,"properties":{"amenity":"drinking_water","check_date":"2024-08-14","fountain":"bubbler"},"geometry":{"type":"Point","coordinates":[151.205372,-33.8686444]}},{"type":"Feature","id":1546440954,"properties":{"name":"KB Coffee Roasters Expresso Bar","phone":"+61 424 260 264","shop":"coffee","source":"survey"},"geometry":{"type":"Point","coordinates":[151.205223,-33.869441]}},{"type":"Feature","id":1719531952,"properties":{"addr:housenumber":"377","addr:street":"George Street","amenity":"fast_food","brand":"McDonald's","brand:wikidata":"Q38076","brand:wikipedia":"en:McDonald's","check_date":"2024-10-24","cuisine":"burger","drive_through":"no","internet_access":"wlan","internet_access:fee":"no","internet_access:ssid":"Maccas Free Wi-Fry","level":"0;1","name":"McDonald's","outdoor_seating":"no","payment:mastercard":"yes","payment:visa":"yes","smoking":"no","takeaway":"yes","toilets":"yes","toilets:access":"customers","wheelchair":"yes"},"geometry":{"type":"Point","coordinates":[151.2068015,-33.8692467]}},{"type":"Feature","id":1719859876,"properties":{"amenity":"restaurant","name":"Eleven Barrack","website":"https://www.bentleyrestaurantgroup.com.au/elevenbarrack"},"geometry":{"type":"Point","coordinates":[151.2063816,-33.8678165]}},{"type":"Feature","id":1843372346,"properties":{"access":"no","addr:housenumber":"30","addr:street":"York Street","check_date":"2025-11-16","name":"Forbes Hotel","shop":"vacant"},"geometry":{"type":"Point","coordinates":[151.206193,-33.8688182]}},{"type":"Feature","id":1843372365,"properties":{"amenity":"atm","brand":"ANZ","brand:wikidata":"Q714641","official_name":"Australia and New Zealand Banking Group Limited","operator":"ANZ","operator:wikidata":"Q714641"},"geometry":{"type":"Point","coordinates":[151.2052536,-33.86767]}},{"type":"Feature","id":1905132899,"properties":{"amenity":"drinking_water","fountain":"bubbler","wheelchair":"yes"},"geometry":{"type":"Point","coordinates":[151.2083101,-33.8695069]}},{"type":"Feature","id":1909569729,"properties":{"amenity":"cafe","name":"Strand Espresso"},"geometry":{"type":"Point","coordinates":[151.2076346,-33.8694312]}},{"type":"Feature","id":1986159090,"properties":{"amenity":"bicycle_parking","bicycle_parking":"stands","capacity":"2","check_date":"2024-11-03","check_date:capacity":"2024-11-03","covered":"no","source":"survey"},"geometry":{"type":"Point","coordinates":[151.2064002,-33.8662129]}},{"type":"Feature","id":1986159100,"properties":{"amenity":"bicycle_parking","bicycle_parking":"stands","capacity":"1","check_date":"2024-07-27","covered":"no","source":"survey"},"geometry":{"type":"Point","coordinates":[151.2058184,-33.8670703]}},{"type":"Feature","id":1986159103,"properties":{"amenity":"bicycle_parking","bicycle_parking":"stands","capacity":"1","covered":"no","source":"survey"},"geometry":{"type":"Point","coordinates":[151.2058573,-33.8673163]}},{"type":"Feature","id":1986159116,"properties":{"amenity":"bicycle_parking","bicycle_parking":"stands","capacity":"1","covered":"no","source":"survey"},"geometry":{"type":"Point","coordinates":[151.2058935,-33.8676582]}},{"type":"Feature","id":1986159123,"properties":{"amenity":"bicycle_parking","capacity":"1","covered":"no","source":"survey"},"geometry":{"type":"Point","coordinates":[151.2063144,-33.8669544]}},{"type":"Feature","id":1986159126,"properties":{"amenity":"bicycle_parking","source":"survey"},"geometry":{"type":"Point","coordinates":[151.206352,-33.866567]}},{"type":"Feature","id":1986159132,"properties":{"amenity":"bicycle_parking","bicycle_parking":"stands","capacity":"1","check_date":"2024-08-20","covered":"no","source":"survey"},"geometry":{"type":"Point","coordinates":[151.2060757,-33.8677473]}},{"type":"Feature","id":1986159134,"properties":{"amenity":"bicycle_parking","bicycle_parking":"floor","check_date":"2024-07-27","covered":"no","source":"survey"},"geometry":{"type":"Point","coordinates":[151.2059565,-33.8678274]}},{"type":"Feature","id":2045022214,"properties":{"amenity":"bicycle_parking","bicycle_parking":"stands","capacity":"1","covered":"no","source":"survey"},"geometry":{"type":"Point","coordinates":[151.2052365,-33.8690546]}},{"type":"Feature","id":2045022230,"properties":{"amenity":"post_box","collection_times":"Mo-Fr 16:00","operator":"Australia Post","operator:wikidata":"Q1142936","post_box:type":"pillar","ref":"SPB000000026574;SPB000000026598"},"geometry":{"type":"Point","coordinates":[151.2060637,-33.8707476]}},{"type":"Feature","id":2045022233,"properties":{"amenity":"bicycle_parking","bicycle_parking":"stands","capacity":"1","covered":"no","source":"survey"},"geometry":{"type":"Point","coordinates":[151.2057275,-33.870774]}},{"type":"Feature","id":2045022241,"properties":{"amenity":"bicycle_parking","bicycle_parking":"hoop","capacity":"2","covered":"no","source":"survey","survey:date":"2022-02-06"},"geometry":{"type":"Point","coordinates":[151.2055261,-33.8704532]}},{"type":"Feature","id":2045022244,"properties":{"addr:housenumber":"44","addr:postcode":"2000","addr:state":"NSW","addr:street":"Market Street","addr:suburb":"Sydney","amenity":"post_office","brand":"Australia Post","name":"QVB Market Street Post Office","operator":"Australia Post","operator:wikidata":"Q1142936","wheelchair":"no"},"geometry":{"type":"Point","coordinates":[151.2058802,-33.8707828]}},{"type":"Feature","id":2045022273,"properties":{"amenity":"bicycle_parking","bicycle_parking":"hoop","capacity":"2","covered":"no","source":"survey","survey:date":"2022-02-05"},"geometry":{"type":"Point","coordinates":[151.2055074,-33.8701549]}},{"type":"Feature","id":2045022279,"properties":{"amenity":"bicycle_parking","bicycle_parking":"floor","check_date":"2024-07-27","covered":"no","source":"survey"},"geometry":{"type":"Point","coordinates":[151.2062316,-33.8710567]}},{"type":"Feature","id":2045022284,"properties":{"amenity":"bicycle_parking","bicycle_parking":"floor","covered":"no","source":"survey"},"geometry":{"type":"Point","coordinates":[151.2059338,-33.8709766]}},{"type":"Feature","id":2045022295,"properties":{"amenity":"bicycle_parking","bicycle_parking":"stands","capacity":"1","covered":"no","source":"survey"},"geometry":{"type":"Point","coordinates":[151.2059772,-33.8707532]}},{"type":"Feature","id":2045043302,"properties":{"amenity":"bicycle_parking","source":"survey"},"geometry":{"type":"Point","coordinates":[151.2084574,-33.8668943]}},{"type":"Feature","id":2045043303,"properties":{"amenity":"bicycle_parking","bicycle_parking":"stands","capacity":"2","covered":"no","operator":"City of Sydney","source":"survey"},"geometry":{"type":"Point","coordinates":[151.2086398,-33.8667518]}},{"type":"Feature","id":2045043305,"properties":{"amenity":"bicycle_parking","bicycle_parking":"stands","capacity":"1","check_date:capacity":"2024-08-11","covered":"no","source":"survey"},"geometry":{"type":"Point","coordinates":[151.2083339,-33.8680744]}},{"type":"Feature","id":2045043310,"properties":{"amenity":"bicycle_parking","source":"survey"},"geometry":{"type":"Point","coordinates":[151.2085379,-33.8662262]}},{"type":"Feature","id":2045043316,"properties":{"amenity":"bicycle_parking","bicycle_parking":"floor","capacity":"2","covered":"no","source":"survey"},"geometry":{"type":"Point","coordinates":[151.208392,-33.8678773]}},{"type":"Feature","id":2045043319,"properties":{"amenity":"bicycle_parking","bicycle_parking":"stands","capacity":"1","covered":"no","source":"survey"},"geometry":{"type":"Point","coordinates":[151.2051989,-33.8686071]}},{"type":"Feature","id":2045043322,"properties":{"amenity":"bicycle_parking","bicycle_parking":"stands","capacity":"1","check_date":"2024-08-11","covered":"no","source":"survey"},"geometry":{"type":"Point","coordinates":[151.2082696,-33.8685045]}},{"type":"Feature","id":2045059220,"properties":{"amenity":"bicycle_parking","source":"survey"},"geometry":{"type":"Point","coordinates":[151.2089751,-33.8689767]}},{"type":"Feature","id":2045059224,"properties":{"amenity":"bicycle_parking","bicycle_parking":"stands","capacity":"5","covered":"no","source":"survey"},"geometry":{"type":"Point","coordinates":[151.2073604,-33.8688788]}},{"type":"Feature","id":2045059226,"properties":{"amenity":"bicycle_parking","bicycle_parking":"stands","capacity":"6","check_date":"2026-09-19","check_date:capacity":"2026-09-19","covered":"no","source":"survey"},"geometry":{"type":"Point","coordinates":[151.208642,-33.8707074]}},{"type":"Feature","id":2045059235,"properties":{"amenity":"bicycle_parking","bicycle_parking":"stands","capacity":"1","covered":"no","source":"survey"},"geometry":{"type":"Point","coordinates":[151.2099453,-33.8691047]}},{"type":"Feature","id":2045059241,"properties":{"amenity":"bicycle_parking","bicycle_parking":"stands","capacity":"2","covered":"no","source":"survey"},"geometry":{"type":"Point","coordinates":[151.2102491,-33.8699121]}},{"type":"Feature","id":2045059246,"properties":{"amenity":"bicycle_parking","bicycle_parking":"stands","capacity":"2","check_date":"2026-09-19","check_date:capacity":"2024-10-26","covered":"no","source":"survey"},"geometry":{"type":"Point","coordinates":[151.209718,-33.8708518]}},{"type":"Feature","id":2045059252,"properties":{"amenity":"bicycle_parking","bicycle_parking":"stands","capacity":"6","check_date":"2026-09-19","check_date:capacity":"2026-09-19","covered":"no","source":"survey"},"geometry":{"type":"Point","coordinates":[151.2099409,-33.8706572]}},{"type":"Feature","id":2045059255,"properties":{"amenity":"bicycle_parking","bicycle_parking":"stands","capacity":"1","covered":"no","source":"survey"},"geometry":{"type":"Point","coordinates":[151.2101202,-33.8691322]}},{"type":"Feature","id":2045059258,"properties":{"amenity":"bicycle_parking","bicycle_parking":"stands","capacity":"1","covered":"no","source":"survey"},"geometry":{"type":"Point","coordinates":[151.2086049,-33.8689009]}},{"type":"Feature","id":2045059261,"properties":{"amenity":"bicycle_parking","source":"survey"},"geometry":{"type":"Point","coordinates":[151.2089563,-33.869088]}},{"type":"Feature","id":2045059270,"properties":{"amenity":"bicycle_parking","bicycle_parking":"stands","capacity":"1","check_date":"2024-07-30","covered":"no","source":"survey"},"geometry":{"type":"Point","coordinates":[151.2097019,-33.869716]}},{"type":"Feature","id":2045059273,"properties":{"amenity":"bicycle_parking","bicycle_parking":"floor","check_date":"2024-08-07","covered":"no","source":"survey"},"geometry":{"type":"Point","coordinates":[151.2075304,-33.8707555]}},{"type":"Feature","id":2059153062,"properties":{"amenity":"cafe","cuisine":"coffee_shop","name":"Mecca Sydney CBD Café","toilets:wheelchair":"no","website":"https://mecca.coffee/","wheelchair":"yes"},"geometry":{"type":"Point","coordinates":[151.2057,-33.8688365]}},{"type":"Feature","id":2059153068,"properties":{"amenity":"fast_food","cuisine":"vietnamese","name":"Vermicelli"},"geometry":{"type":"Point","coordinates":[151.2055847,-33.8688387]}},{"type":"Feature","id":2240253354,"properties":{"addr:housenumber":"436","addr:state":"NSW","addr:street":"George Street","addr:suburb":"Sydney","branch":"Sydney City","brand":"Myer","brand:wikidata":"Q1110323","brand:wikipedia":"en:Myer","name":"Myer","shop":"department_store","toilets":"yes","website":"https://www.myer.com.au/","wheelchair":"yes"},"geometry":{"type":"Point","coordinates":[151.2075642,-33.8703109]}},{"type":"Feature","id":2262384570,"properties":{"addr:housenumber":"412-414","addr:postcode":"2000","addr:street":"George Street","amenity":"restaurant","cuisine":"italian","name":"Pendolino","source":"02 9231 6117","website":"https://www.pendolino.com.au/"},"geometry":{"type":"Point","coordinates":[151.2072559,-33.8694695]}},{"type":"Feature","id":2282310086,"properties":{"addr:housenumber":"68","addr:street":"Market Street","addr:suburb":"Sydney","alt_name":"Swissotel","brand":"Swissôtel","brand:wikidata":"Q1635974","name":"Swissotel Sydney","tourism":"hotel","wheelchair":"yes"},"geometry":{"type":"Point","coordinates":[151.2072969,-33.8707364]}},{"type":"Feature","id":2312210271,"properties":{"brand":"EzyMart","brand:wikidata":"Q117220554","name":"EzyMart","shop":"convenience","source":"survey"},"geometry":{"type":"Point","coordinates":[151.2060471,-33.8671738]}},{"type":"Feature","id":2449047495,"properties":{"addr:housenumber":"114","addr:street":"Castlereagh Street","name":"St James Hotel","tourism":"hotel","wheelchair":"yes"},"geometry":{"type":"Point","coordinates":[151.2096112,-33.8711323]}},{"type":"Feature","id":2525930241,"properties":{"addr:housenumber":"122","addr:postcode":"2000","addr:street":"Pitt Street","addr:suburb":"Sydney","amenity":"pub","contact:facebook":"https://www.facebook.com/vaulthotel","name":"Vault Hotel"},"geometry":{"type":"Point","coordinates":[151.2085236,-33.8683321]}},{"type":"Feature","id":2525930242,"properties":{"addr:housenumber":"130","addr:postcode":"2000","addr:street":"Pitt Street","addr:suburb":"Sydney","name":"North Face","shop":"outdoor"},"geometry":{"type":"Point","coordinates":[151.2085336,-33.8684538]}},{"type":"Feature","id":2525930243,"properties":{"amenity":"bank","atm":"yes","brand":"NAB","brand:wikidata":"Q1430985","name":"NAB"},"geometry":{"type":"Point","coordinates":[151.2085145,-33.8685571]}},{"type":"Feature","id":2744297159,"properties":{"addr:housenumber":"10","addr:postcode":"2000","addr:street":"Bligh Street","addr:suburb":"Sydney","amenity":"restaurant","cuisine":"asian_fusion","name":"Spice Temple"},"geometry":{"type":"Point","coordinates":[151.2102798,-33.866113]}},{"type":"Feature","id":2744297165,"properties":{"addr:housenumber":"66","addr:postcode":"2000","addr:street":"Hunter Street","addr:suburb":"Sydney","amenity":"restaurant","cuisine":"international","name":"Rockpool Bar & Grill"},"geometry":{"type":"Point","coordinates":[151.2103603,-33.8660112]}},{"type":"Feature","id":2835052047,"properties":{"name":"Amazonia Imports","office":"company","payment:vertcoin":"yes"},"geometry":{"type":"Point","coordinates":[151.2056917,-33.8673949]}},{"type":"Feature","id":2839253033,"properties":{"amenity":"restaurant","level":"-1","name":"Cellini's Cafe"},"geometry":{"type":"Point","coordinates":[151.2081234,-33.8705599]}},{"type":"Feature","id":2845382893,"properties":{"addr:housenumber":"142","addr:postcode":"2000","addr:street":"Clarence Street","addr:unit":"Suite 201","name":"Technocrat","shop":"hairdresser","source":"GPS"},"geometry":{"type":"Point","coordinates":[151.2054292,-33.8691272]}},{"type":"Feature","id":2845382894,"properties":{"addr:housenumber":"75","addr:postcode":"2000","addr:street":"King Street","male":"yes","name":"Barbers Republic Co.","opening_hours":"Mo-We,Fr 08:00-18:00; Th 08:00-18:30; Sa 09:00-17:00; Su 10:00-17:00","shop":"hairdresser","source":"GPS"},"geometry":{"type":"Point","coordinates":[151.2065775,-33.8687689]}},{"type":"Feature","id":2898722084,"properties":{"addr:street":"Market Street","brand":"Rip Curl","brand:wikidata":"Q2915254","clothes":"sports","contact:phone":"+61 2 9264 6777","contact:website":"http://www.ripcurl.com.au/","name":"Rip Curl","shop":"clothes"},"geometry":{"type":"Point","coordinates":[151.2076705,-33.8708951]}},{"type":"Feature","id":3039274495,"properties":{"addr:housenumber":"1","addr:postcode":"2000","addr:state":"NSW","addr:street":"Martin Place","addr:suburb":"Sydney","amenity":"restaurant","name":"Prime Steak Restaurant","opening_hours":"Tu-Fr 12:00-15:00; Mo-Sa 18:00-22:00"},"geometry":{"type":"Point","coordinates":[151.2078305,-33.867708]}},{"type":"Feature","id":3147054965,"properties":{"amenity":"restaurant","check_date":"2026-03-16","name":"Gowings Bar & Grill","source":"survey","source:location":"extrapolation"},"geometry":{"type":"Point","coordinates":[151.2076591,-33.8709611]}},{"type":"Feature","id":3147054966,"properties":{"addr:housenumber":"49","addr:street":"Market Street","check_date":"2026-03-16","contact:phone":"+61 2 8262 0062","name":"QT Sydney","source":"survey","source:location":"extrapolation","tourism":"hotel","website":"https://www.qtsydney.com.au"},"geometry":{"type":"Point","coordinates":[151.2076595,-33.8709373]}},{"type":"Feature","id":3500720249,"properties":{"brand":"Regus","brand:wikidata":"Q130240418","name":"Regus","office":"coworking","operator":"Regus","source":"survey","source:geometry":"extrapolation"},"geometry":{"type":"Point","coordinates":[151.2090053,-33.8692249]}},{"type":"Feature","id":3543631898,"properties":{"addr:postcode":"2000","addr:street":"Castlereagh Street","addr:suburb":"Sydney","amenity":"fast_food","cuisine":"burger","name":"Mary's","takeaway":"only"},"geometry":{"type":"Point","coordinates":[151.2094332,-33.872037]}},{"type":"Feature","id":3814697122,"properties":{"amenity":"bank","brand":"NAB","brand:wikidata":"Q1430985","brand:wikipedia":"en:National Australia Bank","name":"NAB","source":"survey"},"geometry":{"type":"Point","coordinates":[151.2102551,-33.8690252]}},{"type":"Feature","id":3814697148,"properties":{"amenity":"bank","atm":"yes","brand":"Bendigo Bank","brand:wikidata":"Q4887077","brand:wikipedia":"en:Bendigo and Adelaide Bank","name":"Bendigo Bank","source":"survey"},"geometry":{"type":"Point","coordinates":[151.2102842,-33.8688086]}},{"type":"Feature","id":3909908837,"properties":{"addr:housenumber":"488","addr:street":"George Street","amenity":"restaurant","capacity":"240","contact:facebook":"https://www.facebook.com/glassbrasserie/","contact:instagram":"https://www.instagram.com/glassbrasserie/","contact:twitter":"https://twitter.com/glassbrasserie","cuisine":"australian;regional","email":"glass.sydney@hilton.com","fax":"+61 2 9265 6040","level":"2","name":"Glass Brasserie","opening_hours":"Mo-Fr 06:30-10:00,12:00-15:00,18:00-21:30; Sa 07:00-10:30,14:00-16:30,17:30-22:00, Su 07:00-10:30,14:00-16:30,18:00-21:30","phone":"+61 2 9265 6068","website":"https://www.glassbrasserie.com.au/","wheelchair":"yes","wikidata":"Q118164028"},"geometry":{"type":"Point","coordinates":[151.207258,-33.8718895]}},{"type":"Feature","id":3909957600,"properties":{"addr:housenumber":"52","addr:street":"Martin Place","amenity":"studio","brand":"Channel 7","name":"Channel 7 Studios","office":"media","studio":"television","website":"https://www.sevenwestmedia.com.au/"},"geometry":{"type":"Point","coordinates":[151.2108023,-33.8676007]}},{"type":"Feature","id":3928112552,"properties":{"addr:housenumber":"341","addr:postcode":"2000","addr:street":"George Street","addr:suburb":"Sydney","amenity":"bank","atm":"yes","brand":"Westpac","brand:wikidata":"Q2031726","check_date":"2026-05-26","check_date:opening_hours":"2026-05-26","drive_through":"no","level":"0","name":"Westpac","opening_hours":"Mo-Th 09:30-16:00; Fr 09:30-17:00","operator":"Westpac","wheelchair":"yes"},"geometry":{"type":"Point","coordinates":[151.2063726,-33.8672421]}},{"type":"Feature","id":3996822757,"properties":{"amenity":"dentist","check_date":"2026-07-13","healthcare":"dentist","level":"1","name":"Pacific Smiles"},"geometry":{"type":"Point","coordinates":[151.2078869,-33.8721597]}},{"type":"Feature","id":4003707788,"properties":{"check_date":"2024-08-07","level":"0","name":"Hype","shop":"shoes","wheelchair":"yes"},"geometry":{"type":"Point","coordinates":[151.208082,-33.8706426]}},{"type":"Feature","id":4003708550,"properties":{"brand":"Jurlique","brand:wikidata":"Q17008691","name":"Jurlique","shop":"cosmetics"},"geometry":{"type":"Point","coordinates":[151.2071022,-33.8697465]}},{"type":"Feature","id":4003726239,"properties":{"name":"Telstra","shop":"phone"},"geometry":{"type":"Point","coordinates":[151.2081322,-33.8710954]}},{"type":"Feature","id":4003726241,"properties":{"brand":"Louis Vuitton","brand:wikidata":"Q191485","brand:wikipedia":"en:Louis Vuitton","check_date":"2024-09-17","name":"Louis Vuitton","shop":"clothes"},"geometry":{"type":"Point","coordinates":[151.2067355,-33.8686005]}},{"type":"Feature","id":4003727696,"properties":{"brand":"Skechers","brand:wikidata":"Q2945643","check_date":"2025-01-25","cuisine":"japanese","level":"0","name":"Skechers","shop":"shoes","wheelchair":"yes"},"geometry":{"type":"Point","coordinates":[151.2080851,-33.8713492]}},{"type":"Feature","id":4003733589,"properties":{"brand":"TAG Heuer","brand:wikidata":"Q645984","check_date":"2025-11-09","level":"0","name":"TAG Heuer","shop":"watches"},"geometry":{"type":"Point","coordinates":[151.208428,-33.8706128]}},{"type":"Feature","id":4003733590,"properties":{"name":"Hype","shop":"shoes"},"geometry":{"type":"Point","coordinates":[151.2071074,-33.8698322]}},{"type":"Feature","id":4023188491,"properties":{"amenity":"fountain","height":"2.5","length":"6","operator":"City of Sydney","potable":"no","width":"17"},"geometry":{"type":"Point","coordinates":[151.2086617,-33.8675837]}},{"type":"Feature","id":4023188591,"properties":{"brand":"Burberry","brand:wikidata":"Q390107","check_date":"2024-10-03","clothes":"men;women","name":"Burberry","shop":"clothes","wheelchair":"yes"},"geometry":{"type":"Point","coordinates":[151.2069384,-33.8675552]}},{"type":"Feature","id":4023188889,"properties":{"addr:housenumber":"48","addr:postcode":"2000","addr:street":"Martin Place","amenity":"bank","atm":"yes","brand":"Commonwealth Bank","brand:wikidata":"Q285328","brand:wikipedia":"en:Commonwealth Bank","name":"Commonwealth Bank"},"geometry":{"type":"Point","coordinates":[151.2103411,-33.8675097]}},{"type":"Feature","id":4023188989,"properties":{"amenity":"bank","atm":"yes","brand":"Commonwealth Bank","brand:wikidata":"Q285328","name":"Commonwealth Bank"},"geometry":{"type":"Point","coordinates":[151.2096558,-33.8708919]}},{"type":"Feature","id":4023189089,"properties":{"name":"Pino's Cafe and Convenience","shop":"convenience"},"geometry":{"type":"Point","coordinates":[151.2095933,-33.8711966]}},{"type":"Feature","id":4023189189,"properties":{"addr:housenumber":"128","addr:street":"Castlereagh Street","description":"BareWolf® provides men’s body hair removal services.","name":"BareWolf Sydney CBD","office":"company","start_date":"01/09/2025","website":"https://www.barewolf.com.au"},"geometry":{"type":"Point","coordinates":[151.2095972,-33.871348]}},{"type":"Feature","id":4036225094,"properties":{"name":"Yousave","opening_hours":"Mo-Fr 08:00-18:00; Sa 10:00-17:00","shop":"chemist"},"geometry":{"type":"Point","coordinates":[151.2064739,-33.8666112]}},{"type":"Feature","id":4119676544,"properties":{"brand":"Swarovski","brand:wikidata":"Q611115","brand:wikipedia":"en:Swarovski","name":"Swarovski","operator":"Swarovski","shop":"jewelry","source":"anonymous note on map"},"geometry":{"type":"Point","coordinates":[151.2087383,-33.8706119]}},{"type":"Feature","id":4166656829,"properties":{"addr:housenumber":"84","addr:street":"Pitt Street","consulate":"yes","country":"BO","diplomatic":"consulate","name":"Consulate of the Republic of Bolivia","office":"diplomatic","phone":"+61 2 9235 0300","source":"NSW LPI Base Map","website":"http://www.consulperuau.org/"},"geometry":{"type":"Point","coordinates":[151.2087729,-33.8670087]}},{"type":"Feature","id":4166656831,"properties":{"consulate":"consulate_general","country":"TL","diplomatic":"consulate","facebook":"https://www.facebook.com/p/Consulate-General-of-Timor-Leste-in-Sydney-61575704476476/","name":"Consulate-General of Timor-Leste in Sydney","office":"diplomatic","source":"NSW LPI Base Map","target":"AU"},"geometry":{"type":"Point","coordinates":[151.2105284,-33.8657403]}},{"type":"Feature","id":4166656834,"properties":{"addr:housenumber":"109","addr:street":"Pitt Street","consulate":"consulate_general","country":"PK","diplomatic":"consulate","name":"Consulate-General of Pakistan","office":"diplomatic","phone":"+61 2 9220 5600","source":"NSW LPI Base Map","target":"AU","website":"https://www.pakistan.org.au/high_commision_sydney.php"},"geometry":{"type":"Point","coordinates":[151.2093522,-33.8674519]}},{"type":"Feature","id":4166656841,"properties":{"addr:housenumber":"242","addr:street":"Pitt Street","branch":"Pitt Street","brand":"Officeworks","brand:wikidata":"Q7079486","brand:wikipedia":"en:Officeworks","check_date":"2025-08-10","contact:facebook":"https://facebook.com/officeworks","contact:instagram":"https://instagram.com/officeworks","contact:linkedin":"https://www.linkedin.com/company/officeworks","contact:tiktok":"https://www.tiktok.com/@officeworks","contact:twitter":"https://twitter.com/officeworks","contact:youtube":"https://www.youtube.com/officeworks","full_name":"Pitt St, Officeworks","internet_access":"terminal;wlan","internet_access:fee":"no","name":"Officeworks","opening_hours":"Mo-Fr 07:00-20:00; Sa-Su 09:00-17:00","phone":"+61 2 8267 5300","service:copy":"yes","service:print":"yes","service:scan":"yes","shop":"stationery","website":"https://www.officeworks.com.au/shop/officeworks/storepage/W251/NSW/Pitt-St-Sydney"},"geometry":{"type":"Point","coordinates":[151.2082871,-33.8721414]}},{"type":"Feature","id":4216608893,"properties":{"addr:housenumber":"44","addr:street":"Market Street","consulate":"yes","country":"MY","diplomatic":"consulate","name":"Agriculture Section Malaysia Consulate","office":"diplomatic","source":"NSW LPI Base Map","source:date":"2016-06"},"geometry":{"type":"Point","coordinates":[151.2058543,-33.8705871]}},{"type":"Feature","id":4216608896,"properties":{"addr:housenumber":"44","addr:street":"Market Street","consulate":"yes","country":"IT","diplomatic":"consulate","name":"Commercial Office Italy Consulate","office":"diplomatic","source":"NSW LPI Base Map","source:date":"2016-06"},"geometry":{"type":"Point","coordinates":[151.2059669,-33.8705693]}},{"type":"Feature","id":4216608915,"properties":{"addr:housenumber":"44","addr:street":"Market Street","consulate":"consulate_general","country":"CN","diplomatic":"consulate","name":"Consulate-General People's Republic of China","office":"diplomatic","source":"NSW LPI Base Map","source:date":"2016-06","target":"AU"},"geometry":{"type":"Point","coordinates":[151.2058435,-33.8705426]}},{"type":"Feature","id":4216608924,"properties":{"addr:housenumber":"44","addr:street":"Market Street","consulate":"consulate_general","country":"IT","diplomatic":"consulate","name":"Consulate-General of Italy","office":"diplomatic","source":"NSW LPI Base Map","source:date":"2016-06","target":"AU"},"geometry":{"type":"Point","coordinates":[151.2059026,-33.8705649]}},{"type":"Feature","id":4216608925,"properties":{"addr:housenumber":"1","addr:street":"O'Connell Street","consulate":"consulate_general","country":"JP","diplomatic":"consulate","name":"Consulate-General of Japan","office":"diplomatic","phone":"+61 2 9250 1000","source":"NSW LPI Base Map","source:date":"2016-06","target":"AU","website":"https://www.sydney.au.emb-japan.go.jp/"},"geometry":{"type":"Point","coordinates":[151.2110054,-33.867566]}},{"type":"Feature","id":4216608932,"properties":{"addr:housenumber":"83","addr:street":"York Street","consulate":"consulate_general","country":"RO","diplomatic":"consulate","name":"Consulate-General of Romania","office":"diplomatic","phone":"+61 2 9299 3764","source":"NSW LPI Base Map","source:date":"2016-06","target":"AU","website":"http://sydney.mae.ro/en"},"geometry":{"type":"Point","coordinates":[151.2059239,-33.869397]}},{"type":"Feature","id":4216608935,"properties":{"addr:housenumber":"44","addr:street":"Market Street","consulate":"consulate_general","country":"UY","diplomatic":"consulate","name":"Consulate-General of Uruguay","office":"diplomatic","source":"NSW LPI Base Map","source:date":"2016-06","target":"AU"},"geometry":{"type":"Point","coordinates":[151.2058811,-33.8706272]}},{"type":"Feature","id":4216608938,"properties":{"addr:housenumber":"44","addr:street":"Market Street","consulate":"consulate_general","country":"AR","diplomatic":"consulate","name":"Consulate-General of the Argentine Republic","office":"diplomatic","phone":"+61 2 9262 2933","source":"NSW LPI Base Map","source:date":"2016-06","target":"AU","website":"https://www.argentina.org.au/contact_us.htm"},"geometry":{"type":"Point","coordinates":[151.2059401,-33.8706183]}},{"type":"Feature","id":4216608945,"properties":{"addr:housenumber":"84-84B","addr:street":"Pitt Street","consulate":"consulate_general","country":"GH","diplomatic":"consulate","level":"11","name":"Consulate-General of the Republic of Ghana","office":"diplomatic","phone":"+61 2 9299 6650","source":"NSW LPI Base Map","source:date":"2016-06","target":"AU","website":"http://ghana.org.au/"},"geometry":{"type":"Point","coordinates":[151.2090747,-33.8669054]}},{"type":"Feature","id":4216608949,"properties":{"addr:housenumber":"111","addr:street":"Elizabeth Street","consulate":"consulate_general","country":"KR","diplomatic":"consulate","name":"Consulate-General of the Republic of Korea","office":"diplomatic","phone":"+61 2 9210 0200","source":"NSW LPI Base Map","source:date":"2016-06","target":"AU","website":"http://aus-sydney.mofa.go.kr/english/as/aus-sydney/main/index.jsp"},"geometry":{"type":"Point","coordinates":[151.210205,-33.869714]}},{"type":"Feature","id":4216608950,"properties":{"addr:housenumber":"47","addr:street":"York Street","consulate":"consulate_general","country":"MG","diplomatic":"consulate","name":"Consulate-General of the Republic of Madagascar","office":"diplomatic","phone":"+61 2 9299 2290","source":"NSW LPI Base Map","source:date":"2016-06","target":"AU","website":"https://www.madagascar-consulate.org/embassies-world.html"},"geometry":{"type":"Point","coordinates":[151.2056708,-33.866895]}},{"type":"Feature","id":4216608951,"properties":{"addr:housenumber":"84","addr:street":"Pitt Street","consulate":"consulate_general","country":"PE","diplomatic":"consulate","name":"Consulate-General of the Republic of Peru","office":"diplomatic","phone":"+61 2 9235 0311","source":"NSW LPI Base Map","source:date":"2016-06","target":"AU","website":"http://www.consulperuau.org/index.php?eng_home"},"geometry":{"type":"Point","coordinates":[151.2089953,-33.8668344]}},{"type":"Feature","id":4216608965,"properties":{"consulate":"yes","country":"PH","diplomatic":"consulate","name":"Trade Investment Office Phillipine Consulate","office":"diplomatic","source":"NSW LPI Base Map","source:date":"2016-06"},"geometry":{"type":"Point","coordinates":[151.2071351,-33.8658799]}},{"type":"Feature","id":4223906589,"properties":{"amenity":"restaurant","name":"GPO Grand Restaurants & Bars","name:zh":"郵政局"},"geometry":{"type":"Point","coordinates":[151.2076706,-33.8681951]}},{"type":"Feature","id":4242649699,"properties":{"name":"Josophan'd Fine Chocolate","opening_hours":"Mo-We 07:30-19:00; Th, Fr 07:30-20:00; Sa 10:00-17:00; Su 11:00-17:00","shop":"chocolate"},"geometry":{"type":"Point","coordinates":[151.2061381,-33.8684057]}},{"type":"Feature","id":4242650067,"properties":{"amenity":"restaurant","check_date":"2022-07-25","cuisine":"german","level":"0","name":"The Bavarian","theme":"german","wheelchair":"yes"},"geometry":{"type":"Point","coordinates":[151.2061379,-33.8683283]}},{"type":"Feature","id":4258170195,"properties":{"addr:street":"Pitt Street","name":"Kogaroo","shop":"gift"},"geometry":{"type":"Point","coordinates":[151.2081461,-33.8713]}},{"type":"Feature","id":4258206489,"properties":{"addr:street":"Pitt Street","name":"Kit Ace","shop":"clothes"},"geometry":{"type":"Point","coordinates":[151.2085795,-33.8681809]}},{"type":"Feature","id":4290852500,"properties":{"brand":"H&M","brand:wikidata":"Q188326","brand:wikipedia":"en:H&M","check_date":"2026-07-23","level":"0","name":"H&M","opening_hours":"Mo-We 09:00-19:00; Th 09:30-21:00; Fr 09:30-20:00; Sa 09:30-19:00; Su 10:00-17:00","shop":"clothes","wheelchair":"yes"},"geometry":{"type":"Point","coordinates":[151.2084517,-33.8693283]}},{"type":"Feature","id":4290891693,"properties":{"brand":"Cotton On","brand:wikidata":"Q5175717","name":"Cotton On","shop":"clothes"},"geometry":{"type":"Point","coordinates":[151.2067855,-33.8709364]}},{"type":"Feature","id":4290935389,"properties":{"amenity":"restaurant","brand":"Vapiano","brand:wikidata":"Q506252","check_date":"2024-11-11","check_date:opening_hours":"2022-12-13","cuisine":"italian","level":"0","name":"Vapiano","opening_hours:signed":"no"},"geometry":{"type":"Point","coordinates":[151.2059039,-33.8688209]}},{"type":"Feature","id":4303506392,"properties":{"addr:housenumber":"73","addr:street":"York Street","alt_name":"One Tea Lounge","amenity":"restaurant","cuisine":"burger;tea;asian","email":"info@onetealounge.com.au","name":"One Tea Lounge & Grill","opening_hours":"Mo-Th 17:30-22:00; Fr-Sa 17:30-00:00","phone":"+61 2 9279 3311","website":"http://onetealounge.com.au"},"geometry":{"type":"Point","coordinates":[151.205846,-33.8684234]}},{"type":"Feature","id":4304822792,"properties":{"amenity":"restaurant","name":"Thr1ve"},"geometry":{"type":"Point","coordinates":[151.2092869,-33.8687308]}},{"type":"Feature","id":4305154595,"properties":{"amenity":"bar","name":"Ivy"},"geometry":{"type":"Point","coordinates":[151.2075706,-33.8663182]}},{"type":"Feature","id":4308740594,"properties":{"addr:housenumber":"389 level 4","addr:street":"George Street","name":"Ci base","shop":"photo"},"geometry":{"type":"Point","coordinates":[151.206814,-33.8695528]}},{"type":"Feature","id":4314200619,"properties":{"amenity":"fast_food","cuisine":"burger","drive_through":"no","name":"Burger depot","takeaway":"yes"},"geometry":{"type":"Point","coordinates":[151.209253,-33.8678465]}},{"type":"Feature","id":4341871593,"properties":{"addr:housenumber":"77","addr:postcode":"2000","addr:state":"NSW","addr:street":"King Street","brand":"Rebel","brand:wikidata":"Q18636397","brand:wikipedia":"en:Rebel (company)","check_date:opening_hours":"2024-11-21","name":"Rebel","opening_hours":"Mo-We,Fr 09:30-18:00; Su 10:00-17:00; Th 09:30-20:00; Sa 10:00-17:30","phone":"+61 2 9221 8633","shop":"sports","website":"https://www.rebelsport.com.au/"},"geometry":{"type":"Point","coordinates":[151.2067487,-33.8688319]}},{"type":"Feature","id":4422281598,"properties":{"brand":"Uniqlo","brand:wikidata":"Q26070","brand:wikipedia":"en:Uniqlo","level":"1","name":"Uniqlo","opening_hours":"Mo-We,Fr,Sa 09:00-18:00; Th 09:00-21:00; Su 10:00-17:00","shop":"clothes"},"geometry":{"type":"Point","coordinates":[151.2078083,-33.8697401]}},{"type":"Feature","id":4422281600,"properties":{"brand":"COS","brand:wikidata":"Q60772401","check_date":"2026-02-25","name":"COS","shop":"clothes","wheelchair":"yes"},"geometry":{"type":"Point","coordinates":[151.2088813,-33.8678493]}},{"type":"Feature","id":4422281601,"properties":{"name":"Taka Tea","shop":"gift"},"geometry":{"type":"Point","coordinates":[151.2074941,-33.8694523]}},{"type":"Feature","id":4434402249,"properties":{"alt_name":"Angel Place Birdcages","artist_name":"Michael Thomas Hill","artwork_type":"installation","name":"Forgotten Songs","start_date":"2012","tourism":"artwork","website":"https://www.cityofsydney.nsw.gov.au/installations/forgotten-songs","wheelchair":"limited","wikidata":"Q27116428","wikipedia":"en:Forgotten Songs"},"geometry":{"type":"Point","coordinates":[151.2078262,-33.8671837]}},{"type":"Feature","id":4439203091,"properties":{"addr:housenumber":"133-145","addr:street":"Castlereagh Street","addr:unit":"38","amenity":"restaurant","name":"Palace Chinese Restaurant"},"geometry":{"type":"Point","coordinates":[151.2091975,-33.8716019]}},{"type":"Feature","id":4464011889,"properties":{"amenity":"bar","name":"The Baxter Inn"},"geometry":{"type":"Point","coordinates":[151.2055275,-33.8697467]}},{"type":"Feature","id":4466117035,"properties":{"addr:floor":"26","addr:housenumber":"44","addr:street":"Market Street","brand":"Servcorp","level":"26","name":"Servcorp","office":"coworking","operator":"Servcorp","source":"survey","source:geometry":"extrapolation"},"geometry":{"type":"Point","coordinates":[151.2058086,-33.8705898]}},{"type":"Feature","id":4466584796,"properties":{"amenity":"bar","check_date":"2024-12-11","name":"The Barber Shop"},"geometry":{"type":"Point","coordinates":[151.205947,-33.8697846]}},{"type":"Feature","id":4467079514,"properties":{"amenity":"bar","name":"PJ O Brien's"},"geometry":{"type":"Point","coordinates":[151.2064079,-33.8685466]}},{"type":"Feature","id":4474554996,"properties":{"advertising":"no","amenity":"telephone","check_date":"2024-09-07"},"geometry":{"type":"Point","coordinates":[151.210632,-33.8678948]}},{"type":"Feature","id":4476647589,"properties":{"amenity":"telephone","check_date":"2026-08-06"},"geometry":{"type":"Point","coordinates":[151.2102936,-33.8693828]}},{"type":"Feature","id":4480996820,"properties":{"amenity":"atm","operator":"Man"},"geometry":{"type":"Point","coordinates":[151.2098674,-33.8664228]}},{"type":"Feature","id":4480996893,"properties":{"advertising":"no","amenity":"telephone","check_date":"2024-05-21"},"geometry":{"type":"Point","coordinates":[151.2099674,-33.8663741]}},{"type":"Feature","id":4480996894,"properties":{"addr:housenumber":"9","addr:postcode":"2000","addr:street":"Castlereagh Street","amenity":"cafe","name":"The Naked Duck","outdoor_seating":"yes"},"geometry":{"type":"Point","coordinates":[151.20986,-33.8667102]}},{"type":"Feature","id":4481076289,"properties":{"name":"City Convenience Store","shop":"convenience"},"geometry":{"type":"Point","coordinates":[151.2098945,-33.866353]}},{"type":"Feature","id":4509750402,"properties":{"amenity":"drinking_water","description":"Next to Gap and Microsoft on east side of mall","fountain":"bubbler","wheelchair":"yes"},"geometry":{"type":"Point","coordinates":[151.2083305,-33.8697905]}},{"type":"Feature","id":4509750498,"properties":{"amenity":"drinking_water","description":"Outside Pandora","fountain":"bubbler","wheelchair":"yes"},"geometry":{"type":"Point","coordinates":[151.2082302,-33.8700788]}},{"type":"Feature","id":4643436689,"properties":{"name":"ATO","name:en":"ATO","shop":"travel_agency"},"geometry":{"type":"Point","coordinates":[151.2096236,-33.8673458]}},{"type":"Feature","id":4737565329,"properties":{"addr:housenumber":"32","addr:postcode":"2000","addr:state":"NSW","addr:street":"Carrington Street","addr:suburb":"Sydney","brand:wikipedia":"en:7-Eleven","name":"CCACHE Sydney CBD","payment:cash":"yes","payment:contactless":"yes","payment:credit_cards":"yes","phone":"+61 2 9569 6161","service:bicycle:bicycle":"yes","service:bicycle:parts":"yes","service:bicycle:repair":"yes","service:bicycle:retail":"yes","shop":"bicycle","website":"https://ccache.cc/"},"geometry":{"type":"Point","coordinates":[151.2064524,-33.8662536]}},{"type":"Feature","id":4788724035,"properties":{"amenity":"pharmacy","brand":"Priceline Pharmacy","brand:wikidata":"Q7242652","brand:wikipedia":"en:Priceline (Australia)","check_date":"2026-07-16","check_date:opening_hours":"2026-07-16","healthcare":"pharmacy","level":"0","name":"Priceline Pharmacy","opening_hours":"Mo-Fr 07:00-20:00; Sa,Su 09:00-19:00"},"geometry":{"type":"Point","coordinates":[151.2068121,-33.8704508]}},{"type":"Feature","id":4792800721,"properties":{"amenity":"restaurant","name":"Jamie Oliver's"},"geometry":{"type":"Point","coordinates":[151.2103987,-33.865989]}},{"type":"Feature","id":4844904524,"properties":{"name":"GPO Colonnade","name:en":"GPO Colonnade","tourism":"attraction"},"geometry":{"type":"Point","coordinates":[151.2073995,-33.8676568]}},{"type":"Feature","id":4844939921,"properties":{"addr:housenumber":"330","addr:postcode":"2000","addr:state":"NSW","addr:street":"George Street","addr:suburb":"Sydney","amenity":"restaurant","cuisine":"australian","name":"Palings Kitchen and Bar","opening_hours":"Mo-Sa 12:00-23:00","phone":"+61 2 9240 3000","website":"http://merivale.com.au/ivy"},"geometry":{"type":"Point","coordinates":[151.2074326,-33.8664607]}},{"type":"Feature","id":4865595822,"properties":{"amenity":"pharmacy","brand":"Priceline Pharmacy","brand:wikidata":"Q7242652","check_date":"2024-10-03","healthcare":"pharmacy","name":"Priceline Pharmacy"},"geometry":{"type":"Point","coordinates":[151.20866,-33.8670086]}},{"type":"Feature","id":4865599422,"properties":{"amenity":"pharmacy","brand":"Priceline Pharmacy","brand:wikidata":"Q7242652","brand:wikipedia":"en:Priceline (Australia)","healthcare":"pharmacy","name":"Priceline Pharmacy"},"geometry":{"type":"Point","coordinates":[151.211029,-33.8672437]}},{"type":"Feature","id":4870764022,"properties":{"brand":"Rip Curl","brand:wikidata":"Q2915254","clothes":"sports","name":"Rip Curl","name:en":"Rip Curl","shop":"clothes"},"geometry":{"type":"Point","coordinates":[151.2087277,-33.8708838]}},{"type":"Feature","id":4905476790,"properties":{"addr:housenumber":"488","addr:postcode":"2000","addr:state":"NSW","addr:street":"George Street","addr:suburb":"Sydney","amenity":"bar","check_date":"2025-02-20","contact:facebook":"https://www.facebook.com/zetabarsydney","contact:instagram":"https://www.instagram.com/zetabarsyd/","contact:linkedin":"https://www.linkedin.com/company/zeta-bar/","email":"zetaenquiries.sydney@hilton.com","level":"4","name":"Zeta Bar","opening_hours":"Mo-Th 17:00-24:00, Fr 17:00-02:00, Sa 17:00-03:00","operator":"Hilton","phone":"+61 2 9265 6070","website":"https://www.zetabar.com.au/"},"geometry":{"type":"Point","coordinates":[151.2073345,-33.8718524]}},{"type":"Feature","id":4926224021,"properties":{"amenity":"restaurant","check_date":"2025-05-06","level":"0","name":"Koko Black","opening_hours":"Mo-Sa 09:00-17:30; Su 11:00-17:30"},"geometry":{"type":"Point","coordinates":[151.2066037,-33.8709765]}},{"type":"Feature","id":4936515988,"properties":{"amenity":"bank","brand":"ANZ","brand:wikidata":"Q714641","brand:wikipedia":"en:Australia and New Zealand Banking Group","check_date":"2022-07-17","name":"ANZ","official_name":"Australia and New Zealand Banking Group Limited","wheelchair":"yes"},"geometry":{"type":"Point","coordinates":[151.2082815,-33.872266]}},{"type":"Feature","id":4942289793,"properties":{"level":"-1","name":"CX Computer Superstore","shop":"computer"},"geometry":{"type":"Point","coordinates":[151.2062282,-33.8713386]}},{"type":"Feature","id":5104314397,"properties":{"amenity":"bicycle_parking","bicycle_parking":"stands","capacity":"2","covered":"no","operator":"City of Sydney","source":"survey"},"geometry":{"type":"Point","coordinates":[151.2086373,-33.8665949]}},{"type":"Feature","id":5104314398,"properties":{"amenity":"bicycle_parking","bicycle_parking":"stands","capacity":"2","covered":"no","operator":"City of Sydney","source":"survey"},"geometry":{"type":"Point","coordinates":[151.2086633,-33.8664804]}},{"type":"Feature","id":5104336823,"properties":{"amenity":"waste_basket","check_date":"2024-05-22","operator":"City of Sydney"},"geometry":{"type":"Point","coordinates":[151.2085671,-33.8676763]}},{"type":"Feature","id":5104336824,"properties":{"amenity":"waste_basket","operator":"City of Sydney"},"geometry":{"type":"Point","coordinates":[151.2082363,-33.867636]}},{"type":"Feature","id":5104336828,"properties":{"amenity":"waste_basket","check_date":"2024-05-22","operator":"City of Sydney"},"geometry":{"type":"Point","coordinates":[151.2086029,-33.8675249]}},{"type":"Feature","id":5104337697,"properties":{"amenity":"bench","backrest":"yes","material":"wood"},"geometry":{"type":"Point","coordinates":[151.2083508,-33.8676]}},{"type":"Feature","id":5104337698,"properties":{"amenity":"bench","backrest":"yes","material":"wood"},"geometry":{"type":"Point","coordinates":[151.2083673,-33.8674812]}},{"type":"Feature","id":5104337700,"properties":{"shop":"florist","wheelchair":"yes"},"geometry":{"type":"Point","coordinates":[151.2083941,-33.8675377]}},{"type":"Feature","id":5104337701,"properties":{"shop":"kiosk","wheelchair":"yes"},"geometry":{"type":"Point","coordinates":[151.2083673,-33.8676597]}},{"type":"Feature","id":5104337702,"properties":{"amenity":"bench","backrest":"yes","material":"wood"},"geometry":{"type":"Point","coordinates":[151.2083319,-33.8675979]}},{"type":"Feature","id":5104337703,"properties":{"amenity":"bench","backrest":"yes","material":"wood"},"geometry":{"type":"Point","coordinates":[151.208349,-33.8674796]}},{"type":"Feature","id":5104341275,"properties":{"addr:housenumber":"20","addr:street":"Martin Place","amenity":"bank","atm":"yes","atm:cash_in":"yes","branch":"Martin Place","brand":"ANZ","brand:wikidata":"Q714641","check_date":"2026-07-23","drive_through":"no","name":"ANZ","official_name":"Australia and New Zealand Banking Group Limited","opening_hours":"Mo-Fr 09:30-18:00","operator":"ANZ","wheelchair":"yes"},"geometry":{"type":"Point","coordinates":[151.2085914,-33.8674311]}},{"type":"Feature","id":5104344280,"properties":{"amenity":"theatre","backrest":"no","capacity":"200","covered":"no","length":"24","name:signed":"no","outdoors":"yes","stage:height":"2.5","stage:length":"4","stage:width":"17","surface":"stone","theatre:type":"amphi","width":"17"},"geometry":{"type":"Point","coordinates":[151.2087241,-33.8675882]}},{"type":"Feature","id":5104352751,"properties":{"amenity":"parking_entrance"},"geometry":{"type":"Point","coordinates":[151.2092755,-33.8716315]}},{"type":"Feature","id":5110562321,"properties":{"addr:housenumber":"2","addr:postcode":"2000","addr:street":"Ash Street","amenity":"restaurant","check_date":"2023-07-29","cuisine":"french","name":"Felix","opening_hours":"Mo-Fr 12:00-15:00, 17:30-22:30; Sa 17:30-22:30; Su 12:00-15:00, 17:30-21:30","phone":"+61 2 9240 3000","website":"http://www.merivale.com.au"},"geometry":{"type":"Point","coordinates":[151.2076943,-33.866572]}},{"type":"Feature","id":5129699321,"properties":{"brand":"Apple Store","brand:wikidata":"Q421253","brand:wikipedia":"en:Apple Store","building:levels":"3","check_date":"2026-06-25","internet_access":"wlan","level":"0-2","name":"Apple Store","opening_hours":"Mo-We,Fr-Sa 09:00-20:00; Su 10:00-18:00; Th 09:00-21:00","phone":"+61 2 8083 9400","shop":"electronics","short_name":"Apple","website":"https://www.apple.com/au/retail/sydney/"},"geometry":{"type":"Point","coordinates":[151.2067874,-33.8689929]}},{"type":"Feature","id":5164288664,"properties":{"amenity":"post_box","collection_times":"Su-Fr 18:00","drive_through":"no","operator":"Australia Post","operator:wikidata":"Q1142936"},"geometry":{"type":"Point","coordinates":[151.2082391,-33.8717239]}},{"type":"Feature","id":5164377007,"properties":{"addr:housename":"The Colonial Mutual Fire Insurance Co Ltd","addr:housenumber":"74","addr:postcode":"2000","addr:state":"NSW","addr:street":"Pitt Street","addr:suburb":"Sydney","brand":"Mitre 10","brand:wikidata":"Q6882393","check_date":"2024-10-03","fax":"+61 2 9231 6669","floors":"8","name":"Mitre 10","opening_hours":"Mo 07:30-18:00; Tu 07:30-18:00; We 07:30-18:00; Th 07:30-18:00; Fr 07:30-17:30; Sa 07:30-15:00; Su off","phone":"+61 2 9231 3331","shop":"doityourself"},"geometry":{"type":"Point","coordinates":[151.20874,-33.8663277]}},{"type":"Feature","id":5164417939,"properties":{"amenity":"cafe","cuisine":"bao","drink:beer":"served","name":"Mr Bao"},"geometry":{"type":"Point","coordinates":[151.2064083,-33.8697104]}},{"type":"Feature","id":5164417940,"properties":{"amenity":"cafe","cuisine":"sushi","name":"Sushi Ok"},"geometry":{"type":"Point","coordinates":[151.2064174,-33.8697539]}},{"type":"Feature","id":5294352255,"properties":{"addr:housenumber":"171","addr:postcode":"2000","addr:state":"NSW","addr:street":"Clarence Street","addr:suburb":"Sydney","addr:unit":"Suite 403, Level 4","contact:facebook":"advisible","contact:instagram":"advisible","contact:linkedin":"https://www.linkedin.com/company/advisible-pty-ltd-/","contact:twitter":"AdVisible","contact:youtube":"https://www.youtube.com/user/AdVisible","email":"welcome@advisible.com.au","name":"Advisible Digital Agency Sydney","office":"yes","phone:AU":"1300 812 447","website":"https://advisible.com.au/"},"geometry":{"type":"Point","coordinates":[151.2051943,-33.8684996]}},{"type":"Feature","id":5326311622,"properties":{"amenity":"drinking_water","fountain":"bubbler"},"geometry":{"type":"Point","coordinates":[151.2070149,-33.8695577]}},{"type":"Feature","id":5351907092,"properties":{"amenity":"cafe","name":"Salad Works"},"geometry":{"type":"Point","coordinates":[151.2080934,-33.8657384]}},{"type":"Feature","id":5351907093,"properties":{"amenity":"restaurant","name":"Little Vietnamese Food"},"geometry":{"type":"Point","coordinates":[151.2080314,-33.8657332]}},{"type":"Feature","id":5508071173,"properties":{"addr:housenumber":"109","addr:postcode":"2000","addr:state":"NSW","addr:street":"Pitt Street","addr:suburb":"Sydney","addr:unit":"302","name":"Cubic Promote","office":"company","opening_hours":"Mo-Fr 09:00-17:00","phone":"+61 2 9232 2163","website":"https://www.cubicpromote.com.au/promotional-products-sydney"},"geometry":{"type":"Point","coordinates":[151.2081954,-33.8662863]}},{"type":"Feature","id":5532662187,"properties":{"addr:housenumber":"50","addr:level":"13","addr:postcode":"2000","addr:state":"NSW","addr:street":"Carrington Street","addr:suburb":"Sydney","name":"Interior Flow","office":"company","opening_hours":"Mo-Fr 09:00-17:00","phone":"+61 414 881 736","website":"https://www.interiorflow.com.au/"},"geometry":{"type":"Point","coordinates":[151.2066098,-33.8663163]}},{"type":"Feature","id":5598309155,"properties":{"amenity":"parking_entrance","name":"Wilson Parking"},"geometry":{"type":"Point","coordinates":[151.2058701,-33.8681866]}},{"type":"Feature","id":5698069921,"properties":{"brand":"The North Face","brand:wikidata":"Q152784","clothes":"outdoor","name":"The North Face","shop":"clothes"},"geometry":{"type":"Point","coordinates":[151.2089356,-33.8674649]}},{"type":"Feature","id":5698086221,"properties":{"amenity":"bank","brand":"NAB","brand:wikidata":"Q1430985","brand:wikipedia":"en:National Australia Bank","check_date":"2024-10-03","name":"NAB","opening_hours":"Mo-Sa 09:30-17:00"},"geometry":{"type":"Point","coordinates":[151.2069611,-33.866894]}},{"type":"Feature","id":5698086321,"properties":{"branch":"Wynyard","brand":"Lululemon","brand:wikidata":"Q6702957","brand:wikipedia":"en:Commonwealth Bank","check_date":"2024-10-03","clothes":"men;women","name":"Lululemon","official_name":"Lululemon Athletica","shop":"clothes"},"geometry":{"type":"Point","coordinates":[151.2071045,-33.8659244]}},{"type":"Feature","id":5759562085,"properties":{"addr:housenumber":"400","addr:street":"George Street","check_date":"2024-07-11","name":"Telstra","office":"telecommunication"},"geometry":{"type":"Point","coordinates":[151.2071836,-33.8690905]}},{"type":"Feature","id":5759566085,"properties":{"addr:housenumber":"400","addr:street":"George Street","amenity":"cafe","check_date":"2022-07-17","level":"0","name":"Black Sugar"},"geometry":{"type":"Point","coordinates":[151.2074411,-33.8691573]}},{"type":"Feature","id":5774204480,"properties":{"addr:housenumber":"341","addr:postcode":"2000","addr:state":"NSW","addr:street":"George Street","addr:suburb":"Sydney","addr:unit":"Level 6","check_date":"2026-08-05","name":"Atlassian (HQ)","office":"it","phone":"+61 2 9262 1443"},"geometry":{"type":"Point","coordinates":[151.2064867,-33.8672623]}},{"type":"Feature","id":5774204481,"properties":{"addr:housenumber":"363","addr:postcode":"2000","addr:state":"NSW","addr:street":"George Street","addr:suburb":"Sydney","addr:unit":"Level 29","check_date":"2025-02-13","name":"Atlassian","office":"it","phone":"+61 2 9262 1443"},"geometry":{"type":"Point","coordinates":[151.206676,-33.8683561]}},{"type":"Feature","id":5813810989,"properties":{"name":"General Assembly","office":"company"},"geometry":{"type":"Point","coordinates":[151.2054684,-33.8696167]}},{"type":"Feature","id":5831328922,"properties":{"brand":"JB Hi-Fi","brand:wikidata":"Q3310113","brand:wikipedia":"en:JB Hi-Fi","check_date":"2024-11-11","level":"0","name":"JB Hi-Fi","shop":"electronics"},"geometry":{"type":"Point","coordinates":[151.208095,-33.8694102]}},{"type":"Feature","id":5831328923,"properties":{"brand":"JB Hi-Fi","brand:wikidata":"Q3310113","brand:wikipedia":"en:JB Hi-Fi","check_date":"2025-11-12","fixme":"duplitcate?","name":"JB Hi-Fi","shop":"electronics"},"geometry":{"type":"Point","coordinates":[151.2072627,-33.8693861]}},{"type":"Feature","id":5831328924,"properties":{"check_date":"2025-03-19","name":"Culture Kings","shop":"clothes"},"geometry":{"type":"Point","coordinates":[151.2072028,-33.869748]}},{"type":"Feature","id":5837815198,"properties":{"amenity":"toilets"},"geometry":{"type":"Point","coordinates":[151.2093188,-33.8680232]}},{"type":"Feature","id":5843608243,"properties":{"brand":"Chanel","brand:wikidata":"Q218115","check_date":"2024-10-04","name":"Chanel","shop":"clothes"},"geometry":{"type":"Point","coordinates":[151.2098267,-33.8689863]}},{"type":"Feature","id":5852861398,"properties":{"access":"private","amenity":"bicycle_repair_station","bicycle_parking":"wall_loops","covered":"yes","service:bicycle:pump":"yes"},"geometry":{"type":"Point","coordinates":[151.2063853,-33.8683382]}},{"type":"Feature","id":5865178390,"properties":{"amenity":"charging_station","bicycle":"yes","fee":"no","motorcar":"no","scooter":"no"},"geometry":{"type":"Point","coordinates":[151.2063604,-33.8682863]}},{"type":"Feature","id":5869708124,"properties":{"brand":"Dior","brand:wikidata":"Q542767","check_date":"2024-10-04","name":"Dior","shop":"clothes"},"geometry":{"type":"Point","coordinates":[151.2095198,-33.869154]}},{"type":"Feature","id":5869708137,"properties":{"brand":"Montblanc","brand:wikidata":"Q142691","check_date":"2024-10","name":"Montblanc","shop":"fashion_accessories"},"geometry":{"type":"Point","coordinates":[151.2094833,-33.8695098]}},{"type":"Feature","id":5869708140,"properties":{"name":"Gregory","shop":"jewelry"},"geometry":{"type":"Point","coordinates":[151.2094972,-33.8693362]}},{"type":"Feature","id":5869708152,"properties":{"name":"Bang Olufson","shop":"yes"},"geometry":{"type":"Point","coordinates":[151.209183,-33.8691106]}},{"type":"Feature","id":5869708153,"properties":{"brand":"Country Road","brand:wikidata":"Q2998907","brand:wikipedia":"en:Country Road (retailer)","check_date":"2024-09-12","level":"0","name":"Country Road","shop":"clothes"},"geometry":{"type":"Point","coordinates":[151.2084846,-33.8690501]}},{"type":"Feature","id":5869708168,"properties":{"amenity":"parking_entrance"},"geometry":{"type":"Point","coordinates":[151.209015,-33.8690609]}},{"type":"Feature","id":5869708296,"properties":{"brand":"Lacoste","brand:wikidata":"Q309031","name":"Lacoste","shop":"clothes"},"geometry":{"type":"Point","coordinates":[151.2085226,-33.8685043]}},{"type":"Feature","id":5869708297,"properties":{"name":"Ralph Lauren","shop":"clothes"},"geometry":{"type":"Point","coordinates":[151.2084677,-33.8688082]}},{"type":"Feature","id":5869708298,"properties":{"brand":"Vacheron Constantin","brand:wikidata":"Q62341","name":"Vacheron Constantin","shop":"watches"},"geometry":{"type":"Point","coordinates":[151.208566,-33.8688116]}},{"type":"Feature","id":5869708299,"properties":{"check_date":"2024-11-25","shop":"vacant"},"geometry":{"type":"Point","coordinates":[151.2086341,-33.8688219]}},{"type":"Feature","id":5869708340,"properties":{"brand":"Cartier","brand:wikidata":"Q538587","name":"Cartier","shop":"jewelry"},"geometry":{"type":"Point","coordinates":[151.2097544,-33.8696049]}},{"type":"Feature","id":5869708342,"properties":{"amenity":"bar","name":"SubSolo"},"geometry":{"type":"Point","coordinates":[151.2100341,-33.8692491]}},{"type":"Feature","id":5869708344,"properties":{"brand":"Patek Philippe","brand:wikidata":"Q659096","check_date":"2025-09-16","name":"Patek Philippe","shop":"watches"},"geometry":{"type":"Point","coordinates":[151.2099723,-33.8690159]}},{"type":"Feature","id":5869708345,"properties":{"name":"The Hour Glass","shop":"watches"},"geometry":{"type":"Point","coordinates":[151.2100506,-33.8690168]}},{"type":"Feature","id":5901396840,"properties":{"amenity":"parcel_locker","brand":"Australia Post","brand:wikidata":"Q1142936","brand:wikipedia":"en:Australia Post","name":"Australia Post Parcel Locker","operator":"Australia Post"},"geometry":{"type":"Point","coordinates":[151.2076654,-33.8691364]}},{"type":"Feature","id":5977074076,"properties":{"amenity":"cafe","check_date":"2026-10-03","cuisine":"coffee_shop","indoor_seating":"yes","indoor_seating:comfort":"stool","name":"Regiment","opening_hours":"Mo-Fr 07:00-16:00","outdoor_seating":"yes","outdoor_seating:comfort":"stool","seating":"yes","website":"https://www.regimentcbd.com.au/"},"geometry":{"type":"Point","coordinates":[151.2067491,-33.8669839]}},{"type":"Feature","id":5982617324,"properties":{"brand":"Montblanc","brand:wikidata":"Q142691","check_date":"2024-10-04","name":"Montblanc","shop":"fashion_accessories"},"geometry":{"type":"Point","coordinates":[151.2078943,-33.8689583]}},{"type":"Feature","id":5982623387,"properties":{"brand":"Bally","brand:wikidata":"Q688195","check_date":"2024-11-07","level":"0","name":"Bally","opening_hours":"Mo-We,Fr-Sa 10:00-18:00; Th 10:00-17:00; Su 11:00-17:00","shop":"shoes","wheelchair":"yes"},"geometry":{"type":"Point","coordinates":[151.2075148,-33.8686345]}},{"type":"Feature","id":5982624761,"properties":{"amenity":"waste_basket"},"geometry":{"type":"Point","coordinates":[151.2102329,-33.8716269]}},{"type":"Feature","id":5982626047,"properties":{"check_date":"2024-09-07","name":"Acne Studios","shop":"clothes"},"geometry":{"type":"Point","coordinates":[151.2102089,-33.8693176]}},{"type":"Feature","id":5982626167,"properties":{"brand":"Hugo Boss","brand:wikidata":"Q491627","brand:wikipedia":"en:Hugo Boss","check_date:opening_hours":"2022-12-13","name":"Hugo Boss","opening_hours":"Mo-We,Fr 09:30-18:00; Th 09:30-20:00; Sa 10:00-18:00; Su 11:00-18:00","shop":"clothes","short_name":"Boss","wheelchair":"no"},"geometry":{"type":"Point","coordinates":[151.2076447,-33.8689578]}},{"type":"Feature","id":5996636414,"properties":{"brand":"IGA","brand:wikidata":"Q5970945","check_date":"2024-10-04","level":"-2","name":"IGA Romeos","opening_hours":"Mo-Fr 06:00-20:00;Sa 07:00-17:00","shop":"supermarket"},"geometry":{"type":"Point","coordinates":[151.2094139,-33.8679267]}},{"type":"Feature","id":5996636681,"properties":{"brand":"Omega","brand:wikidata":"Q659224","check_date":"2026-02-25","name":"Omega","shop":"watches"},"geometry":{"type":"Point","coordinates":[151.2091048,-33.8674452]}},{"type":"Feature","id":5996637987,"properties":{"addr:housenumber":"1","addr:postcode":"2000","addr:state":"NSW","addr:street":"Martin Place","addr:suburb":"Sydney","amenity":"post_office","brand":"Australia Post","name":"Sydney GPO Post Shop","opening_hours":"Mo-Fr 09:00-17:00","operator":"Australia Post","operator:wikidata":"Q1142936"},"geometry":{"type":"Point","coordinates":[151.2072438,-33.8676879]}},{"type":"Feature","id":5998082247,"properties":{"amenity":"restaurant","check_date":"2024-10-03","name":"Fix Wine"},"geometry":{"type":"Point","coordinates":[151.2101732,-33.8696225]}},{"type":"Feature","id":5998082248,"properties":{"amenity":"cafe","contact:instagram":"metro_st_james","indoor_seating":"yes","name":"Metro St. James","outdoor_seating":"yes"},"geometry":{"type":"Point","coordinates":[151.210621,-33.870606]}},{"type":"Feature","id":5998082249,"properties":{"amenity":"toilets","fee":"no","wheelchair":"yes"},"geometry":{"type":"Point","coordinates":[151.2106343,-33.8706518]}},{"type":"Feature","id":6009432985,"properties":{"amenity":"bar","name":"Momo"},"geometry":{"type":"Point","coordinates":[151.2102778,-33.8686811]}},{"type":"Feature","id":6048318794,"properties":{"name":"The Barista Code","opening_hours":"Mo-Fr 06:45-16:00; Sa 07:30-13:00; Su 08:00-13:00","shop":"coffee"},"geometry":{"type":"Point","coordinates":[151.2056818,-33.8685989]}},{"type":"Feature","id":6048330856,"properties":{"name":"Fossix","shop":"coffee"},"geometry":{"type":"Point","coordinates":[151.2085166,-33.8686296]}},{"type":"Feature","id":6048331476,"properties":{"amenity":"bar","name":"Verandah"},"geometry":{"type":"Point","coordinates":[151.2099704,-33.8683758]}},{"type":"Feature","id":6062494844,"properties":{"amenity":"vending_machine","level":"-2","vending":"bicycle_tube"},"geometry":{"type":"Point","coordinates":[151.2063954,-33.8683741]}},{"type":"Feature","id":6062494848,"properties":{"name":"Security Office","office":"yes"},"geometry":{"type":"Point","coordinates":[151.2064461,-33.8683843]}},{"type":"Feature","id":6074954832,"properties":{"amenity":"pub","check_date":"2024-09-07","level":"0","name":"Hotel CBD","wikidata":"Q60055190"},"geometry":{"type":"Point","coordinates":[151.2058388,-33.8685813]}},{"type":"Feature","id":6074955445,"properties":{"check_date":"2024-11-04","level":"1","name":"Precinct Coffee & Co","shop":"coffee"},"geometry":{"type":"Point","coordinates":[151.2067839,-33.8683795]}},{"type":"Feature","id":6074977901,"properties":{"amenity":"cafe","cuisine":"coffee_shop","name":"Hester's","takeaway":"yes","website":"https://www.hesters.com.au/"},"geometry":{"type":"Point","coordinates":[151.2064412,-33.8668127]}},{"type":"Feature","id":6074992739,"properties":{"brand":"Nespresso","brand:wikidata":"Q301301","brand:wikipedia":"en:Nespresso","check_date":"2024-10-03","name":"Nespresso","opening_hours":"Mo-Fr 09:30-18:00; Sa,Su 10:00-18:00","shop":"coffee","wheelchair":"yes"},"geometry":{"type":"Point","coordinates":[151.2068823,-33.8677887]}},{"type":"Feature","id":6075296894,"properties":{"amenity":"bar","check_date":"2024-09-07","name":"Barrio Cellar","opening_hours":"Mo 12:00-22:30; Tu, We 12:00-23:00; Th 12:00-00:00; Fr 12:00-03:00; Sa 18:00-03:00"},"geometry":{"type":"Point","coordinates":[151.2107904,-33.8680715]}},{"type":"Feature","id":6076004414,"properties":{"amenity":"bench"},"geometry":{"type":"Point","coordinates":[151.207309,-33.8713272]}},{"type":"Feature","id":6077592544,"properties":{"amenity":"cafe","level":"-1","name":"Café Courtyard"},"geometry":{"type":"Point","coordinates":[151.2095318,-33.8682051]}},{"type":"Feature","id":6077592545,"properties":{"level":"-1","name":"MLC Grind","shop":"coffee"},"geometry":{"type":"Point","coordinates":[151.2094709,-33.8688289]}},{"type":"Feature","id":6077593056,"properties":{"amenity":"fast_food","check_date":"2024-10-03","cuisine":"juice","name":"Oakberry Acai"},"geometry":{"type":"Point","coordinates":[151.2089376,-33.8682187]}},{"type":"Feature","id":6077594220,"properties":{"amenity":"restaurant","name":"Eden Bar & Restaurant"},"geometry":{"type":"Point","coordinates":[151.2095147,-33.868319]}},{"type":"Feature","id":6077594221,"properties":{"amenity":"fast_food","level":"-1","name":"Burger Project"},"geometry":{"type":"Point","coordinates":[151.209579,-33.8680037]}},{"type":"Feature","id":6077594222,"properties":{"amenity":"fast_food","brand":"Sumo Salad","brand:wikidata":"Q16951700","cuisine":"salad","name":"Sumo Salad","takeaway":"yes"},"geometry":{"type":"Point","coordinates":[151.2095621,-33.8681057]}},{"type":"Feature","id":6077594223,"properties":{"amenity":"cafe","cuisine":"thai","level":"-1","name":"Stir Crazy Thai"},"geometry":{"type":"Point","coordinates":[151.2091538,-33.8679426]}},{"type":"Feature","id":6077594224,"properties":{"amenity":"cafe","cuisine":"sushi","level":"-1","name":"Sushi Hon"},"geometry":{"type":"Point","coordinates":[151.2092419,-33.8681636]}},{"type":"Feature","id":6077594225,"properties":{"amenity":"cafe","name":"Bun Me"},"geometry":{"type":"Point","coordinates":[151.209525,-33.8682714]}},{"type":"Feature","id":6077594226,"properties":{"addr:housenumber":"19-29","addr:street":"Martin Place","amenity":"fast_food","brand":"Soul Origin","brand:wikidata":"Q110473093","check_date":"2026-09-04","check_date:opening_hours":"2026-09-04","cuisine":"coffee_shop;salad;sandwich","level":"-1","name":"Soul Origin","opening_hours":"Mo-Fr 06:30-15:30","takeaway":"yes"},"geometry":{"type":"Point","coordinates":[151.2093366,-33.868251]}},{"type":"Feature","id":6077594227,"properties":{"amenity":"cafe","cuisine":"chinese","level":"-1","name":"Lok Lok"},"geometry":{"type":"Point","coordinates":[151.2095464,-33.8681859]}},{"type":"Feature","id":6077594231,"properties":{"level":"-1","name":"Zilia","shop":"coffee"},"geometry":{"type":"Point","coordinates":[151.20917,-33.8683798]}},{"type":"Feature","id":6077594234,"properties":{"level":"-1","name":"Maurice","shop":"dry_cleaning"},"geometry":{"type":"Point","coordinates":[151.2095177,-33.8687404]}},{"type":"Feature","id":6077594235,"properties":{"amenity":"cafe","level":"-1","name":"Eat Istanbul"},"geometry":{"type":"Point","coordinates":[151.2094223,-33.8684253]}},{"type":"Feature","id":6077594785,"properties":{"amenity":"bar","name":"Amber Bar"},"geometry":{"type":"Point","coordinates":[151.2092428,-33.868009]}},{"type":"Feature","id":6077594786,"properties":{"amenity":"fast_food","cuisine":"fish_and_chips","name":"Famous Fish Co"},"geometry":{"type":"Point","coordinates":[151.2095731,-33.8680453]}},{"type":"Feature","id":6077594787,"properties":{"level":"-1","name":"Pearsons Florist","shop":"florist"},"geometry":{"type":"Point","coordinates":[151.2093548,-33.867921]}},{"type":"Feature","id":6077594788,"properties":{"amenity":"cafe","level":"-1","name":"Deli Ziosa"},"geometry":{"type":"Point","coordinates":[151.2091435,-33.8681215]}},{"type":"Feature","id":6077594789,"properties":{"amenity":"cafe","cuisine":"pasta","name":"Pasta Pantry"},"geometry":{"type":"Point","coordinates":[151.2091389,-33.8682319]}},{"type":"Feature","id":6077594790,"properties":{"amenity":"cafe","name":"Paradiso Café & Bar"},"geometry":{"type":"Point","coordinates":[151.2091829,-33.8682617]}},{"type":"Feature","id":6077594791,"properties":{"amenity":"cafe","cuisine":"juice","name":"Top Juice"},"geometry":{"type":"Point","coordinates":[151.2094282,-33.8681538]}},{"type":"Feature","id":6077594934,"properties":{"amenity":"cafe","level":"-1","name":"iku Whole Food"},"geometry":{"type":"Point","coordinates":[151.2091529,-33.8680283]}},{"type":"Feature","id":6077594935,"properties":{"amenity":"cafe","level":"-1","name":"Roastery"},"geometry":{"type":"Point","coordinates":[151.2091402,-33.8681771]}},{"type":"Feature","id":6077594936,"properties":{"amenity":"fast_food","brand":"Schnitz","brand:wikidata":"Q48792277","cuisine":"chicken","level":"-1","name":"Schnitz","takeaway":"yes"},"geometry":{"type":"Point","coordinates":[151.2094897,-33.8683573]}},{"type":"Feature","id":6077594937,"properties":{"amenity":"toilets","level":"-1"},"geometry":{"type":"Point","coordinates":[151.2095667,-33.8683689]}},{"type":"Feature","id":6077594938,"properties":{"amenity":"cafe","cuisine":"juice","level":"-1","name":"Thrive Cafe"},"geometry":{"type":"Point","coordinates":[151.2095665,-33.8681423]}},{"type":"Feature","id":6077594939,"properties":{"amenity":"cafe","cuisine":"fish","level":"-1","name":"Nude Fish Poke"},"geometry":{"type":"Point","coordinates":[151.2090756,-33.8685026]}},{"type":"Feature","id":6077594940,"properties":{"amenity":"cafe","cuisine":"juice","level":"-1","name":"Pressed Juices"},"geometry":{"type":"Point","coordinates":[151.2091835,-33.8687343]}},{"type":"Feature","id":6077594941,"properties":{"level":"-1","name":"Nina Armando","shop":"clothes"},"geometry":{"type":"Point","coordinates":[151.2092885,-33.8688283]}},{"type":"Feature","id":6077594942,"properties":{"amenity":"fast_food","brand":"Guzman y Gomez","brand:wikidata":"Q23019759","cuisine":"mexican","name":"Guzman y Gomez","takeaway":"yes"},"geometry":{"type":"Point","coordinates":[151.2091468,-33.868279]}},{"type":"Feature","id":6077595238,"properties":{"level":"-1","name":"Flight Centre","office":"travel_agent"},"geometry":{"type":"Point","coordinates":[151.2093136,-33.8685793]}},{"type":"Feature","id":6077595239,"properties":{"level":"-1","name":"Café Chocolat","shop":"coffee"},"geometry":{"type":"Point","coordinates":[151.2090458,-33.8687159]}},{"type":"Feature","id":6077595240,"properties":{"level":"-1","name":"MLC Centre Newsagency","shop":"newsagent"},"geometry":{"type":"Point","coordinates":[151.2095876,-33.86881]}},{"type":"Feature","id":6077595246,"properties":{"level":"-1","name":"Pearl Nails","opening_hours":"Mo-We, Fr 09:30-18:30; Th 09:30-19:00; Sa 10:00-14:00","shop":"beauty"},"geometry":{"type":"Point","coordinates":[151.2094438,-33.8686443]}},{"type":"Feature","id":6083591483,"properties":{"amenity":"cafe","level":"0","name":"D","takeaway":"yes","toilets":"no","wheelchair":"yes"},"geometry":{"type":"Point","coordinates":[151.2051001,-33.8685865]}},{"type":"Feature","id":6083591484,"properties":{"amenity":"atm"},"geometry":{"type":"Point","coordinates":[151.205093,-33.8685234]}},{"type":"Feature","id":6083592785,"properties":{"amenity":"cafe","name":"Infusion","opening_hours":"Mo-Fr 07:00-15:00; Sa, Su 08:00-12:00"},"geometry":{"type":"Point","coordinates":[151.2049943,-33.8684388]}},{"type":"Feature","id":6091813756,"properties":{"amenity":"drinking_water","fountain":"bubbler"},"geometry":{"type":"Point","coordinates":[151.2071142,-33.8679031]}},{"type":"Feature","id":6133956405,"properties":{"addr:housenumber":"89","addr:street":"York Street","level":"0","name":"Leible","opening_hours":"Mo-Fr 07:00-15:30; Sa,Su 09:00-15:00; PH off","shop":"coffee","wheelchair":"limited"},"geometry":{"type":"Point","coordinates":[151.2059962,-33.8698698]}},{"type":"Feature","id":6141449885,"properties":{"brand":"Lincraft","brand:wikidata":"Q17052417","name":"Lincraft","shop":"fabric"},"geometry":{"type":"Point","coordinates":[151.2064091,-33.8705311]}},{"type":"Feature","id":6173167287,"properties":{"addr:housenumber":"131","addr:postcode":"2000","addr:state":"NSW","addr:street":"Castlereargh Street","addr:suburb":"Sydney","brand":"Boston Consulting Group","brand:wikidata":"Q135635","layer":"41","name":"Boston Consulting Group","office":"consulting","phone":"+61 2 9323 5600","website":"https://www.bcg.com/offices/sydney/default.aspx"},"geometry":{"type":"Point","coordinates":[151.2091575,-33.8712399]}},{"type":"Feature","id":6185388985,"properties":{"addr:housenumber":"199","addr:street":"Clarence Street","addr:unit":"4","amenity":"bar","facebook":"oldmatesplace","name":"Old Mates Place","opening_hours":"Su, Tu-We 16:00-02:00; Th-Sa 14:00-02:00","website":"https://oldmates.sydney/"},"geometry":{"type":"Point","coordinates":[151.2050857,-33.8693675]}},{"type":"Feature","id":6250663694,"properties":{"addr:housenumber":"81","addr:street":"York Street","name":"Mitchells adventure","shop":"outdoor"},"geometry":{"type":"Point","coordinates":[151.2059235,-33.8692214]}},{"type":"Feature","id":6250776868,"properties":{"amenity":"drinking_water","fountain":"bubbler"},"geometry":{"type":"Point","coordinates":[151.2071962,-33.8657514]}},{"type":"Feature","id":6262731221,"properties":{"amenity":"cafe","cuisine":"coffee_shop","name":"Joe Black X","takeaway":"only"},"geometry":{"type":"Point","coordinates":[151.2064496,-33.8686086]}},{"type":"Feature","id":6305405749,"properties":{"shop":"vacant"},"geometry":{"type":"Point","coordinates":[151.2055652,-33.8685916]}},{"type":"Feature","id":6390517385,"properties":{"addr:housenumber":"70","addr:postcode":"2000","addr:street":"Pitt Street","addr:unit":"B2","amenity":"bar","name":"door knock","website":"https://www.doorknock.com.au/"},"geometry":{"type":"Point","coordinates":[151.2089983,-33.8661792]}},{"type":"Feature","id":6395617786,"properties":{"addr:housenumber":"130","addr:street":"Pitt Street","amenity":"cafe","name":"Fossix coffee","website":"https://fossix.com/"},"geometry":{"type":"Point","coordinates":[151.2085975,-33.8685566]}},{"type":"Feature","id":6399693696,"properties":{"brand":"Tiffany & Company","brand:wikidata":"Q1066858","name":"Tiffany & Company","official_name":"Tiffany & Co.","shop":"jewelry"},"geometry":{"type":"Point","coordinates":[151.2081433,-33.8687369]}},{"type":"Feature","id":6437620599,"properties":{"amenity":"bicycle_parking","bicycle_parking":"stands","capacity":"6","covered":"no"},"geometry":{"type":"Point","coordinates":[151.2098141,-33.8674981]}},{"type":"Feature","id":6442328023,"properties":{"name":"City Convenience","opening_hours":"Mo-Su,PH 08:00-02:00+","shop":"convenience"},"geometry":{"type":"Point","coordinates":[151.2087475,-33.8662936]}},{"type":"Feature","id":6442329168,"properties":{"amenity":"restaurant","brand":"Vapiano","brand:wikidata":"Q506252","cuisine":"italian","name":"Vapiano"},"geometry":{"type":"Point","coordinates":[151.2083518,-33.8671501]}},{"type":"Feature","id":6442329170,"properties":{"amenity":"cafe","check_date":"2023-09-09","cuisine":"coffee_shop","name":"Cartel","takeaway":"yes"},"geometry":{"type":"Point","coordinates":[151.2092588,-33.8674933]}},{"type":"Feature","id":6442329171,"properties":{"addr:housenumber":"125","addr:street":"Pitt Street","amenity":"pub","level":"0","min_age":"18","name":"Angel Hotel","opening_hours":"Mo-Sa 10:00-02:00","outdoor_seating":"yes","phone":"+61 2 9114 7325","website":"https://merivale.com/venues/angelhotel/"},"geometry":{"type":"Point","coordinates":[151.2083983,-33.8668578]}},{"type":"Feature","id":6442329461,"properties":{"check_date":"2023-09-09","name":"CBD Pharmacies & Medical Centre","shop":"chemist"},"geometry":{"type":"Point","coordinates":[151.2086981,-33.8671771]}},{"type":"Feature","id":6442329464,"properties":{"name":"myGov","office":"government","opening_hours":"Mo-Fr 08:30-16:30"},"geometry":{"type":"Point","coordinates":[151.2094037,-33.8675061]}},{"type":"Feature","id":6461159801,"properties":{"amenity":"cafe","cuisine":"pizza","name":"Scoota Café","website":"https://scootacafe.com.au"},"geometry":{"type":"Point","coordinates":[151.208398,-33.8662528]}},{"type":"Feature","id":6461160456,"properties":{"brand":"EzyMart","brand:wikidata":"Q117220554","check_date:opening_hours":"2025-04-05","name":"EzyMart","opening_hours:signed":"no","shop":"convenience"},"geometry":{"type":"Point","coordinates":[151.2108274,-33.8672788]}},{"type":"Feature","id":6466559275,"properties":{"amenity":"cafe","cuisine":"japanese;coffee_shop","name":"Yama QVB","outdoor_seating":"no"},"geometry":{"type":"Point","coordinates":[151.2067789,-33.8710928]}},{"type":"Feature","id":6466559276,"properties":{"amenity":"taxi"},"geometry":{"type":"Point","coordinates":[151.2106935,-33.8675451]}},{"type":"Feature","id":6471970967,"properties":{"amenity":"fast_food","cuisine":"vietnamese","name":"Destination Roll"},"geometry":{"type":"Point","coordinates":[151.20835,-33.8662521]}},{"type":"Feature","id":6471974144,"properties":{"name":"Xtreme Communications","shop":"mobile_phone"},"geometry":{"type":"Point","coordinates":[151.2081071,-33.8662759]}},{"type":"Feature","id":6474882943,"properties":{"amenity":"fast_food","cuisine":"japanese","description":"Japanese Take Away","level":"-1","name":"Minami"},"geometry":{"type":"Point","coordinates":[151.2108427,-33.8673221]}},{"type":"Feature","id":6474886192,"properties":{"name":"Flight Centre","office":"travel_agent"},"geometry":{"type":"Point","coordinates":[151.2108582,-33.867123]}},{"type":"Feature","id":6474886193,"properties":{"amenity":"fast_food","cuisine":"burger","level":"-1","name":"Fire & Food"},"geometry":{"type":"Point","coordinates":[151.2108979,-33.8673311]}},{"type":"Feature","id":6474887525,"properties":{"check_date":"2025-04","level":"0","name":"George's Cameras","shop":"camera"},"geometry":{"type":"Point","coordinates":[151.2067982,-33.8694685]}},{"type":"Feature","id":6474887526,"properties":{"level":"-1","name":"Roma Espresso","shop":"coffee"},"geometry":{"type":"Point","coordinates":[151.2109147,-33.8672671]}},{"type":"Feature","id":6474887685,"properties":{"check_date":"2024-07-27","description":"Indoor seating is cosy, padded bench with back support on one side and chairs on the other","indoor_seating":"yes","indoor_seating:comfort":"cushion_bench","name":"Batch Espresso","opening_hours":"Mo-Fr 06:00-17:00; Sa, Su 07:30-15:30","outdoor_seating":"yes","outdoor_seating:comfort":"chair","shop":"coffee"},"geometry":{"type":"Point","coordinates":[151.2059719,-33.8674134]}},{"type":"Feature","id":6474887686,"properties":{"check_date":"2024-11-21","check_date:opening_hours":"2024-11-21","name":"George Jensen","opening_hours":"Mo-We,Fr 09:30-18:00; Th 09:30-19:00; Sa 10:00-17:00; Su 11:00-16:00","shop":"jewelry","wheelchair":"yes"},"geometry":{"type":"Point","coordinates":[151.2068787,-33.8678788]}},{"type":"Feature","id":6474887687,"properties":{"amenity":"cafe","level":"-1","name":"Crush Juice Bar"},"geometry":{"type":"Point","coordinates":[151.2108396,-33.8672571]}},{"type":"Feature","id":6548669379,"properties":{"check_date":"2024-05-21","name":"Optiver","office":"financial"},"geometry":{"type":"Point","coordinates":[151.2094822,-33.8661875]}},{"type":"Feature","id":6548678775,"properties":{"amenity":"pharmacy","healthcare":"pharmacy","name":"Hunter Connect Pharmacy"},"geometry":{"type":"Point","coordinates":[151.2082952,-33.8662501]}},{"type":"Feature","id":6548694047,"properties":{"brand":"Cupra","brand:wikidata":"Q8352675","check_date":"2024-10-03","name":"Cupra","shop":"car"},"geometry":{"type":"Point","coordinates":[151.2088149,-33.8659117]}},{"type":"Feature","id":6548738173,"properties":{"name":"Mario's Shoe Repair","shop":"shoe_repair"},"geometry":{"type":"Point","coordinates":[151.2082379,-33.8662383]}},{"type":"Feature","id":6548770808,"properties":{"name":"Waterman","office":"consulting"},"geometry":{"type":"Point","coordinates":[151.2091506,-33.8660454]}},{"type":"Feature","id":6548779575,"properties":{"name":"Subin Hair & Nails","shop":"beauty"},"geometry":{"type":"Point","coordinates":[151.2080035,-33.8661976]}},{"type":"Feature","id":6548780169,"properties":{"shop":"newsagent"},"geometry":{"type":"Point","coordinates":[151.208128,-33.8662248]}},{"type":"Feature","id":6548782932,"properties":{"amenity":"cafe","name":"The Lab Cafe"},"geometry":{"type":"Point","coordinates":[151.2080426,-33.8661972]}},{"type":"Feature","id":6548783303,"properties":{"name":"Aristocrat Jewellers","shop":"jewelry"},"geometry":{"type":"Point","coordinates":[151.2080185,-33.8662551]}},{"type":"Feature","id":6548784640,"properties":{"name":"Caveman Barbers","shop":"hairdresser"},"geometry":{"type":"Point","coordinates":[151.2080837,-33.8662133]}},{"type":"Feature","id":6548786249,"properties":{"addr:housenumber":"27-31","addr:street":"Hunter Street","brand":"Officeworks","brand:wikidata":"Q7079486","brand:wikipedia":"en:Officeworks","check_date":"2024-10-03","contact:facebook":"https://facebook.com/officeworks","contact:instagram":"https://instagram.com/officeworks","contact:linkedin":"https://www.linkedin.com/company/officeworks","contact:tiktok":"https://www.tiktok.com/@officeworks","contact:twitter":"https://twitter.com/officeworks","contact:youtube":"https://www.youtube.com/officeworks","full_name":"Hunter St, Officeworks","internet_access":"terminal;wlan","internet_access:fee":"no","name":"Officeworks","opening_hours":"Mo-Su 07:00-20:00; Sa-Su 09:00-17:00","phone":"+61 2 8223 1700","service:copy":"yes","service:print":"yes","service:scan":"yes","shop":"stationery","website":"https://www.officeworks.com.au/shop/officeworks/storepage/W253/NSW/Hunter-St-Sydney"},"geometry":{"type":"Point","coordinates":[151.2089813,-33.8659403]}},{"type":"Feature","id":6548788068,"properties":{"amenity":"cafe","name":"Deja Vu"},"geometry":{"type":"Point","coordinates":[151.2083375,-33.8662908]}},{"type":"Feature","id":6548789405,"properties":{"name":"Piccolo Me","shop":"coffee"},"geometry":{"type":"Point","coordinates":[151.2098106,-33.8663092]}},{"type":"Feature","id":6548791117,"properties":{"amenity":"cafe","name":"Hungry Hunter"},"geometry":{"type":"Point","coordinates":[151.2082297,-33.8662763]}},{"type":"Feature","id":6562322008,"properties":{"name":"TCD Dry Cleaning","shop":"dry_cleaning"},"geometry":{"type":"Point","coordinates":[151.2082094,-33.8662359]}},{"type":"Feature","id":6581505619,"properties":{"amenity":"cafe","check_date":"2024-10-22","cuisine":"coffee_shop","indoor_seating":"no","name":"June's Shoppe","opening_hours":"Mo-Fr 06:00-16:00","outdoor_seating":"yes","outdoor_seating:comfort":"bench","seating":"no","website":"https://www.junes.com.au/","wheelchair":"yes"},"geometry":{"type":"Point","coordinates":[151.2066408,-33.8669512]}},{"type":"Feature","id":6581508004,"properties":{"amenity":"restaurant","bar":"yes","name":"Bopp & Tone","opening_hours":"Mo-Th 11:30-23:00; Fr-Sa 11:30-00:00; Su 11:30-17:00","outdoor_seating":"yes","toilets":"yes","toilets:access":"customers","toilets:wheelchair":"yes","website":"https://boppandtone.com.au/","wheelchair":"yes"},"geometry":{"type":"Point","coordinates":[151.206477,-33.8668981]}},{"type":"Feature","id":6581508005,"properties":{"brand":"Rimowa","brand:wikidata":"Q1287437","name":"Rimowa","shop":"bag"},"geometry":{"type":"Point","coordinates":[151.209081,-33.8678116]}},{"type":"Feature","id":6581528601,"properties":{"check_date":"2024-10-03","name":"Subtype","shop":"clothes"},"geometry":{"type":"Point","coordinates":[151.2072939,-33.8670119]}},{"type":"Feature","id":6581529724,"properties":{"amenity":"cafe","check_date":"2024-10-04","cuisine":"coffee_shop","lit":"yes","name":"Diggy Doo’s Kiosk","opening_hours":"Mo-Fr 07:00-15:00","operator":"QMS","outdoor_seating":"yes","shop":"kiosk","wheelchair":"yes"},"geometry":{"type":"Point","coordinates":[151.2085066,-33.8677322]}},{"type":"Feature","id":6594385359,"properties":{"amenity":"loading_dock"},"geometry":{"type":"Point","coordinates":[151.2071471,-33.8679911]}},{"type":"Feature","id":6594385365,"properties":{"amenity":"loading_dock"},"geometry":{"type":"Point","coordinates":[151.2070766,-33.8701388]}},{"type":"Feature","id":6979353862,"properties":{"amenity":"cafe","brand":"Boost Juice","brand:wikidata":"Q4943789","cuisine":"juice","name":"Boost Juice","takeaway":"yes"},"geometry":{"type":"Point","coordinates":[151.2076416,-33.8702983]}},{"type":"Feature","id":7005769386,"properties":{"amenity":"pharmacy","brand":"Chemist Warehouse","brand:wikidata":"Q48782120","brand:wikipedia":"en:Chemist Warehouse","check_date":"2025-04-25","disused:amenity":"pharmacy","healthcare":"pharmacy","name":"Chemist Warehouse","wheelchair":"yes"},"geometry":{"type":"Point","coordinates":[151.2080349,-33.8696525]}},{"type":"Feature","id":7005769387,"properties":{"check_date":"2024-09-17","level":"0","name":"Platypus","shop":"shoes","wheelchair":"yes"},"geometry":{"type":"Point","coordinates":[151.208439,-33.8691827]}},{"type":"Feature","id":7015942366,"properties":{"brand":"Woolworths Metro","brand:wikidata":"Q111772555","check_date":"2024-08-16","level":"-1","name":"Woolworths Metro","opening_hours":"Mo-Fr 07:00-21:00; Sa,Su 08:00-20:00","operator":"Woolworths Group","operator:wikidata":"Q607272","payment:credit_cards":"yes","payment:debit_cards":"yes","shop":"supermarket","wheelchair":"no"},"geometry":{"type":"Point","coordinates":[151.2081628,-33.8693268]}},{"type":"Feature","id":7043521286,"properties":{"amenity":"bar","name":"RedOak"},"geometry":{"type":"Point","coordinates":[151.2052239,-33.8697588]}},{"type":"Feature","id":7055623287,"properties":{"amenity":"restaurant","name":"Ash St Cellar"},"geometry":{"type":"Point","coordinates":[151.2075761,-33.8666105]}},{"type":"Feature","id":7140619885,"properties":{"addr:housenumber":"83","addr:street":"York Street","check_date":"2024-12-11","description":"Snow gear and equipment","level":"0","name":"The Boot Lab","shop":"outdoor"},"geometry":{"type":"Point","coordinates":[151.2059747,-33.8696316]}},{"type":"Feature","id":8086519389,"properties":{"amenity":"cafe","check_date":"2025-09-05","check_date:opening_hours":"2025-09-05","name":"Bar Pronto","opening_hours":"Mo-Fr 07:00-17:00+"},"geometry":{"type":"Point","coordinates":[151.2087296,-33.866235]}},{"type":"Feature","id":8086569171,"properties":{"amenity":"cafe","name":"Romolo Cafe","website":"http://romolo.com.au"},"geometry":{"type":"Point","coordinates":[151.2076483,-33.8694212]}},{"type":"Feature","id":8086569172,"properties":{"addr:housenumber":"2","addr:street":"Angel Place","amenity":"cafe","cuisine":"coffee_shop","name":"Picco Leo","outdoor_seating":"yes","takeaway":"yes","website":"https://piccoleo.com.au/","wheelchair":"limited"},"geometry":{"type":"Point","coordinates":[151.2077305,-33.8668363]}},{"type":"Feature","id":8086575303,"properties":{"amenity":"cafe","check_date":"2024-10-03","cuisine":"coffee_shop","name":"Batch Sandwich and Espresso Bar","outdoor_seating":"no","takeaway":"yes"},"geometry":{"type":"Point","coordinates":[151.2087361,-33.8661418]}},{"type":"Feature","id":8105828955,"properties":{"amenity":"cafe","check_date":"2024-09-17","indoor_seating":"yes","indoor_seating:comfort":"chair","name":"Sevens Cafe","opening_hours":"Tu-Th 07:00-15:30; Mo, Fr 07:00-15:00","outdoor_seating":"yes","outdoor_seating:comfort":"stool"},"geometry":{"type":"Point","coordinates":[151.2066946,-33.8688171]}},{"type":"Feature","id":8140536436,"properties":{"addr:housenumber":"2","addr:postcode":"2000","addr:state":"NSW","addr:street":"George Street","addr:suburb":"Sydney","addr:unit":"Level","name":"Secrets Shhh","opening_hours":"Mo-Fr 08:00-17:00","phone":"+61 2 8246 9070","shop":"jewelry","website":"https://www.secrets-shhh.com/"},"geometry":{"type":"Point","coordinates":[151.2088736,-33.8699929]}},{"type":"Feature","id":8221306790,"properties":{"addr:housenumber":"1","addr:postcode":"2000","addr:state":"NSW","addr:street":"Hosking Place","addr:suburb":"Sydney","air_conditioning":"yes","amenity":"restaurant","cuisine":"japanese","level":"0","name":"Suminoya Japanese Restaurant","opening_hours":"Mo-Sa 12:00-14:30, Mo,We 17:30-21:30, Th-Sa 17:30-22:00; Su off","phone":"+61 2 9231 2177","smoking":"no","website":"https://www.suminoya.com.au/","wheelchair":"yes"},"geometry":{"type":"Point","coordinates":[151.209138,-33.8670545]}},{"type":"Feature","id":8287736601,"properties":{"addr:housenumber":"38-40","addr:postcode":"2000","addr:state":"NSW","addr:street":"York Street","addr:suburb":"Sydney","amenity":"cafe","cuisine":"coffee_shop;breakfast","email":"yorkst@industrybeans.com","name":"Industry Beans","opening_hours":"Mo-Fr 07:00-15:30; Sa-Su 08:00-15:30","outdoor_seating":"no","payment:cash":"no","takeaway":"yes","website":"https://industrybeans.com/","wheelchair":"no"},"geometry":{"type":"Point","coordinates":[151.2062574,-33.8692873]}},{"type":"Feature","id":8369514681,"properties":{"check_date":"2024-05-22","name":"Romeo's Food Group","operator":"Romeo's Food Group","shop":"supermarket"},"geometry":{"type":"Point","coordinates":[151.2091566,-33.8678081]}},{"type":"Feature","id":8395456588,"properties":{"amenity":"cafe","check_date":"2025-08-10","cuisine":"coffee_shop","name":"Gumption","opening_hours":"Mo-Fr 08:00-16:30; Sa 10:00-15:30; Su 10:00-14:30","outdoor_seating":"no","shop":"coffee","website":"https://www.gumptioncoffee.com.au/"},"geometry":{"type":"Point","coordinates":[151.2075762,-33.8694568]}},{"type":"Feature","id":8456132232,"properties":{"addr:housenumber":"75","addr:street":"King Street","addr:suburb":"Sydney","addr:unit":"3","check_date":"2024-11-11","name":"DigiDirect","opening_hours":"Mo-We,Fr 09:30-18:00; Th 09:30-19:00; Sa-Su 10:00-17:00","shop":"electronics","website":"https://www.digidirect.com.au"},"geometry":{"type":"Point","coordinates":[151.2062823,-33.8687935]}},{"type":"Feature","id":8562210666,"properties":{"amenity":"cafe","name":"Sammy Jr.","opening_hours":"Mo-We 07:00-17:00; Th, Fr 07:00-09:30","outdoor_seating":"yes"},"geometry":{"type":"Point","coordinates":[151.2061242,-33.8684881]}},{"type":"Feature","id":8744143923,"properties":{"amenity":"waste_basket"},"geometry":{"type":"Point","coordinates":[151.2071325,-33.8676388]}},{"type":"Feature","id":8745976197,"properties":{"addr:housenumber":"68","addr:postcode":"2000","addr:state":"NSW","addr:street":"York Street","addr:suburb":"Sydney","air_conditioning":"yes","brand":"Coles Local","brand:wikidata":"Q104850818","check_date":"2025-02-20","currency:AUD":"yes","level":"1","name":"Coles Local","opening_hours":"Mo-Fr 07:00-20:00; Sa-Su 09:00-19:00","operator":"Coles Group","operator:wikidata":"Q131937428","organic":"yes","payment:american_express":"yes","payment:cards":"yes","payment:cash":"yes","payment:coins":"yes","payment:contactless":"yes","payment:credit_cards":"yes","payment:debit_cards":"yes","payment:electronic_purses":"yes","payment:mastercard":"yes","payment:notes":"yes","payment:visa":"yes","payment:visa_debit":"yes","shop":"supermarket","stroller":"yes","website":"https://www.coles.com.au","wheelchair":"yes"},"geometry":{"type":"Point","coordinates":[151.2065633,-33.8704197]}},{"type":"Feature","id":9273516248,"properties":{"addr:housenumber":"2-12","addr:street":"Angel Place","addr:unit":"1","amenity":"restaurant","name":"Leo","website":"https://restaurantleo.com.au/"},"geometry":{"type":"Point","coordinates":[151.2077119,-33.8668805]}},{"type":"Feature","id":9395763049,"properties":{"access":"yes","amenity":"toilets","fee":"no","female":"yes","level":"1"},"geometry":{"type":"Point","coordinates":[151.2067808,-33.8710145]}},{"type":"Feature","id":9464772390,"properties":{"amenity":"cafe","level":"-1","name":"Sensory Lab"},"geometry":{"type":"Point","coordinates":[151.2096643,-33.8704208]}},{"type":"Feature","id":9464968617,"properties":{"artist:wikidata":"Q7517623","artist:wikipedia":"en:Simeon Nelson","artist_name":"Simeon Nelson","artwork_type":"statue","material":"steel","name":"Ben Chifley","start_date":"1997","subject:wikidata":"Q23379","subject:wikipedia":"en:Ben Chifley","survey:date":"2022-02-01","tourism":"artwork","website":"https://www.cityartsydney.com.au/artwork/ben-chifley/"},"geometry":{"type":"Point","coordinates":[151.2110618,-33.8662053]}},{"type":"Feature","id":9518161799,"properties":{"addr:housenumber":"220","addr:street":"Pitt Street","amenity":"social_facility","check_date":"2026-08-04","name":"Wesley Mission","phone":"+61 2 9263 5555","social_facility":"outreach","social_facility:for":"community","website":"https://www.wesleymission.org.au/"},"geometry":{"type":"Point","coordinates":[151.2083627,-33.8717335]}},{"type":"Feature","id":9523094037,"properties":{"contact:facebook":"https://www.facebook.com/mortgagechoicesydney","name":"Mortgage Choice Sydney","office":"financial","phone":"+61 2 9231 0511","website":"https://www.mortgagechoicesydneycbd.com.au/"},"geometry":{"type":"Point","coordinates":[151.2087713,-33.8670401]}},{"type":"Feature","id":9553286055,"properties":{"addr:housenumber":"171","addr:postcode":"2000","addr:state":"NSW","addr:street":"Clarence Street","addr:suburb":"Sydney","contact:facebook":"https://www.facebook.com/CruiseGuruAU","name":"Cruise Guru","phone:AU":"13 13 03","shop":"travel_agency","website":"https://www.cruiseguru.com.au/"},"geometry":{"type":"Point","coordinates":[151.2050516,-33.8686329]}},{"type":"Feature","id":9619269721,"properties":{"addr:housenumber":"320","addr:street":"George Street","amenity":"pub","name":"The Royal George","operator:ref":"29 105 332 652"},"geometry":{"type":"Point","coordinates":[151.207373,-33.8662441]}},{"type":"Feature","id":9647254752,"properties":{"amenity":"restaurant","brand":"PappaRich","brand:wikidata":"Q95721282","check_date":"2026-09-23","cuisine":"malaysian","level":"-2","name":"PappaRich","website":"https://www.papparich.net.au/store/PappaRich-Brookfield-Place"},"geometry":{"type":"Point","coordinates":[151.2070901,-33.8658716]}},{"type":"Feature","id":9647272828,"properties":{"brand":"IGA","brand:wikidata":"Q5970945","brand:wikipedia":"en:IGA Supermarkets Australia)","name":"Locali by Romeo's IGA","shop":"supermarket"},"geometry":{"type":"Point","coordinates":[151.2074143,-33.8685486]}},{"type":"Feature","id":9647272829,"properties":{"amenity":"pharmacy","brand":"Priceline Pharmacy","brand:wikidata":"Q7242652","healthcare":"pharmacy","level":"-1","name":"Priceline Pharmacy"},"geometry":{"type":"Point","coordinates":[151.207006,-33.8658652]}},{"type":"Feature","id":9647273576,"properties":{"amenity":"cafe","brand":"Toby's Estate","brand:wikidata":"Q117006060","check_date":"2026-07-13","cuisine":"coffee_shop","indoor_seating":"yes","name":"Toby's Estate","outdoor_seating":"yes","takeaway":"yes"},"geometry":{"type":"Point","coordinates":[151.2073072,-33.8684438]}},{"type":"Feature","id":9647281442,"properties":{"check_date":"2024-10-03","name":"Convenience Store","shop":"convenience"},"geometry":{"type":"Point","coordinates":[151.2070639,-33.8661982]}},{"type":"Feature","id":9647282326,"properties":{"name":"Ivy Coffee","shop":"coffee"},"geometry":{"type":"Point","coordinates":[151.2073665,-33.8663009]}},{"type":"Feature","id":9647283231,"properties":{"amenity":"fast_food","check_date":"2024-05-21","level":"-2","name":"Gojima"},"geometry":{"type":"Point","coordinates":[151.2070397,-33.8658638]}},{"type":"Feature","id":9647283687,"properties":{"amenity":"restaurant","check_date":"2024-10-03","level":"-1","name":"Indu"},"geometry":{"type":"Point","coordinates":[151.207266,-33.867044]}},{"type":"Feature","id":9647288954,"properties":{"check_date":"2024-10-03","name":"Paspaley","shop":"jewelry"},"geometry":{"type":"Point","coordinates":[151.2072527,-33.8672986]}},{"type":"Feature","id":9647288955,"properties":{"check_date":"2024-05-22","level":"-1","name":"Edition Roasters","opening_hours":"Mo-Fr 07:00-16:00","shop":"coffee"},"geometry":{"type":"Point","coordinates":[151.2068343,-33.8658443]}},{"type":"Feature","id":9647290078,"properties":{"amenity":"fast_food","check_date":"2026-06-25","name":"Jimmy's Falafel"},"geometry":{"type":"Point","coordinates":[151.2073007,-33.8667478]}},{"type":"Feature","id":9647290243,"properties":{"amenity":"restaurant","check_date":"2024-05-21","cuisine":"ramen","level":"-2","name":"Tenko Mori","website":"https://tenkomori.com.au"},"geometry":{"type":"Point","coordinates":[151.2070198,-33.8657498]}},{"type":"Feature","id":9647290419,"properties":{"brand":"Max Mara","brand:wikidata":"Q1151774","clothes":"women","name":"Max Mara","shop":"clothes"},"geometry":{"type":"Point","coordinates":[151.2067917,-33.8685083]}},{"type":"Feature","id":9647295695,"properties":{"check_date":"2025-01","level":"0","name":"Swiss Concept","shop":"watches"},"geometry":{"type":"Point","coordinates":[151.2071763,-33.8682462]}},{"type":"Feature","id":9647349927,"properties":{"brand":"Nike","brand:wikidata":"Q483915","check_date":"2024-10-03","clothes":"sports","name":"Nike","shop":"clothes"},"geometry":{"type":"Point","coordinates":[151.2070247,-33.8663853]}},{"type":"Feature","id":9647358748,"properties":{"brand":"Medibank","brand:wikidata":"Q6806228","check_date":"2024-10-03","insurance":"health","name":"Medibank","office":"insurance","opening_hours":"Mo-Fr 09:30-16:00"},"geometry":{"type":"Point","coordinates":[151.2070468,-33.8664894]}},{"type":"Feature","id":9647360758,"properties":{"addr:housenumber":"330A","addr:postcode":"2000","addr:state":"NSW","addr:street":"George Street","addr:suburb":"Sydney","amenity":"restaurant","check_date":"2026-08-10","name":"Bar Totti's"},"geometry":{"type":"Point","coordinates":[151.2073481,-33.8664548]}},{"type":"Feature","id":9784704101,"properties":{"amenity":"telephone","level":"-2"},"geometry":{"type":"Point","coordinates":[151.2111847,-33.8678657]}},{"type":"Feature","id":9784704102,"properties":{"amenity":"vending_machine","indoor":"yes","level":"-2","vending":"public_transport_tickets"},"geometry":{"type":"Point","coordinates":[151.211155,-33.867863]}},{"type":"Feature","id":9784704103,"properties":{"layer":"-2","level":"-2","shop":"convenience"},"geometry":{"type":"Point","coordinates":[151.2111093,-33.8678599]}},{"type":"Feature","id":9791898661,"properties":{"brand":"Vintage Cellars","brand:wikidata":"Q7932815","name":"Vintage Cellars","opening_hours":"Mo-Th 09:00-19:00; Fr 09:00-20:00; Sa, Su 10:00-19:00","shop":"alcohol"},"geometry":{"type":"Point","coordinates":[151.206451,-33.8664912]}},{"type":"Feature","id":9888910132,"properties":{"check_date":"2025-02-20","check_date:opening_hours":"2022-11-21","gift":"souvenirs","name":"Downtown Souvenirs","opening_hours:signed":"no","shop":"gift"},"geometry":{"type":"Point","coordinates":[151.2071223,-33.8713172]}},{"type":"Feature","id":9892629821,"properties":{"brand":"Flight Centre","check_date":"2024-08-16","name":"Flight Centre","office":"travel_agent","opening_hours":"Mo-Fr 09:00-17:00; Sa 10:00-17:00; Su 10:00-15:00","shop":"travel_agency"},"geometry":{"type":"Point","coordinates":[151.2071276,-33.871497]}},{"type":"Feature","id":9892719847,"properties":{"brand":"Samsung","brand:wikidata":"Q20718","check_date":"2025-02-20","level":"0","name":"Samsung","shop":"electronics"},"geometry":{"type":"Point","coordinates":[151.207077,-33.8703995]}},{"type":"Feature","id":9892720599,"properties":{"check_date":"2025-11-12","clothes":"sport","level":"0","name":"Mick Simmons Sport","opening_hours":"Mo-Sa 10:00-18:00; PH,Su 11:00-17:00","shop":"clothes","wheelchair":"yes"},"geometry":{"type":"Point","coordinates":[151.2071303,-33.8712368]}},{"type":"Feature","id":9892720600,"properties":{"check_date":"2025-11-12","check_date:opening_hours":"2022-11-21","level":"0","name":"Platypus","opening_hours:signed":"no","shop":"shoes","wheelchair":"yes"},"geometry":{"type":"Point","coordinates":[151.2071279,-33.8711872]}},{"type":"Feature","id":9892720601,"properties":{"brand":"EzyMart","brand:wikidata":"Q117220554","check_date":"2026-03-02","check_date:opening_hours":"2026-03-02","level":"0","name":"EzyMart","opening_hours":"24/7","shop":"convenience"},"geometry":{"type":"Point","coordinates":[151.2071285,-33.8711593]}},{"type":"Feature","id":9892720602,"properties":{"brand":"Kidstuff","brand:wikidata":"Q117746407","check_date":"2025-08-12","check_date:opening_hours":"2022-11-21","level":"0","name":"Kidstuff","opening_hours:signed":"no","shop":"toys","wheelchair":"yes"},"geometry":{"type":"Point","coordinates":[151.2071096,-33.8710936]}},{"type":"Feature","id":9892720603,"properties":{"addr:street":"George Street","air_conditioning":"yes","branch":"MECCA George Street","check_date":"2026-04-27","level":"-1-1","name":"MECCA","payment:cash":"yes","payment:credit_cards":"yes","payment:debit_cards":"yes","shop":"cosmetics","website":"https://mecca.com","wheelchair":"yes"},"geometry":{"type":"Point","coordinates":[151.2071279,-33.8709545]}},{"type":"Feature","id":9892720604,"properties":{"amenity":"atm","brand":"Commonwealth Bank","brand:wikidata":"Q285328","cash_in":"yes","check_date":"2025-02-20","drive_through":"no","level":"0","operator":"Commonwealth Bank","operator:wikidata":"Q285328"},"geometry":{"type":"Point","coordinates":[151.2068074,-33.8706462]}},{"type":"Feature","id":9892720605,"properties":{"amenity":"bench","backrest":"yes","colour":"brown","material":"wood","seats":"4"},"geometry":{"type":"Point","coordinates":[151.2070133,-33.8695984]}},{"type":"Feature","id":9892720606,"properties":{"amenity":"bench","backrest":"yes","colour":"brown","material":"wood","seats":"4"},"geometry":{"type":"Point","coordinates":[151.2069952,-33.8694603]}},{"type":"Feature","id":9892720607,"properties":{"amenity":"bench","backrest":"yes","colour":"brown","material":"wood","seats":"4"},"geometry":{"type":"Point","coordinates":[151.2070136,-33.8695851]}},{"type":"Feature","id":9892720608,"properties":{"amenity":"bench","backrest":"yes","colour":"brown","material":"wood","seats":"4"},"geometry":{"type":"Point","coordinates":[151.2069987,-33.8694439]}},{"type":"Feature","id":9892733512,"properties":{"check_date":"2025-11-16","check_date:opening_hours":"2025-11-16","level":"0","name":"Haigh's Chocolates","opening_hours":"Mo,Tu,Fr 09:00-18:30; We 09:00-18:00; Th 09:00-21:00; Sa 09:00-17:00; Su 10:00-17:00","shop":"chocolate","website":"https://www.haighschocolates.com.au/","wheelchair":"yes"},"geometry":{"type":"Point","coordinates":[151.2070947,-33.869476]}},{"type":"Feature","id":9892735699,"properties":{"amenity":"waste_basket","colour":"gray","material":"metal","waste":"trash"},"geometry":{"type":"Point","coordinates":[151.2069878,-33.8696163]}},{"type":"Feature","id":9892740825,"properties":{"brand":"Coach","brand:wikidata":"Q727697","check_date":"2024-10-24","level":"0","name":"Coach","shop":"bag"},"geometry":{"type":"Point","coordinates":[151.2068088,-33.8716432]}},{"type":"Feature","id":9892740826,"properties":{"amenity":"bench","backrest":"yes","colour":"brown","material":"wood"},"geometry":{"type":"Point","coordinates":[151.2070295,-33.871498]}},{"type":"Feature","id":9892740827,"properties":{"amenity":"bench","backrest":"yes","colour":"brown","material":"wood"},"geometry":{"type":"Point","coordinates":[151.2070318,-33.8716256]}},{"type":"Feature","id":9892740828,"properties":{"amenity":"bench","backrest":"yes","colour":"brown","material":"wood"},"geometry":{"type":"Point","coordinates":[151.2069016,-33.871561]}},{"type":"Feature","id":9892743096,"properties":{"amenity":"bench","backrest":"yes","colour":"brown","material":"wood","seats":"4"},"geometry":{"type":"Point","coordinates":[151.2069971,-33.8693619]}},{"type":"Feature","id":9892743097,"properties":{"amenity":"cafe","check_date":"2025-04","cuisine":"coffee_shop","indoor_seating":"no","name":"Edition Roasters","outdoor_seating":"yes","outdoor_seating:comfort":"stool"},"geometry":{"type":"Point","coordinates":[151.2070983,-33.8693985]}},{"type":"Feature","id":9892743098,"properties":{"amenity":"bench","backrest":"yes","colour":"brown","material":"wood","seats":"4"},"geometry":{"type":"Point","coordinates":[151.206997,-33.8693802]}},{"type":"Feature","id":9892744769,"properties":{"brand":"Country Road","brand:wikidata":"Q2998907","check_date":"2025-02-20","level":"0","name":"Country Road","shop":"clothes"},"geometry":{"type":"Point","coordinates":[151.2067763,-33.8711547]}},{"type":"Feature","id":9892744770,"properties":{"amenity":"waste_basket","waste":"trash"},"geometry":{"type":"Point","coordinates":[151.2068563,-33.8710904]}},{"type":"Feature","id":9892744771,"properties":{"advertising":"no","amenity":"telephone","operator":"Telstra","operator:wikidata":"Q721162"},"geometry":{"type":"Point","coordinates":[151.2065527,-33.8707353]}},{"type":"Feature","id":9892744772,"properties":{"brand":"Sunglass Hut","brand:wikidata":"Q136311","check_date":"2024-10-24","level":"0","name":"Sunglass Hut","shop":"optician"},"geometry":{"type":"Point","coordinates":[151.2068044,-33.8705199]}},{"type":"Feature","id":9892744773,"properties":{"check_date":"2026-05-26","name":"Museum of Illusions","note":"Despite the name it’s not really a “museum” IMHO, just a group activity / tourist trap sort of thing.","tourism":"attraction","website":"https://moisydney.com/"},"geometry":{"type":"Point","coordinates":[151.2068102,-33.8703881]}},{"type":"Feature","id":9892744775,"properties":{"addr:housenumber":"403","addr:street":"George Street","check_date":"2025-02-20","level":"0","name":"HCF","office":"insurance"},"geometry":{"type":"Point","coordinates":[151.2068009,-33.8701657]}},{"type":"Feature","id":9892744776,"properties":{"amenity":"bank","brand":"Bankwest","brand:wikidata":"Q4856817","check_date":"2022-07-17","name":"Bankwest","opening_hours":"Mo-Fr 09:30-16:00"},"geometry":{"type":"Point","coordinates":[151.2067989,-33.8700351]}},{"type":"Feature","id":9892744777,"properties":{"amenity":"bank","brand":"St.George","brand:wikidata":"Q1606050","check_date":"2024-08-16","level":"0","name":"St.George","opening_hours":"Mo-Th 09:30-16:00; Fr 09:30-17:00"},"geometry":{"type":"Point","coordinates":[151.2067973,-33.8699409]}},{"type":"Feature","id":9892744778,"properties":{"brand":"Michael Hill","brand:wikidata":"Q3308250","check_date":"2025-07-18","check_date:opening_hours":"2025-07-18","level":"0","name":"Michael Hill","opening_hours:signed":"no","shop":"jewelry"},"geometry":{"type":"Point","coordinates":[151.2068038,-33.8698538]}},{"type":"Feature","id":9892744779,"properties":{"brand":"Superdry","brand:wikidata":"Q1684445","check_date":"2022-07-17","check_date:opening_hours":"2022-09-07","level":"0","name":"Superdry","opening_hours:signed":"no","shop":"clothes"},"geometry":{"type":"Point","coordinates":[151.2068028,-33.8698027]}},{"type":"Feature","id":9892744780,"properties":{"check_date":"2025-02-20","level":"0","name":"Oakley","shop":"optician"},"geometry":{"type":"Point","coordinates":[151.2068043,-33.8697257]}},{"type":"Feature","id":9892750514,"properties":{"level":"0","name":"Boniik","shop":"cosmetics"},"geometry":{"type":"Point","coordinates":[151.2071556,-33.871625]}},{"type":"Feature","id":9892753371,"properties":{"amenity":"bank","brand":"Suncorp","brand:wikidata":"Q24189567","check_date":"2024-11-11","check_date:opening_hours":"2022-08-26","level":"0","name":"Suncorp","opening_hours:signed":"no","wheelchair":"yes"},"geometry":{"type":"Point","coordinates":[151.2081341,-33.8697683]}},{"type":"Feature","id":9892765633,"properties":{"amenity":"waste_basket","waste":"trash"},"geometry":{"type":"Point","coordinates":[151.2068972,-33.8696743]}},{"type":"Feature","id":9892765634,"properties":{"brand":"Vodafone","brand:wikidata":"Q122141","check_date":"2025-04","level":"0","name":"Vodafone","shop":"mobile_phone"},"geometry":{"type":"Point","coordinates":[151.2068001,-33.8694394]}},{"type":"Feature","id":9892765635,"properties":{"brand":"Optus","brand:wikidata":"Q865038","check_date":"2024-10-24","level":"0","name":"Optus","shop":"mobile_phone"},"geometry":{"type":"Point","coordinates":[151.206799,-33.8693687]}},{"type":"Feature","id":9892765636,"properties":{"information":"map","tourism":"information"},"geometry":{"type":"Point","coordinates":[151.2068688,-33.8689312]}},{"type":"Feature","id":9892765637,"properties":{"amenity":"waste_basket","waste":"trash"},"geometry":{"type":"Point","coordinates":[151.2068738,-33.8690021]}},{"type":"Feature","id":9892766597,"properties":{"amenity":"bench","backrest":"yes","colour":"brown","material":"wood","seats":"4"},"geometry":{"type":"Point","coordinates":[151.2069911,-33.8700144]}},{"type":"Feature","id":9892766598,"properties":{"amenity":"bench","backrest":"yes","colour":"brown","material":"wood","seats":"4"},"geometry":{"type":"Point","coordinates":[151.2069913,-33.8699773]}},{"type":"Feature","id":9892766603,"properties":{"amenity":"bench","backrest":"yes","colour":"brown","material":"wood","seats":"4"},"geometry":{"type":"Point","coordinates":[151.2069921,-33.8699962]}},{"type":"Feature","id":9892778758,"properties":{"check_date":"2026-07-23","information":"map","tourism":"information"},"geometry":{"type":"Point","coordinates":[151.2082708,-33.869032]}},{"type":"Feature","id":9892778759,"properties":{"amenity":"waste_basket","waste":"trash"},"geometry":{"type":"Point","coordinates":[151.2083541,-33.8692463]}},{"type":"Feature","id":9892778760,"properties":{"amenity":"telephone","check_date":"2024-11-11","mapillary":"196356969472613","operator":"Telstra","operator:wikidata":"Q721162"},"geometry":{"type":"Point","coordinates":[151.2083558,-33.869275]}},{"type":"Feature","id":9892778761,"properties":{"brand":"Sephora","brand:wikidata":"Q2408041","check_date":"2024-11-11","check_date:opening_hours":"2022-08-26","level":"0","name":"Sephora","opening_hours:signed":"no","shop":"cosmetics","wheelchair":"yes"},"geometry":{"type":"Point","coordinates":[151.2084283,-33.8695215]}},{"type":"Feature","id":9892778762,"properties":{"amenity":"bar","check_date":"2025-04-25","name":"Babylon","website":"https://www.babylonrooftop.com.au/"},"geometry":{"type":"Point","coordinates":[151.2086788,-33.8695468]}},{"type":"Feature","id":9892778763,"properties":{"brand":"Aesop","brand:wikidata":"Q4688560","check_date":"2025-04-25","level":"0","name":"Aesop","shop":"cosmetics"},"geometry":{"type":"Point","coordinates":[151.2084347,-33.8696497]}},{"type":"Feature","id":9892778764,"properties":{"level":"0","name":"Goelia","opening_hours":"Mo-We,Fr,Sa 09:30-19:00; Th 09:30-21:00; Su 10:00-19:00","shop":"clothes"},"geometry":{"type":"Point","coordinates":[151.2084378,-33.8697544]}},{"type":"Feature","id":9892778765,"properties":{"brand":"Foot Locker","brand:wikidata":"Q63335","check_date":"2025-08-10","check_date:opening_hours":"2022-08-26","level":"0","name":"Foot Locker","opening_hours:signed":"no","shop":"shoes","wheelchair":"yes"},"geometry":{"type":"Point","coordinates":[151.2084253,-33.8700676]}},{"type":"Feature","id":9892778766,"properties":{"amenity":"waste_basket","waste":"trash"},"geometry":{"type":"Point","coordinates":[151.2083315,-33.8699202]}},{"type":"Feature","id":9892778767,"properties":{"brand":"Seed Heritage","brand:wikidata":"Q106014671","check_date":"2026-03-16","check_date:opening_hours":"2022-08-26","clothes":"women","level":"0","name":"Seed Heritage","opening_hours:signed":"no","shop":"clothes","wheelchair":"yes"},"geometry":{"type":"Point","coordinates":[151.2084289,-33.8701694]}},{"type":"Feature","id":9892778768,"properties":{"amenity":"telephone","check_date":"2026-07-23","operator":"Telstra","operator:wikidata":"Q721162"},"geometry":{"type":"Point","coordinates":[151.2082896,-33.8701689]}},{"type":"Feature","id":9892778769,"properties":{"brand":"Zara","brand:wikidata":"Q147662","check_date":"2025-01-25","check_date:opening_hours":"2022-08-26","level":"0","name":"Zara","opening_hours:signed":"no","shop":"clothes","wheelchair":"yes"},"geometry":{"type":"Point","coordinates":[151.2084437,-33.8703561]}},{"type":"Feature","id":9892778770,"properties":{"brand":"Swarovski","brand:wikidata":"Q611115","level":"0","name":"Swarovski","shop":"jewelry"},"geometry":{"type":"Point","coordinates":[151.2084303,-33.8704896]}},{"type":"Feature","id":9892778771,"properties":{"amenity":"waste_basket","waste":"trash"},"geometry":{"type":"Point","coordinates":[151.2082982,-33.8707073]}},{"type":"Feature","id":9892782570,"properties":{"branch":"Stationery","brand":"Dymocks","brand:wikidata":"Q1280883","check_date":"2025-07-18","check_date:opening_hours":"2025-07-18","level":"0","name":"Dymocks","opening_hours":"Mo-We,Fr 09:00-19:00; Th 09:00-21:00; Sa 09:00-18:00","shop":"books"},"geometry":{"type":"Point","coordinates":[151.207112,-33.8700044]}},{"type":"Feature","id":9892782571,"properties":{"amenity":"telephone","check_date":"2025-05-06","note":"Will likely have QMS ad panel installed nearby soon, will need resurvey.","operator":"Telstra","operator:wikidata":"Q721162"},"geometry":{"type":"Point","coordinates":[151.2069853,-33.8698394]}},{"type":"Feature","id":9892782572,"properties":{"amenity":"bench","backrest":"yes","colour":"brown","material":"wood","seats":"4"},"geometry":{"type":"Point","coordinates":[151.206992,-33.8699601]}},{"type":"Feature","id":9892783809,"properties":{"amenity":"waste_basket","waste":"trash"},"geometry":{"type":"Point","coordinates":[151.2068799,-33.868589]}},{"type":"Feature","id":9892783810,"properties":{"amenity":"post_box","collection_times":"Mo-Fr 16:00","drive_through":"no"},"geometry":{"type":"Point","coordinates":[151.2066897,-33.8686418]}},{"type":"Feature","id":9892783811,"properties":{"check_date":"2024-10-04","level":"0","name":"Chopard","shop":"jewelry"},"geometry":{"type":"Point","coordinates":[151.2080319,-33.8689757]}},{"type":"Feature","id":9892783812,"properties":{"access":"yes","amenity":"bicycle_parking","bicycle_parking":"stands","capacity":"6","covered":"no","fee":"no"},"geometry":{"type":"Point","coordinates":[151.2082894,-33.8687339]}},{"type":"Feature","id":9892789455,"properties":{"check_date":"2024-11-07","level":"0","name":"Paneri","shop":"watches"},"geometry":{"type":"Point","coordinates":[151.2077918,-33.8687047]}},{"type":"Feature","id":9892789456,"properties":{"branch":"Schaffhausen","brand":"IWC","brand:wikidata":"Q662902","check_date":"2024-09-12","name":"IWC","shop":"watches"},"geometry":{"type":"Point","coordinates":[151.2078533,-33.8687004]}},{"type":"Feature","id":9892794138,"properties":{"check_date":"2024-11-07","level":"0","name":"Hubolt","shop":"jewelry"},"geometry":{"type":"Point","coordinates":[151.2076629,-33.8686773]}},{"type":"Feature","id":9892794139,"properties":{"brand":"Jaeger-LeCoultre","brand:wikidata":"Q378698","check_date":"2024-11-07","level":"0","name":"Jaeger-LeCoultre","shop":"watches"},"geometry":{"type":"Point","coordinates":[151.2077303,-33.8686834]}},{"type":"Feature","id":9892794151,"properties":{"advertising":"no","amenity":"telephone","check_date":"2024-10-28"},"geometry":{"type":"Point","coordinates":[151.2080087,-33.8707211]}},{"type":"Feature","id":9892794152,"properties":{"amenity":"waste_basket","waste":"trash"},"geometry":{"type":"Point","coordinates":[151.208426,-33.8707091]}},{"type":"Feature","id":9892794153,"properties":{"access":"yes","amenity":"letter_box"},"geometry":{"type":"Point","coordinates":[151.2079302,-33.8707154]}},{"type":"Feature","id":9892795114,"properties":{"addr:housenumber":"185","addr:street":"Pitt Street","brand":"Genesis","brand:wikidata":"Q21451523","check_date":"2024-10-04","level":"0","name":"Genesis","shop":"car"},"geometry":{"type":"Point","coordinates":[151.2081432,-33.8691106]}},{"type":"Feature","id":9892795115,"properties":{"check_date":"2025-04-25","level":"0","name":"Koko Black Strand Arcade","shop":"chocolate"},"geometry":{"type":"Point","coordinates":[151.2081338,-33.8694898]}},{"type":"Feature","id":9892795911,"properties":{"amenity":"waste_basket","waste":"trash"},"geometry":{"type":"Point","coordinates":[151.206993,-33.8690353]}},{"type":"Feature","id":9892795912,"properties":{"amenity":"bench","backrest":"yes","colour":"brown","material":"wood","seats":"4"},"geometry":{"type":"Point","coordinates":[151.2069947,-33.868917]}},{"type":"Feature","id":9892795913,"properties":{"amenity":"bench","backrest":"yes","colour":"brown","material":"wood","seats":"4"},"geometry":{"type":"Point","coordinates":[151.2069939,-33.8689854]}},{"type":"Feature","id":9892795914,"properties":{"advertising":"no","amenity":"telephone","check_date":"2025-02-13","note":"Will likely have QMS ad panel installed nearby soon, will need resurvey.","operator":"Telstra","operator:wikidata":"Q721162"},"geometry":{"type":"Point","coordinates":[151.206993,-33.8690744]}},{"type":"Feature","id":9892795915,"properties":{"amenity":"bench","backrest":"yes","colour":"brown","material":"wood","seats":"4"},"geometry":{"type":"Point","coordinates":[151.2069874,-33.8691229]}},{"type":"Feature","id":9892795916,"properties":{"amenity":"bench","backrest":"yes","colour":"brown","material":"wood","seats":"4"},"geometry":{"type":"Point","coordinates":[151.206996,-33.8689007]}},{"type":"Feature","id":9892802417,"properties":{"amenity":"bench","backrest":"yes","colour":"brown","material":"wood","seats":"4"},"geometry":{"type":"Point","coordinates":[151.2069856,-33.8691007]}},{"type":"Feature","id":9892802418,"properties":{"amenity":"bench","backrest":"yes","colour":"brown","material":"wood","seats":"4"},"geometry":{"type":"Point","coordinates":[151.206997,-33.8690043]}},{"type":"Feature","id":9892811413,"properties":{"amenity":"telephone","operator":"Telstra","operator:wikidata":"Q721162"},"geometry":{"type":"Point","coordinates":[151.2081221,-33.8687717]}},{"type":"Feature","id":9892811414,"properties":{"amenity":"telephone","operator":"Telstra","operator:wikidata":"Q721162"},"geometry":{"type":"Point","coordinates":[151.2080849,-33.868763]}},{"type":"Feature","id":9892831625,"properties":{"name":"Goelia","shop":"clothes"},"geometry":{"type":"Point","coordinates":[151.2081309,-33.8698428]}},{"type":"Feature","id":9892831626,"properties":{"advertising":"no","amenity":"telephone","check_date":"2024-11-11"},"geometry":{"type":"Point","coordinates":[151.2082426,-33.86997]}},{"type":"Feature","id":9892834782,"properties":{"brand":"JD Sports","brand:wikidata":"Q6108019","clothes":"sports","name":"JD Sports","shop":"clothes"},"geometry":{"type":"Point","coordinates":[151.2081416,-33.8695604]}},{"type":"Feature","id":9892834783,"properties":{"check_date":"2022-07-17","level":"0","name":"Typo","shop":"clothes"},"geometry":{"type":"Point","coordinates":[151.208142,-33.8696125]}},{"type":"Feature","id":9892834905,"properties":{"name":"Johnnie Walker Blue Label","shop":"alcohol"},"geometry":{"type":"Point","coordinates":[151.208135,-33.869926]}},{"type":"Feature","id":9892837203,"properties":{"brand":"Pandora","brand:wikidata":"Q2241604","check_date":"2024-11-11","check_date:opening_hours":"2022-08-26","level":"0","name":"Pandora","opening_hours:signed":"no","shop":"jewelry","wheelchair":"yes"},"geometry":{"type":"Point","coordinates":[151.2081213,-33.8701171]}},{"type":"Feature","id":9892837204,"properties":{"brand":"APM Monaco","brand:wikidata":"Q85738954","check_date":"2024-11-11","check_date:opening_hours":"2022-08-26","level":"0","name":"APM Monaco","opening_hours:signed":"no","shop":"jewelry","wheelchair":"yes"},"geometry":{"type":"Point","coordinates":[151.2081031,-33.8700413]}},{"type":"Feature","id":9892842158,"properties":{"addr:housenumber":"55","addr:street":"Market Street","name":"Lotte Duty Free","opening_hours":"Mo-We 11:00-18:00; Tu 10:00-21:00; Fr-Su 10:00-18:00","operator":"Lotte","phone:AU":"1300 388 937","shop":"mall","toilets":"yes"},"geometry":{"type":"Point","coordinates":[151.2080517,-33.8709064]}},{"type":"Feature","id":9892846645,"properties":{"brand":"Rolex","brand:wikidata":"Q62288","check_date":"2024-08-07","level":"0","name":"Rolex","opening_hours":"Mo-Sa 11:00-18:00; Su 11:00-17:00","shop":"watches"},"geometry":{"type":"Point","coordinates":[151.2083425,-33.8708984]}},{"type":"Feature","id":9892846646,"properties":{"check_date":"2022-07-17","name":"M Aura Studio","shop":"clothes"},"geometry":{"type":"Point","coordinates":[151.2083431,-33.8709654]}},{"type":"Feature","id":9892846647,"properties":{"amenity":"bench","backrest":"yes","material":"wood"},"geometry":{"type":"Point","coordinates":[151.208261,-33.871148]}},{"type":"Feature","id":9892846648,"properties":{"amenity":"waste_basket","waste":"trash"},"geometry":{"type":"Point","coordinates":[151.2082676,-33.8711748]}},{"type":"Feature","id":9892846649,"properties":{"amenity":"bench","backrest":"yes","material":"wood"},"geometry":{"type":"Point","coordinates":[151.2082469,-33.8714055]}},{"type":"Feature","id":9892846650,"properties":{"check_date":"2022-07-17","shop":"newsagent"},"geometry":{"type":"Point","coordinates":[151.2083437,-33.8715897]}},{"type":"Feature","id":9892846651,"properties":{"amenity":"bench","backrest":"yes","material":"wood"},"geometry":{"type":"Point","coordinates":[151.2082379,-33.87177]}},{"type":"Feature","id":9892846652,"properties":{"brand":"Industrie","brand:wikidata":"Q117746099","check_date":"2025-01-25","clothes":"men","name":"Industrie","shop":"clothes"},"geometry":{"type":"Point","coordinates":[151.2083454,-33.8718878]}},{"type":"Feature","id":9892851491,"properties":{"brand":"Lacoste","brand:wikidata":"Q309031","check_date":"2022-07-17","level":"0","name":"Lacoste","shop":"clothes"},"geometry":{"type":"Point","coordinates":[151.2080015,-33.8716295]}},{"type":"Feature","id":9892851492,"properties":{"check_date":"2022-07-17","clothes":"suits","level":"0","name":"messini","shop":"clothes"},"geometry":{"type":"Point","coordinates":[151.2080011,-33.8716724]}},{"type":"Feature","id":9892859641,"properties":{"amenity":"pharmacy","brand":"Chemist Warehouse","brand:wikidata":"Q48782120","check_date":"2025-01-25","healthcare":"pharmacy","level":"0","name":"Chemist Warehouse"},"geometry":{"type":"Point","coordinates":[151.2080593,-33.8714127]}},{"type":"Feature","id":9892859642,"properties":{"check_date":"2025-01-25","level":"0","name":"Josephs","shop":"shoes"},"geometry":{"type":"Point","coordinates":[151.208069,-33.8715078]}},{"type":"Feature","id":9908825244,"properties":{"addr:housenumber":"50","addr:street":"York Street","check_date":"2026-01-12","check_date:opening_hours":"2026-01-12","level":"0","name":"Morris & Sons","opening_hours":"Mo-We,Fr,Sa 10:00-17:00; Th 10:00-19:00; Su 11:00-16:00","shop":"craft","wheelchair":"no"},"geometry":{"type":"Point","coordinates":[151.2063134,-33.8696848]}},{"type":"Feature","id":9935097901,"properties":{"amenity":"telephone","check_date":"2024-08-16","note":"Will likely have QMS ad panel installed nearby soon, will need resurvey."},"geometry":{"type":"Point","coordinates":[151.2070581,-33.86832]}},{"type":"Feature","id":9935156384,"properties":{"amenity":"telephone","check_date":"2024-08-16"},"geometry":{"type":"Point","coordinates":[151.2082393,-33.8690424]}},{"type":"Feature","id":9942803982,"properties":{"addr:floor":"6","addr:housenumber":"88","addr:street":"Pitt Street","addr:unit":"30","fax":"+61 2 9233 2227","level":"6","level:ref":"6","name":"ABC Bullion","phone":"+61 2 9231 4511","shop":"bullion","website":"https://www.abcbullion.com.au/"},"geometry":{"type":"Point","coordinates":[151.2088874,-33.8669726]}},{"type":"Feature","id":9942803983,"properties":{"check_date":"2026-05-26","check_date:opening_hours":"2026-05-26","fee":"no","museum":"local_history","name":"Westpac Museum","opening_hours":"Mo-Th 09:30-16:00; Fr 09:30-17:00","operator":"Westpac","operator:type":"private","operator:wikidata":"Q2031726","tourism":"museum"},"geometry":{"type":"Point","coordinates":[151.206751,-33.8672648]}},{"type":"Feature","id":9976568217,"properties":{"addr:street":"Pitt Street","air_conditioning":"yes","amenity":"restaurant","cuisine":"pizza;pasta","level":"5","name":"Fratelli Fresh","outdoor_seating":"no"},"geometry":{"type":"Point","coordinates":[151.2084716,-33.8696822]}},{"type":"Feature","id":10081081960,"properties":{"access":"yes","amenity":"bicycle_parking","capacity":"8","covered":"yes","level":"0"},"geometry":{"type":"Point","coordinates":[151.2073342,-33.8686038]}},{"type":"Feature","id":10081105136,"properties":{"advertising":"no","amenity":"telephone","internet_access":"no"},"geometry":{"type":"Point","coordinates":[151.2105001,-33.8675819]}},{"type":"Feature","id":10081120284,"properties":{"amenity":"telephone","check_date":"2026-03-10","internet_access":"wlan","operator":"Telstra","operator:wikidata":"Q721162"},"geometry":{"type":"Point","coordinates":[151.206867,-33.8676109]}},{"type":"Feature","id":10081131071,"properties":{"advertising":"no","amenity":"telephone","check_date":"2024-10-26"},"geometry":{"type":"Point","coordinates":[151.2111897,-33.8676252]}},{"type":"Feature","id":10081133550,"properties":{"amenity":"telephone","check_date":"2026-03-10"},"geometry":{"type":"Point","coordinates":[151.2068928,-33.8676113]}},{"type":"Feature","id":10081133780,"properties":{"advertising":"no","amenity":"telephone","check_date":"2025-05-15"},"geometry":{"type":"Point","coordinates":[151.2097226,-33.8680866]}},{"type":"Feature","id":10081134618,"properties":{"advertising":"no","amenity":"telephone","check_date":"2024-11-11"},"geometry":{"type":"Point","coordinates":[151.2084201,-33.868305]}},{"type":"Feature","id":10096951008,"properties":{"advertising":"no","amenity":"telephone","check_date":"2024-11-14"},"geometry":{"type":"Point","coordinates":[151.2092951,-33.8658938]}},{"type":"Feature","id":10096952132,"properties":{"advertising":"no","amenity":"telephone","check_date":"2024-11-14"},"geometry":{"type":"Point","coordinates":[151.2087001,-33.865921]}},{"type":"Feature","id":10096952134,"properties":{"advertising":"no","amenity":"telephone","check_date":"2024-10-28"},"geometry":{"type":"Point","coordinates":[151.2094677,-33.8702518]}},{"type":"Feature","id":10096952135,"properties":{"amenity":"post_box"},"geometry":{"type":"Point","coordinates":[151.2110833,-33.8684679]}},{"type":"Feature","id":10096954585,"properties":{"amenity":"telephone","check_date":"2024-10-04"},"geometry":{"type":"Point","coordinates":[151.2091155,-33.8689377]}},{"type":"Feature","id":10096957813,"properties":{"amenity":"bench","backrest":"yes"},"geometry":{"type":"Point","coordinates":[151.2101686,-33.8703156]}},{"type":"Feature","id":10096960407,"properties":{"advertising":"no","amenity":"telephone","check_date":"2025-10-23"},"geometry":{"type":"Point","coordinates":[151.2085928,-33.8668765]}},{"type":"Feature","id":10096960408,"properties":{"advertising":"no","amenity":"telephone","check_date":"2024-10-28"},"geometry":{"type":"Point","coordinates":[151.2093957,-33.8708655]}},{"type":"Feature","id":10096960893,"properties":{"amenity":"post_box","collection_times":"Mo-Fr 16:00","mapillary":"199409449170833"},"geometry":{"type":"Point","coordinates":[151.2097724,-33.8707782]}},{"type":"Feature","id":10096972597,"properties":{"advertising":"no","amenity":"telephone","check_date":"2024-10-28","mapillary":"1821981134804594"},"geometry":{"type":"Point","coordinates":[151.2096414,-33.8699182]}},{"type":"Feature","id":10096976491,"properties":{"amenity":"motorcycle_parking","covered":"no"},"geometry":{"type":"Point","coordinates":[151.2111323,-33.8680623]}},{"type":"Feature","id":10096976492,"properties":{"advertising":"no","amenity":"telephone","check_date":"2024-10-28"},"geometry":{"type":"Point","coordinates":[151.2090077,-33.8706988]}},{"type":"Feature","id":10096981757,"properties":{"advertising":"no","amenity":"telephone","check_date":"2025-03-13","internet_access":"no","mapillary":"199409449170833"},"geometry":{"type":"Point","coordinates":[151.2098268,-33.8707777]}},{"type":"Feature","id":10096982126,"properties":{"advertising":"no","amenity":"telephone","check_date":"2024-10-29"},"geometry":{"type":"Point","coordinates":[151.2098783,-33.8670469]}},{"type":"Feature","id":10096982127,"properties":{"amenity":"bench","backrest":"yes"},"geometry":{"type":"Point","coordinates":[151.2094793,-33.8701663]}},{"type":"Feature","id":10117658880,"properties":{"amenity":"bar","name":"Southern Grill Bar"},"geometry":{"type":"Point","coordinates":[151.2056743,-33.870446]}},{"type":"Feature","id":10117675773,"properties":{"amenity":"bar","check_date":"2024-10-16","name":"The Charles"},"geometry":{"type":"Point","coordinates":[151.2061399,-33.8685682]}},{"type":"Feature","id":10117684094,"properties":{"amenity":"cafe","name":"Wall Foods Kitchen","opening_hours":"Mo-Fr 07:30-15:00"},"geometry":{"type":"Point","coordinates":[151.2051556,-33.8691358]}},{"type":"Feature","id":10127307047,"properties":{"advertising":"no","amenity":"telephone","check_date":"2025-11-16"},"geometry":{"type":"Point","coordinates":[151.2059198,-33.8671102]}},{"type":"Feature","id":10136494430,"properties":{"amenity":"telephone","check_date":"2024-11-11"},"geometry":{"type":"Point","coordinates":[151.2059772,-33.8688298]}},{"type":"Feature","id":10136511246,"properties":{"amenity":"waste_basket"},"geometry":{"type":"Point","coordinates":[151.2097317,-33.8707768]}},{"type":"Feature","id":10184992038,"properties":{"addr:housenumber":"165","addr:postcode":"2000","addr:state":"NSW","addr:street":"Phillip Street","air_conditioning":"yes","brand":"The Sebel","brand:wikidata":"Q110888248","internet_access":"wlan","name":"The Sebel Sydney Martin Place","phone":"+61 2 7258 1800","tourism":"hotel","website":"https://all.accor.com/hotel/B980/index.en.shtml?goto=fiche_hotel&code_hotel=B980"},"geometry":{"type":"Point","coordinates":[151.210951,-33.8685126]}},{"type":"Feature","id":10184992039,"properties":{"addr:housenumber":"167","addr:postcode":"2000","addr:state":"NSW","addr:street":"Phillip Street","amenity":"restaurant","name":"Continental Delicatessen","website":"https://www.continentaldelicatessen.com.au/cbd"},"geometry":{"type":"Point","coordinates":[151.2109415,-33.8686053]}},{"type":"Feature","id":10204969808,"properties":{"amenity":"bench","backrest":"yes","material":"wood","seats":"4"},"geometry":{"type":"Point","coordinates":[151.2108226,-33.8706851]}},{"type":"Feature","id":10204969809,"properties":{"amenity":"waste_basket","waste":"trash"},"geometry":{"type":"Point","coordinates":[151.2107621,-33.8706138]}},{"type":"Feature","id":10204969810,"properties":{"amenity":"bench","backrest":"yes","material":"wood","seats":"4"},"geometry":{"type":"Point","coordinates":[151.2107659,-33.8706806]}},{"type":"Feature","id":10204969811,"properties":{"information":"map","map_size":"site","map_type":"scheme","tourism":"information"},"geometry":{"type":"Point","coordinates":[151.2106958,-33.8708855]}},{"type":"Feature","id":10204969812,"properties":{"amenity":"bench","backrest":"no","material":"wood","seats":"4"},"geometry":{"type":"Point","coordinates":[151.2108184,-33.8706344]}},{"type":"Feature","id":10204969813,"properties":{"amenity":"bench","backrest":"no","material":"wood","seats":"4"},"geometry":{"type":"Point","coordinates":[151.2107655,-33.8706324]}},{"type":"Feature","id":10204969814,"properties":{"amenity":"bench","backrest":"yes","material":"wood","seats":"4"},"geometry":{"type":"Point","coordinates":[151.2108111,-33.8706844]}},{"type":"Feature","id":10204969815,"properties":{"amenity":"bench","backrest":"no","covered":"no","leisure":"picnic_table","material":"plastic","seats":"4"},"geometry":{"type":"Point","coordinates":[151.2107809,-33.8705923]}},{"type":"Feature","id":10204969816,"properties":{"amenity":"bench","backrest":"no","covered":"no","leisure":"picnic_table","material":"plastic","seats":"4"},"geometry":{"type":"Point","coordinates":[151.2108176,-33.8705924]}},{"type":"Feature","id":10205078790,"properties":{"amenity":"fast_food","cuisine":"sandwich","level":"0","name":"ToastieSmith","outdoor_seating":"yes","takeaway":"yes","wheelchair":"yes"},"geometry":{"type":"Point","coordinates":[151.2078253,-33.8720034]}},{"type":"Feature","id":10205207102,"properties":{"amenity":"fast_food","cuisine":"juice","level":"0","name":"Season2","outdoor_seating":"yes","takeaway":"yes","wheelchair":"yes"},"geometry":{"type":"Point","coordinates":[151.2077945,-33.8720052]}},{"type":"Feature","id":10205217541,"properties":{"amenity":"cafe","name":"gram cafe & pancakes","outdoor_seating":"yes","takeaway":"yes"},"geometry":{"type":"Point","coordinates":[151.2079185,-33.8719908]}},{"type":"Feature","id":10230602201,"properties":{"amenity":"bank","name":"Bank Australia","opening_hours":"Mo-Fr 09:00-16:00"},"geometry":{"type":"Point","coordinates":[151.2060748,-33.8678193]}},{"type":"Feature","id":10274524937,"properties":{"amenity":"cafe","check_date":"2024-10-04","indoor_seating:comfort":"stool","level":"0","name":"Hills Bros","opening_hours":"Mo-Fr 07:00-14:00","outdoor_seating":"yes"},"geometry":{"type":"Point","coordinates":[151.209048,-33.8678]}},{"type":"Feature","id":10648084641,"properties":{"addr:housenumber":"10","addr:level":"11","addr:postcode":"2000","addr:state":"NSW","addr:street":"Barrack Street","addr:suburb":"Sydney","amenity":"college","education":"college","name":"Kent Institute","phone":"+61 2 9093 5151","smoking":"outside","website":"https://kent.edu.au"},"geometry":{"type":"Point","coordinates":[151.2064864,-33.8675214]}},{"type":"Feature","id":10669308861,"properties":{"addr:housenumber":"60","addr:postcode":"2000","addr:state":"NSW","addr:street":"York Street","addr:suburb":"Sydney","check_date":"2026-05-30","check_date:opening_hours":"2026-05-30","fax":"+61 2 9388 9644","name":"Sunlite Mitre 10","opening_hours":"Mo-Th 08:00-18:00; Sa 08:00-15:00; Fr 08:00-17:30","phone":"+61 2 9299 1944","shop":"hardware","website":"https://www.mitre10.com.au/stores/nsw/sydney-sunlite-mitre-10-york-street-783624"},"geometry":{"type":"Point","coordinates":[151.2063996,-33.8699773]}},{"type":"Feature","id":10672024885,"properties":{"amenity":"restaurant","name":"China Lane","outdoor_seating":"yes","outdoor_seating:comfort":"cushion_chair"},"geometry":{"type":"Point","coordinates":[151.2078484,-33.8671161]}},{"type":"Feature","id":10722539590,"properties":{"addr:postcode":"2000","brand":"Decathlon","brand:wikidata":"Q509349","check_date":"2024-10-03","name":"Decathlon","opening_hours":"Mo-Fr 10:00-18:00; Sa-Su 10:00-17:00","shop":"sports","website":"https://decathlon.com.au"},"geometry":{"type":"Point","coordinates":[151.207097,-33.8661408]}},{"type":"Feature","id":10744421155,"properties":{"addr:housenumber":"188","addr:postcode":"2000","addr:state":"NSW","addr:street":"Pitt Street","addr:suburb":"Sydney","addr:unit":"3048A","amenity":"cafe","level":"3","name":"Little Sparrow","opening_hours":"Mo-We 07:30-19:00; Th 07:30-21:00; Fr-Su 07:30-19:00","outdoor_seating":"no","phone":"+61 2 8236 9200","website":"https://www.littlesparrow.com/contact"},"geometry":{"type":"Point","coordinates":[151.2089592,-33.8697439]}},{"type":"Feature","id":10759308008,"properties":{"addr:postcode":"2000","addr:state":"NSW","addr:street":"Market Street","addr:suburb":"Sydney","name":"Keyfit Auto Locksmith Sydney","opening_hours":"Mo-Su 07:00-23:30","operator":"Keyfit Locksmith","phone":"+61 2 9072 1677","shop":"locksmith","website":"https://keyfitlocksmiths24h.sydney/"},"geometry":{"type":"Point","coordinates":[151.2071071,-33.8706314]}},{"type":"Feature","id":10769891586,"properties":{"brand":"Emporio Armani","brand:wikidata":"Q3497483","name":"Emporio Armani","shop":"clothes"},"geometry":{"type":"Point","coordinates":[151.2077295,-33.8673323]}},{"type":"Feature","id":10769891590,"properties":{"amenity":"cafe","name":"Cafe One","opening_hours":"Mo-Fr 07:00-15:00"},"geometry":{"type":"Point","coordinates":[151.2081473,-33.8680711]}},{"type":"Feature","id":10769891592,"properties":{"access":"yes","amenity":"toilets","description":"Toilets in IGA food court down escalators","level":"-1"},"geometry":{"type":"Point","coordinates":[151.2071341,-33.8685322]}},{"type":"Feature","id":10769919180,"properties":{"amenity":"bench","backrest":"yes","direction":"W","material":"wood"},"geometry":{"type":"Point","coordinates":[151.2085883,-33.8658963]}},{"type":"Feature","id":10769919625,"properties":{"amenity":"restaurant","name":"Mumu"},"geometry":{"type":"Point","coordinates":[151.2073014,-33.8666323]}},{"type":"Feature","id":10774407323,"properties":{"amenity":"bank","brand":"HSBC","brand:wikidata":"Q190464","check_date":"2024-10-03","name":"HSBC","opening_hours":"Mo-Fr 09:30-16:00"},"geometry":{"type":"Point","coordinates":[151.2069831,-33.8669891]}},{"type":"Feature","id":10774407324,"properties":{"check_date":"2025-09-06","shop":"kiosk"},"geometry":{"type":"Point","coordinates":[151.2064565,-33.8670714]}},{"type":"Feature","id":10774407328,"properties":{"check_date":"2024-10-03","name":"Song For The Mute","shop":"clothes"},"geometry":{"type":"Point","coordinates":[151.2072679,-33.866961]}},{"type":"Feature","id":10774407329,"properties":{"amenity":"waste_basket"},"geometry":{"type":"Point","coordinates":[151.2070213,-33.8676091]}},{"type":"Feature","id":10796974387,"properties":{"addr:housenumber":"152-156","addr:state":"NSW","addr:street":"Clarence Street","addr:suburb":"Sydney","amenity":"pub","cuisine":"british","indoor_seating":"yes","name":"The Duke of Clarence","opening_hours":"Mo-We 11:00-00:30; Th 11:00-01:00; Fr-Sa 11:00-02:00; Su 11:00-11:00","outdoor_seating":"yes","phone":"+61 2 8999 3850","website":"https://thedukeofclarence.com/"},"geometry":{"type":"Point","coordinates":[151.2057496,-33.8697092]}},{"type":"Feature","id":10813115206,"properties":{"amenity":"bar","name":"Jolene's"},"geometry":{"type":"Point","coordinates":[151.2056398,-33.86835]}},{"type":"Feature","id":10898870659,"properties":{"addr":"Kiosk 1001 Barrack Street","addr:street":"Barrack Street","advertising":"poster_box","check_date":"2024-10-04","name":"Flowers on York","operator":"QMS","operator:wikidata":"Q131319356","shop":"kiosk","website":"https://flowersonmartinplace.com"},"geometry":{"type":"Point","coordinates":[151.2060238,-33.8676431]}},{"type":"Feature","id":10959317151,"properties":{"addr:housenumber":"25","addr:postcode":"2000","addr:state":"NSW","addr:street":"Martin Place","addr:suburb":"Sydney","addr:unit":"Shop 8.01","amenity":"restaurant","cuisine":"japanese","name":"Kazan Dining","opening_hours":"Mo-Th 12:00-15:00,17:30-22:00; Fr 12:00-15:00,17:30-22:30; Sa 17:30-22:30; Su off","phone":"+61 2 8080 8074","website":"https://kazandining.au"},"geometry":{"type":"Point","coordinates":[151.2092914,-33.8685769]}},{"type":"Feature","id":10963461581,"properties":{"access":"yes","amenity":"bicycle_parking","bicycle_parking":"stands","capacity":"6","covered":"yes"},"geometry":{"type":"Point","coordinates":[151.2106146,-33.8690626]}},{"type":"Feature","id":10966368335,"properties":{"amenity":"waste_basket","waste":"trash"},"geometry":{"type":"Point","coordinates":[151.2064225,-33.8676183]}},{"type":"Feature","id":10966368336,"properties":{"amenity":"waste_basket","waste":"trash"},"geometry":{"type":"Point","coordinates":[151.2059403,-33.8675035]}},{"type":"Feature","id":10966368342,"properties":{"amenity":"waste_basket","waste":"trash"},"geometry":{"type":"Point","coordinates":[151.2093146,-33.8706787]}},{"type":"Feature","id":10966368343,"properties":{"amenity":"waste_basket","waste":"trash"},"geometry":{"type":"Point","coordinates":[151.2062859,-33.8706433]}},{"type":"Feature","id":10966368344,"properties":{"amenity":"waste_basket","waste":"trash"},"geometry":{"type":"Point","coordinates":[151.2097375,-33.870763]}},{"type":"Feature","id":10966368345,"properties":{"amenity":"waste_basket","waste":"trash"},"geometry":{"type":"Point","coordinates":[151.2098884,-33.8707659]}},{"type":"Feature","id":10966368355,"properties":{"amenity":"waste_basket","waste":"trash"},"geometry":{"type":"Point","coordinates":[151.2095091,-33.8710012]}},{"type":"Feature","id":10966368356,"properties":{"amenity":"waste_basket","waste":"trash"},"geometry":{"type":"Point","coordinates":[151.2069257,-33.8683954]}},{"type":"Feature","id":10966368360,"properties":{"amenity":"waste_basket","waste":"trash"},"geometry":{"type":"Point","coordinates":[151.2082139,-33.8699131]}},{"type":"Feature","id":10966368376,"properties":{"amenity":"waste_basket","waste":"trash"},"geometry":{"type":"Point","coordinates":[151.2053628,-33.8701414]}},{"type":"Feature","id":10966368379,"properties":{"amenity":"waste_basket","waste":"trash"},"geometry":{"type":"Point","coordinates":[151.2054984,-33.8687316]}},{"type":"Feature","id":10966368381,"properties":{"amenity":"waste_basket","waste":"cigarettes;trash"},"geometry":{"type":"Point","coordinates":[151.2061501,-33.8709171]}},{"type":"Feature","id":10966368383,"properties":{"amenity":"waste_basket","waste":"trash"},"geometry":{"type":"Point","coordinates":[151.2069969,-33.867577]}},{"type":"Feature","id":10966368384,"properties":{"amenity":"waste_basket","waste":"trash"},"geometry":{"type":"Point","coordinates":[151.2063639,-33.8676214]}},{"type":"Feature","id":10966368385,"properties":{"amenity":"waste_basket","waste":"trash"},"geometry":{"type":"Point","coordinates":[151.205877,-33.8666261]}},{"type":"Feature","id":10966368387,"properties":{"amenity":"waste_basket","waste":"trash"},"geometry":{"type":"Point","coordinates":[151.2072083,-33.8669485]}},{"type":"Feature","id":10966368388,"properties":{"amenity":"waste_basket","waste":"trash"},"geometry":{"type":"Point","coordinates":[151.2070124,-33.8710828]}},{"type":"Feature","id":10966368394,"properties":{"amenity":"waste_basket","waste":"trash"},"geometry":{"type":"Point","coordinates":[151.2090911,-33.8707213]}},{"type":"Feature","id":10966368396,"properties":{"amenity":"waste_basket","waste":"trash"},"geometry":{"type":"Point","coordinates":[151.2066884,-33.870862]}},{"type":"Feature","id":10966374206,"properties":{"amenity":"waste_basket","waste":"trash"},"geometry":{"type":"Point","coordinates":[151.2111415,-33.8678755]}},{"type":"Feature","id":10966374208,"properties":{"amenity":"waste_basket","waste":"trash"},"geometry":{"type":"Point","coordinates":[151.2098264,-33.8661033]}},{"type":"Feature","id":10966374210,"properties":{"amenity":"waste_basket","waste":"trash"},"geometry":{"type":"Point","coordinates":[151.206902,-33.8685796]}},{"type":"Feature","id":10966374211,"properties":{"amenity":"waste_basket","waste":"trash"},"geometry":{"type":"Point","coordinates":[151.2094106,-33.8690857]}},{"type":"Feature","id":10966374216,"properties":{"amenity":"waste_basket","waste":"trash"},"geometry":{"type":"Point","coordinates":[151.2101392,-33.870532]}},{"type":"Feature","id":10966374222,"properties":{"amenity":"waste_basket","waste":"trash"},"geometry":{"type":"Point","coordinates":[151.2097601,-33.8675798]}},{"type":"Feature","id":10966374226,"properties":{"amenity":"waste_basket","waste":"trash"},"geometry":{"type":"Point","coordinates":[151.2095585,-33.8703965]}},{"type":"Feature","id":10966374227,"properties":{"amenity":"waste_basket","waste":"trash"},"geometry":{"type":"Point","coordinates":[151.2094743,-33.8712571]}},{"type":"Feature","id":10966374232,"properties":{"amenity":"waste_basket","waste":"trash"},"geometry":{"type":"Point","coordinates":[151.2069119,-33.8710697]}},{"type":"Feature","id":10966374233,"properties":{"amenity":"waste_basket","waste":"trash"},"geometry":{"type":"Point","coordinates":[151.2068796,-33.8697083]}},{"type":"Feature","id":10966374234,"properties":{"amenity":"waste_basket","waste":"trash"},"geometry":{"type":"Point","coordinates":[151.2068791,-33.8690952]}},{"type":"Feature","id":10966374235,"properties":{"amenity":"waste_basket","waste":"trash"},"geometry":{"type":"Point","coordinates":[151.2070813,-33.8669751]}},{"type":"Feature","id":10966374236,"properties":{"amenity":"waste_basket","waste":"trash"},"geometry":{"type":"Point","coordinates":[151.2071521,-33.8663138]}},{"type":"Feature","id":10966374237,"properties":{"amenity":"waste_basket","waste":"trash"},"geometry":{"type":"Point","coordinates":[151.2071834,-33.8659971]}},{"type":"Feature","id":10966374238,"properties":{"amenity":"waste_basket","waste":"trash"},"geometry":{"type":"Point","coordinates":[151.2071965,-33.8658818]}},{"type":"Feature","id":10966374240,"properties":{"amenity":"waste_basket","waste":"trash"},"geometry":{"type":"Point","coordinates":[151.2073412,-33.8659028]}},{"type":"Feature","id":10966374241,"properties":{"amenity":"waste_basket","waste":"trash"},"geometry":{"type":"Point","coordinates":[151.2072961,-33.8663378]}},{"type":"Feature","id":10966374242,"properties":{"amenity":"waste_basket","waste":"trash"},"geometry":{"type":"Point","coordinates":[151.2071953,-33.8670673]}},{"type":"Feature","id":10966374243,"properties":{"amenity":"waste_basket","waste":"trash"},"geometry":{"type":"Point","coordinates":[151.2071332,-33.8676918]}},{"type":"Feature","id":10966374244,"properties":{"amenity":"waste_basket","waste":"trash"},"geometry":{"type":"Point","coordinates":[151.2069972,-33.8690927]}},{"type":"Feature","id":10966374245,"properties":{"amenity":"waste_basket","waste":"trash"},"geometry":{"type":"Point","coordinates":[151.2069997,-33.8696207]}},{"type":"Feature","id":10966374246,"properties":{"amenity":"waste_basket","waste":"trash"},"geometry":{"type":"Point","coordinates":[151.2070287,-33.8703255]}},{"type":"Feature","id":10966374253,"properties":{"amenity":"waste_basket","waste":"trash"},"geometry":{"type":"Point","coordinates":[151.2082651,-33.8691546]}},{"type":"Feature","id":10966374254,"properties":{"amenity":"waste_basket","waste":"trash"},"geometry":{"type":"Point","coordinates":[151.2084189,-33.867394]}},{"type":"Feature","id":10966374257,"properties":{"amenity":"waste_basket","waste":"trash"},"geometry":{"type":"Point","coordinates":[151.2084885,-33.8678191]}},{"type":"Feature","id":10966374258,"properties":{"amenity":"waste_basket","waste":"trash"},"geometry":{"type":"Point","coordinates":[151.2083119,-33.869902]}},{"type":"Feature","id":10966374259,"properties":{"amenity":"waste_basket","waste":"trash"},"geometry":{"type":"Point","coordinates":[151.208274,-33.8707234]}},{"type":"Feature","id":10966374260,"properties":{"amenity":"waste_basket","waste":"trash"},"geometry":{"type":"Point","coordinates":[151.2082553,-33.8711847]}},{"type":"Feature","id":10966465084,"properties":{"amenity":"bench","backrest":"yes"},"geometry":{"type":"Point","coordinates":[151.2073329,-33.8657534]}},{"type":"Feature","id":10966465085,"properties":{"amenity":"bench","backrest":"yes"},"geometry":{"type":"Point","coordinates":[151.2071368,-33.8676396]}},{"type":"Feature","id":10966465086,"properties":{"amenity":"bench","backrest":"yes"},"geometry":{"type":"Point","coordinates":[151.2070301,-33.8689542]}},{"type":"Feature","id":10966465087,"properties":{"amenity":"bench","backrest":"yes"},"geometry":{"type":"Point","coordinates":[151.20701,-33.8689744]}},{"type":"Feature","id":10966504650,"properties":{"access":"yes","amenity":"bicycle_parking","bicycle_parking":"floor","covered":"no","fee":"no"},"geometry":{"type":"Point","coordinates":[151.2052038,-33.8686059]}},{"type":"Feature","id":10966504654,"properties":{"access":"yes","amenity":"bicycle_parking","fee":"no"},"geometry":{"type":"Point","coordinates":[151.2075186,-33.8688142]}},{"type":"Feature","id":10966504655,"properties":{"access":"yes","amenity":"bicycle_parking","bicycle_parking":"stands","capacity":"1","covered":"no","fee":"no"},"geometry":{"type":"Point","coordinates":[151.2054969,-33.8699212]}},{"type":"Feature","id":10966504659,"properties":{"access":"yes","amenity":"bicycle_parking","bicycle_parking":"stands","capacity":"10","check_date":"2026-09-21","check_date:capacity":"2026-09-21","covered":"no","fee":"no"},"geometry":{"type":"Point","coordinates":[151.2052751,-33.8682604]}},{"type":"Feature","id":10966504661,"properties":{"access":"yes","amenity":"bicycle_parking","bicycle_parking":"stands","capacity":"1","covered":"no","fee":"no"},"geometry":{"type":"Point","coordinates":[151.2060047,-33.8692002]}},{"type":"Feature","id":10966504662,"properties":{"access":"yes","amenity":"bicycle_parking","bicycle_parking":"stands","capacity":"1","covered":"no","fee":"no"},"geometry":{"type":"Point","coordinates":[151.205914,-33.8683461]}},{"type":"Feature","id":10966504664,"properties":{"access":"yes","amenity":"bicycle_parking","bicycle_parking":"stands","capacity":"1","covered":"no","fee":"no"},"geometry":{"type":"Point","coordinates":[151.2062175,-33.8697177]}},{"type":"Feature","id":10966504667,"properties":{"access":"yes","amenity":"bicycle_parking","bicycle_parking":"stands","capacity":"2","check_date":"2026-09-19","check_date:capacity":"2026-09-19","fee":"no"},"geometry":{"type":"Point","coordinates":[151.2096192,-33.8700081]}},{"type":"Feature","id":10966504672,"properties":{"access":"yes","amenity":"bicycle_parking","bicycle_parking":"stands","capacity":"2","check_date":"2026-09-19","check_date:capacity":"2026-09-19","covered":"no","fee":"no"},"geometry":{"type":"Point","coordinates":[151.2099371,-33.8706681]}},{"type":"Feature","id":10966504675,"properties":{"access":"yes","amenity":"bicycle_parking","bicycle_parking":"stands","capacity":"1","covered":"no","fee":"no"},"geometry":{"type":"Point","coordinates":[151.2058647,-33.8707895]}},{"type":"Feature","id":10966504677,"properties":{"access":"yes","amenity":"bicycle_parking","bicycle_parking":"stands","capacity":"2","covered":"no","fee":"no"},"geometry":{"type":"Point","coordinates":[151.208911,-33.8658413]}},{"type":"Feature","id":10966504681,"properties":{"access":"yes","amenity":"bicycle_parking","fee":"no"},"geometry":{"type":"Point","coordinates":[151.210972,-33.8692778]}},{"type":"Feature","id":10966504682,"properties":{"access":"yes","amenity":"bicycle_parking","fee":"no"},"geometry":{"type":"Point","coordinates":[151.2086219,-33.8666366]}},{"type":"Feature","id":10966504686,"properties":{"access":"yes","amenity":"bicycle_parking","fee":"no"},"geometry":{"type":"Point","coordinates":[151.2082513,-33.8711663]}},{"type":"Feature","id":10966504687,"properties":{"access":"yes","amenity":"bicycle_parking","bicycle_parking":"stands","capacity":"4","covered":"no","fee":"no"},"geometry":{"type":"Point","coordinates":[151.2098287,-33.867511]}},{"type":"Feature","id":10966504695,"properties":{"access":"yes","amenity":"bicycle_parking","fee":"no"},"geometry":{"type":"Point","coordinates":[151.2082098,-33.8720483]}},{"type":"Feature","id":10966504704,"properties":{"access":"yes","amenity":"bicycle_parking","bicycle_parking":"stands","capacity":"1","covered":"no","fee":"no"},"geometry":{"type":"Point","coordinates":[151.2101887,-33.87195]}},{"type":"Feature","id":10966509609,"properties":{"amenity":"bench","backrest":"yes"},"geometry":{"type":"Point","coordinates":[151.2068669,-33.870938]}},{"type":"Feature","id":10966509618,"properties":{"amenity":"bench","backrest":"yes"},"geometry":{"type":"Point","coordinates":[151.2094217,-33.8675746]}},{"type":"Feature","id":10966509619,"properties":{"amenity":"bench","backrest":"yes"},"geometry":{"type":"Point","coordinates":[151.2092695,-33.8675589]}},{"type":"Feature","id":10966509620,"properties":{"amenity":"bench","backrest":"yes"},"geometry":{"type":"Point","coordinates":[151.2091629,-33.8675488]}},{"type":"Feature","id":10966509621,"properties":{"amenity":"bench","backrest":"yes","material":"wood"},"geometry":{"type":"Point","coordinates":[151.2074273,-33.8673997]}},{"type":"Feature","id":10966509622,"properties":{"amenity":"bench","backrest":"yes","material":"wood"},"geometry":{"type":"Point","coordinates":[151.2074064,-33.8675663]}},{"type":"Feature","id":10966509623,"properties":{"amenity":"bench","backrest":"yes"},"geometry":{"type":"Point","coordinates":[151.2108123,-33.8678143]}},{"type":"Feature","id":10966509624,"properties":{"amenity":"bench","backrest":"yes"},"geometry":{"type":"Point","coordinates":[151.2109234,-33.8678216]}},{"type":"Feature","id":10966509627,"properties":{"amenity":"bench","armrest":"yes","backrest":"yes","material":"wood"},"geometry":{"type":"Point","coordinates":[151.2094968,-33.8660803]}},{"type":"Feature","id":10966509628,"properties":{"amenity":"bench","backrest":"yes"},"geometry":{"type":"Point","coordinates":[151.2111354,-33.8692752]}},{"type":"Feature","id":10966509630,"properties":{"amenity":"bench","backrest":"yes"},"geometry":{"type":"Point","coordinates":[151.2102862,-33.8714361]}},{"type":"Feature","id":10966509669,"properties":{"amenity":"bench","backrest":"yes"},"geometry":{"type":"Point","coordinates":[151.2069039,-33.8710394]}},{"type":"Feature","id":10966509670,"properties":{"amenity":"bench","backrest":"yes"},"geometry":{"type":"Point","coordinates":[151.2068827,-33.8705265]}},{"type":"Feature","id":10966509671,"properties":{"amenity":"bench","backrest":"yes"},"geometry":{"type":"Point","coordinates":[151.2068813,-33.8701668]}},{"type":"Feature","id":10966509672,"properties":{"amenity":"bench","backrest":"yes"},"geometry":{"type":"Point","coordinates":[151.2068794,-33.8690098]}},{"type":"Feature","id":10966509673,"properties":{"amenity":"bench","backrest":"yes"},"geometry":{"type":"Point","coordinates":[151.2069063,-33.8685158]}},{"type":"Feature","id":10966509674,"properties":{"amenity":"bench","backrest":"yes"},"geometry":{"type":"Point","coordinates":[151.206982,-33.8678617]}},{"type":"Feature","id":10966509675,"properties":{"amenity":"bench","backrest":"yes"},"geometry":{"type":"Point","coordinates":[151.2071734,-33.8661888]}},{"type":"Feature","id":10966509676,"properties":{"amenity":"bench","backrest":"yes"},"geometry":{"type":"Point","coordinates":[151.2071734,-33.8660765]}},{"type":"Feature","id":10966509678,"properties":{"amenity":"bench","backrest":"yes"},"geometry":{"type":"Point","coordinates":[151.2073229,-33.8658389]}},{"type":"Feature","id":10966509679,"properties":{"amenity":"bench","backrest":"yes"},"geometry":{"type":"Point","coordinates":[151.207295,-33.8662175]}},{"type":"Feature","id":10966509681,"properties":{"amenity":"bench","backrest":"yes"},"geometry":{"type":"Point","coordinates":[151.2071264,-33.8677339]}},{"type":"Feature","id":10966509682,"properties":{"amenity":"bench","backrest":"yes"},"geometry":{"type":"Point","coordinates":[151.2069955,-33.8690656]}},{"type":"Feature","id":10966509683,"properties":{"amenity":"bench","backrest":"yes"},"geometry":{"type":"Point","coordinates":[151.2070042,-33.8693]}},{"type":"Feature","id":10966509684,"properties":{"amenity":"bench","backrest":"yes"},"geometry":{"type":"Point","coordinates":[151.2070176,-33.8694586]}},{"type":"Feature","id":10966509685,"properties":{"amenity":"bench","backrest":"yes"},"geometry":{"type":"Point","coordinates":[151.2070045,-33.8695682]}},{"type":"Feature","id":10966509686,"properties":{"amenity":"bench","backrest":"yes"},"geometry":{"type":"Point","coordinates":[151.2070089,-33.8699221]}},{"type":"Feature","id":10966509687,"properties":{"amenity":"bench","backrest":"yes"},"geometry":{"type":"Point","coordinates":[151.2070143,-33.870998]}},{"type":"Feature","id":10966509700,"properties":{"amenity":"bench","backrest":"yes"},"geometry":{"type":"Point","coordinates":[151.2082217,-33.870153]}},{"type":"Feature","id":10966509701,"properties":{"amenity":"bench"},"geometry":{"type":"Point","coordinates":[151.2082423,-33.8713568]}},{"type":"Feature","id":10966509702,"properties":{"amenity":"bench","backrest":"yes"},"geometry":{"type":"Point","coordinates":[151.208243,-33.8715168]}},{"type":"Feature","id":10966509710,"properties":{"amenity":"bench","backrest":"yes"},"geometry":{"type":"Point","coordinates":[151.2073071,-33.8660419]}},{"type":"Feature","id":10966509711,"properties":{"amenity":"bench","backrest":"yes"},"geometry":{"type":"Point","coordinates":[151.207013,-33.8691538]}},{"type":"Feature","id":10966509712,"properties":{"amenity":"bench","backrest":"yes"},"geometry":{"type":"Point","coordinates":[151.2070188,-33.8695688]}},{"type":"Feature","id":10966509724,"properties":{"amenity":"bench","backrest":"yes"},"geometry":{"type":"Point","coordinates":[151.2102689,-33.8715808]}},{"type":"Feature","id":10966509725,"properties":{"amenity":"bench","backrest":"yes"},"geometry":{"type":"Point","coordinates":[151.2102309,-33.8718994]}},{"type":"Feature","id":10966509749,"properties":{"amenity":"bench","backrest":"yes"},"geometry":{"type":"Point","coordinates":[151.2069076,-33.8711173]}},{"type":"Feature","id":10966509750,"properties":{"amenity":"bench","backrest":"yes"},"geometry":{"type":"Point","coordinates":[151.2068902,-33.8709625]}},{"type":"Feature","id":10966509751,"properties":{"amenity":"bench","backrest":"yes"},"geometry":{"type":"Point","coordinates":[151.2068829,-33.8705689]}},{"type":"Feature","id":10966509752,"properties":{"amenity":"bench","backrest":"yes"},"geometry":{"type":"Point","coordinates":[151.2068819,-33.8703629]}},{"type":"Feature","id":10966509753,"properties":{"amenity":"bench","backrest":"yes"},"geometry":{"type":"Point","coordinates":[151.2068799,-33.8697638]}},{"type":"Feature","id":10966509754,"properties":{"amenity":"bench","backrest":"yes"},"geometry":{"type":"Point","coordinates":[151.2068803,-33.8690292]}},{"type":"Feature","id":10966509755,"properties":{"amenity":"bench","backrest":"yes"},"geometry":{"type":"Point","coordinates":[151.2068813,-33.8689841]}},{"type":"Feature","id":10966509756,"properties":{"amenity":"bench","backrest":"yes"},"geometry":{"type":"Point","coordinates":[151.2069199,-33.868447]}},{"type":"Feature","id":10966509757,"properties":{"amenity":"bench","backrest":"yes"},"geometry":{"type":"Point","coordinates":[151.2071807,-33.8661584]}},{"type":"Feature","id":10966509760,"properties":{"amenity":"bench","backrest":"yes"},"geometry":{"type":"Point","coordinates":[151.207329,-33.8657818]}},{"type":"Feature","id":10966509761,"properties":{"amenity":"bench","backrest":"yes"},"geometry":{"type":"Point","coordinates":[151.2073012,-33.8661428]}},{"type":"Feature","id":10966509762,"properties":{"amenity":"bench","backrest":"yes"},"geometry":{"type":"Point","coordinates":[151.2072973,-33.8662648]}},{"type":"Feature","id":10966509763,"properties":{"amenity":"bench","backrest":"yes"},"geometry":{"type":"Point","coordinates":[151.2070043,-33.8690692]}},{"type":"Feature","id":10966509764,"properties":{"amenity":"bench","backrest":"yes"},"geometry":{"type":"Point","coordinates":[151.2069956,-33.8693009]}},{"type":"Feature","id":10966509765,"properties":{"amenity":"bench","backrest":"yes"},"geometry":{"type":"Point","coordinates":[151.2069945,-33.8693972]}},{"type":"Feature","id":10966509766,"properties":{"amenity":"bench","backrest":"yes"},"geometry":{"type":"Point","coordinates":[151.2070207,-33.8699069]}},{"type":"Feature","id":10966509767,"properties":{"amenity":"bench","backrest":"yes"},"geometry":{"type":"Point","coordinates":[151.207007,-33.8710131]}},{"type":"Feature","id":10966509771,"properties":{"amenity":"bench","backrest":"yes"},"geometry":{"type":"Point","coordinates":[151.2082424,-33.8698826]}},{"type":"Feature","id":10966509772,"properties":{"amenity":"bench","backrest":"yes"},"geometry":{"type":"Point","coordinates":[151.2084841,-33.8677644]}},{"type":"Feature","id":10966509773,"properties":{"amenity":"bench","backrest":"yes"},"geometry":{"type":"Point","coordinates":[151.2083421,-33.8691177]}},{"type":"Feature","id":10966509774,"properties":{"amenity":"bench","backrest":"yes"},"geometry":{"type":"Point","coordinates":[151.208329,-33.8693562]}},{"type":"Feature","id":10966509775,"properties":{"amenity":"bench","backrest":"yes"},"geometry":{"type":"Point","coordinates":[151.2082866,-33.870124]}},{"type":"Feature","id":10966509776,"properties":{"amenity":"bench","backrest":"yes"},"geometry":{"type":"Point","coordinates":[151.2082484,-33.8706564]}},{"type":"Feature","id":10966509777,"properties":{"amenity":"bench"},"geometry":{"type":"Point","coordinates":[151.2082555,-33.8711814]}},{"type":"Feature","id":10966509778,"properties":{"amenity":"bench","backrest":"yes"},"geometry":{"type":"Point","coordinates":[151.2082279,-33.8716632]}},{"type":"Feature","id":10966510618,"properties":{"access":"yes","amenity":"bicycle_parking","bicycle_parking":"stands","capacity":"1","covered":"no","fee":"no"},"geometry":{"type":"Point","coordinates":[151.2051509,-33.8683375]}},{"type":"Feature","id":10966510619,"properties":{"access":"yes","amenity":"bicycle_parking","bicycle_parking":"stands","capacity":"1","covered":"no","fee":"no"},"geometry":{"type":"Point","coordinates":[151.2053308,-33.8699053]}},{"type":"Feature","id":10966510625,"properties":{"access":"yes","amenity":"bicycle_parking","bicycle_parking":"stands","capacity":"1","covered":"no","fee":"no"},"geometry":{"type":"Point","coordinates":[151.2059138,-33.8709363]}},{"type":"Feature","id":10966510626,"properties":{"access":"yes","amenity":"bicycle_parking","bicycle_parking":"stands","capacity":"1","covered":"no","fee":"no"},"geometry":{"type":"Point","coordinates":[151.205562,-33.870501]}},{"type":"Feature","id":10966510628,"properties":{"access":"yes","amenity":"bicycle_parking","bicycle_parking":"stands","capacity":"1","covered":"no","fee":"no"},"geometry":{"type":"Point","coordinates":[151.2053837,-33.8690547]}},{"type":"Feature","id":10966510633,"properties":{"access":"yes","amenity":"bicycle_parking","bicycle_parking":"stands","capacity":"1","covered":"no","fee":"no"},"geometry":{"type":"Point","coordinates":[151.2057623,-33.8669899]}},{"type":"Feature","id":10966510634,"properties":{"access":"yes","amenity":"bicycle_parking","bicycle_parking":"stands","capacity":"1","covered":"no","fee":"no"},"geometry":{"type":"Point","coordinates":[151.2057771,-33.8672352]}},{"type":"Feature","id":10966510635,"properties":{"access":"yes","amenity":"bicycle_parking","bicycle_parking":"stands","capacity":"1","covered":"no","fee":"no"},"geometry":{"type":"Point","coordinates":[151.205818,-33.8674423]}},{"type":"Feature","id":10966510636,"properties":{"access":"yes","amenity":"bicycle_parking","bicycle_parking":"stands","capacity":"1","covered":"no","fee":"no"},"geometry":{"type":"Point","coordinates":[151.2058635,-33.8679138]}},{"type":"Feature","id":10966510639,"properties":{"access":"yes","amenity":"bicycle_parking","bicycle_parking":"floor","covered":"no","fee":"no"},"geometry":{"type":"Point","coordinates":[151.206238,-33.8699103]}},{"type":"Feature","id":10966510641,"properties":{"access":"yes","amenity":"bicycle_parking","bicycle_parking":"stands","capacity":"2","covered":"no","fee":"no"},"geometry":{"type":"Point","coordinates":[151.2059852,-33.8670706]}},{"type":"Feature","id":10966510656,"properties":{"access":"yes","amenity":"bicycle_parking","bicycle_parking":"stands","capacity":"6","check_date":"2026-09-19","covered":"no","fee":"no"},"geometry":{"type":"Point","coordinates":[151.2085308,-33.8707287]}},{"type":"Feature","id":10966510661,"properties":{"access":"yes","amenity":"bicycle_parking","bicycle_parking":"floor","covered":"no","fee":"no"},"geometry":{"type":"Point","coordinates":[151.2076384,-33.8708]}},{"type":"Feature","id":10966510676,"properties":{"access":"yes","amenity":"bicycle_parking","bicycle_parking":"stands","covered":"no","fee":"no"},"geometry":{"type":"Point","coordinates":[151.2085519,-33.8674033]}},{"type":"Feature","id":10966510678,"properties":{"access":"yes","amenity":"bicycle_parking","bicycle_parking":"stands","capacity":"2","covered":"no","fee":"no"},"geometry":{"type":"Point","coordinates":[151.2107318,-33.866247]}},{"type":"Feature","id":10966510685,"properties":{"access":"yes","amenity":"bicycle_parking","fee":"no"},"geometry":{"type":"Point","coordinates":[151.2074506,-33.868806]}},{"type":"Feature","id":10966510708,"properties":{"access":"yes","amenity":"bicycle_parking","fee":"no"},"geometry":{"type":"Point","coordinates":[151.2094001,-33.8708788]}},{"type":"Feature","id":10966510709,"properties":{"access":"yes","amenity":"bicycle_parking","bicycle_parking":"stands","capacity":"2","check_date":"2026-09-19","check_date:capacity":"2026-09-19","covered":"no","fee":"no"},"geometry":{"type":"Point","coordinates":[151.2094296,-33.8705634]}},{"type":"Feature","id":10966510712,"properties":{"access":"yes","amenity":"bicycle_parking","bicycle_parking":"stands","capacity":"2","check_date":"2026-09-19","check_date:capacity":"2026-09-19","fee":"no"},"geometry":{"type":"Point","coordinates":[151.2095983,-33.8702291]}},{"type":"Feature","id":10966510713,"properties":{"access":"yes","amenity":"bicycle_parking","covered":"no","fee":"no"},"geometry":{"type":"Point","coordinates":[151.2095011,-33.8710433]}},{"type":"Feature","id":10966510720,"properties":{"access":"yes","amenity":"bicycle_parking","bicycle_parking":"stands","capacity":"1","covered":"no","fee":"no"},"geometry":{"type":"Point","coordinates":[151.2071476,-33.8707216]}},{"type":"Feature","id":10966510729,"properties":{"access":"yes","amenity":"bicycle_parking","fee":"no"},"geometry":{"type":"Point","coordinates":[151.2086547,-33.8663624]}},{"type":"Feature","id":10966510730,"properties":{"access":"yes","amenity":"bicycle_parking","covered":"no","fee":"no"},"geometry":{"type":"Point","coordinates":[151.2086356,-33.8665405]}},{"type":"Feature","id":10966510732,"properties":{"access":"yes","amenity":"bicycle_parking","bicycle_parking":"stands","covered":"no","fee":"no"},"geometry":{"type":"Point","coordinates":[151.2082673,-33.8698908]}},{"type":"Feature","id":10966510733,"properties":{"access":"yes","amenity":"bicycle_parking","bicycle_parking":"stands","covered":"no","fee":"no"},"geometry":{"type":"Point","coordinates":[151.2082845,-33.8700808]}},{"type":"Feature","id":10966510735,"properties":{"access":"yes","amenity":"bicycle_parking","fee":"no"},"geometry":{"type":"Point","coordinates":[151.2082411,-33.8713643]}},{"type":"Feature","id":10966510736,"properties":{"access":"yes","amenity":"bicycle_parking","bicycle_parking":"stands","capacity":"2","check_date":"2026-09-19","check_date:capacity":"2026-09-19","covered":"no","fee":"no"},"geometry":{"type":"Point","coordinates":[151.2082378,-33.8716543]}},{"type":"Feature","id":10966510755,"properties":{"access":"yes","amenity":"bicycle_parking","bicycle_parking":"stands","capacity":"3","covered":"no","fee":"no"},"geometry":{"type":"Point","coordinates":[151.2051772,-33.8683043]}},{"type":"Feature","id":10966510758,"properties":{"access":"yes","amenity":"bicycle_parking","bicycle_parking":"stands","capacity":"1","covered":"no","fee":"no"},"geometry":{"type":"Point","coordinates":[151.2055065,-33.870167]}},{"type":"Feature","id":10966510763,"properties":{"access":"yes","amenity":"bicycle_parking","bicycle_parking":"stands","capacity":"1","covered":"no","fee":"no"},"geometry":{"type":"Point","coordinates":[151.206053,-33.8695249]}},{"type":"Feature","id":10966510764,"properties":{"access":"yes","amenity":"bicycle_parking","bicycle_parking":"stands","capacity":"2","covered":"no","fee":"no"},"geometry":{"type":"Point","coordinates":[151.2060659,-33.8696516]}},{"type":"Feature","id":10966510765,"properties":{"access":"yes","amenity":"bicycle_parking","bicycle_parking":"stands","capacity":"2","covered":"no","fee":"no"},"geometry":{"type":"Point","coordinates":[151.2060836,-33.8698178]}},{"type":"Feature","id":10966510767,"properties":{"access":"yes","amenity":"bicycle_parking","bicycle_parking":"stands","capacity":"1","covered":"no","fee":"no"},"geometry":{"type":"Point","coordinates":[151.2060062,-33.8677069]}},{"type":"Feature","id":10966510788,"properties":{"access":"yes","amenity":"bicycle_parking","bicycle_parking":"stands","capacity":"2","covered":"no","fee":"no"},"geometry":{"type":"Point","coordinates":[151.2088771,-33.865828]}},{"type":"Feature","id":10966510791,"properties":{"access":"yes","amenity":"bicycle_parking","capacity":"1","fee":"no"},"geometry":{"type":"Point","coordinates":[151.2093261,-33.8689674]}},{"type":"Feature","id":10966510792,"properties":{"access":"yes","amenity":"bicycle_parking","capacity":"1","fee":"no"},"geometry":{"type":"Point","coordinates":[151.2090639,-33.8689364]}},{"type":"Feature","id":10966510802,"properties":{"access":"yes","amenity":"bicycle_parking","bicycle_parking":"floor","covered":"no","fee":"no"},"geometry":{"type":"Point","coordinates":[151.2099156,-33.866763]}},{"type":"Feature","id":10966510804,"properties":{"access":"yes","amenity":"bicycle_parking","fee":"no"},"geometry":{"type":"Point","coordinates":[151.2102642,-33.8657336]}},{"type":"Feature","id":10966510806,"properties":{"access":"yes","amenity":"bicycle_parking","bicycle_parking":"stands","capacity":"2","covered":"no","fee":"no"},"geometry":{"type":"Point","coordinates":[151.2082965,-33.8684943]}},{"type":"Feature","id":10991977656,"properties":{"addr:housenumber":"388","addr:postcode":"2000","addr:state":"NSW","addr:street":"George Street","addr:suburb":"Sydney","name":"Juno Creative Sydney","office":"advertising_agency","opening_hours":"Mo-Fr 08:30-16:30","phone":"+61 2 8357 0330","website":"https://junocreative.net.au"},"geometry":{"type":"Point","coordinates":[151.2073705,-33.8682822]}},{"type":"Feature","id":11007050305,"properties":{"email":"sydney@contourinteriors.com.au","name":"Contour Interiors Sydney","office":"company","opening_hours":"Mo-Fr 09:00-17:00","phone":"+61 2 9037 3801","website":"https://www.contourinteriors.com.au"},"geometry":{"type":"Point","coordinates":[151.2090729,-33.8715748]}},{"type":"Feature","id":11029534309,"properties":{"advertising":"yes","lit":"yes","operator":"QMS","shop":"kiosk"},"geometry":{"type":"Point","coordinates":[151.210692,-33.8675785]}},{"type":"Feature","id":11070635479,"properties":{"operator":"QMS","shop":"kiosk"},"geometry":{"type":"Point","coordinates":[151.2072648,-33.8706809]}},{"type":"Feature","id":11074313604,"properties":{"amenity":"fountain","drinking_water":"no"},"geometry":{"type":"Point","coordinates":[151.2107736,-33.8703341]}},{"type":"Feature","id":11074340681,"properties":{"amenity":"clock","display":"sundial"},"geometry":{"type":"Point","coordinates":[151.2109554,-33.8702302]}},{"type":"Feature","id":11074348416,"properties":{"amenity":"fast_food","cuisine":"pizza","name":"Oti’","outdoor_seating":"yes"},"geometry":{"type":"Point","coordinates":[151.2076437,-33.8663803]}},{"type":"Feature","id":11074355230,"properties":{"addr:housenumber":"330","addr:street":"George Street","amenity":"cafe","cuisine":"coffee_shop","name":"Will & Co on George","takeaway":"only"},"geometry":{"type":"Point","coordinates":[151.2073371,-33.8663247]}},{"type":"Feature","id":11074452572,"properties":{"addr:housenumber":"329","addr:street":"George Street","brand":"Kathmandu","brand:wikidata":"Q1736294","check_date":"2024-10-03","name":"Kathmandu","shop":"outdoor"},"geometry":{"type":"Point","coordinates":[151.2070398,-33.8665786]}},{"type":"Feature","id":11088628618,"properties":{"colour":"white;blue","direction":"east","guidepost":"bicycle","highway":"street_lamp","information":"guidepost","name":"Oxford Street (Bondi | Randwick - La Perouse) 1.8","note":"Direction is approximate. Sign text is facing south/north.","tourism":"information"},"geometry":{"type":"Point","coordinates":[151.2051679,-33.8686783]}},{"type":"Feature","id":11178222910,"properties":{"advertising":"no","amenity":"telephone","check_date":"2026-07-23","internet_access":"no","operator":"Telstra","operator:wikidata":"Q721162"},"geometry":{"type":"Point","coordinates":[151.2083823,-33.8673655]}},{"type":"Feature","id":11195397238,"properties":{"check_date":"2026-02-25","name":"The Fullerton Hotel","tourism":"hotel","website":"https://www.fullertonhotels.com/fullerton-hotel-sydney"},"geometry":{"type":"Point","coordinates":[151.2077229,-33.867868]}},{"type":"Feature","id":11201893240,"properties":{"artwork_type":"statue","material":"bronze","name":"Athena","subject:wikidata":"Q37122","tourism":"artwork","website":"https://www.cityartsydney.com.au/artwork/athena/"},"geometry":{"type":"Point","coordinates":[151.2063913,-33.8676856]}},{"type":"Feature","id":11202284275,"properties":{"artist_name":"Caroline Rothwell","artwork_type":"statue","material":"bronze","name":"Youngsters","tourism":"artwork","website":"https://www.cityofsydney.nsw.gov.au/sculptures/youngsters"},"geometry":{"type":"Point","coordinates":[151.2066329,-33.8676052]}},{"type":"Feature","id":11202284276,"properties":{"artist_name":"Caroline Rothwell","artwork_type":"statue","material":"bronze","name":"Youngsters","tourism":"artwork","website":"https://www.cityofsydney.nsw.gov.au/sculptures/youngsters"},"geometry":{"type":"Point","coordinates":[151.206949,-33.8675815]}},{"type":"Feature","id":11204130724,"properties":{"addr:housenumber":"108","addr:postcode":"2000","addr:state":"NSW","addr:street":"King Street","addr:suburb":"Sydney","amenity":"theatre","name":"Theatre Royal Sydney","website":"https://www.theatreroyalsydney.com/"},"geometry":{"type":"Point","coordinates":[151.208867,-33.86872]}},{"type":"Feature","id":11296581660,"properties":{"amenity":"telephone","check_date":"2025-11-16","covered":"yes","operator":"Telstra","operator:wikidata":"Q721162","payment:telephone_cards":"yes \"only for international calls\""},"geometry":{"type":"Point","coordinates":[151.2062005,-33.8706051]}},{"type":"Feature","id":11296581661,"properties":{"access":"yes","amenity":"bicycle_parking","bicycle_parking":"stands","capacity":"2","covered":"no","fee":"no"},"geometry":{"type":"Point","coordinates":[151.2062013,-33.8706588]}},{"type":"Feature","id":11330510669,"properties":{"amenity":"restaurant"},"geometry":{"type":"Point","coordinates":[151.2090753,-33.8703775]}},{"type":"Feature","id":11367751355,"properties":{"artist_name":"Marc Grunseit","material":"glass","name":"Song of the Magpie Dawn","tourism":"artwork"},"geometry":{"type":"Point","coordinates":[151.2080364,-33.8722015]}},{"type":"Feature","id":11367756275,"properties":{"brand":"Lego","brand:wikidata":"Q25385996","check_date":"2024-10-04","name":"Lego","shop":"toys"},"geometry":{"type":"Point","coordinates":[151.2081594,-33.8692577]}},{"type":"Feature","id":11374704303,"properties":{"amenity":"cafe","indoor_seating":"yes","indoor_seating:comfort":"chair","name":"Leible","opening_hours":"Mo-Fr 07:30-15:30,Sa 10:00-15:00","outdoor_seating":"no","toilets":"no"},"geometry":{"type":"Point","coordinates":[151.2086949,-33.8685936]}},{"type":"Feature","id":11484369562,"properties":{"brand":"T2","brand:wikidata":"Q48802134","level":"-1","name":"T2","shop":"tea"},"geometry":{"type":"Point","coordinates":[151.206641,-33.8710158]}},{"type":"Feature","id":11484369563,"properties":{"level":"-1","name":"CamelBak","shop":"outdoor","website":"https://camelbak.com.au/"},"geometry":{"type":"Point","coordinates":[151.2067357,-33.8710436]}},{"type":"Feature","id":11558319995,"properties":{"amenity":"telephone","check_date":"2026-08-06"},"geometry":{"type":"Point","coordinates":[151.2100728,-33.8710042]}},{"type":"Feature","id":11575035349,"properties":{"check_date":"2024-02-01","operator":"QMS","shop":"kiosk"},"geometry":{"type":"Point","coordinates":[151.2069257,-33.8676902]}},{"type":"Feature","id":11606323188,"properties":{"amenity":"post_box","colour":"red","description":"An old fashioned (but fully functional) postbox inside the historic GPO building. ","indoor":"yes","level":"0","operator":"Australia Post","operator:wikidata":"Q1142936"},"geometry":{"type":"Point","coordinates":[151.2079466,-33.867751]}},{"type":"Feature","id":11606323189,"properties":{"amenity":"post_box","colour":"red","description":"An old fashioned (but fully functional) postbox inside the historic GPO building. ","indoor":"yes","level":"0","operator":"Australia Post","operator:wikidata":"Q1142936"},"geometry":{"type":"Point","coordinates":[151.2075712,-33.8677104]}},{"type":"Feature","id":11612219489,"properties":{"access":"yes","amenity":"toilets","changing_table":"yes","level":"-1","toilets:disposal":"flush","toilets:handwashing":"yes","wheelchair":"yes"},"geometry":{"type":"Point","coordinates":[151.2108738,-33.8671708]}},{"type":"Feature","id":11644249922,"properties":{"amenity":"toilets","changing_table":"yes","indoor":"yes","layer":"-1","level":"-1","unisex":"yes","wheelchair":"yes"},"geometry":{"type":"Point","coordinates":[151.2100552,-33.8680627]}},{"type":"Feature","id":11644249923,"properties":{"amenity":"toilets","changing_table":"yes","indoor":"yes","layer":"-1","level":"-1","unisex":"yes","wheelchair":"yes"},"geometry":{"type":"Point","coordinates":[151.2100531,-33.8680872]}},{"type":"Feature","id":11644249924,"properties":{"amenity":"toilets","changing_table":"yes","indoor":"yes","layer":"-2","level":"-2","unisex":"yes","wheelchair":"yes"},"geometry":{"type":"Point","coordinates":[151.2102689,-33.8679103]}},{"type":"Feature","id":11644249925,"properties":{"amenity":"toilets","changing_table":"yes","indoor":"yes","layer":"-2","level":"-2","unisex":"yes","wheelchair":"yes"},"geometry":{"type":"Point","coordinates":[151.2103258,-33.8679056]}},{"type":"Feature","id":11644249927,"properties":{"amenity":"toilets","indoor":"yes","layer":"-2","level":"-2","male":"yes"},"geometry":{"type":"Point","coordinates":[151.2102717,-33.8679038]}},{"type":"Feature","id":11644249928,"properties":{"amenity":"toilets","indoor":"yes","layer":"-2","level":"-2","male":"yes"},"geometry":{"type":"Point","coordinates":[151.2102962,-33.8679045]}},{"type":"Feature","id":11644249929,"properties":{"amenity":"toilets","female":"yes","indoor":"yes","layer":"-2","level":"-2"},"geometry":{"type":"Point","coordinates":[151.2103256,-33.8679123]}},{"type":"Feature","id":11644249930,"properties":{"amenity":"toilets","female":"yes","indoor":"yes","layer":"-2","level":"-2"},"geometry":{"type":"Point","coordinates":[151.2102939,-33.8679105]}},{"type":"Feature","id":11644249938,"properties":{"amenity":"toilets","changing_table":"yes","indoor":"yes","layer":"-3","level":"-3","unisex":"yes","wheelchair":"yes"},"geometry":{"type":"Point","coordinates":[151.2104216,-33.8668998]}},{"type":"Feature","id":11644249939,"properties":{"amenity":"toilets","changing_table":"yes","indoor":"yes","layer":"-3","level":"-3","unisex":"yes","wheelchair":"yes"},"geometry":{"type":"Point","coordinates":[151.2103898,-33.8668973]}},{"type":"Feature","id":11644249953,"properties":{"amenity":"toilets","changing_table":"yes","fee":"no","indoor":"yes","layer":"-5","level":"-5","unisex":"yes","wheelchair":"yes"},"geometry":{"type":"Point","coordinates":[151.2105107,-33.8666118]}},{"type":"Feature","id":11644249954,"properties":{"amenity":"toilets","changing_table":"yes","indoor":"yes","layer":"-5","level":"-5","unisex":"yes","wheelchair":"yes"},"geometry":{"type":"Point","coordinates":[151.2101753,-33.8665859]}},{"type":"Feature","id":11644249964,"properties":{"amenity":"toilets","fee":"no","female":"yes","indoor":"yes","layer":"-5","level":"-5","wheelchair":"yes"},"geometry":{"type":"Point","coordinates":[151.2105076,-33.8666358]}},{"type":"Feature","id":11644249965,"properties":{"amenity":"toilets","female":"yes","indoor":"yes","layer":"-5","level":"-5"},"geometry":{"type":"Point","coordinates":[151.2101714,-33.8666144]}},{"type":"Feature","id":11644249966,"properties":{"amenity":"toilets","fee":"no","indoor":"yes","layer":"-5","level":"-5","male":"yes","wheelchair":"yes"},"geometry":{"type":"Point","coordinates":[151.2105046,-33.8666614]}},{"type":"Feature","id":11644249967,"properties":{"amenity":"toilets","indoor":"yes","layer":"-5","level":"-5","male":"yes"},"geometry":{"type":"Point","coordinates":[151.2101691,-33.866641]}},{"type":"Feature","id":11730990533,"properties":{"addr:housenumber":"80","addr:street":"Pitt Street","amenity":"pharmacy","brand":"Chemist Warehouse","brand:wikidata":"Q48782120","healthcare":"pharmacy","level":"0","name":"Chemist Warehouse","opening_hours":"Mo-We 07:30-20:30; Th 07:30-21:00; Fr 07:30-20:30; Sa 08:00-19:30; Su 09:00-18:00; PH 09:00-18:00"},"geometry":{"type":"Point","coordinates":[151.2086949,-33.8666743]}},{"type":"Feature","id":11750014852,"properties":{"amenity":"parking_entrance","maxheight":"3","parking":"underground"},"geometry":{"type":"Point","coordinates":[151.2075282,-33.8687124]}},{"type":"Feature","id":11750014861,"properties":{"access":"private","amenity":"parking_entrance","maxheight":"3","parking":"underground"},"geometry":{"type":"Point","coordinates":[151.2077601,-33.8687408]}},{"type":"Feature","id":11877806081,"properties":{"name":"The Cellar","shop":"alcohol"},"geometry":{"type":"Point","coordinates":[151.2110844,-33.8679695]}},{"type":"Feature","id":11890769222,"properties":{"amenity":"cafe","indoor_seating":"yes","name":"Morena","outdoor_seating":"yes"},"geometry":{"type":"Point","coordinates":[151.2073284,-33.8676477]}},{"type":"Feature","id":11917686804,"properties":{"addr:housenumber":"18-20","addr:street":"York Street","amenity":"cafe","check_date":"2024-12-11","cuisine":"coffee_shop","indoor_seating":"yes","name":"Three Beans","outdoor_seating":"no","takeaway":"yes"},"geometry":{"type":"Point","coordinates":[151.2060713,-33.8680365]}},{"type":"Feature","id":11917686805,"properties":{"amenity":"cafe","cuisine":"coffee_shop","name":"Two Penny Blue","takeaway":"only"},"geometry":{"type":"Point","coordinates":[151.2082955,-33.8679757]}},{"type":"Feature","id":11923817836,"properties":{"amenity":"bench","backrest":"yes"},"geometry":{"type":"Point","coordinates":[151.2108108,-33.8678205]}},{"type":"Feature","id":11923817837,"properties":{"amenity":"bench","backrest":"yes"},"geometry":{"type":"Point","coordinates":[151.210802,-33.86786]}},{"type":"Feature","id":11923817838,"properties":{"amenity":"bench","backrest":"yes"},"geometry":{"type":"Point","coordinates":[151.2108041,-33.8678501]}},{"type":"Feature","id":11923817839,"properties":{"amenity":"bench","backrest":"yes"},"geometry":{"type":"Point","coordinates":[151.2109232,-33.867828]}},{"type":"Feature","id":11923817840,"properties":{"amenity":"bench","backrest":"yes"},"geometry":{"type":"Point","coordinates":[151.2109179,-33.8678639]}},{"type":"Feature","id":11923817841,"properties":{"amenity":"bench","backrest":"yes"},"geometry":{"type":"Point","coordinates":[151.2109173,-33.8678678]}},{"type":"Feature","id":11923817842,"properties":{"amenity":"bench","backrest":"yes"},"geometry":{"type":"Point","coordinates":[151.2108639,-33.8678516]}},{"type":"Feature","id":11923817843,"properties":{"amenity":"bench","backrest":"yes"},"geometry":{"type":"Point","coordinates":[151.2108622,-33.8678632]}},{"type":"Feature","id":11923817844,"properties":{"amenity":"bench","backrest":"yes"},"geometry":{"type":"Point","coordinates":[151.2108686,-33.867814]}},{"type":"Feature","id":11923817845,"properties":{"amenity":"bench","backrest":"yes"},"geometry":{"type":"Point","coordinates":[151.2108668,-33.8678232]}},{"type":"Feature","id":11941419233,"properties":{"amenity":"bicycle_parking","bicycle_parking":"stands","capacity":"4","covered":"no"},"geometry":{"type":"Point","coordinates":[151.2098703,-33.8680628]}},{"type":"Feature","id":11991331969,"properties":{"addr:housenumber":"168","addr:street":"Clarence Street","amenity":"restaurant","cuisine":"italian","name":"Primi Italian","website":"https://primiitalian.com.au/"},"geometry":{"type":"Point","coordinates":[151.2056454,-33.8701569]}},{"type":"Feature","id":12009603705,"properties":{"access":"yes","amenity":"piano","description":"Public piano on level 1 of Westfield, tucked away near the rest seating area and bridge.","level":"1"},"geometry":{"type":"Point","coordinates":[151.2093112,-33.8705091]}},{"type":"Feature","id":12026998670,"properties":{"description":"The University of Newcastle Level 2","name":"The University of Newcastle","office":"educational_institution"},"geometry":{"type":"Point","coordinates":[151.2101958,-33.8684074]}},{"type":"Feature","id":12064298536,"properties":{"artist_name":"Claire Healy;Sean Cordeiro","artwork_type":"sculpture","level":"1","name":"Magic Circle","panoramax":"488acd2f-a732-486c-a359-bc4bccef7365","start_date":"2024","tourism":"artwork","website":"https://www.1elizabeth.com.au/the-precinct/public-art/claire-healy-and-sean-cordeiro.html"},"geometry":{"type":"Point","coordinates":[151.2102423,-33.8668969]}},{"type":"Feature","id":12064298538,"properties":{"amenity":"fountain","artist:wikidata":"Q747973","artist_name":"Tom Bass","level":"1","loc_name":"The Urinal","name":"P&O Fountain","start_date":"1963","tourism":"artwork","website":"https://www.1elizabeth.com.au/the-precinct/public-art/tom-bass.html","wikimedia_commons":"File:Bass \"P&O Wall Fountain\".jpg"},"geometry":{"type":"Point","coordinates":[151.2102424,-33.8670098]}},{"type":"Feature","id":12064298539,"properties":{"artist_name":"Mikala Dwyer","artwork_type":"sculpture","level":"1","name":"Shelter of Hollows","start_date":"2024","tourism":"artwork","website":"http://www.mikaladwyer.com/shelter-of-hollows-2024"},"geometry":{"type":"Point","coordinates":[151.2103661,-33.8669644]}},{"type":"Feature","id":12064298540,"properties":{"artist_name":"Douglas Annand","artwork_type":"sculpture","level":"1","material":"bronze","name":"Four Continents","start_date":"1963","tourism":"artwork","website":"https://www.1elizabeth.com.au/the-precinct/public-art/douglas-annand-four-continents.html"},"geometry":{"type":"Point","coordinates":[151.2101435,-33.8669977]}},{"type":"Feature","id":12064298541,"properties":{"artist:wikidata":"Q5301207","artist_name":"Douglas Annand","artwork_type":"mural","level":"1","name":"Ceramic Wall Mural","note":"The accompanying plaque and website seem to treat “Ceramic Wall Mural” as the name, even though it sounds like a description.","start_date":"1963","tourism":"artwork","website":"https://www.1elizabeth.com.au/the-precinct/public-art/douglas-annand-ceramic-wall-mural.html"},"geometry":{"type":"Point","coordinates":[151.2101453,-33.8669465]}},{"type":"Feature","id":12064298543,"properties":{"amenity":"loading_dock"},"geometry":{"type":"Point","coordinates":[151.2099071,-33.8681827]}},{"type":"Feature","id":12086272385,"properties":{"amenity":"cafe","cuisine":"coffee_shop","level":"-1","name":"Portafilter","opening_hours":"Mo-Fr 07:30-15:00"},"geometry":{"type":"Point","coordinates":[151.2093491,-33.868845]}},{"type":"Feature","id":12117849334,"properties":{"amenity":"cafe","indoor_seating":"yes","name":"Barrack House","outdoor_seating":"yes","outdoor_seating:comfort":"cushion_chair"},"geometry":{"type":"Point","coordinates":[151.206132,-33.8675636]}},{"type":"Feature","id":12117849339,"properties":{"amenity":"cafe","name":"A.P Place","outdoor_seating":"yes"},"geometry":{"type":"Point","coordinates":[151.2061174,-33.8677764]}},{"type":"Feature","id":12120187024,"properties":{"addr:housenumber":"5","addr:street":"Martin Place","amenity":"parking_entrance"},"geometry":{"type":"Point","coordinates":[151.2088162,-33.8682656]}},{"type":"Feature","id":12143096826,"properties":{"artist:wikidata":"Q50098786","artist_name":"Mikala Dwyer","artwork_type":"mosaic","name":"Continuum","panoramax":"db5d2bb5-ca63-4cec-b71c-4b21542235e6","start_date":"2024","tourism":"artwork","website":"https://www.mikaladwyer.com/continuum"},"geometry":{"type":"Point","coordinates":[151.2100378,-33.8679822]}},{"type":"Feature","id":12143134429,"properties":{"artist:wikidata":"Q50098786","artist_name":"Mikala Dwyer","artwork_type":"sculpture","name":"Continuum","panoramax":"fe46023b-9892-425f-a089-aefbf19a1a6f","start_date":"2024","tourism":"artwork","website":"https://www.mikaladwyer.com/continuum"},"geometry":{"type":"Point","coordinates":[151.2103173,-33.8664315]}},{"type":"Feature","id":12169202887,"properties":{"artist_name":"Emily Floyd","artwork_type":"installation","material":"synthetic polymer resin;aluminium;LEDs","name":"A Human Scale","start_date":"2014","tourism":"artwork"},"geometry":{"type":"Point","coordinates":[151.2088275,-33.8682713]}},{"type":"Feature","id":12178068036,"properties":{"access":"yes","amenity":"parking_entrance","maxheight":"1.9","parking":"underground"},"geometry":{"type":"Point","coordinates":[151.2063228,-33.8713496]}},{"type":"Feature","id":12192263321,"properties":{"amenity":"loading_dock"},"geometry":{"type":"Point","coordinates":[151.2076772,-33.8700872]}},{"type":"Feature","id":12204410654,"properties":{"amenity":"bar","name":"King Clarance"},"geometry":{"type":"Point","coordinates":[151.2051321,-33.8686372]}},{"type":"Feature","id":12215914489,"properties":{"amenity":"loading_dock"},"geometry":{"type":"Point","coordinates":[151.2073956,-33.8711724]}},{"type":"Feature","id":12217314533,"properties":{"access":"private","addr:housenumber":"44","addr:street":"Martin Place","amenity":"parking_entrance"},"geometry":{"type":"Point","coordinates":[151.2096261,-33.8672092]}},{"type":"Feature","id":12217314535,"properties":{"name":"Fairfax & Roberts","shop":"jewelry"},"geometry":{"type":"Point","coordinates":[151.2097368,-33.8673982]}},{"type":"Feature","id":12217314536,"properties":{"shop":"vacant"},"geometry":{"type":"Point","coordinates":[151.2097964,-33.8671235]}},{"type":"Feature","id":12217314537,"properties":{"amenity":"cafe","indoor_seating":"yes","name":"Benzin Cafe","opening_hours":"Mo-Fr 06:00-15:00; Sa 09:00-14:00","outdoor_seating":"yes","outdoor_seating:comfort":"cushion_chair"},"geometry":{"type":"Point","coordinates":[151.2089281,-33.865922]}},{"type":"Feature","id":12217314538,"properties":{"amenity":"bar","level":"-2","name":"Centro 86"},"geometry":{"type":"Point","coordinates":[151.2089762,-33.8669866]}},{"type":"Feature","id":12217314539,"properties":{"brand":"Rolex","brand:wikidata":"Q62288","name":"Rolex","shop":"watches"},"geometry":{"type":"Point","coordinates":[151.20972,-33.8674982]}},{"type":"Feature","id":12217314540,"properties":{"level":"8","name":"Jaggard’s","shop":"collector","start_date":"1963"},"geometry":{"type":"Point","coordinates":[151.2087298,-33.866359]}},{"type":"Feature","id":12217314544,"properties":{"amenity":"cafe","name":"Merchant","outdoor_seating":"yes"},"geometry":{"type":"Point","coordinates":[151.2092869,-33.8670715]}},{"type":"Feature","id":12217314545,"properties":{"access":"private","amenity":"bicycle_parking","bicycle_parking":"building"},"geometry":{"type":"Point","coordinates":[151.2091279,-33.867181]}},{"type":"Feature","id":12217325189,"properties":{"shop":"vacant"},"geometry":{"type":"Point","coordinates":[151.2070567,-33.8663185]}},{"type":"Feature","id":12217325191,"properties":{"brand":"R.M.Williams","brand:wikidata":"Q65042966","check_date":"2024-10-03","name":"R.M.Williams","shop":"shoes"},"geometry":{"type":"Point","coordinates":[151.2068612,-33.8679537]}},{"type":"Feature","id":12217325194,"properties":{"brand":"UGG","brand:wikidata":"Q1138480","check_date":"2024-10-03","name":"UGG","shop":"shoes"},"geometry":{"type":"Point","coordinates":[151.2070886,-33.8660777]}},{"type":"Feature","id":12217325195,"properties":{"brand":"Rapha","brand:en":"Rapha","brand:ja":"ラファ","brand:wikidata":"Q131446199","check_date":"2024-10-03","name":"Rapha","name:en":"Rapha","name:ja":"ラファ","shop":"sports","sport":"cycling"},"geometry":{"type":"Point","coordinates":[151.2070369,-33.8665286]}},{"type":"Feature","id":12219868232,"properties":{"brand":"Chaumet","brand:wikidata":"Q2961620","check_date":"2024-10-04","name":"Chaumet","shop":"jewelry"},"geometry":{"type":"Point","coordinates":[151.2081652,-33.8689945]}},{"type":"Feature","id":12219868233,"properties":{"brand":"Cartier","brand:wikidata":"Q538587","name":"Cartier","shop":"jewelry"},"geometry":{"type":"Point","coordinates":[151.2071925,-33.8685402]}},{"type":"Feature","id":12224129340,"properties":{"brand":"H&M","brand:wikidata":"Q188326","check_date":"2024-10-04","name":"H&M","shop":"clothes"},"geometry":{"type":"Point","coordinates":[151.2088648,-33.8690673]}},{"type":"Feature","id":12224129341,"properties":{"check_date":"2024-10-04","name":"La Petal","shop":"florist"},"geometry":{"type":"Point","coordinates":[151.2091915,-33.8678216]}},{"type":"Feature","id":12224129343,"properties":{"brand":"Roger Dubuis","brand:wikidata":"Q670160","check_date":"2024-10-04","name":"Roger Dubuis","shop":"watches"},"geometry":{"type":"Point","coordinates":[151.2098892,-33.8683898]}},{"type":"Feature","id":12224129344,"properties":{"amenity":"bench","backrest":"yes","direction":"75"},"geometry":{"type":"Point","coordinates":[151.2098824,-33.8679009]}},{"type":"Feature","id":12224129345,"properties":{"amenity":"bench","backrest":"yes","direction":"75"},"geometry":{"type":"Point","coordinates":[151.2098766,-33.8679993]}},{"type":"Feature","id":12224129346,"properties":{"brand":"Dolce & Gabbana","brand:wikidata":"Q214480","check_date":"2024-10-04","name":"Dolce & Gabbana","shop":"clothes"},"geometry":{"type":"Point","coordinates":[151.2095868,-33.8684849]}},{"type":"Feature","id":12224129347,"properties":{"brand":"Bulgari","brand:wikidata":"Q752515","check_date":"2024-10-04","name":"Bvlgari","shop":"fashion_accessories"},"geometry":{"type":"Point","coordinates":[151.2098573,-33.8687801]}},{"type":"Feature","id":12224129348,"properties":{"brand":"Hermès","brand:wikidata":"Q843887","name":"Hermès","shop":"clothes"},"geometry":{"type":"Point","coordinates":[151.2097978,-33.8692274]}},{"type":"Feature","id":12224129349,"properties":{"check_date":"2024-10-04","name":"Paspaley","shop":"jewelry"},"geometry":{"type":"Point","coordinates":[151.2098672,-33.8686174]}},{"type":"Feature","id":12224129351,"properties":{"amenity":"bench","backrest":"yes","direction":"75"},"geometry":{"type":"Point","coordinates":[151.209875,-33.8680222]}},{"type":"Feature","id":12224129352,"properties":{"check_date":"2024-10-04","name":"Stylerunner","shop":"clothes"},"geometry":{"type":"Point","coordinates":[151.2090667,-33.8688357]}},{"type":"Feature","id":12224129353,"properties":{"name":"Hardy Brothers","shop":"jewelry"},"geometry":{"type":"Point","coordinates":[151.2099029,-33.8682971]}},{"type":"Feature","id":12224129354,"properties":{"brand":"Valentino","brand:wikidata":"Q649646","check_date":"2024-10-04","name":"Valentino","shop":"clothes"},"geometry":{"type":"Point","coordinates":[151.2094554,-33.8688857]}},{"type":"Feature","id":12224129355,"properties":{"brand":"Brunello Cucinelli","brand:wikidata":"Q3645582","name":"Brunello Cucinelli","shop":"clothes"},"geometry":{"type":"Point","coordinates":[151.2096429,-33.8683044]}},{"type":"Feature","id":12254030532,"properties":{"air_conditioning":"yes","amenity":"fast_food","brand":"Betty's Burgers","brand:wikidata":"Q109406096","cuisine":"burger","name":"Betty's Burgers","opening_hours":"Su-Th 10:30-21:00; Fr 10:00-21:30; Sa 10:30-21:30","takeaway":"yes","wheelchair":"limited"},"geometry":{"type":"Point","coordinates":[151.2057124,-33.8706452]}},{"type":"Feature","id":12254030536,"properties":{"amenity":"restaurant","name":"Tao"},"geometry":{"type":"Point","coordinates":[151.2056923,-33.8705692]}},{"type":"Feature","id":12254169127,"properties":{"brand":"The Commons","brand:wikidata":"Q138389093","name":"The Commons","office":"coworking"},"geometry":{"type":"Point","coordinates":[151.2062308,-33.8690316]}},{"type":"Feature","id":12254169128,"properties":{"shop":"vacant"},"geometry":{"type":"Point","coordinates":[151.2062322,-33.8691703]}},{"type":"Feature","id":12259742204,"properties":{"amenity":"bar","name":"Esteban"},"geometry":{"type":"Point","coordinates":[151.2065254,-33.869574]}},{"type":"Feature","id":12292990511,"properties":{"access":"private","amenity":"parking_entrance","maxheight":"3"},"geometry":{"type":"Point","coordinates":[151.2095261,-33.8694243]}},{"type":"Feature","id":12293109340,"properties":{"amenity":"parking_entrance"},"geometry":{"type":"Point","coordinates":[151.2091832,-33.8717453]}},{"type":"Feature","id":12293109346,"properties":{"amenity":"waste_basket"},"geometry":{"type":"Point","coordinates":[151.2094084,-33.8717935]}},{"type":"Feature","id":12293109347,"properties":{"amenity":"bicycle_parking","capacity":"8"},"geometry":{"type":"Point","coordinates":[151.2092647,-33.8718777]}},{"type":"Feature","id":12293109348,"properties":{"amenity":"drinking_water","check_date":"2024-10-28"},"geometry":{"type":"Point","coordinates":[151.2094676,-33.8702277]}},{"type":"Feature","id":12293109349,"properties":{"check_date":"2024-10-28","mapillary":"545249508196614","name":"Brices Coombs","phone":"+61 2 9266 0730","shop":"shoe_repair"},"geometry":{"type":"Point","coordinates":[151.2091526,-33.8721954]}},{"type":"Feature","id":12293109350,"properties":{"amenity":"cafe","indoor_seating":"yes","name":"Capp","outdoor_seating":"no"},"geometry":{"type":"Point","coordinates":[151.2091589,-33.8719938]}},{"type":"Feature","id":12293109351,"properties":{"amenity":"bicycle_parking","bicycle_parking":"stands","capacity":"8","check_date":"2026-09-19"},"geometry":{"type":"Point","coordinates":[151.2095057,-33.8700131]}},{"type":"Feature","id":12293119399,"properties":{"amenity":"waste_basket"},"geometry":{"type":"Point","coordinates":[151.2089415,-33.8706982]}},{"type":"Feature","id":12298843466,"properties":{"brand":"Gucci","brand:wikidata":"Q178516","check_date":"2024-10","mapillary":"2019754041819032","name":"Gucci","shop":"clothes"},"geometry":{"type":"Point","coordinates":[151.2094256,-33.870013]}},{"type":"Feature","id":12298843467,"properties":{"brand":"Prada","brand:wikidata":"Q193136","check_date":"2024-10","mapillary":"910121573900903","name":"Prada","shop":"clothes"},"geometry":{"type":"Point","coordinates":[151.2093916,-33.8701794]}},{"type":"Feature","id":12298843468,"properties":{"check_date":"2024-10","name":"Van Cleef & Arpels","shop":"jewelry"},"geometry":{"type":"Point","coordinates":[151.2096028,-33.8708424]}},{"type":"Feature","id":12298843469,"properties":{"access":"customers","addr:housenumber":"137","addr:street":"Castlereagh Street","amenity":"parking","fee":"yes","layer":"-1","level":"-1","name":"Piccadilly Sydney Car Park","opening_hours":"24/7","operator":"Secure Parking","operator:type":"private","parking":"underground","website":"https://www.secureparking.com.au/en-au/car-parks/australia/nsw/piccadilly-sydney-car-park/"},"geometry":{"type":"Point","coordinates":[151.2092728,-33.8716625]}},{"type":"Feature","id":12298854699,"properties":{"amenity":"cafe","check_date":"2024-10","cuisine":"juice","mapillary":"478098361932268","name":"Top Juice"},"geometry":{"type":"Point","coordinates":[151.2092072,-33.8718466]}},{"type":"Feature","id":12298854700,"properties":{"addr:housenumber":"151","addr:street":"Castlereagh Street","addr:unit":"8","amenity":"doctors","healthcare":"doctor","level":"0","mapillary":"1961816260996979","name":"Myhealth Medical Centre","phone":"+61 2 8197 3388","website":"https://www.myhealth.net.au/clinics/sydney-cbd/"},"geometry":{"type":"Point","coordinates":[151.2091784,-33.8719135]}},{"type":"Feature","id":12298903301,"properties":{"addr:housenumber":"151","addr:street":"Castlereagh Street","amenity":"community_centre","community_centre":"cultural_centre","level":"1","mapillary":"882153553896116","name":"China Cultural Centre","website":"https://cccsydney.org/"},"geometry":{"type":"Point","coordinates":[151.2091174,-33.8719279]}},{"type":"Feature","id":12310928872,"properties":{"addr:housenumber":"1-7","addr:street":"Castlereagh Street","amenity":"dentist","healthcare":"dentist","name":"Anew Smile"},"geometry":{"type":"Point","coordinates":[151.2098976,-33.866315]}},{"type":"Feature","id":12333466281,"properties":{"check_date":"2024-11-11","level":"15","name":"Transport Asset Holding Entity","office":"yes","source":"sign"},"geometry":{"type":"Point","coordinates":[151.2085303,-33.868678]}},{"type":"Feature","id":12357441085,"properties":{"addr:housenumber":"388","addr:street":"George Street","amenity":"bar","level":"5","name":"Joji","opening_hours":"Sa-Tu 16:00-02:00; We-Fr 12:00-02:00","website":"https://www.jojisydney.com/"},"geometry":{"type":"Point","coordinates":[151.2071585,-33.8685473]}},{"type":"Feature","id":12410240933,"properties":{"amenity":"bar","check_date":"2024-12-11","name":"Prince Of York"},"geometry":{"type":"Point","coordinates":[151.2060642,-33.8680056]}},{"type":"Feature","id":12410274580,"properties":{"amenity":"bank","brand":"Westpac","brand:wikidata":"Q2031726","check_date":"2024-12-11","name":"Westpac"},"geometry":{"type":"Point","coordinates":[151.2060152,-33.8706449]}},{"type":"Feature","id":12410283042,"properties":{"amenity":"cafe","check_date":"2024-12-11","name":"Bomonti"},"geometry":{"type":"Point","coordinates":[151.2060235,-33.8702379]}},{"type":"Feature","id":12432761145,"properties":{"addr:floor":"5","addr:housenumber":"115","addr:street":"Pitt Street","amenity":"fast_food","cuisine":"burger","level":"5","name":"Slim’s Quality Burger","operator:ref:abn":"18 638 843 277","website":"https://slimsqualityburger.com"},"geometry":{"type":"Point","coordinates":[151.2093457,-33.8703688]}},{"type":"Feature","id":12438194370,"properties":{"addr:housenumber":"55","addr:street":"King Street","amenity":"cafe","name":"La Gracia Cafe"},"geometry":{"type":"Point","coordinates":[151.2055547,-33.8689631]}},{"type":"Feature","id":12438241893,"properties":{"amenity":"ice_cream","indoor_seating":"yes","outdoor_seating":"no"},"geometry":{"type":"Point","coordinates":[151.2074263,-33.8720435]}},{"type":"Feature","id":12470798521,"properties":{"addr:unit":"4038","brand":"Jimmy Choo","brand:wikidata":"Q5213855","level":"4","name":"Jimmy Choo","shop":"shoes"},"geometry":{"type":"Point","coordinates":[151.2088156,-33.8697942]}},{"type":"Feature","id":12470798522,"properties":{"addr:unit":"4037","level":"4","name":"Christian Louboutin","shop":"shoes"},"geometry":{"type":"Point","coordinates":[151.208699,-33.869783]}},{"type":"Feature","id":12470805215,"properties":{"addr:unit":"4039","clothes":"women","level":"4","name":"Zimmermann","shop":"clothes"},"geometry":{"type":"Point","coordinates":[151.2089059,-33.8697985]}},{"type":"Feature","id":12556177839,"properties":{"amenity":"cafe","check_date":"2025-02","name":"Piccalo Me"},"geometry":{"type":"Point","coordinates":[151.210674,-33.8684797]}},{"type":"Feature","id":12556177844,"properties":{"indoor_seating":"no","level":"0","name":"Lune","shop":"bakery"},"geometry":{"type":"Point","coordinates":[151.2101184,-33.8664932]}},{"type":"Feature","id":12611674502,"properties":{"name":"Goodgames","opening_hours":"Mo-Fr 10:00-22:00; Sa, Su 10:00-18:00","shop":"games"},"geometry":{"type":"Point","coordinates":[151.2060527,-33.8700324]}},{"type":"Feature","id":12666112830,"properties":{"amenity":"loading_dock"},"geometry":{"type":"Point","coordinates":[151.2073202,-33.8700631]}},{"type":"Feature","id":12666112832,"properties":{"amenity":"loading_dock"},"geometry":{"type":"Point","coordinates":[151.2074579,-33.8701022]}},{"type":"Feature","id":12666112834,"properties":{"amenity":"loading_dock"},"geometry":{"type":"Point","coordinates":[151.2076559,-33.8700247]}},{"type":"Feature","id":12666112836,"properties":{"amenity":"loading_dock"},"geometry":{"type":"Point","coordinates":[151.2076823,-33.8698051]}},{"type":"Feature","id":12666112840,"properties":{"amenity":"loading_dock"},"geometry":{"type":"Point","coordinates":[151.2076625,-33.8698766]}},{"type":"Feature","id":12690525616,"properties":{"amenity":"telephone","internet_access":"wlan","operator":"Telstra","operator:wikidata":"Q721162"},"geometry":{"type":"Point","coordinates":[151.2104489,-33.870775]}},{"type":"Feature","id":12735454879,"properties":{"amenity":"restaurant","check_date":"2025-04","name":"Dipacci"},"geometry":{"type":"Point","coordinates":[151.2065447,-33.8697105]}},{"type":"Feature","id":12735454880,"properties":{"addr:street":"Temperance Lane","addr:unit":"2","amenity":"restaurant","contact:phone":"+61 2 9313 5281","cuisine":"japanese","name":"Mensho Sydney"},"geometry":{"type":"Point","coordinates":[151.2065566,-33.8698446]}},{"type":"Feature","id":12782176399,"properties":{"addr:housenumber":"115","addr:street":"Pitt Street","addr:unit":"621","air_conditioning":"yes","alt_name":"Chiropractor Sydney","amenity":"clinic","contact:facebook":"https://www.facebook.com/TensegrityClinics/","description":"Tensegrity Clinics is a team of chiropractors and remedial massage therapists.","email":"admin@tensegrity.com.au","healthcare":"clinic","healthcare:speciality":"chiropractic;physiotherapy;acupuncture;remedial_massage;shockwave_therapy","level":"6","name":"Tensegrity Sports Clinics","phone:AU":"1300 903 929","website":"https://tensegrity.com.au/","wheelchair":"yes"},"geometry":{"type":"Point","coordinates":[151.2081506,-33.8664225]}},{"type":"Feature","id":12825066020,"properties":{"addr:floor":"5","addr:housename":"Myer City Store","addr:postcode":"2000","addr:state":"NSW","addr:street":"Corner George and Smith Streets","addr:suburb":"Sydney","amenity":"cafe","name":"Fodoo Coffee Lounge","outdoor_seating":"no"},"geometry":{"type":"Point","coordinates":[151.2074778,-33.8702976]}},{"type":"Feature","id":12838635105,"properties":{"addr:housenumber":"49","addr:street":"Market Street","amenity":"restaurant","cuisine":"french","name":"Parlour","opening_hours":"Mo-Su 07:00-22:00","website":"https://www.qthotels.com/sydney-cbd/eat-drink/parlour/","website:menu":"https://www.qthotels.com/sydney-cbd/eat-drink/parlour/"},"geometry":{"type":"Point","coordinates":[151.207463,-33.8709174]}},{"type":"Feature","id":12849882500,"properties":{"addr:state":"NSW","addr:street":"Pitt Street","addr:suburb":"Sydney","level":"3","name":"Fred","shop":"jewelry"},"geometry":{"type":"Point","coordinates":[151.2090873,-33.8697881]}},{"type":"Feature","id":12873376451,"properties":{"addr:housenumber":"70","addr:postcode":"2000","addr:state":"NSW","addr:street":"Pitt Street","addr:suburb":"Sydney","level":"4","name":"Australian Writers’ Guild (AWG)","office":"union"},"geometry":{"type":"Point","coordinates":[151.2088293,-33.8661718]}},{"type":"Feature","id":12878726880,"properties":{"amenity":"ice_cream","brand":"Messina","brand:wikidata":"Q120668671","cuisine":"ice_cream","name":"Messina"},"geometry":{"type":"Point","coordinates":[151.2095216,-33.8680655]}},{"type":"Feature","id":12979117239,"properties":{"artwork_type":"sculpture","note":"Attached to exterior of building above street level.","tourism":"artwork"},"geometry":{"type":"Point","coordinates":[151.2068208,-33.8705767]}},{"type":"Feature","id":12979117240,"properties":{"brand":"Cotton On","brand:wikidata":"Q5175717","name":"Cotton On","shop":"clothes"},"geometry":{"type":"Point","coordinates":[151.206805,-33.8705764]}},{"type":"Feature","id":13001187946,"properties":{"addr:housenumber":"88","addr:postcode":"2000","addr:state":"NSW","addr:street":"Pitt Street","addr:suburb":"Sydney","name":"Jumpp Media","office":"advertising_agency"},"geometry":{"type":"Point","coordinates":[151.2089014,-33.8670105]}},{"type":"Feature","id":13011418030,"properties":{"amenity":"drinking_water","fountain":"bubbler"},"geometry":{"type":"Point","coordinates":[151.209877,-33.8679445]}},{"type":"Feature","id":13109360601,"properties":{"addr:housenumber":"93","addr:postcode":"2000","addr:street":"York Street","air_conditioning":"yes","name":"Megaboom Hotel","tourism":"hotel"},"geometry":{"type":"Point","coordinates":[151.205942,-33.8698792]}},{"type":"Feature","id":13126352139,"properties":{"amenity":"bench","backrest":"yes"},"geometry":{"type":"Point","coordinates":[151.2068799,-33.8691957]}},{"type":"Feature","id":13152081554,"properties":{"addr:unit":"Level 12","name":"Nexon Asia Pacific","office":"it","phone:AU":"1300 800 000","website":"https://nexon.com.au/"},"geometry":{"type":"Point","coordinates":[151.2073753,-33.8683428]}},{"type":"Feature","id":13152705520,"properties":{"artist_name":"Jess Dare;Richard Johnson","artwork_type":"sculpture","historic":"memorial","name":"Reflection","start_date":"2017","subject:wikidata":"Q18638636","tourism":"artwork","website":"https://www.cityofsydney.nsw.gov.au/monuments-and-memorials/reflection"},"geometry":{"type":"Point","coordinates":[151.2097111,-33.8676753]}},{"type":"Feature","id":13183566346,"properties":{"addr:housenumber":"70","addr:street":"King Street","addr:unit":"Level 7","contact:facebook":"OffshoreTalentOT","contact:linkedin":"offshore-talent-ot","email":"hello@offshoretalent.com","name":"Offshore Talent","office":"employment_agency","opening_hours":"Mo-Fr 09:00-17:00","phone":"+61 2 7257 7856","website":"https://offshoretalent.com/"},"geometry":{"type":"Point","coordinates":[151.2066852,-33.8685415]}},{"type":"Feature","id":13286274652,"properties":{"addr:housenumber":"100","addr:postcode":"2000","addr:state":"NSW","addr:street":"Clarence Street","addr:suburb":"Sydney","name":"Crave Mart","opening_hours":"Mo-Su 06:00-24:00","operator":"Crave Mart","payment:alipay":"yes","payment:american_express":"yes","payment:app":"yes","payment:apple_pay":"yes","payment:cards":"yes","payment:cash":"yes","payment:coins":"yes","payment:contactless":"yes","payment:credit_cards":"yes","payment:debit_cards":"yes","payment:diners_club":"yes","payment:google_pay":"yes","payment:jcb":"yes","payment:mastercard":"yes","payment:mastercard_contactless":"yes","payment:notes":"yes","payment:unionpay":"yes","payment:visa":"yes","payment:visa_debit":"yes","shop":"convenience"},"geometry":{"type":"Point","coordinates":[151.2053161,-33.8681207]}},{"type":"Feature","id":13289953563,"properties":{"amenity":"bench","backrest":"yes"},"geometry":{"type":"Point","coordinates":[151.2109184,-33.8707977]}},{"type":"Feature","id":13408554801,"properties":{"addr:housenumber":"220","addr:postcode":"2000","addr:state":"NSW","addr:street":"Pitt Street","addr:suburb":"Sydney","amenity":"restaurant","check_date":"2026-08-04","cuisine":"indonesian","email":"info@pandawa.com.au","name":"Pandawa Nasi Bungkus Australia","opening_hours":"Mo-We,Su 11:00-21:00; Th-Sa 11:00-22:00","website":"https://www.pandawa.com.au"},"geometry":{"type":"Point","coordinates":[151.208402,-33.871677]}},{"type":"Feature","id":13424754919,"properties":{"addr:housenumber":"129","addr:street":"King Street","addr:suburb":"Sydney","brand":"A. Lange & Söhne","brand:wikidata":"Q278880","name":"A. Lange & Söhne","shop":"watches"},"geometry":{"type":"Point","coordinates":[151.208682,-33.8690642]}},{"type":"Feature","id":13424783219,"properties":{"addr:street":"King Street","addr:suburb":"Sydney","brand":"Tudor","brand:wikidata":"Q3541852","name":"Tudor","shop":"watches"},"geometry":{"type":"Point","coordinates":[151.2092822,-33.8691339]}},{"type":"Feature","id":13456883768,"properties":{"brand":"Zegna","brand:wikidata":"Q1355904","clothes":"men","name":"Zegna","shop":"clothes"},"geometry":{"type":"Point","coordinates":[151.2092143,-33.8696371]}},{"type":"Feature","id":13485244603,"properties":{"artist:wikidata":"Q1332698","artist_name":"Shepard Fairey","artwork_type":"mural","name":"Peace Waratah","tourism":"artwork"},"geometry":{"type":"Point","coordinates":[151.2069568,-33.8662822]}},{"type":"Feature","id":13527512601,"properties":{"addr:unit":"6.19","amenity":"fast_food","branch":"25 Martin Place","cuisine":"korean","drive_through":"no","facebook":"https://www.facebook.com/p/KO-V-Korean-Street-Food-61574582734080/","level":"6","name":"K-Vo Korean Food","website":"https://www.25martinplace.com.au/store-directory/ko-v-korean.html"},"geometry":{"type":"Point","coordinates":[151.2092192,-33.8680501]}},{"type":"Feature","id":13568549601,"properties":{"addr:housenumber":"1","addr:postcode":"2000","addr:street":"Angel Place","amenity":"bar","check_date":"2026-02-16","check_date:opening_hours":"2026-02-16","name":"J&M Whisky Bar","opening_hours":"Tu-We 17:00-00:00; Th-Sa 17:00-02:00","phone":"+61 2 9114 7376","website":"https://thewhiskyclub.com.au/j-m"},"geometry":{"type":"Point","coordinates":[151.207893,-33.8670706]}},{"type":"Feature","id":13579790601,"properties":{"name":"Bared Footwear","phone":"+61 3 9509 5771","shop":"shoes","website":"https://baredfootwear.com/au"},"geometry":{"type":"Point","coordinates":[151.2108154,-33.8690643]}},{"type":"Feature","id":13646960201,"properties":{"addr:housenumber":"387","addr:street":"George Street","amenity":"cafe","check_date":"2026-03-09","check_date:opening_hours":"2026-03-09","contact:instagram":"socialbutterfly.syd","email":"contact@socialbutterflytea.com","level":"1","name":"Social Butterfly Tea & Dessert","opening_hours":"Su-Mo 08:00-21:00; Tu-Sa 08:00-23:00","phone":"+61 492 969 719","website":"https://www.socialbutterflytea.com/","website:menu":"https://www.socialbutterflytea.com/#menu"},"geometry":{"type":"Point","coordinates":[151.2066949,-33.8695416]}},{"type":"Feature","id":13649251212,"properties":{"addr:floor":"3","addr:housename":"207","addr:housenumber":"207","addr:street":"Clarence Street","addr:unit":"2","amenity":"dancing_school","dance:style":"pole_dance","education":"dancing_school","level":"2","name":"The Golden Era Dance Studio","phone":"+61 481 110 169","website":"https://thegoldenerastudio.com.au/","wheelchair":"no"},"geometry":{"type":"Point","coordinates":[151.2052261,-33.8699105]}},{"type":"Feature","id":13657161001,"properties":{"addr:housenumber":"83","addr:street":"York Street","amenity":"restaurant","cuisine":"malaysian","name":"Ipoh Town on York","opening_hours":"Mo-Fr 10:30-19:00; Sa-Su 11:00-15:00","phone":"+61 2 9299 0001","website":"https://ipohtown.com.au"},"geometry":{"type":"Point","coordinates":[151.205944,-33.8695049]}},{"type":"Feature","id":13707155913,"properties":{"addr:street":"Angel Place","amenity":"restaurant","contact:instagram":"@grandfathersrestaurant","cuisine":"chinese","name":"Grandfather's","opening_hours":"Mo-Th 12:00-15:00,17:00-23:00; Fr-Sa 12:00-15:00,17:00-01:00; Su 12:00-15:00,17:00-23:00","phone":"+61 2 9127 7067","website":"https://www.grandfathers.com/"},"geometry":{"type":"Point","coordinates":[151.2082056,-33.8672118]}},{"type":"Feature","id":13727782547,"properties":{"addr:housenumber":"150","addr:postcode":"2000","addr:state":"NSW","addr:street":"Clarence Street","addr:suburb":"Sydney","addr:unit":"304","email":"info@plinkodigital.com.au","name":"Plinko Digital Entertainment Pty Ltd","opening_hours":"Mo-Fr 09:00-18:00","payment:credit_cards":"yes","payment:visa":"yes","phone":"+61 2 8094 5672","shop":"video_games","website":"https://plinkounblocked.com/"},"geometry":{"type":"Point","coordinates":[151.2055865,-33.8695012]}},{"type":"Feature","id":13737214784,"properties":{"addr:housenumber":"203","addr:street":"Clarence Street","amenity":"language_school","check_date":"2026-04-17","education":"language_school","name":"Universal English College"},"geometry":{"type":"Point","coordinates":[151.2052848,-33.8697917]}},{"type":"Feature","id":13751606239,"properties":{"addr:housenumber":"52","addr:street":"Martin Place","addr:suburb":"Sydney","addr:unit":"8","amenity":"cafe","mobile":"+61 407 067 232","name":"Roma Espresso"},"geometry":{"type":"Point","coordinates":[151.2108989,-33.8671865]}},{"type":"Feature","id":13800939751,"properties":{"addr:housenumber":"84","addr:street":"Pitt Street","addr:unit":"Suite 501","contact:facebook":"https://www.facebook.com/webmaintenanceaustralia/","contact:linkedin":"https://www.linkedin.com/company/web-maintenance-australia/","contact:pinterest":"https://au.pinterest.com/webmaintenanceau/","name":"Web Maintenance Australia","office":"it","opening_hours":"Mo-Fr 09:00-17:00","phone:AU":"1300 799 858","website":"https://webmaintenance.com.au/"},"geometry":{"type":"Point","coordinates":[151.2088956,-33.8668497]}},{"type":"Feature","id":13830628094,"properties":{"amenity":"loading_dock"},"geometry":{"type":"Point","coordinates":[151.2067031,-33.8665798]}},{"type":"Feature","id":13865861666,"properties":{"amenity":"restaurant","name":"Zeus Street Greek"},"geometry":{"type":"Point","coordinates":[151.208936,-33.8705972]}},{"type":"Feature","id":13922150183,"properties":{"country":"TW","diplomatic":"consulate","name":"Taipei Economic and Cultural Office, Sydney, Australia","name:en":"Taipei Economic and Cultural Office, Sydney, Australia","name:zh":"駐雪梨臺北經濟文化辦事處","office":"diplomatic","target":"AU","website":"https://www.roc-taiwan.org/ausyd","wikidata":"Q109411851","wikipedia":"zh:駐雪梨臺北經濟文化辦事處"},"geometry":{"type":"Point","coordinates":[151.2094196,-33.8687407]}},{"type":"Feature","id":14047789113,"properties":{"addr:unit":"8","branch":"Strand Arcade Sydney","clothes":"hats","fixme":"Position in building unknown","name":"Akubra Strand Arcade","opening_hours":"Mo-We 09:00-17:00; Th 09:00-18:00; Fr-Sa 09:00-17:00; Su 10:00-16:00","phone":"+61 400 252 630","shop":"clothes","website":"https://akubra.com.au/pages/store-locator"},"geometry":{"type":"Point","coordinates":[151.2074699,-33.8693851]}},{"type":"Feature","id":14079821345,"properties":{"access":"customers","amenity":"toilets"},"geometry":{"type":"Point","coordinates":[151.2088371,-33.8720968]}},{"type":"Feature","id":14086663825,"properties":{"addr:postcode":"2000","addr:street":"Market Street","addr:suburb":"Sydney","amenity":"post_office","layer":"-1","name":"QVB Post Office","operator":"Australia Post","operator:wikidata":"Q1142936"},"geometry":{"type":"Point","coordinates":[151.206044,-33.8706239]}},{"type":"Feature","id":14138488701,"properties":{"addr:housenumber":"61","addr:street":"York Street","amenity":"bar","name":"Stitch Bar","opening_hours":"Mo-Th 16:00-00:00; Fr-Sa 16:00-02:00"},"geometry":{"type":"Point","coordinates":[151.2057097,-33.8674608]}},{"type":"Feature","id":14139630501,"properties":{"addr:housenumber":"199","addr:street":"Clarence Street","amenity":"bar","name":"Old Love’s","opening_hours":"Tu-Su 17:00-02:00","website":"https://oldloves.sydney"},"geometry":{"type":"Point","coordinates":[151.2052004,-33.8696323]}},{"type":"Feature","id":14200635844,"properties":{"amenity":"bench","backrest":"yes","material":"wood"},"geometry":{"type":"Point","coordinates":[151.2061657,-33.8664622]}},{"type":"Feature","id":14241596140,"properties":{"access":"private","amenity":"social_club","website":"https://www.thepillars.au/"},"geometry":{"type":"Point","coordinates":[151.2063883,-33.867889]}},{"type":"Feature","id":2763614554,"properties":{"addr:housenumber":"110","addr:postcode":"2000","addr:street":"Elizabeth Street","addr:suburb":"Sydney","name":"Free Tours Sydney","note":"Free walking and bus tours of Sydney. Walking tours start near Archibald Fountain at Hyde Park every day at 10.30am. No booking required. For more information please visit website.","phone":"+61 425 291 425","source":"owner","tourism":"Tour","website":"http://www.freetourssydney.com.au/free-walking-tours/"},"geometry":{"type":"Point","coordinates":[151.211594,-33.870918]}},{"type":"Feature","id":2918557458,"properties":{"amenity":"fountain","artist_name":"Pietro Battiste Tacca","artwork_type":"statue","drinking_water":"no","fountain":"decorative","material":"bronze","name":"Il Porcellino","tourism":"artwork","website":"https://www.cityartsydney.com.au/artwork/il-porcellino/"},"geometry":{"type":"Point","coordinates":[151.2124419,-33.8678891]}},{"type":"Feature","id":2918557460,"properties":{"amenity":"fountain","name":"Robert Brough Fountain","source":"survey+LPI Imagery"},"geometry":{"type":"Point","coordinates":[151.212822,-33.8679815]}},{"type":"Feature","id":3283351486,"properties":{"artwork_type":"statue","inscription":"Major General Lachland Macquarie / Govenor of New South Wales / 1810 - 1821 / Born Ulva 1762 / Died London 1824 / MMXII","material":"metal","memorial":"statue","name":"Major General Lachlan Macquarie","source":"survey","tourism":"artwork"},"geometry":{"type":"Point","coordinates":[151.21217,-33.8701034]}},{"type":"Feature","id":3567413711,"properties":{"amenity":"fountain","source":"survey+bing"},"geometry":{"type":"Point","coordinates":[151.2118407,-33.8678472]}},{"type":"Feature","id":3567413714,"properties":{"amenity":"fountain","source":"survey+bing"},"geometry":{"type":"Point","coordinates":[151.2118127,-33.8678735]}},{"type":"Feature","id":3567413715,"properties":{"amenity":"fountain","source":"survey+bing"},"geometry":{"type":"Point","coordinates":[151.2118355,-33.8678968]}},{"type":"Feature","id":4242649418,"properties":{"access":"yes","amenity":"toilets","changing_table":"yes","changing_table:location":"unisex_toilet;wheelchair_toilet","fee":"no","level":"0","wheelchair":"yes"},"geometry":{"type":"Point","coordinates":[151.2129036,-33.8670181]}},{"type":"Feature","id":4295529361,"properties":{"addr:housenumber":"6","addr:postcode":"2000","addr:state":"NSW","addr:street":"Macquarie Street","addr:suburb":"Sydney","amenity":"post_office","brand":"Australia Post","brand:wikidata":"Q1142936","check_date:website":"2026-10-02","name":"Sydney Parliament House Post Office","not:operator":"Australia Post","not:operator:wikidata":"Q1142936","opening_hours":"Mo-Fr 09:00-17:00; PH,Sa,Su off","operator":"Australia Post","operator:wikidata":"Q1142936","phone":"+61 2 9230 2297","source":"NSW LPI Base Map","source:date":"2016-06","website":"https://auspost.com.au/locate/post-office/nsw/sydney/2000/sydney-post-office-242288"},"geometry":{"type":"Point","coordinates":[151.212492,-33.867332]}},{"type":"Feature","id":4662876109,"properties":{"amenity":"drinking_water","fountain":"bubbler"},"geometry":{"type":"Point","coordinates":[151.2115917,-33.8713064]}},{"type":"Feature","id":5129712038,"properties":{"amenity":"deliveries"},"geometry":{"type":"Point","coordinates":[151.2117261,-33.8667368]}},{"type":"Feature","id":5129712041,"properties":{"amenity":"security"},"geometry":{"type":"Point","coordinates":[151.211755,-33.86686]}},{"type":"Feature","id":5129712049,"properties":{"amenity":"drinking_water"},"geometry":{"type":"Point","coordinates":[151.2117049,-33.8667738]}},{"type":"Feature","id":5129712050,"properties":{"access":"permissive","amenity":"toilets","wheelchair":"yes"},"geometry":{"type":"Point","coordinates":[151.2117044,-33.8667776]}},{"type":"Feature","id":5334046021,"properties":{"fee":"no","name":"Reserve Bank of Australia Museum","opening_hours":"Mo-Fr 10:00-16:00","tourism":"museum","website":"https://museum.rba.gov.au/"},"geometry":{"type":"Point","coordinates":[151.21196,-33.8680966]}},{"type":"Feature","id":5716270597,"properties":{"amenity":"drinking_water","bottle":"no","dog":"no","fountain":"bubbler"},"geometry":{"type":"Point","coordinates":[151.2131824,-33.8680322]}},{"type":"Feature","id":5843429122,"properties":{"amenity":"cafe","name":"Avenue On Chifley"},"geometry":{"type":"Point","coordinates":[151.2112732,-33.8662823]}},{"type":"Feature","id":5996637986,"properties":{"amenity":"bicycle_parking","bicycle_parking":"stands","capacity":"18","covered":"yes"},"geometry":{"type":"Point","coordinates":[151.2112493,-33.8668665]}},{"type":"Feature","id":6571962256,"properties":{"amenity":"waste_basket","colour":"brown","material":"metal"},"geometry":{"type":"Point","coordinates":[151.2119608,-33.8691472]}},{"type":"Feature","id":6571962257,"properties":{"artwork_type":"statue","inscription":"The Right Honourable / William Bede Dalley P.C. / Scholar, Patriot, / Statesman / Erected / By / Public / Subscription / 1887 / Born in this City / Aug 5 1831 / Died / Oct 28 1888","material":"metal","name":"William Bede Dalley P.C.","tourism":"artwork"},"geometry":{"type":"Point","coordinates":[151.2123658,-33.8703877]}},{"type":"Feature","id":6573546702,"properties":{"access":"yes","amenity":"bicycle_parking","bicycle_parking":"stands","capacity":"2","covered":"no","fee":"no"},"geometry":{"type":"Point","coordinates":[151.2118994,-33.8693819]}},{"type":"Feature","id":6669127060,"properties":{"amenity":"bench","backrest":"yes","check_date":"2025-09-13","material":"metal;wood"},"geometry":{"type":"Point","coordinates":[151.2125108,-33.8709369]}},{"type":"Feature","id":6669127067,"properties":{"amenity":"waste_basket","check_date":"2025-09-13","colour":"black","material":"metal"},"geometry":{"type":"Point","coordinates":[151.2123559,-33.8709575]}},{"type":"Feature","id":6669127084,"properties":{"board_type":"sport","information":"board","tourism":"information"},"geometry":{"type":"Point","coordinates":[151.2126362,-33.8709731]}},{"type":"Feature","id":6669141800,"properties":{"amenity":"bench","backrest":"yes","check_date":"2025-09-13","material":"metal;wood"},"geometry":{"type":"Point","coordinates":[151.212366,-33.8711624]}},{"type":"Feature","id":6669141801,"properties":{"amenity":"bench","backrest":"yes","check_date":"2025-09-13","material":"metal;wood"},"geometry":{"type":"Point","coordinates":[151.2123177,-33.8712448]}},{"type":"Feature","id":6669141802,"properties":{"amenity":"bench","backrest":"yes","check_date":"2025-09-13","material":"metal;wood"},"geometry":{"type":"Point","coordinates":[151.2122493,-33.8713161]}},{"type":"Feature","id":6728743933,"properties":{"amenity":"pharmacy","healthcare":"pharmacy","level":"0","name":"The Bland Centre Pharmacy"},"geometry":{"type":"Point","coordinates":[151.2119557,-33.8686457]}},{"type":"Feature","id":6728743934,"properties":{"amenity":"cafe","name":"Beanbah Espresso","outdoor_seating":"yes"},"geometry":{"type":"Point","coordinates":[151.2119448,-33.8688017]}},{"type":"Feature","id":6728743935,"properties":{"amenity":"cafe","check_date":"2025-09-13","level":"0","name":"Legal Grounds Cafe","outdoor_seating":"yes","takeaway":"yes"},"geometry":{"type":"Point","coordinates":[151.2119903,-33.8684879]}},{"type":"Feature","id":6728743937,"properties":{"shop":"newsagent"},"geometry":{"type":"Point","coordinates":[151.211965,-33.8685516]}},{"type":"Feature","id":6968819181,"properties":{"amenity":"bicycle_parking","bicycle_parking":"stands","capacity":"6","covered":"no"},"geometry":{"type":"Point","coordinates":[151.2121888,-33.867572]}},{"type":"Feature","id":6968842816,"properties":{"amenity":"drinking_water","fountain":"bubbler"},"geometry":{"type":"Point","coordinates":[151.2122527,-33.8671464]}},{"type":"Feature","id":7035357270,"properties":{"amenity":"waste_basket"},"geometry":{"type":"Point","coordinates":[151.2126673,-33.8680543]}},{"type":"Feature","id":7035357271,"properties":{"amenity":"bench","backrest":"yes"},"geometry":{"type":"Point","coordinates":[151.2131258,-33.8680462]}},{"type":"Feature","id":7035357272,"properties":{"amenity":"waste_basket"},"geometry":{"type":"Point","coordinates":[151.2131673,-33.8680504]}},{"type":"Feature","id":7035357280,"properties":{"amenity":"bench","backrest":"yes"},"geometry":{"type":"Point","coordinates":[151.2131324,-33.8679921]}},{"type":"Feature","id":7035357283,"properties":{"amenity":"clinic","healthcare":"clinic","name":"Acute Ophthalmic Services (AOS)"},"geometry":{"type":"Point","coordinates":[151.2131105,-33.8685548]}},{"type":"Feature","id":8189319813,"properties":{"amenity":"bench","backrest":"yes"},"geometry":{"type":"Point","coordinates":[151.2120879,-33.8711559]}},{"type":"Feature","id":8189319814,"properties":{"amenity":"bench","backrest":"yes"},"geometry":{"type":"Point","coordinates":[151.2121044,-33.8711337]}},{"type":"Feature","id":8189319815,"properties":{"amenity":"bench","backrest":"yes"},"geometry":{"type":"Point","coordinates":[151.2121239,-33.8711089]}},{"type":"Feature","id":8189319816,"properties":{"amenity":"bench","backrest":"yes"},"geometry":{"type":"Point","coordinates":[151.2121383,-33.8710876]}},{"type":"Feature","id":8189352526,"properties":{"amenity":"bench","backrest":"yes"},"geometry":{"type":"Point","coordinates":[151.2121671,-33.8709178]}},{"type":"Feature","id":8189352527,"properties":{"amenity":"bench","backrest":"yes"},"geometry":{"type":"Point","coordinates":[151.2121506,-33.8708538]}},{"type":"Feature","id":9518158539,"properties":{"name":"Lizunova Fine Jewels","phone":"+61 2 9221 1900","shop":"jewelry","website":"https://www.lizunova.com/"},"geometry":{"type":"Point","coordinates":[151.2118434,-33.8661621]}},{"type":"Feature","id":9780863929,"properties":{"amenity":"cafe","layer":"-1","level":"-1","name":"Rebels N Misfits Espresso"},"geometry":{"type":"Point","coordinates":[151.2119731,-33.8704119]}},{"type":"Feature","id":9780863930,"properties":{"amenity":"telephone","layer":"-1","level":"-1"},"geometry":{"type":"Point","coordinates":[151.2117809,-33.8707748]}},{"type":"Feature","id":9780863933,"properties":{"amenity":"vending_machine","indoor":"yes","layer":"-1","level":"-1","vending":"public_transport_tickets"},"geometry":{"type":"Point","coordinates":[151.2118026,-33.8707746]}},{"type":"Feature","id":9780863934,"properties":{"layer":"-1","level":"-1","shop":"convenience"},"geometry":{"type":"Point","coordinates":[151.2118459,-33.870774]}},{"type":"Feature","id":9784704046,"properties":{"amenity":"toilets","changing_table":"yes","fee":"no","layer":"-2","level":"-2","unisex":"yes","wheelchair":"yes"},"geometry":{"type":"Point","coordinates":[151.2115471,-33.8678931]}},{"type":"Feature","id":9784704104,"properties":{"amenity":"toilets","fee":"no","layer":"-2","level":"-2","unisex":"yes","wheelchair":"yes"},"geometry":{"type":"Point","coordinates":[151.2115491,-33.8678731]}},{"type":"Feature","id":9784704105,"properties":{"amenity":"toilets","fee":"no","layer":"-2","level":"-2","unisex":"yes","wheelchair":"yes"},"geometry":{"type":"Point","coordinates":[151.2115638,-33.8677484]}},{"type":"Feature","id":9784704106,"properties":{"amenity":"toilets","changing_table":"yes","fee":"no","layer":"-2","level":"-2","unisex":"yes","wheelchair":"yes"},"geometry":{"type":"Point","coordinates":[151.2115615,-33.8677733]}},{"type":"Feature","id":9889318270,"properties":{"amenity":"bench","backrest":"yes","colour":"brown","material":"wood","seats":"4"},"geometry":{"type":"Point","coordinates":[151.2124029,-33.8694572]}},{"type":"Feature","id":9889318271,"properties":{"amenity":"bench","backrest":"yes","colour":"brown","material":"wood","seats":"4"},"geometry":{"type":"Point","coordinates":[151.2129243,-33.8697271]}},{"type":"Feature","id":9889318273,"properties":{"amenity":"bench","backrest":"yes","colour":"brown","material":"wood","seats":"4"},"geometry":{"type":"Point","coordinates":[151.2126311,-33.8696987]}},{"type":"Feature","id":9889318274,"properties":{"amenity":"bench","backrest":"yes","colour":"brown","material":"wood","seats":"4"},"geometry":{"type":"Point","coordinates":[151.213145,-33.8694984]}},{"type":"Feature","id":9889318276,"properties":{"amenity":"bench","backrest":"yes","colour":"brown","material":"wood","seats":"4"},"geometry":{"type":"Point","coordinates":[151.2131408,-33.8695225]}},{"type":"Feature","id":9889318277,"properties":{"amenity":"bench","backrest":"yes","colour":"brown","material":"wood","seats":"4"},"geometry":{"type":"Point","coordinates":[151.2129102,-33.8695014]}},{"type":"Feature","id":9889318278,"properties":{"amenity":"bench","backrest":"yes","colour":"brown","material":"wood","seats":"4"},"geometry":{"type":"Point","coordinates":[151.2124061,-33.8694218]}},{"type":"Feature","id":9889318279,"properties":{"amenity":"bench","backrest":"yes","colour":"brown","material":"wood","seats":"4"},"geometry":{"type":"Point","coordinates":[151.2127176,-33.869488]}},{"type":"Feature","id":9889318280,"properties":{"amenity":"bench","backrest":"yes","colour":"brown","material":"wood","seats":"4"},"geometry":{"type":"Point","coordinates":[151.212639,-33.8694806]}},{"type":"Feature","id":9889318282,"properties":{"amenity":"bench","backrest":"yes","colour":"brown","material":"wood","seats":"4"},"geometry":{"type":"Point","coordinates":[151.212973,-33.8695078]}},{"type":"Feature","id":10042069489,"properties":{"addr:housenumber":"2","addr:street":"Chifley Square","name":"District Bakery","shop":"bakery","website":"https://www.districtbrasserie.com.au"},"geometry":{"type":"Point","coordinates":[151.2114657,-33.8659275]}},{"type":"Feature","id":10081122188,"properties":{"amenity":"drinking_water","fountain":"bubbler"},"geometry":{"type":"Point","coordinates":[151.2123359,-33.8664355]}},{"type":"Feature","id":10081133551,"properties":{"amenity":"cafe","name":"Eggshell Cafe","outdoor_seating":"yes"},"geometry":{"type":"Point","coordinates":[151.2121482,-33.8670538]}},{"type":"Feature","id":10081134717,"properties":{"amenity":"restaurant","name":"Toppi","outdoor_seating":"yes"},"geometry":{"type":"Point","coordinates":[151.2120436,-33.8677242]}},{"type":"Feature","id":10096937327,"properties":{"shop":"kiosk"},"geometry":{"type":"Point","coordinates":[151.2113983,-33.8679322]}},{"type":"Feature","id":10096937328,"properties":{"amenity":"bicycle_parking","bicycle_parking":"stands","capacity":"6","covered":"no"},"geometry":{"type":"Point","coordinates":[151.2119687,-33.8693609]}},{"type":"Feature","id":10096956588,"properties":{"amenity":"cafe","name":"Jardin","opening_hours":"Mo-Fr 06:30-15:00","outdoor_seating":"yes"},"geometry":{"type":"Point","coordinates":[151.2114734,-33.869574]}},{"type":"Feature","id":10096978720,"properties":{"amenity":"drinking_water","fountain":"bubbler"},"geometry":{"type":"Point","coordinates":[151.2121282,-33.8680762]}},{"type":"Feature","id":10096979238,"properties":{"amenity":"post_box","collection_times":"Mo-Fr 16:00"},"geometry":{"type":"Point","coordinates":[151.2120533,-33.8688097]}},{"type":"Feature","id":10096979239,"properties":{"amenity":"bicycle_parking","bicycle_parking":"stands","capacity":"6","covered":"no"},"geometry":{"type":"Point","coordinates":[151.2115217,-33.8696915]}},{"type":"Feature","id":10966368350,"properties":{"amenity":"waste_basket","waste":"trash"},"geometry":{"type":"Point","coordinates":[151.2124973,-33.8667799]}},{"type":"Feature","id":10966368351,"properties":{"amenity":"waste_basket","waste":"trash"},"geometry":{"type":"Point","coordinates":[151.2119968,-33.869118]}},{"type":"Feature","id":10966374207,"properties":{"amenity":"waste_basket","waste":"trash"},"geometry":{"type":"Point","coordinates":[151.2113194,-33.8678938]}},{"type":"Feature","id":10966374209,"properties":{"amenity":"waste_basket","waste":"trash"},"geometry":{"type":"Point","coordinates":[151.2121072,-33.8665703]}},{"type":"Feature","id":10966374219,"properties":{"amenity":"waste_basket","waste":"trash"},"geometry":{"type":"Point","coordinates":[151.2123536,-33.8677934]}},{"type":"Feature","id":10966504660,"properties":{"access":"yes","amenity":"bicycle_parking","bicycle_parking":"stands","capacity":"2","covered":"no","fee":"no"},"geometry":{"type":"Point","coordinates":[151.2119547,-33.8693554]}},{"type":"Feature","id":10966504685,"properties":{"access":"yes","amenity":"bicycle_parking","bicycle_parking":"stands","capacity":"1","covered":"no","fee":"no"},"geometry":{"type":"Point","coordinates":[151.2120602,-33.8687322]}},{"type":"Feature","id":10966509610,"properties":{"amenity":"bench","backrest":"yes"},"geometry":{"type":"Point","coordinates":[151.2118931,-33.8678426]}},{"type":"Feature","id":10966509611,"properties":{"amenity":"bench","backrest":"yes"},"geometry":{"type":"Point","coordinates":[151.211747,-33.8678491]}},{"type":"Feature","id":10966509612,"properties":{"amenity":"bench","backrest":"yes"},"geometry":{"type":"Point","coordinates":[151.2116554,-33.8678099]}},{"type":"Feature","id":10966509613,"properties":{"amenity":"bench","backrest":"yes"},"geometry":{"type":"Point","coordinates":[151.2116344,-33.8678216]}},{"type":"Feature","id":10966509614,"properties":{"amenity":"bench"},"geometry":{"type":"Point","coordinates":[151.2115379,-33.8678007]}},{"type":"Feature","id":10966509615,"properties":{"amenity":"bench","backrest":"yes"},"geometry":{"type":"Point","coordinates":[151.2115388,-33.8678034]}},{"type":"Feature","id":10966509616,"properties":{"amenity":"bench","backrest":"yes"},"geometry":{"type":"Point","coordinates":[151.2114899,-33.867797]}},{"type":"Feature","id":10966509617,"properties":{"amenity":"bench","backrest":"yes"},"geometry":{"type":"Point","coordinates":[151.2114589,-33.8678213]}},{"type":"Feature","id":10966509626,"properties":{"amenity":"bench","backrest":"yes"},"geometry":{"type":"Point","coordinates":[151.2118156,-33.8678631]}},{"type":"Feature","id":10966509629,"properties":{"amenity":"bench","backrest":"yes"},"geometry":{"type":"Point","coordinates":[151.2119128,-33.869353]}},{"type":"Feature","id":10966509723,"properties":{"amenity":"bench","backrest":"yes"},"geometry":{"type":"Point","coordinates":[151.2120307,-33.8689628]}},{"type":"Feature","id":10966510681,"properties":{"access":"yes","amenity":"bicycle_parking","bicycle_parking":"stands","capacity":"2","covered":"no","fee":"no"},"geometry":{"type":"Point","coordinates":[151.2115764,-33.8665065]}},{"type":"Feature","id":10966510682,"properties":{"access":"yes","amenity":"bicycle_parking","bicycle_parking":"stands","capacity":"1","covered":"no","fee":"no"},"geometry":{"type":"Point","coordinates":[151.2122121,-33.8665881]}},{"type":"Feature","id":10966510694,"properties":{"access":"yes","amenity":"bicycle_parking","bicycle_parking":"stands","capacity":"1","covered":"no","fee":"no"},"geometry":{"type":"Point","coordinates":[151.2121307,-33.8693315]}},{"type":"Feature","id":10966510695,"properties":{"access":"yes","amenity":"bicycle_parking","bicycle_parking":"stands","capacity":"2","covered":"no","fee":"no"},"geometry":{"type":"Point","coordinates":[151.2119499,-33.8693174]}},{"type":"Feature","id":10966510776,"properties":{"access":"yes","amenity":"bicycle_parking","bicycle_parking":"stands","capacity":"1","covered":"no","fee":"no"},"geometry":{"type":"Point","coordinates":[151.2126093,-33.8702043]}},{"type":"Feature","id":10966510789,"properties":{"access":"yes","amenity":"bicycle_parking","bicycle_parking":"stands","capacity":"2","covered":"no","fee":"no"},"geometry":{"type":"Point","coordinates":[151.2112363,-33.8664566]}},{"type":"Feature","id":10966510798,"properties":{"access":"yes","amenity":"bicycle_parking","bicycle_parking":"stands","capacity":"2","covered":"no","fee":"no"},"geometry":{"type":"Point","coordinates":[151.2119597,-33.8693406]}},{"type":"Feature","id":11074335708,"properties":{"artwork_type":"sculpture","tourism":"artwork"},"geometry":{"type":"Point","coordinates":[151.2112943,-33.8693706]}},{"type":"Feature","id":11074478508,"properties":{"artist:wikidata":"Q514082","artist_name":"Margel Hinder","artwork_type":"sculpture","material":"metal","start_date":"1964","tourism":"artwork","website":"https://margelhinder.com.au/art/?id=12727"},"geometry":{"type":"Point","coordinates":[151.2113954,-33.8679983]}},{"type":"Feature","id":11074478509,"properties":{"amenity":"bench","backrest":"yes"},"geometry":{"type":"Point","coordinates":[151.2127641,-33.8678479]}},{"type":"Feature","id":11074478510,"properties":{"addr:housenumber":"8","addr:postcode":"2000","addr:street":"Macquarie Street","amenity":"cafe","email":"info@porcellino.com.au","name":"Porcellino","opening_hours":"Mo-Fr 06:30-15:00","outdoor_seating":"yes","phone":"+61 2 8320 6163","website":"https://www.porcellino.com.au/"},"geometry":{"type":"Point","coordinates":[151.2128997,-33.8681156]}},{"type":"Feature","id":11410777842,"properties":{"amenity":"pharmacy","brand":"TerryWhite Chemmart","brand:wikidata":"Q24089773","healthcare":"pharmacy","name":"TerryWhite Chemmart"},"geometry":{"type":"Point","coordinates":[151.2122254,-33.8667148]}},{"type":"Feature","id":11535314194,"properties":{"artwork_type":"statue","epitaph":"Champion of self-reliance for the colony and an architect of its public education","name":"James Martin","subject:wikidata":"Q2398237","tourism":"artwork"},"geometry":{"type":"Point","coordinates":[151.2114169,-33.8678266]}},{"type":"Feature","id":11806446146,"properties":{"addr:floor":"10","addr:housenumber":"229","addr:street":"Macquarie Street","addr:unit":"1004","amenity":"doctors","healthcare":"doctor","healthcare:speciality":"vaccination","name":"Travel Vaccination Clinic","website":"https://travelvaccinationclinic.com.au"},"geometry":{"type":"Point","coordinates":[151.2119145,-33.8685896]}},{"type":"Feature","id":11877800935,"properties":{"information":"map","tourism":"information"},"geometry":{"type":"Point","coordinates":[151.2123917,-33.868064]}},{"type":"Feature","id":12087200175,"properties":{"admin_level":"4","amenity":"courthouse","name":"Land and Environment Court of New South Wales","website":"https://lec.nsw.gov.au/"},"geometry":{"type":"Point","coordinates":[151.2118415,-33.8684299]}},{"type":"Feature","id":12183978614,"properties":{"amenity":"fountain"},"geometry":{"type":"Point","coordinates":[151.2130215,-33.8674433]}},{"type":"Feature","id":12200867457,"properties":{"amenity":"post_box","collection_times":"Mo-Fr 15:00"},"geometry":{"type":"Point","coordinates":[151.212048,-33.8688221]}},{"type":"Feature","id":12297623357,"properties":{"amenity":"parking_entrance","parking":"underground"},"geometry":{"type":"Point","coordinates":[151.2133431,-33.8686731]}},{"type":"Feature","id":12297623360,"properties":{"amenity":"parking_entrance","parking":"underground"},"geometry":{"type":"Point","coordinates":[151.2133493,-33.8686284]}},{"type":"Feature","id":12524603286,"properties":{"amenity":"bench","backrest":"yes"},"geometry":{"type":"Point","coordinates":[151.2129167,-33.8699365]}},{"type":"Feature","id":12524603287,"properties":{"amenity":"bench","backrest":"yes"},"geometry":{"type":"Point","coordinates":[151.2129213,-33.8699003]}},{"type":"Feature","id":12524603289,"properties":{"amenity":"bench","backrest":"yes"},"geometry":{"type":"Point","coordinates":[151.2129079,-33.870125]}},{"type":"Feature","id":12524603290,"properties":{"amenity":"bench","backrest":"yes"},"geometry":{"type":"Point","coordinates":[151.2129036,-33.8701548]}},{"type":"Feature","id":12905225770,"properties":{"amenity":"drinking_water","bottle":"yes","fountain":"bubbler"},"geometry":{"type":"Point","coordinates":[151.2131338,-33.8695102]}},{"type":"Feature","id":12905225771,"properties":{"amenity":"bench","backrest":"yes","colour":"brown","material":"wood","seats":"4"},"geometry":{"type":"Point","coordinates":[151.2124039,-33.8696434]}},{"type":"Feature","id":12905225772,"properties":{"amenity":"toilets","opening_hours":"Mo-Su 10:00-18:00","toilets:disposal":"flush","toilets:handwashing":"yes"},"geometry":{"type":"Point","coordinates":[151.2131629,-33.869546]}},{"type":"Feature","id":12905225773,"properties":{"operator":"Hyde Park Barracks","shop":"ticket"},"geometry":{"type":"Point","coordinates":[151.2125315,-33.8693627]}},{"type":"Feature","id":12905225774,"properties":{"amenity":"bench","backrest":"yes","colour":"brown","material":"wood","seats":"4"},"geometry":{"type":"Point","coordinates":[151.2124006,-33.8696663]}},{"type":"Feature","id":12905225775,"properties":{"amenity":"waste_basket"},"geometry":{"type":"Point","coordinates":[151.2131148,-33.8695502]}},{"type":"Feature","id":12905225776,"properties":{"amenity":"waste_basket"},"geometry":{"type":"Point","coordinates":[151.2124123,-33.8693972]}},{"type":"Feature","id":12905225777,"properties":{"information":"board","name":"Guardhouses","tourism":"information"},"geometry":{"type":"Point","coordinates":[151.212401,-33.869617]}},{"type":"Feature","id":13105130501,"properties":{"addr:housenumber":"229-231","addr:street":"Macquarie Street","amenity":"cafe","name":"Hole in the Wall Sandwich Factory"},"geometry":{"type":"Point","coordinates":[151.2118374,-33.8685541]}},{"type":"Feature","id":13251057249,"properties":{"amenity":"library","name":"Caroline Simpson Library","website":"https://mhnsw.au/visit-us/caroline-simpson-library/"},"geometry":{"type":"Point","coordinates":[151.2124055,-33.8690662]}},{"type":"Feature","id":13289953567,"properties":{"amenity":"bench","backrest":"yes"},"geometry":{"type":"Point","coordinates":[151.2123916,-33.8707984]}},{"type":"Feature","id":13289953568,"properties":{"amenity":"waste_basket"},"geometry":{"type":"Point","coordinates":[151.2115566,-33.8705544]}},{"type":"Feature","id":13289953569,"properties":{"amenity":"bench","backrest":"yes"},"geometry":{"type":"Point","coordinates":[151.2123559,-33.8707276]}},{"type":"Feature","id":13289953571,"properties":{"amenity":"bench","backrest":"yes"},"geometry":{"type":"Point","coordinates":[151.2124119,-33.8708777]}},{"type":"Feature","id":13289953572,"properties":{"amenity":"bench","backrest":"yes"},"geometry":{"type":"Point","coordinates":[151.2118804,-33.8701068]}},{"type":"Feature","id":13289953575,"properties":{"amenity":"bench","backrest":"yes"},"geometry":{"type":"Point","coordinates":[151.2118537,-33.8702953]}},{"type":"Feature","id":13289953579,"properties":{"amenity":"bench","backrest":"yes"},"geometry":{"type":"Point","coordinates":[151.2118334,-33.8704418]}},{"type":"Feature","id":13301565153,"properties":{"amenity":"restaurant","bar":"yes","level":"1","name":"Bullion Bar","opening_hours":"Mo-Fr 11:00-15:00","website":"https://www.bullionbaranddining.com.au/"},"geometry":{"type":"Point","coordinates":[151.2123929,-33.8688253]}},{"type":"Feature","id":13301565234,"properties":{"artwork_type":"statue","name":"Governor Lachlan Macquarie","tourism":"artwork"},"geometry":{"type":"Point","coordinates":[151.2122448,-33.8692619]}},{"type":"Feature","id":13301565282,"properties":{"amenity":"loading_dock"},"geometry":{"type":"Point","coordinates":[151.2133333,-33.8684462]}},{"type":"Feature","id":13301565367,"properties":{"amenity":"loading_dock"},"geometry":{"type":"Point","coordinates":[151.2128658,-33.8692374]}},{"type":"Feature","id":13301565372,"properties":{"amenity":"bicycle_parking","bicycle_parking":"stands","capacity":"6"},"geometry":{"type":"Point","coordinates":[151.2129307,-33.8692224]}},{"type":"Feature","id":13384480635,"properties":{"amenity":"bicycle_parking","bicycle_parking":"on_street","check_date":"2025-12"},"geometry":{"type":"Point","coordinates":[151.2116684,-33.8698692]}},{"type":"Feature","id":13448837775,"properties":{"amenity":"cafe","level":"0","name":"Bullion Store","opening_hours":"Mo-Fr 07:30-15:00","outdoor_seating":"yes"},"geometry":{"type":"Point","coordinates":[151.2123966,-33.8687845]}},{"type":"Feature","id":1160951401,"properties":{"brand":"Sofitel","brand:wikidata":"Q749431","check_date":"2025-04-18","name":"Sofitel Wentworth Sydney","tourism":"hotel"},"geometry":{"type":"Point","coordinates":[151.2110194,-33.8655042]}},{"type":"Feature","id":1301244865,"properties":{"amenity":"bicycle_parking","source":"survey"},"geometry":{"type":"Point","coordinates":[151.2082608,-33.8655533]}},{"type":"Feature","id":1301244901,"properties":{"amenity":"bicycle_parking","bicycle_parking":"stands","capacity":"1","check_date":"2024-07-30","covered":"no","source":"survey"},"geometry":{"type":"Point","coordinates":[151.208672,-33.8652664]}},{"type":"Feature","id":4216608952,"properties":{"addr:housenumber":"16","addr:street":"O'Connell Street","consulate":"consulate_general","country":"SL","diplomatic":"consulate","name":"Consulate-General of the Republic of Sierra Leone","office":"diplomatic","phone":"+61 2 8964 8851","source":"NSW LPI Base Map","source:date":"2016-06","target":"AU","website":"https://www.sierraleonecgtc.org.au/"},"geometry":{"type":"Point","coordinates":[151.2097316,-33.865266]}},{"type":"Feature","id":4528268995,"properties":{"addr:housenumber":"12-14","addr:postcode":"2000","addr:street":"O'Connell Street","amenity":"restaurant","cuisine":"asian;japanese;sushi","name":"Izakaya Masuya","name:ja":"居酒屋ますや"},"geometry":{"type":"Point","coordinates":[151.2097053,-33.865275]}},{"type":"Feature","id":5334144923,"properties":{"brand":"EzyMart","brand:wikidata":"Q117220554","name":"EzyMart","shop":"convenience"},"geometry":{"type":"Point","coordinates":[151.2085512,-33.865515]}},{"type":"Feature","id":6624825485,"properties":{"amenity":"restaurant","name":"The Carter"},"geometry":{"type":"Point","coordinates":[151.2096569,-33.8653014]}},{"type":"Feature","id":6986396000,"properties":{"addr:housenumber":"16","addr:street":"O'Connell Street","addr:unit":"Level 10","description":"The Centre for Paralegal Studies is all about you – it’s about helping you get a step up the ladder towards the career you want.","name":"Centre for Paralegal Studies","office":"educational_institution","operator":"Peter Whitehead","phone:AU":"1300 531 477","website":"https://paralegal.com.au"},"geometry":{"type":"Point","coordinates":[151.2096631,-33.8654141]}},{"type":"Feature","id":10769919181,"properties":{"amenity":"bench","backrest":"yes","direction":"W","material":"wood"},"geometry":{"type":"Point","coordinates":[151.2086296,-33.8654498]}},{"type":"Feature","id":10769919626,"properties":{"amenity":"post_box","collection_times":"Mo-Fr 16:00"},"geometry":{"type":"Point","coordinates":[151.2083592,-33.8656796]}},{"type":"Feature","id":10774453666,"properties":{"amenity":"cafe","name":"Stacked"},"geometry":{"type":"Point","coordinates":[151.2078655,-33.8654481]}},{"type":"Feature","id":10966368354,"properties":{"amenity":"waste_basket","waste":"trash"},"geometry":{"type":"Point","coordinates":[151.2104588,-33.865363]}},{"type":"Feature","id":10966510710,"properties":{"access":"yes","amenity":"bicycle_parking","bicycle_parking":"stands","capacity":"4","covered":"no","fee":"no"},"geometry":{"type":"Point","coordinates":[151.210313,-33.8655375]}},{"type":"Feature","id":10966510725,"properties":{"access":"yes","amenity":"bicycle_parking","bicycle_parking":"stands","capacity":"1","covered":"no","fee":"no"},"geometry":{"type":"Point","coordinates":[151.2086677,-33.8653581]}},{"type":"Feature","id":12145478697,"properties":{"name":"Hailwood Peters Watches","opening_hours":"Mo-Sa 11:00-19:00 \"by appointment\"","phone":"+61 472 502 515","shop":"jewelry","website":"https://hailwoodpeters.com.au/en"},"geometry":{"type":"Point","coordinates":[151.2099409,-33.8655538]}},{"type":"Feature","id":12308821401,"properties":{"addr:housenumber":"97","addr:postcode":"2000","addr:street":"Pitt Street","name":"The Tank Stream Sydney","tourism":"hotel"},"geometry":{"type":"Point","coordinates":[151.208539,-33.865408]}},{"type":"Feature","id":12989293276,"properties":{"brand":"EzyMart","brand:wikidata":"Q117220554","check_date":"2025-07","indoor_seating":"yes","indoor_seating:capacity":"2","name":"EzyMart","outdoor_seating:comfort":"chair","shop":"convenience"},"geometry":{"type":"Point","coordinates":[151.2102592,-33.8654309]}},{"type":"Feature","id":953028102,"properties":{"construction":"subway","construction:electrified":"contact_line","construction:frequency":"50","construction:railway":"subway","construction:voltage":"25000","gauge":"1435","layer":"-4","name":"Up Sydney Metro West","oneway":"yes","opening_date":"2032","railway":"construction","railway:cbtc":"uto","tunnel":"yes"},"geometry":{"type":"LineString","coordinates":[[151.1801865,-33.8673287],[151.1812778,-33.8676018],[151.1831496,-33.8679716],[151.1844817,-33.8682756],[151.1875677,-33.8689944],[151.1887694,-33.8693803],[151.1902075,-33.8698898],[151.1908112,-33.870049],[151.191175,-33.8701085],[151.1915613,-33.8701507],[151.1921847,-33.8701558],[151.1926415,-33.8701503],[151.1928899,-33.8701428],[151.1940625,-33.8700994],[151.1955941,-33.8700246],[151.1966204,-33.869986],[151.1971672,-33.8699539],[151.1975072,-33.8699334],[151.1977952,-33.8698989],[151.1981576,-33.8698216],[151.1985356,-33.8697365],[151.1988607,-33.8696332],[151.1992485,-33.8694708],[151.1996339,-33.8692754],[151.2000932,-33.8689964],[151.2004462,-33.8687433],[151.2008552,-33.8683858],[151.2016108,-33.8676108],[151.2019712,-33.8672346],[151.2023491,-33.8668936],[151.2028195,-33.8665219],[151.2031492,-33.8662999],[151.2035983,-33.8660545],[151.2039931,-33.8658717],[151.2044031,-33.8657211],[151.2048273,-33.8655913],[151.2053702,-33.8654895],[151.2059442,-33.8654217],[151.2062471,-33.8654167],[151.2070007,-33.8654548],[151.2087392,-33.8655734],[151.2090108,-33.8655932],[151.2091604,-33.8656085]]}},{"type":"Feature","id":953028103,"properties":{"construction":"subway","construction:electrified":"contact_line","construction:frequency":"50","construction:railway":"subway","construction:voltage":"25000","gauge":"1435","layer":"-4","name":"Down Sydney Metro West","oneway":"yes","opening_date":"2032","railway":"construction","railway:cbtc":"uto","tunnel":"yes"},"geometry":{"type":"LineString","coordinates":[[151.2091536,-33.865773],[151.2072097,-33.8656263],[151.2069314,-33.8656102],[151.2066606,-33.8655945],[151.2063781,-33.8655762],[151.2059907,-33.8655851],[151.2055232,-33.8656199],[151.2051812,-33.8656811],[151.2048364,-33.8657593],[151.2044699,-33.86586],[151.2041598,-33.8659739],[151.2037702,-33.8661263],[151.2034451,-33.8663091],[151.2029904,-33.8665739],[151.2027472,-33.8667701],[151.2025328,-33.8669214],[151.2023317,-33.8670975],[151.2020905,-33.8673256],[151.20182,-33.8675962],[151.2014877,-33.8679425],[151.2011914,-33.8682418],[151.2009161,-33.8685234],[151.200539,-33.8688361],[151.2002801,-33.869046],[151.1999471,-33.8692782],[151.1995198,-33.8694894],[151.1991561,-33.8696512],[151.1986748,-33.8698263],[151.1982585,-33.8699325],[151.1979194,-33.8700035],[151.1974991,-33.87005],[151.1971324,-33.8700793],[151.1954729,-33.8701554],[151.1948337,-33.8701804],[151.1947104,-33.8701861],[151.1940685,-33.8702111],[151.1928959,-33.8702547],[151.1921201,-33.8702873],[151.1916666,-33.8702922],[151.1912991,-33.8702543],[151.1909785,-33.8701975],[151.1905433,-33.8701122],[151.189654,-33.8698365],[151.1889987,-33.8695895],[151.1884368,-33.8694053],[151.1876613,-33.8691551],[151.1869459,-33.8689577],[151.1849219,-33.8684936],[151.1837684,-33.8682502],[151.1824129,-33.8679764],[151.1812524,-33.8677337],[151.1801456,-33.8674612]]}},{"type":"Feature","id":129086737,"properties":{"administration":"Regional","classified":"yes","highway":"secondary","lanes":"3","lit":"yes","maxspeed":"40","name":"King Street","oneway":"yes","owner":"City of Sydney","owner:wikidata":"Q1094194","source:maxspeed":"City of Sydney 40km/h maxzone description of bounds","surface":"asphalt","wikidata":"Q6412085"},"geometry":{"type":"LineString","coordinates":[[151.2046479,-33.8687824],[151.2046983,-33.8687805],[151.2049115,-33.8687666],[151.2051593,-33.8687499],[151.2051921,-33.8687441],[151.2052646,-33.8687311]]}},{"type":"Feature","id":335696851,"properties":{"addr:housenumber":"155","addr:postcode":"2000","addr:street":"Clarence Street","addr:suburb":"Sydney","building":"commercial","building:levels":"12","smoking":"no"},"geometry":{"type":"LineString","coordinates":[[151.2046294,-33.8681862],[151.2048264,-33.8681713],[151.2048243,-33.8681647],[151.2048962,-33.8681408],[151.2050157,-33.8681296],[151.205101,-33.8681448],[151.2050657,-33.8678373],[151.2047572,-33.8678638],[151.2047521,-33.867819],[151.2045884,-33.867831],[151.2046294,-33.8681862]]}},{"type":"Feature","id":1252724821,"properties":{"electrified":"contact_line","frequency":"0","gauge":"1435","layer":"-5","maxspeed":"60","name":"Up Sydney Metro City & Southwest","oneway":"yes","operator":"Metro Trains Sydney","operator:wikidata":"Q20861549","railway":"subway","railway:cbtc":"yes","tunnel":"yes","usage":"main","voltage":"1500"},"geometry":{"type":"LineString","coordinates":[[151.2027659,-33.8605087],[151.2027816,-33.8606766],[151.2028071,-33.8609343],[151.2028254,-33.8610393],[151.2028511,-33.8611749],[151.2028828,-33.861303],[151.2029776,-33.8615747],[151.203027,-33.8616795],[151.2030962,-33.8618121],[151.2031671,-33.8619182],[151.2033298,-33.8621325],[151.2035436,-33.8623537],[151.2038095,-33.8625596],[151.2041373,-33.8627552],[151.2044798,-33.8629045],[151.2046488,-33.862965],[151.20473,-33.862989],[151.2048465,-33.8630169],[151.2050624,-33.8630589],[151.2052658,-33.8630867],[151.2054761,-33.8631005],[151.2056141,-33.8631045],[151.2058424,-33.8630964],[151.2060831,-33.8630722],[151.2065358,-33.863002],[151.2069753,-33.8629306],[151.207267,-33.8628853],[151.2074301,-33.862866],[151.2075041,-33.8628583],[151.2075781,-33.8628526],[151.2077737,-33.8628451],[151.2079656,-33.8628486],[151.2081099,-33.8628558],[151.2082442,-33.8628687],[151.2084017,-33.8628913],[151.2085346,-33.8629155],[151.2086537,-33.8629403],[151.2088443,-33.8629928],[151.2090362,-33.8630561],[151.2091777,-33.863112],[151.2093274,-33.8631785],[151.2094902,-33.863263],[151.2096289,-33.8633436],[151.2097643,-33.8634313],[151.2098686,-33.8635091],[151.2099334,-33.8635602],[151.2100487,-33.8636599],[151.2101844,-33.8637923],[151.2102837,-33.863903],[151.2103922,-33.8640379],[151.2104877,-33.8641729],[151.210556,-33.8642882],[151.2106228,-33.86441],[151.2106749,-33.8645258],[151.2107227,-33.8646487],[151.2107763,-33.8648247],[151.2108042,-33.8649424],[151.210823,-33.8650515],[151.2108427,-33.8652086],[151.2108469,-33.8653652],[151.2108364,-33.8656052],[151.2107045,-33.8664984]]}},{"type":"Feature","id":1252724822,"properties":{"electrified":"contact_line","frequency":"0","gauge":"1435","layer":"-5","maxspeed":"60","name":"Down Sydney Metro City & Southwest","oneway":"yes","operator":"Metro Trains Sydney","operator:wikidata":"Q20861549","railway":"subway","railway:cbtc":"yes","tunnel":"yes","usage":"main","voltage":"1500"},"geometry":{"type":"LineString","coordinates":[[151.2099813,-33.8664486],[151.2099833,-33.8664332],[151.2101016,-33.8654243],[151.2101019,-33.8652652],[151.2100913,-33.8651097],[151.2100717,-33.8649765],[151.2100421,-33.8648418],[151.2100228,-33.8647727],[151.2099588,-33.8645835],[151.2098687,-33.8643932],[151.2097565,-33.8642072],[151.2097178,-33.8641541],[151.2096281,-33.8640377],[151.2095473,-33.8639477],[151.2094455,-33.8638401],[151.209366,-33.8637664],[151.2093002,-33.863711],[151.2091724,-33.8636115],[151.2090266,-33.8635151],[151.2088896,-33.863433],[151.2087912,-33.8633807],[151.2085535,-33.8632773],[151.2083621,-33.8632071],[151.2081044,-33.8631396],[151.2079467,-33.8631073],[151.2078148,-33.8630872],[151.2076939,-33.8630748],[151.2075647,-33.8630654],[151.2074241,-33.8630613],[151.2072891,-33.8630626],[151.2071282,-33.8630725],[151.2069726,-33.863087],[151.2064001,-33.863159],[151.2060322,-33.8632052],[151.2058575,-33.8632204],[151.2056391,-33.8632283],[151.2055301,-33.8632281],[151.205362,-33.8632198],[151.2052368,-33.8632089],[151.2051236,-33.8631959],[151.2050339,-33.8631812],[151.2048696,-33.8631507],[151.2047505,-33.8631222],[151.2046325,-33.8630893],[151.2045147,-33.8630526],[151.2043246,-33.8629824],[151.2042218,-33.8629395],[151.2040361,-33.8628505],[151.2039329,-33.8627926],[151.203818,-33.8627233],[151.2036551,-33.8626125],[151.2035527,-33.8625328],[151.2033944,-33.8623934],[151.2033318,-33.8623335],[151.2032281,-33.8622236],[151.2030986,-33.8620638],[151.2030256,-33.8619594],[151.2029401,-33.861823],[151.2028881,-33.8617249],[151.2027973,-33.8615253],[151.2027624,-33.8614242],[151.2027156,-33.861268],[151.2026978,-33.8611853],[151.2026792,-33.861091],[151.2026676,-33.8610143],[151.2026585,-33.8609437],[151.2026507,-33.8608596],[151.2026419,-33.8607651],[151.2026342,-33.8606665],[151.202628,-33.8605726],[151.2026242,-33.8605185]]}},{"type":"Feature","id":548828450,"properties":{"addr:housenumber":"185","addr:street":"Elizabeth Street","alt_name":"Mirvac Trust Building","building":"yes","building:levels":"12","name":"St James Trust Building"},"geometry":{"type":"LineString","coordinates":[[151.2094018,-33.8722883],[151.209379,-33.8724738],[151.2098377,-33.8725161],[151.2098629,-33.8723233],[151.2094018,-33.8722883]]}},{"type":"Feature","id":1548053091,"properties":{"building":"yes","building:levels":"10","indoor":"room","level":"0;9","stairs":"yes"},"geometry":{"type":"LineString","coordinates":[[151.2089979,-33.8723364],[151.2089922,-33.8723389],[151.2089887,-33.8723433],[151.208988,-33.8723486],[151.2089905,-33.8723536],[151.2089954,-33.872357],[151.2090705,-33.8723633],[151.2090865,-33.8723646],[151.2090921,-33.8723621],[151.2090957,-33.8723577],[151.2090963,-33.8723524],[151.2090939,-33.8723475],[151.2090889,-33.8723441],[151.2089979,-33.8723364]]}},{"type":"Feature","id":2077108,"properties":{"access:lanes:backward:conditional":"no| @ (Mo-Fr 06:00-10:00,15:00-20:00)","bicycle:lanes:backward:conditional":"designated| @ (Mo-Fr 06:00-10:00,15:00-20:00)","cycleway:lanes:backward:conditional":"share_busway| @ (Mo-Fr 06:00-10:00,15:00-20:00)","cycleway:right:conditional":"share_busway @ (Mo-Fr 06:00-10:00,15:00-20:00)","highway":"tertiary","lanes":"5","lanes:backward":"2","lanes:forward":"3","maxspeed":"40","motorcycle:lanes:backward:conditional":"designated| @ (Mo-Fr 06:00-10:00,15:00-20:00)","name":"Phillip Street","psv:lanes:backward:conditional":"designated| @ (Mo-Fr 06:00-10:00,15:00-20:00)","sidewalk:left":"yes","sidewalk:right":"separate","source":"nearmap","source:maxspeed":"City of Sydney 40km/h maxzone description of bounds","source:name":"survey","surface":"asphalt","turn:lanes:forward":"left||","wikidata":"Q7185822"},"geometry":{"type":"LineString","coordinates":[[151.2111377,-33.8659162],[151.211165,-33.8658818],[151.2111883,-33.8658458],[151.2112105,-33.8658045],[151.211434,-33.8653754]]}},{"type":"Feature","id":3188362,"properties":{"highway":"unclassified","lanes":"2","lanes:backward":"1","lanes:forward":"1","maxspeed":"40","name":"Phillip Street","oneway":"no","road_marking":"centreline","source:maxspeed":"City of Sydney 40km/h maxzone description of bounds","surface":"paving_stones","wikidata":"Q7185822"},"geometry":{"type":"LineString","coordinates":[[151.2112463,-33.8676614],[151.2112417,-33.8676957],[151.2112387,-33.8677182],[151.2112227,-33.867838],[151.211221,-33.8678505],[151.211209,-33.8679405],[151.2112069,-33.8679564],[151.2112057,-33.8679655],[151.2112034,-33.8679824]]}},{"type":"Feature","id":4354696,"properties":{"check_date":"2025-08-13","leisure":"park","name":"Wynyard Park","opening_hours":"24/7","operator":"City of Sydney","operator:type":"government","operator:wikidata":"Q1094194","website":"https://www.cityofsydney.nsw.gov.au/parks/wynyard-park","wikidata":"Q8040270","wikipedia":"en:Wynyard Park, Sydney"},"geometry":{"type":"LineString","coordinates":[[151.2061692,-33.8669101],[151.2061606,-33.8669298],[151.206162,-33.8669451],[151.2061549,-33.8669623],[151.2061364,-33.86697],[151.2061133,-33.8669661],[151.2060976,-33.8669543],[151.2060164,-33.8669546],[151.2059861,-33.8669267],[151.2057937,-33.8651707],[151.2063155,-33.8651701],[151.2063296,-33.8651742],[151.2063395,-33.8651817],[151.206346,-33.865191],[151.2063504,-33.8652033],[151.2061692,-33.8669101]]}},{"type":"Feature","id":4734615,"properties":{"highway":"unclassified","lane_markings":"no","maxspeed":"40","name":"Bligh Street","oneway":"yes","sidewalk":"both","source:maxspeed":"City of Sydney 40km/h maxzone description of bounds","source:name":"survey","surface":"asphalt"},"geometry":{"type":"LineString","coordinates":[[151.2110805,-33.8647207],[151.2110319,-33.8647955],[151.2109506,-33.8649318],[151.2109034,-33.8649914],[151.2101855,-33.8657365],[151.2101209,-33.8658174],[151.2100914,-33.8659117],[151.2100667,-33.8660827],[151.2100597,-33.8661331],[151.210047,-33.8662299]]}},{"type":"Feature","id":40717424,"properties":{"addr:housenumber":"455","addr:postcode":"2000","addr:street":"George Street","alt_name":"QVB","building":"retail","building:colour":"peru","building:levels":"4","building:part":"yes","check_date":"2026-08-05","name":"Queen Victoria Building","name:ko":"퀸 빅토리아 빌딩","name:zh":"维多利亚女王大厦","roof:colour":"peru","roof:shape":"flat","shop":"mall","toilets":"yes","tourism":"attraction","website":"https://www.qvb.com.au/","wheelchair":"yes","wikidata":"Q54518","wikipedia":"en:Queen Victoria Building"},"geometry":{"type":"LineString","coordinates":[[151.2065772,-33.8726159],[151.2067218,-33.87261],[151.2068901,-33.8726057],[151.2068822,-33.8724389],[151.2068479,-33.8717894],[151.2068134,-33.871075],[151.2068063,-33.8709241],[151.2066447,-33.8709274],[151.2064809,-33.8709347],[151.2064881,-33.8710871],[151.2065273,-33.8717839],[151.2065693,-33.8724494],[151.2065772,-33.8726159]]}},{"type":"Feature","id":51062913,"properties":{"layer":"-1","note":"approximation only","railway":"abandoned","tunnel":"yes"},"geometry":{"type":"LineString","coordinates":[[151.2118978,-33.8701433],[151.2119511,-33.8697694],[151.2119957,-33.8694175],[151.2121907,-33.8680974],[151.2123658,-33.8667825],[151.2124132,-33.8666292],[151.2124796,-33.8664387],[151.2125602,-33.866279],[151.2126651,-33.8661204],[151.2127908,-33.86597],[151.2128738,-33.8658878],[151.2129933,-33.8657759],[151.2131785,-33.8656372],[151.2135964,-33.8653438],[151.2140364,-33.8650218],[151.2141339,-33.8649226]]}},{"type":"Feature","id":142577579,"properties":{"railway":"platform_edge","ref":"5"},"geometry":{"type":"LineString","coordinates":[[151.205836,-33.8651612],[151.2058531,-33.8652423],[151.2058686,-33.8653305],[151.2058861,-33.865443],[151.2059188,-33.8657116],[151.2059195,-33.865717],[151.2059231,-33.8657454],[151.2059259,-33.8657676],[151.205939,-33.8658718],[151.2059483,-33.8659461],[151.2059805,-33.8662188],[151.206001,-33.8663948],[151.2060072,-33.8664877],[151.206013,-33.8665793],[151.2060135,-33.8665994]]}},{"type":"Feature","id":142670303,"properties":{"electrified":"contact_line","frequency":"0","gauge":"1435","layer":"-2","level":"-3","loading_gauge":"3200","loading_gauge:ref":"Wide","maxspeed":"40","oneway":"yes","operator":"RailCorp","railway":"rail","railway:ats":"yes","railway:etcs":"1","railway:traffic_mode":"passenger","ref":"City Inner","source":"professional_knowledge;extrapolation","tunnel":"yes","usage":"main","voltage":"1500"},"geometry":{"type":"LineString","coordinates":[[151.2058678,-33.8652334],[151.2058872,-33.8653351],[151.2059016,-33.8654305],[151.2059093,-33.8655009],[151.2059533,-33.8658623],[151.2059759,-33.8660488],[151.2059875,-33.8661441],[151.2060158,-33.8663867],[151.2060282,-33.8665716],[151.2060323,-33.866708],[151.2060329,-33.8667331],[151.2060276,-33.8668912],[151.2060196,-33.8670205],[151.2060088,-33.8672642],[151.2059934,-33.8674843],[151.2059877,-33.8676424],[151.2059845,-33.867702]]}},{"type":"Feature","id":142670305,"properties":{"layer":"-1","note":"approximation only","railway":"abandoned","tunnel":"yes"},"geometry":{"type":"LineString","coordinates":[[151.2141813,-33.8649538],[151.2140656,-33.8650501],[151.213619,-33.8653756],[151.2132196,-33.865676],[151.2130792,-33.8657855],[151.2129446,-33.8659034],[151.2128429,-33.8660036],[151.2127247,-33.8661516],[151.2126302,-33.8662913],[151.2125362,-33.8664789],[151.2124634,-33.8666714],[151.2124206,-33.8668335],[151.2122508,-33.8680797],[151.2120624,-33.8694235],[151.212011,-33.8697687],[151.2119544,-33.8701493]]}},{"type":"Feature","id":142670306,"properties":{"layer":"-1","note":"approximation only","railway":"abandoned","tunnel":"yes"},"geometry":{"type":"LineString","coordinates":[[151.2114501,-33.8728046],[151.2116861,-33.8716692]]}},{"type":"Feature","id":142670307,"properties":{"layer":"-1","note":"approximation only","railway":"abandoned","tunnel":"yes"},"geometry":{"type":"LineString","coordinates":[[151.211728,-33.871674],[151.2115042,-33.8728174]]}},{"type":"Feature","id":142747518,"properties":{"fare_gates":"yes","location":"underground","name":"Martin Place","network":"Sydney Trains","network:wikidata":"Q7660181","platforms":"4","public_transport":"station","railway":"station","railway:ref":"MPL","ref":"200030","start_date":"2024-08-19","station":"subway","subway":"yes","train":"yes","wheelchair":"yes","wikidata":"Q6776386","wikipedia":"en:Martin Place railway station"},"geometry":{"type":"LineString","coordinates":[[151.2105687,-33.8679393],[151.2105559,-33.868047],[151.2104446,-33.8680355],[151.2104236,-33.8682003],[151.2098524,-33.8681496],[151.2098736,-33.8679827],[151.2097491,-33.8679742],[151.2099458,-33.8664268],[151.2100933,-33.8664402],[151.2101033,-33.8663561],[151.2105863,-33.866401],[151.2105786,-33.866481],[151.2107539,-33.866495],[151.2106137,-33.8675735],[151.212676,-33.867751],[151.2126264,-33.8681193],[151.2105687,-33.8679393]]}},{"type":"Feature","id":148341695,"properties":{"check_date":"2025-07-05","leisure":"park","name":"Hyde Park North","source":"Bing"},"geometry":{"type":"LineString","coordinates":[[151.2124986,-33.873401],[151.2124947,-33.8734292],[151.2124838,-33.8734561],[151.2124665,-33.8734805],[151.2124434,-33.8735014],[151.2124155,-33.8735179],[151.2123842,-33.8735292],[151.2123507,-33.8735348],[151.2123165,-33.8735346],[151.2122791,-33.8735283],[151.2118285,-33.8734587],[151.2114698,-33.8733997],[151.2113142,-33.8733763],[151.210242,-33.8732077],[151.210191,-33.873196],[151.2101521,-33.8731731],[151.2101199,-33.8731431],[151.2101005,-33.8731047],[151.2100985,-33.8730885],[151.2100951,-33.8730573],[151.2100878,-33.8730445],[151.2100831,-33.8730295],[151.2100811,-33.8730178],[151.2100831,-33.8730011],[151.2100898,-33.8729861],[151.2101065,-33.8729632],[151.2101132,-33.8728939],[151.2101329,-33.8728952],[151.2101417,-33.8728044],[151.2101023,-33.8728018],[151.2102098,-33.8719717],[151.2103406,-33.8709088],[151.2103432,-33.8708999],[151.2103493,-33.870893],[151.210361,-33.8708868],[151.2103727,-33.870886],[151.2103962,-33.8708882],[151.2104035,-33.8708402],[151.2104122,-33.8708114],[151.2104181,-33.8707804],[151.2104196,-33.8707664],[151.2104318,-33.8706533],[151.2103813,-33.870648],[151.2103942,-33.8704701],[151.2104136,-33.8704005],[151.2104438,-33.8703415],[151.2104867,-33.870283],[151.2105558,-33.8702173],[151.2106383,-33.8701583],[151.2107188,-33.8701099],[151.210814,-33.8700637],[151.210928,-33.8700152],[151.2110259,-33.8699857],[151.2111318,-33.8699584],[151.2112666,-33.8699378],[151.211398,-33.8699289],[151.2114986,-33.8699317],[151.212084,-33.8700058],[151.2121604,-33.8700186],[151.2122677,-33.8700447],[151.2123529,-33.8700748],[151.2124401,-33.8701166],[151.2125064,-33.8701633],[151.2125534,-33.8702146],[151.2127465,-33.8704601],[151.212776,-33.870523],[151.2127975,-33.8705703],[151.2128095,-33.8706165],[151.212825,-33.8706867],[151.2128296,-33.8707635],[151.2128236,-33.8708459],[151.2128209,-33.8708756],[151.2128188,-33.8708849],[151.2128129,-33.8708913],[151.2128085,-33.8708963],[151.212806,-33.8709153],[151.212761,-33.871256],[151.2127592,-33.8712696],[151.212813,-33.8712745],[151.2126991,-33.8721315],[151.212579,-33.8730469],[151.2125487,-33.8730441],[151.2124986,-33.873401]]}},{"type":"Feature","id":152425775,"properties":{"highway":"unclassified","lanes":"4","maxspeed":"40","name":"Hunter Street","sidewalk:both":"separate","source:location":"interpolation","source:maxspeed":"City of Sydney 40km/h maxzone description of bounds","source:name":"knowledge","surface":"asphalt","wikidata":"Q5944569"},"geometry":{"type":"LineString","coordinates":[[151.212395,-33.866561],[151.2122925,-33.8665467],[151.2122657,-33.866543],[151.2114062,-33.8664232],[151.2109599,-33.8663639],[151.2109275,-33.8663596],[151.210757,-33.8663402]]}},{"type":"Feature","id":152583188,"properties":{"addr:housenumber":"8","addr:street":"Chifley Square","building":"office","building:levels":"38","building:min_level":"4","construction":"yes","height":"140","name":"8 Chifley","roof:shape":"flat"},"geometry":{"type":"LineString","coordinates":[[151.2108608,-33.8664526],[151.2112902,-33.8664917],[151.2112454,-33.8668304],[151.2108161,-33.8667913],[151.2108608,-33.8664526]]}},{"type":"Feature","id":168248903,"properties":{"cycleway:both":"no","highway":"unclassified","lane_markings":"no","lit":"yes","maxspeed":"40","name":"Pitt Street","oneway":"yes","sidewalk":"both","source:location":"bing","source:maxspeed":"City of Sydney 40km/h maxzone description of bounds","source:name":"local_knowledge","surface":"asphalt","wikidata":"Q4982428"},"geometry":{"type":"LineString","coordinates":[[151.2081348,-33.8730969],[151.2081392,-33.8729951],[151.2081681,-33.8722215],[151.2081713,-33.8721347],[151.2081785,-33.872009],[151.2082176,-33.870902],[151.2082188,-33.8708675],[151.2082235,-33.8707823]]}},{"type":"Feature","id":235330386,"properties":{"cycleway":"separate","highway":"unclassified","maxspeed":"40","name":"Pitt Street","oneway":"yes","sidewalk":"both","smoothness":"good","source":"nearmap","source:maxspeed":"City of Sydney 40km/h maxzone description of bounds","surface":"paved","wikidata":"Q4982428"},"geometry":{"type":"LineString","coordinates":[[151.2086932,-33.8657058],[151.2086804,-33.8657971],[151.2086623,-33.8659734],[151.2086428,-33.8661625],[151.2086098,-33.8664717],[151.2085816,-33.8667352],[151.2085618,-33.8669142],[151.2085566,-33.8669589],[151.208553,-33.8669917],[151.2084929,-33.8674402],[151.2084916,-33.8674501],[151.2084881,-33.867477],[151.2084752,-33.8675759]]}},{"type":"Feature","id":270316691,"properties":{"addr:housenumber":"500","addr:postcode":"2000","addr:street":"George Street","addr:suburb":"Sydney","building":"retail","building:levels":"4","layer":"1","name":"The Galeries","opening_hours":"Mo-We,Fr,Sa 10:00-18:00; Th 10:00-21:00; Su 10:00-17:00","shop":"mall","toilets:access":"yes","toilets:wheelchair":"designated","website":"https://www.thegaleries.com/","wheelchair":"designated","wikidata":"Q7735619","wikipedia":"en:The Galeries Victoria"},"geometry":{"type":"LineString","coordinates":[[151.2071316,-33.8720219],[151.2071375,-33.8721544],[151.2071431,-33.8723366],[151.2071456,-33.8724046],[151.2071604,-33.8728172],[151.2071666,-33.8728341],[151.2071801,-33.8728514],[151.2071919,-33.8728581],[151.207205,-33.8728606],[151.2072031,-33.8728806],[151.2073989,-33.8729014],[151.2079963,-33.8729686],[151.2080502,-33.8729466],[151.2080672,-33.8724676],[151.2080455,-33.8724209],[151.207635,-33.8723849],[151.2076654,-33.8721718],[151.2076713,-33.8721023],[151.2076715,-33.8720383],[151.2071316,-33.8720219]]}},{"type":"Feature","id":324139694,"properties":{"administration":"Regional","bicycle:lanes:backward":"|designated|","bicycle:lanes:forward":"|designated|","classified":"yes","cycleway":"share_busway","highway":"secondary","lanes":"6","lanes:backward":"3","lanes:forward":"3","maxspeed":"40","motorcycle:lanes:backward":"|designated|","motorcycle:lanes:forward":"|designated|","name":"Elizabeth Street","owner":"City of Sydney","owner:wikidata":"Q1094194","psv:lanes:backward":"|designated|","psv:lanes:forward":"|designated|","sidewalk:both":"separate","smoothness":"excellent","source:maxspeed":"City of Sydney 40km/h maxzone description of bounds","surface":"asphalt","taxi:lanes:backward":"|designated|"},"geometry":{"type":"LineString","coordinates":[[151.2100571,-33.8720356],[151.2099772,-33.87268]]}},{"type":"Feature","id":326915900,"properties":{"electrified":"contact_line","frequency":"0","gauge":"1435","layer":"-2","loading_gauge":"3200","loading_gauge:ref":"Wide","maxspeed":"40","oneway":"yes","operator":"RailCorp","railway":"rail","railway:ats":"yes","railway:etcs":"1","railway:traffic_mode":"passenger","ref":"City Inner","source":"professional_knowledge;extrapolation","tunnel":"yes","usage":"main","voltage":"1500"},"geometry":{"type":"LineString","coordinates":[[151.2102991,-33.875248],[151.2103178,-33.8752079],[151.2106908,-33.8743977],[151.2107307,-33.8742943],[151.2107831,-33.8741307],[151.2108418,-33.8739459],[151.210901,-33.8737749],[151.211319,-33.8724736],[151.2113953,-33.8722467],[151.2114585,-33.8720508],[151.2115083,-33.8718517],[151.211541,-33.871696]]}},{"type":"Feature","id":338753070,"properties":{"addr:housenumber":"167","addr:street":"Macquarie Street","building":"office","building:levels":"20"},"geometry":{"type":"LineString","coordinates":[[151.2120635,-33.8656485],[151.2121158,-33.8656527],[151.2121536,-33.8656557],[151.2121499,-33.8657019],[151.2122405,-33.8657118],[151.2122356,-33.8657681],[151.212329,-33.8657773],[151.2122869,-33.8661167],[151.2121899,-33.8661066],[151.2121992,-33.8660309],[151.212013,-33.8660119],[151.2120635,-33.8656485]]}},{"type":"Feature","id":354745466,"properties":{"addr:housenumber":"173","addr:street":"King Street","amenity":"place_of_worship","building":"church","denomination":"anglican","height":"6","name":"St James Church","ref:dove":"13677","religion":"christian","source:location":"bing","source:name":"lilyfreetours - knowledge","website":"https://sjks.org.au/","wikidata":"Q648182","wikipedia":"en:St James' Church, Sydney"},"geometry":{"type":"LineString","coordinates":[[151.2113875,-33.8695342],[151.2114552,-33.8695399],[151.2114713,-33.8694084],[151.2114134,-33.8694035],[151.2114156,-33.8693859],[151.2112451,-33.8693715],[151.2112489,-33.8693401],[151.2111349,-33.8693305],[151.2111311,-33.8693613],[151.2109251,-33.8693439],[151.210921,-33.8693779],[151.210895,-33.8693757],[151.2108855,-33.8694531],[151.2109144,-33.8694555],[151.2109085,-33.8695036],[151.2111087,-33.8695206],[151.2111043,-33.8695571],[151.2111955,-33.8695649],[151.2112211,-33.869567],[151.211225,-33.8695354],[151.2113857,-33.869549],[151.2113875,-33.8695342]]}},{"type":"Feature","id":386563348,"properties":{"addr:housenumber":"52","addr:street":"Martin Place","building":"office","building:levels":"36","height":"15","name":"52 Martin Place"},"geometry":{"type":"LineString","coordinates":[[151.2108388,-33.8668283],[151.211219,-33.8668574],[151.2111508,-33.8674215],[151.2111466,-33.867457],[151.2107748,-33.8674274],[151.210805,-33.8671448],[151.2108388,-33.8668283]]}},{"type":"Feature","id":387742501,"properties":{"building":"yes","building:levels":"8"},"geometry":{"type":"LineString","coordinates":[[151.2083141,-33.8723373],[151.2082497,-33.8723329],[151.2082632,-33.8720175],[151.208282,-33.8720175],[151.2083249,-33.8720174],[151.2083141,-33.8723373]]}},{"type":"Feature","id":387742502,"properties":{"building":"yes","building:levels":"46","name":"ANZ Bank Centre","wikidata":"Q14934749","wikipedia":"en:ANZ Bank Centre"},"geometry":{"type":"LineString","coordinates":[[151.2084704,-33.8720142],[151.2083249,-33.8720174],[151.2083141,-33.8723373],[151.2083129,-33.872354],[151.2083037,-33.8724781],[151.2083657,-33.8724795],[151.2083589,-33.8726144],[151.2086375,-33.8726218],[151.2086957,-33.8726233],[151.2087071,-33.8724858],[151.2087419,-33.87249],[151.2087849,-33.8724936],[151.2088265,-33.8724963],[151.2087286,-33.8723632],[151.2085052,-33.8720593],[151.2084888,-33.8720986],[151.2084688,-33.8720909],[151.2084704,-33.8720142]]}},{"type":"Feature","id":389002929,"properties":{"building":"yes","building:levels":"13","name":"City Tattersals Building"},"geometry":{"type":"LineString","coordinates":[[151.2094018,-33.8722883],[151.2094492,-33.8719303],[151.2096172,-33.8719428],[151.2096521,-33.8719454],[151.2097002,-33.871949],[151.2097374,-33.8719518],[151.2097856,-33.8719554],[151.2098489,-33.8719601],[151.2098824,-33.8719626],[151.2099228,-33.8719656],[151.2098849,-33.8723236],[151.2098629,-33.8723233],[151.209835,-33.87232],[151.2097887,-33.8723166],[151.2097446,-33.8723134],[151.2096986,-33.87231],[151.2096545,-33.8723068],[151.2096088,-33.8723034],[151.2095748,-33.8723009],[151.2094018,-33.8722883]]}},{"type":"Feature","id":398295481,"properties":{"administration":"Regional","check_date":"2025-12-18","classified":"yes","highway":"secondary","lanes":"5","lanes:backward":"2","lanes:forward":"2","lit":"yes","maxspeed":"40","name":"St. James Road","owner":"City of Sydney","owner:wikidata":"Q1094194","source:maxspeed":"City of Sydney 40km/h maxzone description of bounds","surface":"asphalt"},"geometry":{"type":"LineString","coordinates":[[151.2113432,-33.8698271],[151.2112871,-33.8698308],[151.211213,-33.869842],[151.2110953,-33.8698614],[151.2109703,-33.8698905],[151.210896,-33.8699155]]}},{"type":"Feature","id":409035141,"properties":{"addr:housenumber":"101","addr:street":"Phillip Street","building":"hotel","building:levels":"3","source":"Bing"},"geometry":{"type":"LineString","coordinates":[[151.2109762,-33.8651106],[151.2110741,-33.8651756],[151.210999,-33.8652567],[151.2110183,-33.8652712],[151.2110381,-33.8652797],[151.2110566,-33.8652845],[151.2110764,-33.8652857],[151.211099,-33.8652807],[151.2111216,-33.8652713],[151.2111374,-33.8652554],[151.2111555,-33.8652376],[151.2113037,-33.8653371],[151.2112551,-33.8654355],[151.2110777,-33.8657592],[151.2110123,-33.8658826],[151.2109162,-33.8659368],[151.2107852,-33.8658575],[151.2107267,-33.8658822],[151.210661,-33.8658336],[151.2107266,-33.8657566],[151.2107587,-33.865777],[151.2108143,-33.8657145],[151.2107507,-33.865671],[151.2107695,-33.8656522],[151.210783,-33.8656317],[151.2107857,-33.8656022],[151.2107784,-33.8655786],[151.2107603,-33.8655584],[151.2106759,-33.8655001],[151.2107688,-33.865397],[151.2107434,-33.8653808],[151.2108136,-33.86531],[151.2107971,-33.8653001],[151.2109762,-33.8651106]]}},{"type":"Feature","id":449335824,"properties":{"electrified":"contact_line","frequency":"0","gauge":"1435","layer":"-3","level":"-2","loading_gauge":"3200","loading_gauge:ref":"Wide","maxspeed":"40","oneway":"yes","operator":"RailCorp","railway":"rail","railway:ats":"yes","railway:etcs":"1","railway:traffic_mode":"passenger","ref":"City Inner","source":"professional_knowledge;extrapolation","tunnel":"yes","usage":"main","voltage":"1500"},"geometry":{"type":"LineString","coordinates":[[151.206988,-33.8711537],[151.2070663,-33.8720624],[151.207087,-33.8723107],[151.2071072,-33.8725624],[151.2071152,-33.8728486],[151.2071139,-33.8729677],[151.2071112,-33.8730306],[151.2071005,-33.873147],[151.2069569,-33.8741548],[151.2069478,-33.8742107],[151.2069364,-33.8742749],[151.2069222,-33.8743358]]}},{"type":"Feature","id":449335829,"properties":{"electrified":"contact_line","frequency":"0","gauge":"1435","layer":"-2","level":"-3","loading_gauge":"3200","loading_gauge:ref":"Wide","maxspeed":"40","oneway":"yes","operator":"RailCorp","railway":"rail","railway:ats":"yes","railway:etcs":"1","railway:traffic_mode":"passenger","ref":"City Outer","source":"professional_knowledge;extrapolation","tunnel":"yes","usage":"main","voltage":"1500"},"geometry":{"type":"LineString","coordinates":[[151.2059033,-33.8675484],[151.2059083,-33.8674446],[151.2059218,-33.8671682],[151.2059294,-33.8669444],[151.2059269,-33.8668511],[151.205921,-33.866748],[151.2058946,-33.8665268],[151.2058038,-33.8657672],[151.2057864,-33.8656213],[151.2057528,-33.8653401],[151.2057352,-33.865193],[151.2057265,-33.8651245]]}},{"type":"Feature","id":449335833,"properties":{"electrified":"contact_line","frequency":"0","gauge":"1435","layer":"-3","level":"-2","loading_gauge":"3200","loading_gauge:ref":"Wide","maxspeed":"40","oneway":"yes","operator":"RailCorp","railway":"rail","railway:ats":"yes","railway:etcs":"1","railway:traffic_mode":"passenger","ref":"Down Shore","source":"professional_knowledge;extrapolation","tunnel":"yes","usage":"main","voltage":"1500"},"geometry":{"type":"LineString","coordinates":[[151.2065631,-33.8749881],[151.2065867,-33.8748464],[151.2066095,-33.8747265],[151.2066239,-33.8746458],[151.2066416,-33.8745504],[151.2066535,-33.8744663],[151.2066619,-33.8744017],[151.2068669,-33.8729187],[151.2068828,-33.8728194],[151.2069035,-33.8726853],[151.2069175,-33.8725948],[151.2069324,-33.8724489],[151.2069452,-33.8722634],[151.2069441,-33.8720757],[151.2068638,-33.8711372],[151.2068081,-33.8709001]]}},{"type":"Feature","id":449335837,"properties":{"electrified":"contact_line","frequency":"0","gauge":"1435","layer":"-1","level":"-1","loading_gauge":"3200","loading_gauge:ref":"Wide","maxspeed":"40","oneway":"yes","operator":"RailCorp","railway":"rail","railway:ats":"yes","railway:etcs":"1","railway:traffic_mode":"passenger","ref":"Down Shore","source":"professional_knowledge;extrapolation","tunnel":"yes","usage":"main","voltage":"1500"},"geometry":{"type":"LineString","coordinates":[[151.2058626,-33.8678054],[151.2058382,-33.8676403],[151.2057322,-33.8667484],[151.2056341,-33.8659391],[151.2056065,-33.8657115],[151.2055637,-33.8653582],[151.2055456,-33.8652092],[151.2055417,-33.8651771],[151.2054603,-33.8644881]]}},{"type":"Feature","id":449335854,"properties":{"electrified":"contact_line","frequency":"0","gauge":"1435","layer":"-3","level":"-1","loading_gauge":"3200","loading_gauge:ref":"Wide","maxspeed":"40","oneway":"alternating","operator":"Sydney Trains","railway":"rail","railway:ats":"yes","railway:etcs":"1","railway:traffic_mode":"passenger","ref":"Up Shore","source":"extrapolation;professional_knowledge","tunnel":"yes","usage":"main","voltage":"1500"},"geometry":{"type":"LineString","coordinates":[[151.2055463,-33.8647252],[151.2055699,-33.864826],[151.2056082,-33.8649648],[151.2056467,-33.8651125],[151.2056621,-33.8651793],[151.2056839,-33.8652921],[151.205701,-33.8654021],[151.2057144,-33.8655037],[151.205737,-33.865685],[151.2057729,-33.8659805],[151.2058002,-33.8662069],[151.205819,-33.8663591],[151.2058302,-33.8664651],[151.2058374,-33.8665501],[151.2058386,-33.8666455]]}},{"type":"Feature","id":544269333,"properties":{"addr:housename":"Chifley Tower","addr:street":"Hunter Street","building":"commercial","building:levels":"5","building:material":"glass","height":"31","name":"Chifley Tower","wikidata":"Q54490","wikipedia":"en:Chifley Tower"},"geometry":{"type":"LineString","coordinates":[[151.2115653,-33.8654303],[151.2116307,-33.865456],[151.2116302,-33.8654291],[151.2116538,-33.8654325],[151.2116784,-33.8654039],[151.2117032,-33.8653858],[151.2117315,-33.8653756],[151.2117645,-33.8653737],[151.2117995,-33.8653824],[151.2118236,-33.8653969],[151.2118438,-33.8654189],[151.211857,-33.865453],[151.2118811,-33.8654554],[151.2118779,-33.8654776],[151.2119065,-33.8654816],[151.21196,-33.8654879],[151.211953,-33.8655383],[151.2119864,-33.8655424],[151.2119712,-33.8656428],[151.2120301,-33.8656464],[151.2120635,-33.8656485],[151.212013,-33.8660119],[151.2121992,-33.8660309],[151.2121899,-33.8661066],[151.2121873,-33.8661135],[151.2121784,-33.8661852],[151.2121336,-33.8663634],[151.2121108,-33.86636],[151.2121037,-33.8663883],[151.2120886,-33.8663859],[151.2120819,-33.8664237],[151.2118633,-33.8663956],[151.2115991,-33.8663611],[151.2116031,-33.8662976],[151.2116017,-33.8662408],[151.2115937,-33.8661962],[151.2115816,-33.8661528],[151.2115695,-33.866115],[151.2115421,-33.8660743],[151.2115162,-33.8660423],[151.2114886,-33.8660107],[151.211479,-33.8660013],[151.2114613,-33.8659838],[151.2114422,-33.8659692],[151.2114274,-33.8659579],[151.2113965,-33.8659368],[151.2113684,-33.8659223],[151.2113389,-33.8659067],[151.2113107,-33.8658934],[151.2115653,-33.8654303]]}},{"type":"Feature","id":544415859,"properties":{"addr:housenumber":"16-17","addr:street":"Hunter Street","building":"yes","building:levels":"3","source:addr":"LPI Base Map May 2018"},"geometry":{"type":"LineString","coordinates":[[151.2079994,-33.8656828],[151.2080184,-33.8656857],[151.2081387,-33.8657042],[151.2081049,-33.8658758],[151.2080123,-33.8658629],[151.2079675,-33.8658566],[151.2079994,-33.8656828]]}},{"type":"Feature","id":547836213,"properties":{"addr:housenumber":"174-180","addr:street":"Phillip Street","building":"yes","building:levels":"12","source:addr":"LPI Base Map May 2018"},"geometry":{"type":"LineString","coordinates":[[151.211581,-33.8688735],[151.211202,-33.8688416],[151.2112499,-33.868449],[151.2115842,-33.8684754],[151.2115644,-33.8686302],[151.2115448,-33.8688152],[151.2115877,-33.8688188],[151.211581,-33.8688735]]}},{"type":"Feature","id":588848251,"properties":{"building":"yes","source":"LPI Imagery May 2018"},"geometry":{"type":"LineString","coordinates":[[151.2091738,-33.8723464],[151.2091863,-33.8722225],[151.2088861,-33.8722192],[151.2088734,-33.8723208],[151.2091738,-33.8723464]]}},{"type":"Feature","id":600318850,"properties":{"access:lanes:conditional":"|no|| @ (Mo-Fr 15:00-20:00)","cycleway:left":"no","cycleway:right":"separate","highway":"unclassified","lanes":"4","lit":"yes","maxspeed":"40","name":"Castlereagh Street","oneway":"yes","parking:both":"lane","parking:both:orientation":"parallel","psv:lanes:conditional":"|designated|| @ (Mo-Fr 15:00-20:00)","shoulder":"no","sidewalk":"both","source:highway":"survey","source:maxspeed":"City of Sydney 40km/h maxzone description of bounds","surface":"asphalt","turn:lanes":"left|||right","wikidata":"Q5050585"},"geometry":{"type":"LineString","coordinates":[[151.2092829,-33.8722666],[151.2092077,-33.8730548],[151.2092032,-33.8731021],[151.2091914,-33.8732153]]}},{"type":"Feature","id":618200540,"properties":{"building":"retail","building:levels":"1"},"geometry":{"type":"LineString","coordinates":[[151.2111497,-33.8662943],[151.2111621,-33.866236],[151.2113939,-33.8662701],[151.2113815,-33.8663284],[151.2111497,-33.8662943]]}},{"type":"Feature","id":700774593,"properties":{"electrified":"ground-level_power_supply","frequency":"0","gauge":"1435","level":"0","maxspeed":"20","name":"CBD and South East Light Rail","oneway":"yes","operator":"Transdev Sydney Light Rail","operator:wikidata":"Q19800015","passenger_lines":"2","railway":"light_rail","railway:atc":"no","source":"TfNSW Data Services","voltage":"750"},"geometry":{"type":"LineString","coordinates":[[151.207221,-33.8663724],[151.2071817,-33.8667301],[151.2071646,-33.8668915],[151.2071422,-33.8670934],[151.2071349,-33.8671605],[151.2071047,-33.8674389],[151.2071036,-33.8674486],[151.2070481,-33.8679799],[151.2070067,-33.8683439],[151.2069881,-33.8685078],[151.2069835,-33.8685527],[151.2069785,-33.8686336],[151.2069778,-33.8686453],[151.2069758,-33.8686711],[151.2069742,-33.8686902],[151.2069709,-33.8687295],[151.206965,-33.8687898],[151.2069627,-33.86881],[151.2069598,-33.8688658],[151.2069569,-33.8689215],[151.2069548,-33.8690118],[151.2069538,-33.8690928],[151.2069541,-33.8691741],[151.2069546,-33.8693294],[151.2069552,-33.8694913],[151.2069557,-33.8696584],[151.2069559,-33.8697123],[151.2069562,-33.8697927],[151.2069566,-33.8699249],[151.2069571,-33.8700787],[151.2069573,-33.8701375],[151.2069576,-33.8702271],[151.2069579,-33.8703167],[151.206958,-33.8703551],[151.2069607,-33.8706804],[151.2069609,-33.8707038],[151.2069612,-33.8707267],[151.2069617,-33.8707832],[151.2069632,-33.8708324],[151.2069649,-33.8708633],[151.2069653,-33.8708844],[151.2069751,-33.8714634],[151.2069821,-33.8717704],[151.2069899,-33.8719775],[151.2070096,-33.8724442],[151.2070205,-33.8727075],[151.2070225,-33.8727618],[151.207023,-33.8728023],[151.2070236,-33.8728264],[151.2070237,-33.8728741],[151.2070233,-33.8729061],[151.2070222,-33.8729536],[151.2070205,-33.872987],[151.2070194,-33.8730177],[151.2070173,-33.87305],[151.2070147,-33.873086],[151.2070127,-33.8731088],[151.2070116,-33.873122],[151.2070081,-33.873158],[151.2070033,-33.8732028],[151.2069977,-33.8732475],[151.206989,-33.8733103],[151.2069806,-33.8733709],[151.2069546,-33.8735514]]}},{"type":"Feature","id":700774594,"properties":{"electrified":"ground-level_power_supply","frequency":"0","gauge":"1435","level":"0","maxspeed":"20","name":"CBD and South East Light Rail","oneway":"alternating","operator":"Transdev Sydney Light Rail","operator:wikidata":"Q19800015","passenger_lines":"2","railway":"light_rail","railway:atc":"no","source":"TfNSW Data Services","voltage":"750"},"geometry":{"type":"LineString","coordinates":[[151.2069239,-33.8735214],[151.2069597,-33.8732706],[151.2069655,-33.8732258],[151.2069709,-33.8731809],[151.2069762,-33.8731233],[151.2069783,-33.8731059],[151.2069788,-33.8731002],[151.2069817,-33.8730639],[151.2069842,-33.8730118],[151.2069866,-33.872974],[151.2069874,-33.8729449],[151.2069884,-33.8728647],[151.2069892,-33.8728161],[151.2069889,-33.8728025],[151.2069861,-33.8727125],[151.2069841,-33.8726667],[151.2069533,-33.8719376],[151.2069477,-33.871772],[151.2069341,-33.8711352],[151.2069288,-33.8708858],[151.2069283,-33.8708638],[151.2069275,-33.8708386],[151.2069264,-33.8707861],[151.2069265,-33.8707296],[151.2069261,-33.870704],[151.2069252,-33.8706809],[151.2069227,-33.8701373],[151.206922,-33.8698824],[151.2069209,-33.8696572],[151.2069203,-33.8694897],[151.2069193,-33.8690888],[151.2069199,-33.8690131],[151.2069225,-33.868918],[151.2069261,-33.8688228],[151.2069268,-33.8688072],[151.2069282,-33.8687857],[151.20693,-33.8687645],[151.2069328,-33.8687256],[151.2069365,-33.8686882],[151.2069386,-33.8686682],[151.2069409,-33.8686428],[151.2069411,-33.868629],[151.2069537,-33.8685038],[151.2069768,-33.8682969],[151.2070119,-33.8679739],[151.2070475,-33.8676482],[151.2070695,-33.8674461],[151.2070978,-33.8671873],[151.2071079,-33.8670906],[151.2071475,-33.8667289],[151.2071982,-33.8662641],[151.2072593,-33.8657034],[151.2072697,-33.865608],[151.2072731,-33.8655793]]}},{"type":"Feature","id":843338821,"properties":{"access":"no","emergency":"yes","foot":"yes","highway":"pedestrian","lit":"yes","maxspeed":"40","motor_vehicle":"destination","name":"George Street","oneway:motor_vehicle":"yes","sidewalk:both":"separate","source:maxspeed":"City of Sydney 40km/h maxzone description of bounds","surface":"paving_stones","wikidata":"Q3760653"},"geometry":{"type":"LineString","coordinates":[[151.2073,-33.8654967],[151.2072866,-33.8656094],[151.2072727,-33.8657323],[151.2072522,-33.8659143]]}},{"type":"Feature","id":880066821,"properties":{"area":"yes","highway":"pedestrian","lit":"yes","surface":"paving_stones"},"geometry":{"type":"LineString","coordinates":[[151.2115445,-33.8709786],[151.2115437,-33.8709695],[151.211546,-33.8709409],[151.2115531,-33.8709129],[151.2115596,-33.8708977],[151.211344,-33.870873],[151.2113045,-33.8708685],[151.2111873,-33.8708551],[151.2109543,-33.8708283],[151.2106989,-33.8707991],[151.210585,-33.870786],[151.210502,-33.8707706],[151.2104196,-33.8707664],[151.2104181,-33.8707804],[151.2104122,-33.8708114],[151.2104035,-33.8708402],[151.2104838,-33.8708499],[151.2106878,-33.8708747],[151.2112907,-33.8709478],[151.2113419,-33.870954],[151.2115445,-33.8709786]]}},{"type":"Feature","id":1015733366,"properties":{"cycleway:both":"no","highway":"unclassified","lanes":"3","lanes:backward":"1","lanes:forward":"2","maxspeed":"40","name":"Hunter Street","sidewalk":"both","source:location":"interpolation","source:maxspeed":"City of Sydney 40km/h maxzone description of bounds","source:name":"knowledge","surface":"asphalt","wikidata":"Q5944569"},"geometry":{"type":"LineString","coordinates":[[151.2088603,-33.8657667],[151.2087853,-33.8657395],[151.2086932,-33.8657058]]}},{"type":"Feature","id":1065434004,"properties":{"electrified":"contact_line","frequency":"0","gauge":"1435","layer":"-4","level":"-3","loading_gauge":"3200","loading_gauge:ref":"Wide","maxspeed":"60","oneway":"yes","operator":"RailCorp","passenger_lines":"2","railway":"rail","railway:ats":"yes","railway:etcs":"1","railway:traffic_mode":"passenger","ref":"Up Eastern Suburbs","source":"professional_knowledge;extrapolation","tunnel":"yes","usage":"main","voltage":"1500"},"geometry":{"type":"LineString","coordinates":[[151.2120792,-33.8679752],[151.2113219,-33.8679087],[151.2112207,-33.8679012],[151.2111447,-33.8678967],[151.2110715,-33.8678944],[151.2109592,-33.8678946],[151.2108959,-33.8678949],[151.2107821,-33.8678992],[151.2107058,-33.8679053],[151.2105626,-33.8679209],[151.2104227,-33.8679433],[151.2102396,-33.8679751],[151.2100629,-33.8680211]]}},{"type":"Feature","id":1065434005,"properties":{"electrified":"contact_line","frequency":"0","gauge":"1435","layer":"-4","level":"-3","loading_gauge":"3200","loading_gauge:ref":"Wide","maxspeed":"60","oneway":"yes","operator":"RailCorp","passenger_lines":"2","railway":"rail","railway:ats":"yes","railway:etcs":"1","railway:traffic_mode":"passenger","ref":"Down Eastern Suburbs","source":"professional_knowledge;extrapolation","tunnel":"yes","usage":"main","voltage":"1500"},"geometry":{"type":"LineString","coordinates":[[151.209994,-33.8678395],[151.210187,-33.8677914],[151.2102935,-33.8677683],[151.2104647,-33.8677407],[151.2105482,-33.8677297],[151.2107053,-33.8677152],[151.2107731,-33.867711],[151.2108905,-33.8677078],[151.2110196,-33.8677066],[151.2111228,-33.8677108],[151.2113973,-33.8677297],[151.2117522,-33.8677621],[151.2128166,-33.8678541]]}},{"type":"Feature","id":1065434006,"properties":{"railway":"platform_edge","ref":"1"},"geometry":{"type":"LineString","coordinates":[[151.2106579,-33.8678969],[151.2107355,-33.8678895],[151.2108522,-33.8678828],[151.2109725,-33.8678788],[151.2110386,-33.8678795],[151.2111586,-33.8678823],[151.2112425,-33.8678862],[151.2113269,-33.8678921],[151.2114174,-33.8679001],[151.2118511,-33.8679389],[151.2119671,-33.8679492],[151.2125919,-33.8680051]]}},{"type":"Feature","id":1080007448,"properties":{"electrified":"contact_line","frequency":"0","gauge":"1435","layer":"-2","loading_gauge":"3200","loading_gauge:ref":"Wide","maxspeed":"50","oneway":"yes","operator":"RailCorp","passenger_lines":"2","railway":"rail","railway:ats":"yes","railway:etcs":"1","railway:traffic_mode":"passenger","ref":"Down Eastern Suburbs","source":"professional_knowledge;extrapolation","tunnel":"yes","usage":"main","voltage":"1500"},"geometry":{"type":"LineString","coordinates":[[151.2071714,-33.8722784],[151.207267,-33.8720754],[151.2073816,-33.8718509],[151.2075777,-33.8714575],[151.2076194,-33.8713687],[151.2076829,-33.8712039],[151.2077184,-33.8711058],[151.2078513,-33.8707124]]}},{"type":"Feature","id":1093306607,"properties":{"building":"commercial","building:levels":"35","name":"Brookfield Place","old_name":"Lisgar House","operator":"Brookfield Properties","website":"https://bfplsyd.com"},"geometry":{"type":"LineString","coordinates":[[151.2071358,-33.8660139],[151.2071549,-33.8658223],[151.2071764,-33.8656144],[151.2068772,-33.8655922],[151.2068823,-33.865545],[151.2068479,-33.8655429],[151.2068164,-33.8655403],[151.2065222,-33.8655202],[151.2065049,-33.8656853],[151.206472,-33.8659662],[151.2067648,-33.8659886],[151.2068014,-33.8659906],[151.2068354,-33.8659932],[151.2071358,-33.8660139]]}},{"type":"Feature","id":1095408754,"properties":{"access":"destination","bicycle":"yes","covered":"yes","foot":"yes","highway":"service","level":"-0.5","maxheight":"4.2","maxspeed":"40","name":"Wynyard Lane","oneway":"yes","service":"alley","source":"interpolation","source:maxspeed":"City of Sydney 40km/h maxzone description of bounds"},"geometry":{"type":"LineString","coordinates":[[151.2068014,-33.8659906],[151.2068076,-33.8659312],[151.2068194,-33.8658174],[151.2068283,-33.8657312],[151.2068344,-33.865673],[151.2068392,-33.8656266],[151.2068436,-33.8655848],[151.2068479,-33.8655429]]}},{"type":"Feature","id":1119743023,"properties":{"building":"shed","description":"former Sydney Metro City & Southwest Dive Site, now used for Hunter Street construction"},"geometry":{"type":"LineString","coordinates":[[151.2095451,-33.8653583],[151.2100454,-33.8657363],[151.2098633,-33.8659025],[151.2093629,-33.8655246],[151.2095451,-33.8653583]]}},{"type":"Feature","id":1132392138,"properties":{"cycleway:both":"no","highway":"residential","lanes":"2","maxspeed":"40","name":"O'Connell Street","oneway":"yes","sidewalk":"both","source:maxspeed":"City of Sydney 40km/h maxzone description of bounds","surface":"asphalt"},"geometry":{"type":"LineString","coordinates":[[151.2091042,-33.8655786],[151.2089853,-33.8656716],[151.2089585,-33.8656917],[151.2088603,-33.8657667]]}},{"type":"Feature","id":1217499209,"properties":{"natural":"wood"},"geometry":{"type":"LineString","coordinates":[[151.2116218,-33.8724645],[151.211325,-33.8723717],[151.2112376,-33.8722856],[151.2112071,-33.8720831],[151.2113535,-33.8718856],[151.2112478,-33.8717219],[151.2113047,-33.871489],[151.2111949,-33.8712713],[151.2111441,-33.8710502],[151.2112762,-33.8710502],[151.2114348,-33.8710417],[151.211508,-33.8712071],[151.2117051,-33.8712949],[151.2118718,-33.8713101],[151.2120161,-33.8713084],[151.2120914,-33.8714316],[151.2121483,-33.8715413],[151.2121422,-33.8716459],[151.2121686,-33.8717202],[151.2120954,-33.8718502],[151.2120405,-33.8720915],[151.2120344,-33.8723531],[151.2118718,-33.8724324],[151.2116218,-33.8724645]]}},{"type":"Feature","id":1218211906,"properties":{"building":"yes","height":"14"},"geometry":{"type":"LineString","coordinates":[[151.2076713,-33.8721023],[151.2080598,-33.8721213],[151.2080455,-33.8724209],[151.207635,-33.8723849],[151.2076654,-33.8721718],[151.2076713,-33.8721023]]}},{"type":"Feature","id":1234194297,"properties":{"construction":"subway","construction:electrified":"contact_line","construction:frequency":"50","construction:railway":"subway","construction:voltage":"25000","gauge":"1435","layer":"-4","name":"Up Sydney Metro West","note":"stub tunnel for future extension","opening_date":"2032","railway":"construction","railway:cbtc":"uto","tunnel":"yes"},"geometry":{"type":"LineString","coordinates":[[151.2110085,-33.8657569],[151.2122938,-33.8658036]]}},{"type":"Feature","id":1234194298,"properties":{"construction":"subway","construction:electrified":"contact_line","construction:frequency":"50","construction:railway":"subway","construction:voltage":"25000","gauge":"1435","layer":"-4","name":"Metro West Hunter Street Turnback","oneway":"yes","opening_date":"2032","railway":"construction","railway:cbtc":"uto","tunnel":"yes"},"geometry":{"type":"LineString","coordinates":[[151.2110085,-33.8657569],[151.2113918,-33.8657961],[151.2117919,-33.8658248],[151.2124356,-33.8658956],[151.2126078,-33.8659211],[151.2130422,-33.8660047]]}},{"type":"Feature","id":1234194300,"properties":{"construction":"subway","construction:electrified":"contact_line","construction:frequency":"50","construction:railway":"subway","construction:voltage":"25000","gauge":"1435","layer":"-4","name":"Metro West Hunter Street Turnback","oneway":"yes","opening_date":"2032","railway":"construction","railway:cbtc":"uto","tunnel":"yes"},"geometry":{"type":"LineString","coordinates":[[151.2130422,-33.8660047],[151.2109781,-33.865989]]}},{"type":"Feature","id":1234194301,"properties":{"construction":"subway","construction:electrified":"contact_line","construction:frequency":"50","construction:railway":"subway","construction:voltage":"25000","gauge":"1435","layer":"-4","name":"Down Sydney Metro West","note":"stub tunnel for future extension","opening_date":"2032","railway":"construction","railway:cbtc":"uto","tunnel":"yes"},"geometry":{"type":"LineString","coordinates":[[151.2122443,-33.8661866],[151.2118182,-33.8661248],[151.2109781,-33.865989]]}},{"type":"Feature","id":1234194302,"properties":{"construction":"yes","description":"Hunter Street Station platform (approximate size and location)","layer":"-4","location":"underground","public_transport":"platform","railway":"platform","subway":"yes"},"geometry":{"type":"LineString","coordinates":[[151.2070814,-33.8655284],[151.2070774,-33.8655856],[151.2091368,-33.8657443],[151.2091409,-33.8656868],[151.2070814,-33.8655284]]}},{"type":"Feature","id":1238809369,"properties":{"electrified":"ground-level_power_supply","frequency":"0","gauge":"1435","level":"0","maxspeed":"20","name":"CBD and South East Light Rail","oneway":"yes","operator":"Transdev Sydney Light Rail","operator:wikidata":"Q19800015","passenger_lines":"2","railway":"light_rail","railway:atc":"no","source":"TfNSW Data Services","voltage":"750"},"geometry":{"type":"LineString","coordinates":[[151.2073075,-33.8655822],[151.207304,-33.8656109],[151.2072938,-33.8657046],[151.207271,-33.8659156],[151.2072326,-33.8662662],[151.207221,-33.8663724]]}},{"type":"Feature","id":1238813101,"properties":{"layer":"-4","location":"underground","name":"Tank Stream","oneway":"yes","substance":"rainwater","tunnel":"flooded","was:waterway":"stream","waterway":"drain","wikidata":"Q7683489","wikipedia":"en:Tank Stream"},"geometry":{"type":"LineString","coordinates":[[151.210341,-33.8738135],[151.2095261,-33.8733165],[151.2088559,-33.8728047],[151.2083744,-33.872296],[151.2081495,-33.8719157],[151.2080074,-33.871487],[151.2079216,-33.8711006],[151.207922,-33.8706205],[151.207984,-33.8685464],[151.2082518,-33.8664769],[151.2084195,-33.865196],[151.2086034,-33.8642289],[151.2087335,-33.8637377],[151.2093041,-33.8610989],[151.2094039,-33.8610392],[151.2096175,-33.8609075]]}},{"type":"Feature","id":1241836636,"properties":{"construction":"subway","construction:electrified":"contact_line","construction:frequency":"50","construction:railway":"subway","construction:voltage":"25000","gauge":"1435","layer":"-4","name":"Up Sydney Metro West","oneway":"yes","opening_date":"2032","railway":"construction","railway:cbtc":"uto","tunnel":"yes"},"geometry":{"type":"LineString","coordinates":[[151.2091604,-33.8656085],[151.209852,-33.8656551],[151.2110085,-33.8657569]]}},{"type":"Feature","id":1243925187,"properties":{"abandoned:railway":"tram","description":"approximate route of abandoned tunnels based on tunnel curvature and survey","layer":"-1","level":"-1","name":"Wynyard Tram Tunnel - Platform 2","old_name":"Down Shore Local","railway":"abandoned","railway:preferred_direction":"forward","tunnel":"yes"},"geometry":{"type":"LineString","coordinates":[[151.2059727,-33.8667111],[151.2057935,-33.8654623],[151.2057639,-33.8652558],[151.2057567,-33.8652058],[151.2057494,-33.8651686],[151.2057384,-33.8651258],[151.2057349,-33.865112],[151.2056823,-33.8648929],[151.205617,-33.8646517],[151.2055894,-33.8645497],[151.2055726,-33.8644694],[151.205554,-33.8643785],[151.205518,-33.8641661],[151.2053359,-33.8628405],[151.2053296,-33.8627719],[151.2053275,-33.8627126],[151.2053324,-33.8623031],[151.2053344,-33.8621335],[151.205339,-33.8620465],[151.2053527,-33.8619781],[151.2053665,-33.8619097],[151.2055217,-33.8611478],[151.2055741,-33.8609162],[151.2055997,-33.8608513],[151.2056254,-33.8607967],[151.2056588,-33.8607275],[151.2057101,-33.8606355],[151.205841,-33.8604359],[151.2060308,-33.8601636],[151.2061569,-33.8599804],[151.2062078,-33.8599145],[151.2062471,-33.8598466],[151.2062643,-33.8598123],[151.2063696,-33.8595809],[151.2064782,-33.8593501],[151.206632,-33.8590217]]}},{"type":"Feature","id":1243925188,"properties":{"abandoned:railway":"tram","description":"approximate route of abandoned tunnels based on tunnel curvature and survey","layer":"-1","level":"-1","name":"Wynyard Tram Tunnel - Platform 1","old_name":"Up Shore Local","railway":"abandoned","railway:preferred_direction":"forward","tunnel":"yes"},"geometry":{"type":"LineString","coordinates":[[151.2066836,-33.8590359],[151.2065242,-33.8593785],[151.2063205,-33.859861],[151.2062931,-33.8599163],[151.2062347,-33.8599993],[151.2061337,-33.8601353],[151.2058616,-33.8605199],[151.205766,-33.8606811],[151.2057391,-33.8607248],[151.2057053,-33.860785],[151.2056591,-33.8608786],[151.2056079,-33.8610355],[151.2054066,-33.8619756],[151.2053993,-33.8620098],[151.2053919,-33.8620443],[151.205385,-33.8621269],[151.205385,-33.8621443],[151.205385,-33.8623117],[151.205385,-33.8627006],[151.2053885,-33.8627643],[151.2053946,-33.8628325],[151.2054811,-33.863445],[151.2056151,-33.8643589],[151.2056331,-33.8644622],[151.2056519,-33.8645238],[151.2057507,-33.8647914],[151.205859,-33.8650845],[151.2058673,-33.8651159],[151.2058756,-33.8651473],[151.2058834,-33.8651885],[151.2059041,-33.8653367],[151.2059582,-33.8657238],[151.2060947,-33.8666997]]}},{"type":"Feature","id":1309014432,"properties":{"electrified":"contact_line","frequency":"0","gauge":"1435","layer":"-5","maxspeed":"50","name":"Down Sydney Metro City & Southwest","oneway":"yes","operator":"Metro Trains Sydney","operator:wikidata":"Q20861549","railway":"subway","railway:cbtc":"yes","tunnel":"yes","usage":"main","voltage":"1500"},"geometry":{"type":"LineString","coordinates":[[151.2080428,-33.8738337],[151.2080707,-33.8734702],[151.2081,-33.8730942],[151.2081022,-33.8730653],[151.208109,-33.8729785],[151.2081387,-33.872588],[151.2081902,-33.871892],[151.2082138,-33.871593],[151.2082289,-33.8714368],[151.2083028,-33.8710908],[151.2083433,-33.8709737],[151.208379,-33.8708887],[151.2084228,-33.8707965],[151.2084606,-33.870724],[151.2084874,-33.8706771],[151.2085519,-33.8705751],[151.2086223,-33.8704765],[151.208705,-33.8703715],[151.208814,-33.8702406],[151.2090556,-33.8699614],[151.209165,-33.8698278],[151.2092666,-33.8696831],[151.2093763,-33.8695032],[151.2094764,-33.8693132],[151.2095695,-33.8690966],[151.209651,-33.8688372],[151.2097019,-33.8685878],[151.2097858,-33.8679746],[151.2097872,-33.8679637]]}},{"type":"Feature","id":1309014433,"properties":{"electrified":"contact_line","frequency":"0","gauge":"1435","layer":"-5","maxspeed":"50","name":"Up Sydney Metro City & Southwest","oneway":"yes","operator":"Metro Trains Sydney","operator:wikidata":"Q20861549","railway":"subway","railway:cbtc":"yes","tunnel":"yes","usage":"main","voltage":"1500"},"geometry":{"type":"LineString","coordinates":[[151.2105072,-33.8680069],[151.2105033,-33.8680337],[151.2105014,-33.8680468],[151.2104429,-33.8685191],[151.2103967,-33.8687405],[151.2103385,-33.8689495],[151.2102461,-33.8692091],[151.2101154,-33.8695263],[151.2100361,-33.8697068],[151.209915,-33.8699717],[151.2098868,-33.8700426],[151.2097738,-33.8703073],[151.209655,-33.8706066],[151.2096183,-33.8707065],[151.2095465,-33.8709306],[151.2095082,-33.8710631],[151.2094344,-33.8713959],[151.2093933,-33.8716607],[151.209361,-33.871895],[151.2093046,-33.8723604],[151.209215,-33.8731549],[151.2092119,-33.873182],[151.209135,-33.8738634]]}},{"type":"Feature","id":1311016945,"properties":{"building":"commercial"},"geometry":{"type":"LineString","coordinates":[[151.210268,-33.8657896],[151.2105261,-33.8655269],[151.2107507,-33.865671],[151.2108143,-33.8657145],[151.2107587,-33.865777],[151.2107266,-33.8657566],[151.210661,-33.8658336],[151.2107267,-33.8658822],[151.2106832,-33.8659006],[151.2106289,-33.8659411],[151.2105585,-33.8660083],[151.210513,-33.8660642],[151.2104693,-33.8660444],[151.2105241,-33.8659678],[151.210268,-33.8657896]]}},{"type":"Feature","id":1450266911,"properties":{"area":"yes","highway":"pedestrian"},"geometry":{"type":"LineString","coordinates":[[151.2112678,-33.8688522],[151.2112145,-33.8688469],[151.2111696,-33.8691607],[151.2111654,-33.8691968],[151.2114086,-33.8692188],[151.2114102,-33.8692098],[151.2118449,-33.8692542],[151.2118482,-33.869229],[151.2112221,-33.8691661],[151.2112678,-33.8688522]]}},{"type":"Feature","id":1509660587,"properties":{"bench":"yes","bin":"yes","departures_board":"realtime","layer":"-3","level":"-3","public_transport":"platform","railway":"platform","ref":"1;2","tactile_paving":"yes","train":"yes","type":"multipolygon"},"geometry":{"type":"LineString","coordinates":[[151.2125919,-33.8680051],[151.212613,-33.8678542],[151.2118636,-33.8677873],[151.2114999,-33.8677548],[151.2113149,-33.8677397],[151.2111976,-33.8677321],[151.2110683,-33.8677255],[151.2109512,-33.8677237],[151.2108266,-33.8677268],[151.2106702,-33.8677369],[151.2106799,-33.8677893],[151.2106952,-33.8678612],[151.210651,-33.867866],[151.2106579,-33.8678969],[151.2107355,-33.8678895],[151.2108522,-33.8678828],[151.2109725,-33.8678788],[151.2110386,-33.8678795],[151.2111586,-33.8678823],[151.2112425,-33.8678862],[151.2113269,-33.8678921],[151.2114174,-33.8679001],[151.2118511,-33.8679389],[151.2119671,-33.8679492],[151.2125919,-33.8680051]]}},{"type":"Feature","id":1509660589,"properties":{"railway":"platform_edge","ref":"2"},"geometry":{"type":"LineString","coordinates":[[151.212613,-33.8678542],[151.2118636,-33.8677873],[151.2114999,-33.8677548],[151.2113149,-33.8677397],[151.2111976,-33.8677321],[151.2110683,-33.8677255],[151.2109512,-33.8677237],[151.2108266,-33.8677268],[151.2107404,-33.8677316],[151.2106702,-33.8677369]]}},{"type":"Feature","id":1509660593,"properties":{"railway":"platform_edge","ref":"6"},"geometry":{"type":"LineString","coordinates":[[151.205923,-33.8666072],[151.205887,-33.8663521],[151.2058723,-33.8662302],[151.2058393,-33.8659565],[151.2058301,-33.8658806],[151.2058177,-33.8657777],[151.2058151,-33.865756],[151.2058119,-33.8657292],[151.205811,-33.8657218],[151.205749,-33.8651703]]}},{"type":"Feature","id":1548053093,"properties":{"leisure":"garden"},"geometry":{"type":"LineString","coordinates":[[151.2088448,-33.8723057],[151.2088476,-33.8721825],[151.2088579,-33.8721826],[151.2088551,-33.8723059],[151.2088448,-33.8723057]]}},{"type":"Feature","id":3188360,"properties":{"bicycle":"yes","highway":"pedestrian","lit":"yes","maxspeed":"40","maxspeed:advisory":"10","motorcar":"service","name":"Martin Place","smoking":"no","smoothness":"excellent","surface":"paving_stones","width":"34","wikidata":"Q761633"},"geometry":{"type":"LineString","coordinates":[[151.2070876,-33.8674474],[151.2071036,-33.8674486],[151.2071342,-33.8674509],[151.2071785,-33.8674545],[151.2075906,-33.8674926],[151.2083915,-33.8675679]]}},{"type":"Feature","id":3188409,"properties":{"access:lanes:conditional":"no|@ (Mo-Fr 15:00-20:00)","cycleway:left":"no","cycleway:right":"separate","highway":"unclassified","lanes":"2","lit":"yes","maxspeed":"40","name":"Castlereagh Street","oneway":"yes","parking:both":"yes","parking:both:orientation":"parallel","parking:lane:both:parallel":"shoulder","psv:lanes:conditional":"|designated|| @ (Mo-Fr 15:00-20:00)","shoulder":"both","sidewalk":"both","source:highway":"survey","source:maxspeed":"City of Sydney 40km/h maxzone description of bounds","surface":"asphalt","wikidata":"Q5050585"},"geometry":{"type":"LineString","coordinates":[[151.2093939,-33.8713863],[151.2093408,-33.8717945],[151.2092829,-33.8722666]]}},{"type":"Feature","id":3188496,"properties":{"access":"destination","bicycle":"yes","foot":"yes","highway":"service","lit":"yes","maxspeed":"40","name":"Wynyard Street","oneway":"yes","service":"alley","sidewalk:left":"separate","sidewalk:right":"yes","source:maxspeed":"City of Sydney 40km/h maxzone description of bounds","surface":"asphalt"},"geometry":{"type":"LineString","coordinates":[[151.2062262,-33.8670218],[151.206374,-33.8670332],[151.2066907,-33.8670577]]}},{"type":"Feature","id":3679961,"properties":{"highway":"pedestrian","lit":"yes","name":"Regimental Square","surface":"paving_stones"},"geometry":{"type":"LineString","coordinates":[[151.2066907,-33.8670577],[151.2067074,-33.867059],[151.2070348,-33.8670848],[151.20708,-33.8670884],[151.2071079,-33.8670906],[151.2071237,-33.8670918]]}},{"type":"Feature","id":3987217,"properties":{"bicycle":"yes","highway":"pedestrian","lit":"yes","name":"Pitt Street Mall","surface":"paving_stones","tourism":"yes"},"geometry":{"type":"LineString","coordinates":[[151.2082235,-33.8707823],[151.2082294,-33.8707248],[151.2082313,-33.8707069],[151.2082416,-33.870448],[151.2082579,-33.8701646],[151.2083044,-33.8693457],[151.2083108,-33.8691924],[151.208319,-33.8690365],[151.2083236,-33.8689579],[151.2083246,-33.8689355],[151.2083262,-33.8688968]]}},{"type":"Feature","id":3987224,"properties":{"bicycle":"yes","highway":"pedestrian","lit":"yes","name":"Rowe Street","wikidata":"Q7371880"},"geometry":{"type":"LineString","coordinates":[[151.2084089,-33.8682522],[151.208448,-33.868255],[151.2087633,-33.8682778],[151.2088131,-33.8682814]]}},{"type":"Feature","id":4354653,"properties":{"cycleway:left":"share_busway","highway":"unclassified","lanes":"3","lanes:psv":"1","lit":"yes","maxspeed":"40","motorcycle":"designated","name":"Castlereagh Street","oneway":"yes","oneway:bicycle":"yes","parking:lane:left:parallel":"on_street","parking:lane:right:parallel":"lay_by","parking:left":"yes","parking:left:orientation":"parallel","parking:right":"yes","parking:right:orientation":"parallel","psv":"designated","sidewalk":"both","source:maxspeed":"City of Sydney 40km/h maxzone description of bounds","surface":"asphalt","wikidata":"Q5050585"},"geometry":{"type":"LineString","coordinates":[[151.210047,-33.8662299],[151.2100334,-33.8663324],[151.2099245,-33.8671869],[151.209884,-33.8675398],[151.2098804,-33.8675699]]}},{"type":"Feature","id":4987587,"properties":{"access:lanes:backward:conditional":"no| @ (Mo-Fr 06:00-10:00,15:00-20:00)","bicycle:lanes:backward:conditional":"designated| @ (Mo-Fr 06:00-10:00,15:00-20:00)","cycleway:lanes:backward:conditional":"share_busway| @ (Mo-Fr 06:00-10:00,15:00-20:00)","cycleway:right:conditional":"share_busway @ (Mo-Fr 06:00-10:00,15:00-20:00)","highway":"tertiary","lanes":"5","lanes:backward":"2","lanes:forward":"3","maxspeed":"40","motorcycle:lanes:backward:conditional":"designated| @ (Mo-Fr 06:00-10:00,15:00-20:00)","name":"Chifley Square","psv:lanes:backward:conditional":"designated| @ (Mo-Fr 06:00-10:00,15:00-20:00)","sidewalk":"both","source":"nearmap","source:maxspeed":"City of Sydney 40km/h maxzone description of bounds","source:name":"survey","surface":"asphalt"},"geometry":{"type":"LineString","coordinates":[[151.210757,-33.8663402],[151.210791,-33.8662592],[151.2108056,-33.8662313],[151.2108356,-33.866195],[151.2108603,-33.8661702],[151.2110949,-33.8659622],[151.2111377,-33.8659162]]}},{"type":"Feature","id":5011671,"properties":{"cycleway:both":"no","highway":"unclassified","lane_markings":"no","lit":"yes","maxspeed":"40","name":"King Street","oneway":"yes","sidewalk":"both","sidewalk:both:bicycle":"yes","source:maxspeed":"City of Sydney 40km/h maxzone description of bounds","source:name":"knowledge","surface":"asphalt","wikidata":"Q6412085"},"geometry":{"type":"LineString","coordinates":[[151.210408,-33.8691855],[151.2105434,-33.8691991],[151.2109593,-33.869241]]}},{"type":"Feature","id":24479025,"properties":{"access":"destination","bicycle":"yes","foot":"yes","highway":"service","maxspeed":"40","name":"Wynyard Lane","oneway":"yes","service":"alley","source":"interpolation","source:maxspeed":"City of Sydney 40km/h maxzone description of bounds","surface":"asphalt"},"geometry":{"type":"LineString","coordinates":[[151.2066907,-33.8670577],[151.2066969,-33.8669972],[151.2067399,-33.8665829],[151.2068014,-33.8659906]]}},{"type":"Feature","id":31813295,"properties":{"highway":"service","lit":"yes","name":"Council Place","service":"alley","surface":"asphalt"},"geometry":{"type":"LineString","coordinates":[[151.2054531,-33.8702494],[151.2053848,-33.8702548],[151.2051416,-33.8702743],[151.2051007,-33.8702776],[151.2050737,-33.8700449]]}},{"type":"Feature","id":34695427,"properties":{"administration":"Regional","classified":"yes","highway":"secondary","lanes":"3","lanes:bicycle":"shared_lane|yes|yes","lcn":"yes","maxspeed":"40","name":"King Street","oneway":"yes","owner":"City of Sydney","owner:wikidata":"Q1094194","source:maxspeed":"City of Sydney 40km/h maxzone description of bounds","surface":"asphalt","wikidata":"Q6412085"},"geometry":{"type":"LineString","coordinates":[[151.2052646,-33.8687311],[151.2053711,-33.8687123],[151.2059076,-33.8686698],[151.2059387,-33.8686674],[151.2060332,-33.868665]]}},{"type":"Feature","id":34695430,"properties":{"administration":"Regional","classified":"yes","highway":"secondary","lanes":"4","maxspeed":"40","name":"King Street","oneway":"yes","owner":"City of Sydney","owner:wikidata":"Q1094194","source:maxspeed":"City of Sydney 40km/h maxzone description of bounds","surface":"asphalt","wikidata":"Q6412085"},"geometry":{"type":"LineString","coordinates":[[151.2060332,-33.868665],[151.2061338,-33.8686673],[151.2061599,-33.8686693],[151.2065172,-33.8686876]]}},{"type":"Feature","id":36328670,"properties":{"highway":"tertiary","lanes":"3","lit":"yes","maxheight:signed":"no","maxspeed":"40","name":"Market Street","note":"Originally mapped by MichaelCollinson 2005/6","oneway":"yes","smoothness":"intermediate","source:maxspeed":"City of Sydney 40km/h maxzone description of bounds","surface":"asphalt"},"geometry":{"type":"LineString","coordinates":[[151.2101987,-33.8707469],[151.2100623,-33.8707346],[151.2100125,-33.8707319],[151.2096349,-33.8707388],[151.2095656,-33.8707401],[151.2094959,-33.8707414],[151.2094385,-33.8707423],[151.2093869,-33.8707442],[151.2083809,-33.8707787],[151.2083554,-33.8707795],[151.2082235,-33.8707823],[151.2081161,-33.8707717],[151.2076812,-33.8707712],[151.2073847,-33.8707709],[151.2071264,-33.8707724],[151.2070626,-33.8707764],[151.2069869,-33.8707822]]}},{"type":"Feature","id":40717464,"properties":{"addr:housenumber":"367","addr:postcode":"2000","addr:street":"George Street","building":"office","building:levels":"22","wheelchair":"yes"},"geometry":{"type":"LineString","coordinates":[[151.2065642,-33.8691151],[151.2066191,-33.8691135],[151.2066241,-33.8691875],[151.2068186,-33.8691885],[151.2068109,-33.8688074],[151.2065651,-33.8688041],[151.2065642,-33.8691151]]}},{"type":"Feature","id":52751189,"properties":{"administration":"Regional","classified":"yes","highway":"secondary_link","lanes":"1","maxspeed":"40","name":"St. James Road","oneway":"yes","owner":"City of Sydney","owner:wikidata":"Q1094194","sidewalk":"left","source:maxspeed":"City of Sydney 40km/h maxzone description of bounds","surface":"asphalt"},"geometry":{"type":"LineString","coordinates":[[151.2103124,-33.8698195],[151.2103446,-33.8698861],[151.2103844,-33.8699419],[151.2104004,-33.8699585],[151.2104228,-33.8699775],[151.2104532,-33.8699904],[151.2104858,-33.8699968],[151.2105325,-33.8699989],[151.2106055,-33.8699919],[151.2107258,-33.8699659],[151.210896,-33.8699155]]}},{"type":"Feature","id":52751193,"properties":{"administration":"Regional","classified":"yes","highway":"secondary","lanes":"2","lit":"yes","maxspeed":"40","name":"St. James Road","oneway":"yes","owner":"City of Sydney","owner:wikidata":"Q1094194","sidewalk:left":"separate","sidewalk:right":"no","source:maxspeed":"City of Sydney 40km/h maxzone description of bounds","surface":"asphalt"},"geometry":{"type":"LineString","coordinates":[[151.210896,-33.8699155],[151.2106409,-33.8700673],[151.2104589,-33.8701896],[151.2104376,-33.8702067],[151.2102321,-33.870425]]}},{"type":"Feature","id":84735111,"properties":{"access":"destination","access:lanes":"destination|destination|destination","access:psv":"yes","bicycle":"yes","bicycle:lanes":"yes|yes|destination","cycleway:left":"share_busway","foot":"yes","highway":"unclassified","lanes":"3","lit":"yes","maxspeed":"40","name":"York Street","oneway":"yes","oneway:bicycle":"yes","parking":"shoulder","psv":"yes","psv:lanes":"designated|designated|no","shoulder":"right","sidewalk:both":"separate","source:maxspeed":"City of Sydney 40km/h maxzone description of bounds","surface":"asphalt","taxi:lanes":"permissive|permissive|destination","verge":"no"},"geometry":{"type":"LineString","coordinates":[[151.2062871,-33.8708316],[151.2063019,-33.8709323]]}},{"type":"Feature","id":85690883,"properties":{"building":"yes","building:levels":"12","source":"nearmap"},"geometry":{"type":"LineString","coordinates":[[151.2059798,-33.8673822],[151.2060008,-33.8673703],[151.2063713,-33.867368],[151.2063718,-33.8674029],[151.2063786,-33.8676024],[151.2060059,-33.8676108],[151.2059891,-33.8675963],[151.2059798,-33.8673822]]}},{"type":"Feature","id":85690886,"properties":{"addr:housenumber":"54-62","addr:street":"Carrington Street","building":"yes","building:levels":"15","source":"nearmap"},"geometry":{"type":"LineString","coordinates":[[151.2066587,-33.8669877],[151.2067031,-33.8665798],[151.2067093,-33.8665225],[151.2064108,-33.8665001],[151.2063601,-33.8669653],[151.2066587,-33.8669877]]}},{"type":"Feature","id":85690887,"properties":{"building":"yes","building:levels":"9","source":"nearmap"},"geometry":{"type":"LineString","coordinates":[[151.2064485,-33.8661728],[151.2064602,-33.8660743],[151.2067536,-33.866096],[151.2067433,-33.8661952],[151.2064485,-33.8661728]]}},{"type":"Feature","id":85690903,"properties":{"building":"yes","building:levels":"16","source":"nearmap"},"geometry":{"type":"LineString","coordinates":[[151.2064108,-33.8665001],[151.2064485,-33.8661728],[151.2067433,-33.8661952],[151.2067093,-33.8665225],[151.2064108,-33.8665001]]}},{"type":"Feature","id":85690904,"properties":{"addr:housenumber":"341-343","addr:street":"George Street","building":"office","building:levels":"10","source":"nearmap"},"geometry":{"type":"LineString","coordinates":[[151.2062357,-33.8671213],[151.2063318,-33.8671448],[151.2064912,-33.8671564],[151.2066957,-33.8671712],[151.2069377,-33.8671888],[151.206963,-33.8672013],[151.2069756,-33.8672214],[151.2069676,-33.8672989],[151.2069488,-33.8674818],[151.2069398,-33.8675696],[151.2069266,-33.8675831],[151.2066485,-33.867595],[151.2065927,-33.8675969],[151.2064457,-33.867602],[151.2063975,-33.8676037],[151.2063786,-33.8676024],[151.2063718,-33.8674029],[151.2067093,-33.8674242],[151.2067167,-33.8673665],[151.2066542,-33.8673801],[151.2062113,-33.8673394],[151.2062357,-33.8671213]]}},{"type":"Feature","id":85690911,"properties":{"addr:housenumber":"30-32","addr:street":"Carrington Street","building":"yes","building:levels":"7","source":"nearmap"},"geometry":{"type":"LineString","coordinates":[[151.2064602,-33.8660743],[151.20647,-33.8659841],[151.206472,-33.8659662],[151.2067648,-33.8659886],[151.2067536,-33.866096],[151.2064602,-33.8660743]]}},{"type":"Feature","id":101917220,"properties":{"addr:housenumber":"133","addr:street":"Castlereagh Street","alt_name":"Piccadilly Tower","building":"commercial","building:levels":"31","name":"Spherion Tower"},"geometry":{"type":"LineString","coordinates":[[151.2088843,-33.8714138],[151.2089721,-33.8713524],[151.2091959,-33.8713713],[151.2092378,-33.8714138],[151.209248,-33.8714261],[151.2092641,-33.8714456],[151.2092595,-33.8714828],[151.209236,-33.8716847],[151.2092333,-33.8717084],[151.2091832,-33.8717453],[151.2091473,-33.8717717],[151.2089261,-33.8717506],[151.2088551,-33.8716816],[151.2088742,-33.8715063],[151.2088843,-33.8714138]]}},{"type":"Feature","id":129820126,"properties":{"access":"no","bus":"designated","cycleway:both":"no","highway":"unclassified","lanes":"2","lit":"yes","maxspeed":"40","name":"Carrington Street","oneway":"yes","sidewalk:both":"separate","sidewalk:both:surface":"asphalt","smoothness":"excellent","source:location":"bing","source:maxspeed":"City of Sydney 40km/h maxzone description of bounds","source:name":"survey","surface":"asphalt"},"geometry":{"type":"LineString","coordinates":[[151.2063248,-33.8663461],[151.2063587,-33.8660654]]}},{"type":"Feature","id":129820130,"properties":{"access":"destination","bicycle":"yes","cycleway:both":"no","foot":"yes","highway":"unclassified","lane_markings":"no","maxspeed":"40","name":"Wynyard Street","oneway":"yes","sidewalk":"both","source:maxspeed":"City of Sydney 40km/h maxzone description of bounds","surface":"asphalt"},"geometry":{"type":"LineString","coordinates":[[151.205831,-33.8670156],[151.2061104,-33.8670372],[151.2061913,-33.8670354],[151.2062262,-33.8670218]]}},{"type":"Feature","id":136263478,"properties":{"electrified":"contact_line","frequency":"0","gauge":"1435","layer":"-3","loading_gauge":"3200","loading_gauge:ref":"Wide","maxspeed":"40","oneway":"yes","operator":"RailCorp","railway":"rail","railway:ats":"yes","railway:etcs":"1","railway:traffic_mode":"passenger","ref":"City Outer","source":"professional_knowledge;extrapolation","tunnel":"yes","usage":"main","voltage":"1500"},"geometry":{"type":"LineString","coordinates":[[151.2069388,-33.8719823],[151.2069196,-33.8717867],[151.2069019,-33.8715707],[151.2068689,-33.8711912],[151.2068376,-33.8710046],[151.2067937,-33.8708636],[151.2067354,-33.8707201],[151.2066645,-33.8705841],[151.2066045,-33.8704918],[151.2065234,-33.870369],[151.2063721,-33.8701614],[151.2062575,-33.8699929],[151.2061687,-33.869806],[151.2060915,-33.8696151],[151.2060548,-33.8694807],[151.2060156,-33.869239],[151.2059451,-33.8685534],[151.2059424,-33.8685036],[151.2059212,-33.8683322],[151.2059068,-33.8681391],[151.2058962,-33.8679234],[151.2058957,-33.867735],[151.2059033,-33.8675484]]}},{"type":"Feature","id":151667031,"properties":{"highway":"unclassified","lanes":"2","maxspeed":"40","name":"Barrack Street","oneway":"yes","sidewalk:both":"separate","source":"survey & interpolation","surface":"asphalt"},"geometry":{"type":"LineString","coordinates":[[151.2059172,-33.8676919],[151.205806,-33.8676959],[151.2055277,-33.8677058],[151.2052769,-33.8677147],[151.2052391,-33.867716],[151.2051478,-33.8677193]]}},{"type":"Feature","id":151667360,"properties":{"emergency":"designated","highway":"pedestrian","lit":"yes","maxspeed":"10","name":"Barrack Street","oneway:bicycle":"no","oneway:motor_vehicle":"yes","source:access":"sign (western end)","source:maxspeed":"sign (western end)","surface":"asphalt"},"geometry":{"type":"LineString","coordinates":[[151.2059172,-33.8676919],[151.2059896,-33.8676891],[151.2060005,-33.8676887],[151.2060262,-33.8676877],[151.2069472,-33.8676521],[151.2069511,-33.8676519],[151.2069961,-33.8676502],[151.2070475,-33.8676482],[151.2070658,-33.8676475]]}},{"type":"Feature","id":152425771,"properties":{"access:lanes:forward:conditional":"no| @ (Mo-Fr 06:00-20:00,15:00-20:00; Sa,Su,PH 10:00-18:00)","administration":"Regional","bicycle:lanes:forward":"|designated|","bicycle:lanes:forward:conditional":"designated| @ (Mo-Fr 06:00-20:00,15:00-20:00; Sa,Su,PH 10:00-18:00)","classified":"no","cycleway:left":"share_busway","highway":"tertiary","lanes":"6","lanes:backward":"3","lanes:forward":"2","maxspeed":"40","motorcycle:lanes:backward":"designated||","motorcycle:lanes:forward":"|designated|","name":"Elizabeth Street","owner:wikidata":"Q1094194","psv:lanes:backward":"designated||","psv:lanes:forward":"|designated|","sidewalk":"both","sidewalk:both:surface":"paving_stones","smoothness":"excellent","source:maxspeed":"City of Sydney 40km/h maxzone description of bounds","surface":"asphalt","turn:lanes:backward":"||right"},"geometry":{"type":"LineString","coordinates":[[151.210757,-33.8663402],[151.2107444,-33.8664179],[151.210741,-33.8664478]]}},{"type":"Feature","id":152425773,"properties":{"highway":"living_street","maxspeed":"10","maxspeed:type":"sign","name":"Hosking Place","source:location":"bing","source:maxspeed":"survey","surface":"paving_stones"},"geometry":{"type":"LineString","coordinates":[[151.2099245,-33.8671869],[151.2098431,-33.8671792],[151.2096334,-33.8671595],[151.2090376,-33.8671034]]}},{"type":"Feature","id":162845216,"properties":{"bus":"no","hgv":"no","highway":"living_street","maxlength":"9","maxspeed":"10","motor_vehicle":"private","name":"Angel Place","oneway":"no","surface":"paving_stones"},"geometry":{"type":"LineString","coordinates":[[151.2072286,-33.8671008],[151.207593,-33.8671327],[151.2076354,-33.8671712]]}},{"type":"Feature","id":165581748,"properties":{"highway":"living_street","maxspeed":"10","name":"Lee's Court","parking:left":"no","parking:right":"no","surface":"paving_stones"},"geometry":{"type":"LineString","coordinates":[[151.2086798,-33.8689438],[151.2086886,-33.8689],[151.2086951,-33.8688692],[151.2088131,-33.8682814]]}},{"type":"Feature","id":165581780,"properties":{"highway":"pedestrian","name":"Palings Lane","surface":"paving_stones"},"geometry":{"type":"LineString","coordinates":[[151.2072928,-33.8664032],[151.2076762,-33.8664304]]}},{"type":"Feature","id":165581781,"properties":{"highway":"pedestrian","name":"Ash Street","source:name":"NSW LPI Base Map","source:name:date":"2015-12","surface":"paving_stones"},"geometry":{"type":"LineString","coordinates":[[151.2076762,-33.8664304],[151.2076249,-33.8668457]]}},{"type":"Feature","id":169069535,"properties":{"administration":"Regional","classified":"yes","cycleway:right":"share_busway","highway":"secondary","lanes":"5","lanes:backward":"2","lanes:forward":"3","maxspeed":"40","name":"Elizabeth Street","owner":"City of Sydney","owner:wikidata":"Q1094194","sidewalk":"both","sidewalk:both:surface":"paving_stones","smoothness":"good","source:maxspeed":"City of Sydney 40km/h maxzone description of bounds","surface":"asphalt"},"geometry":{"type":"LineString","coordinates":[[151.210408,-33.8691855],[151.2103884,-33.8692588],[151.2103858,-33.8692778],[151.2103124,-33.8698195]]}},{"type":"Feature","id":169913458,"properties":{"access":"no","emergency":"yes","foot":"yes","highway":"pedestrian","lit":"yes","maxspeed":"40","name":"George Street","sidewalk:both":"separate","source:maxspeed":"City of Sydney 40km/h maxzone description of bounds","surface":"asphalt","wikidata":"Q3760653"},"geometry":{"type":"LineString","coordinates":[[151.2070876,-33.8674474],[151.2070658,-33.8676475],[151.2070299,-33.8679778]]}},{"type":"Feature","id":173542965,"properties":{"addr:housenumber":"77","addr:street":"York Street","building":"hotel","building:architecture":"art_deco","building:levels":"12","check_date":"2024-06-26","name":"Grace Hotel","tourism":"hotel","website":"https://gracehotel.com.au/","wikidata":"Q5591017"},"geometry":{"type":"LineString","coordinates":[[151.2053749,-33.8688111],[151.2054212,-33.8692062],[151.2054265,-33.8692058],[151.2057225,-33.8691818],[151.2059739,-33.8691615],[151.2059762,-33.8691613],[151.2059321,-33.868786],[151.2059298,-33.8687662],[151.2053749,-33.8688111]]}},{"type":"Feature","id":173542966,"properties":{"addr:housename":"St Martins Tower","addr:housenumber":"31","addr:street":"Market Street","building":"yes","building:levels":"3"},"geometry":{"type":"LineString","coordinates":[[151.2056379,-33.8710391],[151.2056715,-33.8713462],[151.2058905,-33.8713296],[151.2061987,-33.8713051],[151.2061663,-33.8709982],[151.2056379,-33.8710391]]}},{"type":"Feature","id":173542967,"properties":{"addr:housenumber":"100-102","addr:street":"Clarence Street","building":"yes","building:levels":"7","source:addr":"LPI Base Map May 2018"},"geometry":{"type":"LineString","coordinates":[[151.2052955,-33.868072],[151.2053068,-33.8681789],[151.2053216,-33.868177],[151.2054881,-33.8681594],[151.2055322,-33.868156],[151.2055202,-33.8680502],[151.2054463,-33.8680574],[151.2052955,-33.868072]]}},{"type":"Feature","id":173542968,"properties":{"addr:housenumber":"44","addr:street":"Market Street","building":"commercial","building:levels":"32","name":"National Mutual Centre"},"geometry":{"type":"LineString","coordinates":[[151.2056259,-33.8703601],[151.205668,-33.8707078],[151.2060821,-33.8706732],[151.2060401,-33.8703256],[151.2059694,-33.8703315],[151.2057115,-33.870353],[151.2056259,-33.8703601]]}},{"type":"Feature","id":173542971,"properties":{"addr:housenumber":"2","addr:street":"Barrack Street","building":"yes","building:levels":"7","name":"Pinnacle House","wikidata":"Q60020692"},"geometry":{"type":"LineString","coordinates":[[151.2052236,-33.8674353],[151.2052465,-33.8676429],[151.2054985,-33.8676238],[151.2054756,-33.8674161],[151.2052236,-33.8674353]]}},{"type":"Feature","id":179724734,"properties":{"cycleway:both":"shared_lane","cycleway:both:lane":"pictogram","cycleway:right:oneway":"-1","highway":"service","maxspeed":"40","name":"York Lane","oneway":"yes","oneway:bicycle":"no","sidewalk":"no","source":"survey","source:maxspeed":"City of Sydney 40km/h maxzone description of bounds","surface":"asphalt"},"geometry":{"type":"LineString","coordinates":[[151.2055277,-33.8677058],[151.2055214,-33.8676538],[151.2054096,-33.8667319],[151.2054009,-33.8666575]]}},{"type":"Feature","id":195460154,"properties":{"addr:housenumber":"412-414","addr:postcode":"2000","addr:street":"George Street","building":"retail","name":"Strand Arcade","wikidata":"Q7766877"},"geometry":{"type":"LineString","coordinates":[[151.2081945,-33.869352],[151.2081888,-33.8694352],[151.2081856,-33.8695234],[151.2070668,-33.8695147],[151.2070673,-33.8694266],[151.2070689,-33.8693248],[151.2076528,-33.8693166],[151.2081945,-33.869352]]}},{"type":"Feature","id":214485654,"properties":{"addr:postcode":"2000","addr:suburb":"Sydney","branch":"Sydney","brand":"Westfield","brand:wikidata":"Q106623253","building":"retail","name":"Westfield Sydney","name:ko":"웨스트필드 시드니","name:zh":"悉尼塔","operator":"Scentre Group","operator:website":"www.scentregroup.com.au","operator:wikidata":"Q18378048","operator:wikipedia":"en:Scentre Group","shop":"mall","website":"https://www.westfield.com.au/sydney/","wikidata":"Q14935037"},"geometry":{"type":"LineString","coordinates":[[151.2095053,-33.8695977],[151.2090692,-33.8695654],[151.209014,-33.8695613],[151.2089956,-33.8695605],[151.2088981,-33.8695562],[151.2088984,-33.8696197],[151.2083808,-33.8695897],[151.2083753,-33.8698414],[151.2083572,-33.8706621],[151.20904,-33.8706646],[151.2091946,-33.8706622],[151.2092215,-33.8706618],[151.2092526,-33.8706613],[151.2093845,-33.8706593],[151.2094074,-33.870445],[151.2094096,-33.8704252],[151.2094118,-33.8704044],[151.2094242,-33.8702887],[151.2092983,-33.8702819],[151.2092989,-33.8702603],[151.2092996,-33.8702387],[151.2094296,-33.8702421],[151.2094618,-33.8699796],[151.2094307,-33.8699775],[151.2094384,-33.8698797],[151.2094694,-33.8698821],[151.2095053,-33.8695977]]}},{"type":"Feature","id":214485734,"properties":{"addr:postcode":"2000","building":"commercial","building:levels":"8","name":"Westfield Sydney Central Plaza","opening_hours":"Mo-Su 09:30-21:00","roof:colour":"white"},"geometry":{"type":"LineString","coordinates":[[151.2081585,-33.8700152],[151.2081493,-33.8701679],[151.2081383,-33.8703932],[151.2081371,-33.8704175],[151.2081359,-33.8704417],[151.2081354,-33.8704515],[151.208126,-33.8706571],[151.208125,-33.8706823],[151.2071371,-33.8706699],[151.2071358,-33.8706187],[151.2071354,-33.870603],[151.20712,-33.8706032],[151.2070605,-33.8706042],[151.207055,-33.8701934],[151.2070768,-33.8701933],[151.2070766,-33.8701388],[151.2070765,-33.8700972],[151.2074579,-33.8701022],[151.2076768,-33.870105],[151.2076772,-33.8700872],[151.2076783,-33.8700242],[151.2081585,-33.8700152]]}},{"type":"Feature","id":232448201,"properties":{"addr:housename":"AWA Building","addr:housenumber":"49-51","addr:street":"York Street","building":"office","building:levels":"14","height":"55","name":"Philippine Airlines Building","source:addr":"LPI Base Map May 2018"},"geometry":{"type":"LineString","coordinates":[[151.2057184,-33.8670048],[151.2057313,-33.8671132],[151.2055065,-33.8671315],[151.2054937,-33.8670231],[151.2057184,-33.8670048]]}},{"type":"Feature","id":232507334,"properties":{"addr:housename":"Capita Centre","addr:street":"Castlereagh Street","building":"office","building:levels":"31","height":"158","wikidata":"Q5035418","wikipedia":"en:Capita Centre"},"geometry":{"type":"LineString","coordinates":[[151.2098659,-33.8667979],[151.2094747,-33.8667744],[151.209384,-33.8667365],[151.2093816,-33.8667098],[151.2093493,-33.8667071],[151.2093603,-33.8666154],[151.2094523,-33.8666099],[151.2094604,-33.8664971],[151.2098886,-33.866533],[151.2098659,-33.8667979]]}},{"type":"Feature","id":235330385,"properties":{"cycleway:both":"no","highway":"unclassified","lanes":"4","maxspeed":"40","name":"Hunter Street","sidewalk":"both","source:location":"interpolation","source:maxspeed":"City of Sydney 40km/h maxzone description of bounds","source:name":"knowledge","surface":"asphalt","wikidata":"Q5944569"},"geometry":{"type":"LineString","coordinates":[[151.210047,-33.8662299],[151.2099545,-33.8662052],[151.2099228,-33.8661925],[151.2089087,-33.8657861],[151.2088603,-33.8657667]]}},{"type":"Feature","id":235499634,"properties":{"cycleway:both":"no","highway":"unclassified","lanes":"4","maxspeed":"40","name":"Hunter Street","source:location":"interpolation","source:maxspeed":"City of Sydney 40km/h maxzone description of bounds","source:name":"knowledge","surface":"asphalt","wikidata":"Q5944569"},"geometry":{"type":"LineString","coordinates":[[151.210757,-33.8663402],[151.2106172,-33.8663191],[151.21058,-33.8663135],[151.2101574,-33.8662496],[151.2101293,-33.8662449],[151.210047,-33.8662299]]}},{"type":"Feature","id":238240473,"properties":{"addr:housenumber":"163","addr:street":"Castlereagh Street","building":"yes","building:levels":"9","name":"Grand United Building"},"geometry":{"type":"LineString","coordinates":[[151.2091863,-33.8722225],[151.2092344,-33.8718194],[151.2087768,-33.8718241],[151.2087037,-33.8718279],[151.2086944,-33.8719946],[151.2088907,-33.8719934],[151.2088861,-33.8722192],[151.2091863,-33.8722225]]}},{"type":"Feature","id":245021282,"properties":{"access":"destination","foot":"yes","highway":"service","lit":"yes","maxspeed":"20","name":"George Street","note:access":"\"Local Traffic Only\"","oneway":"yes","sidewalk":"separate","surface":"paving_stones","turn:lanes":"right","wikidata":"Q3760653"},"geometry":{"type":"LineString","coordinates":[[151.2069527,-33.8687276],[151.2069477,-33.8687879],[151.2069458,-33.8688087],[151.2069388,-33.8689805],[151.2069383,-33.8694896],[151.2069389,-33.8696577],[151.2069382,-33.8697122],[151.2069383,-33.8697924],[151.2069387,-33.8700784],[151.2069389,-33.8701377],[151.2069382,-33.8702605],[151.2069579,-33.8703167],[151.2069791,-33.8703771],[151.2069841,-33.8706796],[151.2069853,-33.8707036],[151.2069853,-33.8707252],[151.2069869,-33.8707822]]}},{"type":"Feature","id":245021283,"properties":{"cycleway:left":"no","highway":"tertiary","lanes":"4","lit":"yes","maxspeed":"40","name":"Market Street","note":"Originally mapped by MichaelCollinson 2005/6","oneway":"yes","shoulder":"no","sidewalk:both":"separate","source:maxspeed":"City of Sydney 40km/h maxzone description of bounds","surface":"asphalt","turn:lanes":"left|none|none|none","verge":"no"},"geometry":{"type":"LineString","coordinates":[[151.2069869,-33.8707822],[151.2069617,-33.8707832],[151.2069264,-33.8707861],[151.2068324,-33.8707912],[151.2067985,-33.8707942],[151.2064323,-33.870828],[151.2063934,-33.870829],[151.2062871,-33.8708316]]}},{"type":"Feature","id":245021284,"properties":{"bicycle:backward":"yes","centreline":"solid|solid","cycleway:both":"no","highway":"tertiary","lanes":"5","lanes:backward":"1","lanes:forward":"4","lit":"yes","maxspeed":"40","motorcycle:backward":"yes","name":"Market Street","note":"Eastbound traffic is allowed on this way to permit routers access to QVB car park. Access is signposted as \"NO ENTRY; BUSES, TAXIS, SERVICE & Q. V. B. CARPARK VEHICLES EXCEPTED\".  Entry into York Street is access=destination to prevent through traffic.","oneway":"no","shoulder":"no","sidewalk:both":"separate","source:maxspeed":"City of Sydney 40km/h maxzone description of bounds","surface":"asphalt","turn:lanes:backward":"none|right","turn:lanes:forward":"none|none|none|right","verge":"no"},"geometry":{"type":"LineString","coordinates":[[151.2059807,-33.8708474],[151.2057016,-33.8708702],[151.2056224,-33.8708853],[151.2055374,-33.8709016]]}},{"type":"Feature","id":245381523,"properties":{"addr:housenumber":"5","addr:postcode":"2000","addr:street":"Martin Place","addr:suburb":"Sydney","building":"office","building:levels":"12","name":"Commonwealth Bank Building"},"geometry":{"type":"LineString","coordinates":[[151.2084665,-33.8682396],[151.2086196,-33.868251],[151.2088162,-33.8682656],[151.2088592,-33.8682689],[151.2091048,-33.8682871],[151.2091188,-33.8681919],[151.2091472,-33.867997],[151.20911,-33.8679938],[151.2091149,-33.8679503],[151.2091979,-33.8679585],[151.209204,-33.8679082],[151.2092179,-33.8677859],[151.2085305,-33.8677283],[151.2084665,-33.8682396]]}},{"type":"Feature","id":252133054,"properties":{"bicycle":"yes","highway":"pedestrian","lit":"yes","maxspeed":"40","maxspeed:advisory":"10","motorcar":"service","name":"Martin Place","smoking":"no","surface":"paving_stones","wheelchair":"yes","width":"34","wikidata":"Q761633"},"geometry":{"type":"LineString","coordinates":[[151.208539,-33.8674816],[151.2088367,-33.8675102],[151.2093132,-33.8675545],[151.2096611,-33.8675885],[151.2097909,-33.8675998]]}},{"type":"Feature","id":252253878,"properties":{"cycleway":"separate","highway":"unclassified","lanes":"1","lit":"yes","maxspeed":"40","name":"Pitt Street","oneway":"yes","sidewalk":"both","source":"nearmap","source:maxspeed":"City of Sydney 40km/h maxzone description of bounds","surface":"asphalt","wikidata":"Q4982428"},"geometry":{"type":"LineString","coordinates":[[151.2084752,-33.8675759],[151.208463,-33.8676704],[151.2084494,-33.8677751],[151.2084223,-33.8680942],[151.2084089,-33.8682522],[151.2083914,-33.8683884],[151.2083437,-33.8687607],[151.2083412,-33.86878],[151.2083318,-33.8688465],[151.2083262,-33.8688968]]}},{"type":"Feature","id":270316692,"properties":{"addr:housenumber":"488","addr:postcode":"2000","addr:state":"NSW","addr:street":"George Street","addr:suburb":"Sydney","brand":"Hilton","brand:wikidata":"Q598884","building":"hotel","building:levels":"4","contact:facebook":"https://www.facebook.com/HiltonSydney","contact:instagram":"https://instagram.com/hiltonsydney/","contact:linkedin":"https://www.linkedin.com/company/hilton-sydney","contact:twitter":"https://twitter.com/Hilton_Sydney","email":"sydney@hilton.com","fax":"+61 2 9265 6065","internet_access":"yes","internet_access:fee":"no","layer":"1","name":"Hilton Sydney","operator":"Hilton","phone":"+61 2 9266 2000","rooms":"587","smoking":"no","stars":"5","start_date":"1975","tourism":"hotel","website":"https://www.hilton.com/en/hotels/sydhitw-hilton-sydney/","wheelchair":"yes","wikidata":"Q69383898"},"geometry":{"type":"LineString","coordinates":[[151.2071316,-33.8720219],[151.2076715,-33.8720383],[151.2076713,-33.8721023],[151.2080598,-33.8721213],[151.2080878,-33.8715204],[151.2077094,-33.871514],[151.2076764,-33.8715134],[151.2076757,-33.8715381],[151.207673,-33.8716264],[151.2071235,-33.871649],[151.2071308,-33.8719885],[151.2071316,-33.8720219]]}},{"type":"Feature","id":270319610,"properties":{"building":"commercial","building:levels":"5","name":"Mid City Centre","wikidata":"Q6840939"},"geometry":{"type":"LineString","coordinates":[[151.2070668,-33.8695147],[151.207066,-33.8697124],[151.2070663,-33.8697801],[151.2076826,-33.8697878],[151.2076823,-33.8698051],[151.2076783,-33.8700242],[151.2081585,-33.8700152],[151.2081749,-33.8697177],[151.2081856,-33.8695234],[151.2070668,-33.8695147]]}},{"type":"Feature","id":271408282,"properties":{"building":"yes"},"geometry":{"type":"LineString","coordinates":[[151.2104281,-33.8706843],[151.2104269,-33.8706954],[151.2105076,-33.8707013],[151.210502,-33.8707706],[151.2104196,-33.8707664],[151.2104181,-33.8707804],[151.2103901,-33.8707783],[151.2103955,-33.8707284],[151.2104004,-33.8706823],[151.2104281,-33.8706843]]}},{"type":"Feature","id":273641207,"properties":{"access:lanes":"destination|||","bicycle":"designated","cycleway:left":"share_busway","emergency":"designated","highway":"tertiary","lanes":"4","lit":"yes","maxspeed":"40","motorcycle":"designated","name":"Clarence Street","oneway":"yes","oneway:bicycle":"yes","psv":"designated","shoulder":"no","sidewalk:both":"separate","smoothness":"excellent","source:maxspeed":"City of Sydney 40km/h maxzone description of bounds","surface":"asphalt","verge":"no","width":"12"},"geometry":{"type":"LineString","coordinates":[[151.2055374,-33.8709016],[151.2055221,-33.8707793],[151.2054851,-33.870495],[151.205458,-33.8702869]]}},{"type":"Feature","id":282238525,"properties":{"addr:housenumber":"1","addr:postcode":"2000","addr:street":"Martin Place","alt_name":"GPO","building":"office","building:levels":"5","heritage":"yes","name":"Sydney General Post Office","opening_hours":"Mo-Fr 08:15-17:30; Sa 10:00-14:00","payment:credit_cards":"yes","wikidata":"Q5532119","wikipedia":"en:General Post Office, Sydney"},"geometry":{"type":"LineString","coordinates":[[151.2071993,-33.8676015],[151.2071574,-33.8679142],[151.2072868,-33.8679264],[151.2081626,-33.8680086],[151.2082035,-33.8676943],[151.2077919,-33.8676563],[151.2076998,-33.8676477],[151.2071993,-33.8676015]]}},{"type":"Feature","id":311692479,"properties":{"cycleway:left":"share_busway","highway":"tertiary","lanes":"3","lit":"yes","maxspeed":"50","name":"York Street","oneway":"yes","oneway:bicycle":"yes","sidewalk:both":"separate","source:maxspeed":"survey","surface":"asphalt"},"geometry":{"type":"LineString","coordinates":[[151.2062689,-33.8707076],[151.2062871,-33.8708316]]}},{"type":"Feature","id":312068815,"properties":{"building":"yes","building:levels":"22","name":"St James Centre"},"geometry":{"type":"LineString","coordinates":[[151.2102209,-33.8695838],[151.2101725,-33.8699642],[151.2099612,-33.8699454],[151.2099855,-33.8697807],[151.2099403,-33.8697762],[151.2099533,-33.8696958],[151.2099967,-33.8696997],[151.2100012,-33.8696707],[151.2100219,-33.8695376],[151.2101241,-33.8695456],[151.2101222,-33.8695714],[151.2102209,-33.8695838]]}},{"type":"Feature","id":312068816,"properties":{"building":"yes","building:levels":"14","name":"ADC House"},"geometry":{"type":"LineString","coordinates":[[151.2102209,-33.8695838],[151.2101222,-33.8695714],[151.2101241,-33.8695456],[151.2100219,-33.8695376],[151.2100398,-33.8693851],[151.2099892,-33.8693796],[151.2100116,-33.8692287],[151.2102672,-33.869271],[151.2102209,-33.8695838]]}},{"type":"Feature","id":312068817,"properties":{"addr:housenumber":"86-108","addr:street":"Castlereagh Street","brand":"David Jones","brand:wikidata":"Q5235753","building":"retail","building:levels":"9","check_date":"2024-10","name":"David Jones","opening_hours":"Mo-We, Fr 09:30-19:00; Th 09:30-21:00; Sa 09:00-19:00; Su 10:00-19:00","phone:AU":"13 33 57","shop":"department_store","website":"https://www.davidjones.com/stores/elizabeth-street"},"geometry":{"type":"LineString","coordinates":[[151.2095859,-33.8705836],[151.209601,-33.8704772],[151.2096039,-33.8704569],[151.2096071,-33.8704344],[151.2096722,-33.8699196],[151.2099612,-33.8699454],[151.2101725,-33.8699642],[151.2100878,-33.8705808],[151.2100198,-33.8706324],[151.209652,-33.8706452],[151.2095859,-33.8705836]]}},{"type":"Feature","id":317347811,"properties":{"addr:housenumber":"53","addr:street":"Martin Place","building":"commercial","building:levels":"14","name":"Overseas Union Bank","source:addr":"LPI Base Map May 2018"},"geometry":{"type":"LineString","coordinates":[[151.2107074,-33.8679387],[151.2107439,-33.8679138],[151.2110835,-33.8679451],[151.2111083,-33.8679751],[151.2110928,-33.8680948],[151.2106939,-33.868058],[151.2107074,-33.8679387]]}},{"type":"Feature","id":324139693,"properties":{"administration":"Regional","bicycle:lanes:backward":"designated||","classified":"yes","cycleway:right":"share_busway","highway":"secondary","lanes":"6","lanes:backward":"3","lanes:forward":"3","lit":"yes","maxspeed":"40","motorcycle:lanes:backward":"designated||","name":"Elizabeth Street","owner":"City of Sydney","owner:wikidata":"Q1094194","psv:lanes:backward":"designated||","sidewalk:both":"separate","sidewalk:both:surface":"paving_stones","smoothness":"excellent","source:maxspeed":"City of Sydney 40km/h maxzone description of bounds","surface":"asphalt"},"geometry":{"type":"LineString","coordinates":[[151.2102321,-33.870425],[151.2102143,-33.8705627],[151.2102035,-33.8706483],[151.2101987,-33.8707469]]}},{"type":"Feature","id":324785023,"properties":{"administration":"Regional","classified":"yes","highway":"secondary","lanes":"4","maxspeed":"40","name":"King Street","oneway":"yes","owner":"City of Sydney","owner:wikidata":"Q1094194","parking:right":"lane","smoothness":"good","source:maxspeed":"City of Sydney 40km/h maxzone description of bounds","surface":"asphalt","wikidata":"Q6412085"},"geometry":{"type":"LineString","coordinates":[[151.2069527,-33.8687276],[151.2069709,-33.8687295],[151.207014,-33.8687339],[151.2070731,-33.86874],[151.2071261,-33.8687466],[151.2073309,-33.8687722]]}},{"type":"Feature","id":324785034,"properties":{"cycleway:left":"share_busway","highway":"tertiary","lanes":"3","maxspeed":"40","name":"York Street","oneway":"yes","oneway:bicycle":"yes","sidewalk:both":"separate","smoothness":"intermediate","source:maxspeed":"City of Sydney 40km/h maxzone description of bounds","surface":"asphalt"},"geometry":{"type":"LineString","coordinates":[[151.2059172,-33.8676919],[151.205926,-33.867772],[151.2059778,-33.868282],[151.2059807,-33.8683045],[151.2060181,-33.8685636],[151.2060225,-33.8685943],[151.2060279,-33.8686312],[151.2060332,-33.868665]]}},{"type":"Feature","id":324785049,"properties":{"cycleway:left":"share_busway","highway":"tertiary","lanes":"4","lit":"yes","maxspeed":"40","name":"York Street","oneway":"yes","oneway:bicycle":"yes","sidewalk:both":"separate","sidewalk:both:surface":"paving_stones","smoothness":"intermediate","source:maxspeed":"City of Sydney 40km/h maxzone description of bounds","surface":"asphalt"},"geometry":{"type":"LineString","coordinates":[[151.2060332,-33.868665],[151.2060424,-33.8687439],[151.206136,-33.8695049],[151.2062036,-33.8701391],[151.2062614,-33.8706524]]}},{"type":"Feature","id":335687880,"properties":{"building":"office","building:levels":"25","name":"Standard Chartered House"},"geometry":{"type":"LineString","coordinates":[[151.2098385,-33.8664988],[151.2097099,-33.8664525],[151.2096952,-33.8664806],[151.2095196,-33.8664208],[151.2096225,-33.8662049],[151.2099267,-33.8663076],[151.2098385,-33.8664988]]}},{"type":"Feature","id":335699128,"properties":{"addr:housenumber":"345","addr:street":"George Street","building":"commercial","building:levels":"15","name":"Landmark Centre","roof:colour":"white"},"geometry":{"type":"LineString","coordinates":[[151.2064895,-33.8677387],[151.206924,-33.8677291],[151.2069466,-33.8677496],[151.2069066,-33.8681097],[151.206508,-33.8681294],[151.206505,-33.8680635],[151.2064895,-33.8677387]]}},{"type":"Feature","id":335699129,"properties":{"addr:housenumber":"357-363","addr:street":"George Street","building":"commercial","building:levels":"33","name":"Commsec Tower","source:addr":"LPI Base Map May 2018"},"geometry":{"type":"LineString","coordinates":[[151.2062605,-33.8681639],[151.2063457,-33.8681704],[151.206793,-33.8682047],[151.20679,-33.8682366],[151.206765,-33.8684505],[151.2067579,-33.8685206],[151.2064892,-33.8685],[151.2064942,-33.8684545],[151.2062305,-33.8684342],[151.2062556,-33.8682079],[151.2062605,-33.8681639]]}},{"type":"Feature","id":335699130,"properties":{"addr:housenumber":"185","addr:street":"Clarence Street","building":"retail","building:levels":"6","source:addr":"LPI Base Map May 2018"},"geometry":{"type":"LineString","coordinates":[[151.2047472,-33.8692112],[151.2052049,-33.8691752],[151.2052195,-33.8692758],[151.2050013,-33.8692987],[151.2047613,-33.8693239],[151.2047472,-33.8692112]]}},{"type":"Feature","id":335699132,"properties":{"addr:housenumber":"181","addr:street":"Clarence Street","building":"apartments","building:levels":"8","name":"Broughton House"},"geometry":{"type":"LineString","coordinates":[[151.2047079,-33.8688805],[151.2047338,-33.8688546],[151.2051641,-33.8688289],[151.2051928,-33.8690701],[151.2047351,-33.8690993],[151.2047079,-33.8688805]]}},{"type":"Feature","id":335699134,"properties":{"addr:housenumber":"60","addr:street":"Castlereagh Street","building":"office","building:levels":"27","building:part":"yes","height":"15","name":"BNP Paribas Centre"},"geometry":{"type":"LineString","coordinates":[[151.2103151,-33.8687326],[151.2101595,-33.8687197],[151.2100859,-33.8687136],[151.2098264,-33.8686888],[151.2098834,-33.8682222],[151.209907,-33.8682243],[151.210354,-33.8682631],[151.2103664,-33.8682642],[151.2103151,-33.8687326]]}},{"type":"Feature","id":353552750,"properties":{"area":"yes","highway":"pedestrian","lit":"yes","name":"Pitt Street Mall","surface":"paving_stones"},"geometry":{"type":"LineString","coordinates":[[151.2081241,-33.8707064],[151.2081244,-33.8707271],[151.2082294,-33.8707248],[151.2083461,-33.8707223],[151.2083461,-33.8707037],[151.2083462,-33.8706619],[151.2083572,-33.8706621],[151.2083617,-33.8704569],[151.2083622,-33.8704335],[151.2083627,-33.8704101],[151.2083753,-33.8698414],[151.2083808,-33.8695897],[151.2083851,-33.8694635],[151.2083936,-33.8692121],[151.2083969,-33.8691164],[151.2084006,-33.8690064],[151.2084337,-33.868985],[151.2084353,-33.8689684],[151.208438,-33.8689472],[151.2084008,-33.8689433],[151.2083246,-33.8689355],[151.2082159,-33.8689242],[151.2082031,-33.8689229],[151.2082011,-33.8689442],[151.2081987,-33.8689701],[151.2082081,-33.8689801],[151.2082021,-33.8691438],[151.2082006,-33.869186],[151.2081987,-33.8692379],[151.2081945,-33.869352],[151.2081888,-33.8694352],[151.2081856,-33.8695234],[151.2081749,-33.8697177],[151.2081585,-33.8700152],[151.2081493,-33.8701679],[151.2081383,-33.8703932],[151.2081371,-33.8704175],[151.2081359,-33.8704417],[151.2081354,-33.8704515],[151.208126,-33.8706571],[151.208125,-33.8706823],[151.2081241,-33.8707064]]}},{"type":"Feature","id":378056657,"properties":{"administration":"Regional","bicycle:lanes:backward":"designated||","bicycle:lanes:forward":"no|","classified":"yes","cycleway:right":"share_busway","highway":"secondary","lanes":"5","lanes:backward":"3","lanes:forward":"2","lit":"yes","maxspeed":"40","motorcycle:lanes:backward":"designated||","motorcycle:lanes:forward":"no|","name":"Elizabeth Street","owner":"City of Sydney","owner:wikidata":"Q1094194","placement":"transition","psv:lanes:backward":"designated||","psv:lanes:forward":"designated|","sidewalk:both:surface":"paving_stones","sidewalk:left":"no","sidewalk:right":"separate","smoothness":"good","source:maxspeed":"City of Sydney 40km/h maxzone description of bounds","surface":"asphalt"},"geometry":{"type":"LineString","coordinates":[[151.2103124,-33.8698195],[151.2102638,-33.8701737],[151.2102321,-33.870425]]}},{"type":"Feature","id":386563341,"properties":{"addr:housenumber":"16-30A","addr:street":"Martin Place","building":"commercial","building:levels":"19","name":"ANZ Bank","source:addr":"LPI Base Map May 2018"},"geometry":{"type":"LineString","coordinates":[[151.2085829,-33.8672648],[151.2085744,-33.8673295],[151.2085634,-33.8674515],[151.2090119,-33.8674895],[151.2090378,-33.8673029],[151.2090029,-33.8672992],[151.2090067,-33.8672715],[151.2089711,-33.8672678],[151.208634,-33.867233],[151.2086211,-33.8672317],[151.2086157,-33.8672687],[151.2085829,-33.8672648]]}},{"type":"Feature","id":386563342,"properties":{"addr:housenumber":"333","addr:street":"George Street","building":"office","building:levels":"12","check_date":"2025-09-06"},"geometry":{"type":"LineString","coordinates":[[151.2067668,-33.866627],[151.2069133,-33.8666391],[151.2069486,-33.866642],[151.206978,-33.8666445],[151.20701,-33.8666471],[151.2070331,-33.866649],[151.2070615,-33.8666513],[151.2070324,-33.8669408],[151.2070283,-33.8669658],[151.2070186,-33.8669829],[151.2070076,-33.8669961],[151.2069927,-33.8670065],[151.2069792,-33.8670134],[151.2069581,-33.8670154],[151.2068383,-33.8670072],[151.206817,-33.8670057],[151.2067862,-33.8670037],[151.2067721,-33.8670007],[151.20676,-33.8669949],[151.2067472,-33.8669862],[151.2067383,-33.8669761],[151.2067341,-33.8669648],[151.2067314,-33.8669515],[151.2067316,-33.8669404],[151.2067448,-33.8668234],[151.2067504,-33.8667733],[151.2067668,-33.866627]]}},{"type":"Feature","id":386563344,"properties":{"addr:housenumber":"2","addr:street":"Martin Place","building":"commercial","building:levels":"7","check_date":"2023-09-09","source:addr":"LPI Base Map May 2018"},"geometry":{"type":"LineString","coordinates":[[151.2072186,-33.8672661],[151.2072383,-33.8671164],[151.2075477,-33.8671444],[151.2076201,-33.8671978],[151.2076002,-33.8673465],[151.2072611,-33.8673152],[151.2072186,-33.8672661]]}},{"type":"Feature","id":386563349,"properties":{"addr:housenumber":"36-46","addr:street":"Martin Place","building":"office","building:architecture":"art_deco","building:levels":"12","name":"MLC Building","source:addr":"LPI Base Map May 2018","wikidata":"Q60055197"},"geometry":{"type":"LineString","coordinates":[[151.2094793,-33.8671978],[151.2096261,-33.8672092],[151.2098103,-33.8672236],[151.2097646,-33.8675538],[151.2094384,-33.8675254],[151.2094793,-33.8671978]]}},{"type":"Feature","id":386563352,"properties":{"building":"office","building:levels":"13"},"geometry":{"type":"LineString","coordinates":[[151.2094793,-33.8671978],[151.2092409,-33.8671762],[151.2091994,-33.8675059],[151.2092862,-33.867513],[151.2092867,-33.8675027],[151.2092974,-33.8675139],[151.2093098,-33.8675047],[151.2093193,-33.8675157],[151.209331,-33.8675065],[151.2093405,-33.8675174],[151.2093533,-33.8675084],[151.2093513,-33.8675183],[151.2094384,-33.8675254],[151.2094793,-33.8671978]]}},{"type":"Feature","id":386563353,"properties":{"building":"yes","building:levels":"13","name":"Paxton House"},"geometry":{"type":"LineString","coordinates":[[151.2086482,-33.8671148],[151.208982,-33.8671495],[151.2089711,-33.8672678],[151.208634,-33.867233],[151.2086482,-33.8671148]]}},{"type":"Feature","id":386563356,"properties":{"addr:housenumber":"48","addr:postcode":"2000","addr:state":"NSW","addr:street":"Martin Place","building":"office","building:levels":"5","wikidata":"Q7603516","wikipedia":"en:State Savings Bank Building"},"geometry":{"type":"LineString","coordinates":[[151.210036,-33.8669995],[151.2099708,-33.8675592],[151.2104486,-33.8676042],[151.2105048,-33.8670718],[151.210036,-33.8669995]]}},{"type":"Feature","id":386563854,"properties":{"addr:housenumber":"388","addr:street":"George Street","building":"office","name":"Queen Victoria Building"},"geometry":{"type":"LineString","coordinates":[[151.2071228,-33.8682744],[151.2071025,-33.8682722],[151.2070767,-33.8685646],[151.2070821,-33.8685837],[151.2070981,-33.8685996],[151.20712,-33.8686121],[151.2071342,-33.8686166],[151.2073785,-33.868641],[151.2074856,-33.8686153],[151.2074846,-33.8686486],[151.207612,-33.8686621],[151.207638,-33.8684356],[151.2076935,-33.8683849],[151.2077049,-33.8682998],[151.2077184,-33.8681993],[151.2074556,-33.8681751],[151.2074076,-33.8681706],[151.2071358,-33.8681331],[151.2071228,-33.8682744]]}},{"type":"Feature","id":386564451,"properties":{"addr:housenumber":"65-77","addr:street":"Market Street","building":"commercial","building:levels":"9","check_date":"2024-10","mapillary":"1589102888709398","source:addr":"LPI Base Map May 2018"},"geometry":{"type":"LineString","coordinates":[[151.2086719,-33.8708372],[151.2091667,-33.8708303],[151.2091985,-33.8708298],[151.2092266,-33.8708294],[151.2093089,-33.8708283],[151.2093317,-33.8708294],[151.2093491,-33.8708372],[151.2093598,-33.8708506],[151.2093598,-33.8708695],[151.2093178,-33.8712172],[151.2093048,-33.8713249],[151.2089069,-33.8713252],[151.2089053,-33.8709764],[151.2086723,-33.870989],[151.2086719,-33.8708372]]}},{"type":"Feature","id":386564452,"properties":{"addr:housenumber":"130","addr:street":"Pitt Street","addr:suburb":"Sydney","building":"yes","building:levels":"17"},"geometry":{"type":"LineString","coordinates":[[151.2084881,-33.8683786],[151.2087433,-33.8684059],[151.2087557,-33.8684187],[151.208693,-33.868721],[151.2086759,-33.8687316],[151.2086277,-33.868725],[151.2086175,-33.868719],[151.2085339,-33.868715],[151.2085212,-33.8687265],[151.2084533,-33.8687217],[151.2084406,-33.8687082],[151.2084454,-33.868657],[151.2084549,-33.8686503],[151.2084565,-33.8686413],[151.208449,-33.8686345],[151.2084527,-33.8685886],[151.2084602,-33.8685836],[151.2084605,-33.8685769],[151.2084475,-33.8685636],[151.2084512,-33.8685293],[151.2084692,-33.8685174],[151.2084703,-33.8685102],[151.2084618,-33.8685048],[151.2084662,-33.8684584],[151.2084777,-33.8684538],[151.2084781,-33.8684463],[151.2084684,-33.8684368],[151.208474,-33.8683904],[151.2084881,-33.8683786]]}},{"type":"Feature","id":386570921,"properties":{"building":"office","building:levels":"4"},"geometry":{"type":"LineString","coordinates":[[151.2070689,-33.8693248],[151.2070679,-33.8690838],[151.2070669,-33.8688554],[151.2070843,-33.8688398],[151.207753,-33.8689211],[151.2076996,-33.8692104],[151.2076583,-33.8692062],[151.2076528,-33.8693166],[151.2070689,-33.8693248]]}},{"type":"Feature","id":386570922,"properties":{"building":"commercial","building:levels":"3"},"geometry":{"type":"LineString","coordinates":[[151.2082021,-33.8691438],[151.2082081,-33.8689801],[151.2081987,-33.8689701],[151.2078562,-33.8689324],[151.2078603,-33.8689549],[151.2078752,-33.8689861],[151.2078937,-33.8690164],[151.2079164,-33.8690441],[151.2079432,-33.8690684],[151.2079755,-33.8690902],[151.2080083,-33.8691095],[151.2080447,-33.8691229],[151.2080823,-33.8691343],[151.2081211,-33.8691403],[151.2081536,-33.8691427],[151.2082021,-33.8691438]]}},{"type":"Feature","id":387742505,"properties":{"addr:housenumber":"220","addr:street":"Pitt Street","building":"yes","building:levels":"6","name":"Banking House"},"geometry":{"type":"LineString","coordinates":[[151.2082947,-33.8716667],[151.2082866,-33.8718493],[151.2086172,-33.8718323],[151.2087037,-33.8718279],[151.2087768,-33.8718241],[151.2087627,-33.8716433],[151.2082947,-33.8716667]]}},{"type":"Feature","id":387743064,"properties":{"addr:housenumber":"49","addr:street":"Market Street","building":"retail","building:levels":"12","building:material":"plaster","layer":"1","name":"State Theatre Building"},"geometry":{"type":"LineString","coordinates":[[151.20736,-33.8708243],[151.207386,-33.8708247],[151.2076602,-33.8708206],[151.2076636,-33.8712039],[151.2074184,-33.8712082],[151.2074115,-33.8709576],[151.2073599,-33.8709597],[151.20736,-33.8708243]]}},{"type":"Feature","id":387743065,"properties":{"building":"retail","building:levels":"12","name":"Gowings Building"},"geometry":{"type":"LineString","coordinates":[[151.20736,-33.8708243],[151.2071073,-33.8708265],[151.2070743,-33.8708592],[151.2070855,-33.8710625],[151.2072323,-33.8710635],[151.2072318,-33.8710362],[151.2073646,-33.8710335],[151.2073599,-33.8709597],[151.20736,-33.8708243]]}},{"type":"Feature","id":387746749,"properties":{"addr:housenumber":"82","addr:street":"Elizabeth Street","building":"yes","building:levels":"15","name":"St James Hall","source:addr":"LPI Base Map May 2018","wikidata":"Q7593457"},"geometry":{"type":"LineString","coordinates":[[151.2106253,-33.8686635],[151.2106011,-33.8688922],[151.2106877,-33.8688997],[151.210904,-33.8689184],[151.2109874,-33.8689256],[151.2110145,-33.8686974],[151.2106253,-33.8686635]]}},{"type":"Feature","id":387746750,"properties":{"addr:housenumber":"165","addr:street":"Phillip Street","building":"yes","building:levels":"12","name":"Lawson Place","source:addr":"LPI Base Map May 2018"},"geometry":{"type":"LineString","coordinates":[[151.2106552,-33.8683994],[151.2106253,-33.8686635],[151.2110145,-33.8686974],[151.2110495,-33.868428],[151.2106552,-33.8683994]]}},{"type":"Feature","id":387746751,"properties":{"addr:housenumber":"60","addr:street":"Elizabeth Street","building":"yes","building:levels":"12","name":"Sun Building","source:addr":"LPI Base Map May 2018","wikidata":"Q48789734"},"geometry":{"type":"LineString","coordinates":[[151.2106939,-33.868058],[151.2106552,-33.8683994],[151.2110495,-33.868428],[151.2110928,-33.8680948],[151.2106939,-33.868058]]}},{"type":"Feature","id":387747529,"properties":{"addr:housenumber":"155-159","addr:street":"King Street","building":"commercial","building:levels":"12","name":"Trust Building","source:addr":"LPI Base Map May 2018","wikidata":"Q60189783"},"geometry":{"type":"LineString","coordinates":[[151.209753,-33.8692067],[151.2097851,-33.8691804],[151.2100135,-33.8692164],[151.2100116,-33.8692287],[151.2099892,-33.8693796],[151.2099763,-33.8694919],[151.2099498,-33.869489],[151.2097252,-33.869464],[151.209753,-33.8692067]]}},{"type":"Feature","id":387747530,"properties":{"amenity":"courthouse","building":"yes","building:levels":"2","historic":"yes","name":"King Street Courts"},"geometry":{"type":"LineString","coordinates":[[151.2104921,-33.8692816],[151.2108569,-33.8693157],[151.210851,-33.8693593],[151.2108023,-33.8693548],[151.2107656,-33.8696248],[151.2107332,-33.8696218],[151.2107309,-33.8696388],[151.2105486,-33.8696218],[151.2105591,-33.8695451],[151.2105178,-33.8695412],[151.2105158,-33.8695555],[151.2104557,-33.8695499],[151.2104921,-33.8692816]]}},{"type":"Feature","id":389002705,"properties":{"addr:housename":"Substation №164","addr:housenumber":"183-185","addr:postcode":"2000","addr:state":"NSW","addr:street":"Clarence Street","addr:suburb":"Sydney","amenity":"theatre","building":"yes","building:levels":"5","capacity":"400","hearing_loop":"yes","name":"Machine Hall","old:website":"https://www.substation164.com","start_date":"2024-05-24","was:power":"substation","website":"https://machinehall.ai"},"geometry":{"type":"LineString","coordinates":[[151.2047351,-33.8690993],[151.2047412,-33.8691553],[151.2047472,-33.8692112],[151.2052049,-33.8691752],[151.2051988,-33.8691227],[151.2051928,-33.8690701],[151.2047351,-33.8690993]]}},{"type":"Feature","id":389002730,"properties":{"building":"retail","building:levels":"12","name":"Skyview"},"geometry":{"type":"LineString","coordinates":[[151.2068255,-33.870557],[151.2063641,-33.870567],[151.2063334,-33.8702329],[151.2063753,-33.8702287],[151.2066029,-33.8702062],[151.2066003,-33.8702213],[151.2068242,-33.8702246],[151.2068255,-33.870557]]}},{"type":"Feature","id":389002924,"properties":{"addr:housenumber":"122","addr:street":"Castlereagh Street","building":"yes","building:levels":"7","source:addr":"LPI Base Map May 2018"},"geometry":{"type":"LineString","coordinates":[[151.2095292,-33.8712707],[151.2095479,-33.8709929],[151.2097941,-33.8710045],[151.2097897,-33.8710455],[151.2097754,-33.8711506],[151.2098072,-33.871153],[151.2098052,-33.8711729],[151.209796,-33.8712668],[151.2096636,-33.8712583],[151.2096465,-33.8712777],[151.2095292,-33.8712707]]}},{"type":"Feature","id":389002925,"properties":{"building":"yes","building:levels":"12"},"geometry":{"type":"LineString","coordinates":[[151.2094492,-33.8719303],[151.2094598,-33.8718427],[151.209517,-33.8713752],[151.2095181,-33.871362],[151.2095191,-33.8713505],[151.2095292,-33.8712707],[151.2096465,-33.8712777],[151.2096636,-33.8712583],[151.209796,-33.8712668],[151.2098198,-33.8712542],[151.2098293,-33.8711748],[151.2098845,-33.871179],[151.2099448,-33.8711836],[151.2099806,-33.8711864],[151.2100186,-33.8711895],[151.2099892,-33.8714301],[151.2099484,-33.8717584],[151.2099228,-33.8719656],[151.2098824,-33.8719626],[151.2098489,-33.8719601],[151.2097856,-33.8719554],[151.2097374,-33.8719518],[151.2097002,-33.871949],[151.2096521,-33.8719454],[151.2096172,-33.8719428],[151.2094492,-33.8719303]]}},{"type":"Feature","id":389002928,"properties":{"addr:housenumber":"135-137C","addr:street":"Elizabeth Street","building":"yes","building:levels":"14","name":"ADC House","source:addr":"LPI Base Map May 2018"},"geometry":{"type":"LineString","coordinates":[[151.2100375,-33.8710107],[151.2097941,-33.8710045],[151.2095479,-33.8709929],[151.209565,-33.870843],[151.2095955,-33.8708203],[151.2100236,-33.8708183],[151.2100584,-33.8708441],[151.2100375,-33.8710107]]}},{"type":"Feature","id":408466887,"properties":{"administration":"Regional","classified":"no","cycleway":"share_busway","highway":"tertiary","lanes":"5","lanes:backward":"2","lanes:forward":"3","maxspeed":"40","motorcycle:lanes:forward":"|designated|","name":"Elizabeth Street","owner:wikidata":"Q1094194","psv:lanes:forward":"|designated|","sidewalk":"both","sidewalk:both:surface":"paving_stones","smoothness":"good","source:maxspeed":"City of Sydney 40km/h maxzone description of bounds","surface":"asphalt"},"geometry":{"type":"LineString","coordinates":[[151.210449,-33.8689428],[151.2104325,-33.8690547],[151.2104281,-33.8690845],[151.2104241,-33.8691114],[151.2104189,-33.8691395],[151.210408,-33.8691855]]}},{"type":"Feature","id":408466893,"properties":{"access:lanes:forward:conditional":"no| @ (Mo-Fr 06:00-20:00,15:00-20:00; Sa,Su,PH 10:00-18:00)","administration":"Regional","bicycle:lanes:forward":"|designated|","bicycle:lanes:forward:conditional":"designated| @ (Mo-Fr 06:00-20:00,15:00-20:00; Sa,Su,PH 10:00-18:00)","classified":"no","cycleway":"share_busway","highway":"tertiary","lanes":"6","lanes:backward":"3","lanes:forward":"2","lit":"yes","maxspeed":"40","motorcycle:lanes:backward":"designated||","motorcycle:lanes:forward":"|designated|","name":"Elizabeth Street","owner:wikidata":"Q1094194","psv:lanes:backward":"designated||","psv:lanes:forward":"|designated|","sidewalk":"both","sidewalk:both:bicycle":"yes","sidewalk:both:surface":"concrete:plates","smoothness":"good","source:maxspeed":"City of Sydney 40km/h maxzone description of bounds","surface":"asphalt"},"geometry":{"type":"LineString","coordinates":[[151.2105142,-33.8682617],[151.210466,-33.8687655]]}},{"type":"Feature","id":408468005,"properties":{"access:lanes:conditional":"no| @ (Mo-Fr 15:00-20:00)","cycleway:left":"no","cycleway:right":"separate","highway":"unclassified","lanes":"2","maxspeed":"40","name":"Castlereagh Street","oneway":"yes","oneway:bicycle":"yes","parking:left":"no","parking:left:restriction":"no_stopping","psv:lanes:conditional":"designated| @ (Mo-Fr 15:00-20:00)","sidewalk":"both","source:maxspeed":"City of Sydney 40km/h maxzone description of bounds","surface":"asphalt","turn:lanes":"||right","wikidata":"Q5050585"},"geometry":{"type":"LineString","coordinates":[[151.2095957,-33.8698876],[151.209574,-33.8700588],[151.2095501,-33.8702811]]}},{"type":"Feature","id":409035058,"properties":{"addr:housenumber":"60-62","addr:street":"York Street","building":"yes","source":"Bing","source:addr":"LPI Base Map May 2018"},"geometry":{"type":"LineString","coordinates":[[151.206294,-33.8699048],[151.2065479,-33.8698864],[151.2065605,-33.870061],[151.2063134,-33.8700702],[151.206294,-33.8699048]]}},{"type":"Feature","id":409035060,"properties":{"addr:street":"York Street","building":"yes","building:levels":"13","source":"Bing"},"geometry":{"type":"LineString","coordinates":[[151.2056856,-33.8697747],[151.2057392,-33.8697698],[151.2057852,-33.8697657],[151.2060423,-33.8697425],[151.2060612,-33.8699003],[151.2057217,-33.869934],[151.2057042,-33.8699357],[151.2056856,-33.8697747]]}},{"type":"Feature","id":409035066,"properties":{"addr:postcode":"2000","addr:state":"NSW","addr:street":"Pitt Street","addr:suburb":"Sydney","addr:unit":"68","building":"retail","building:levels":"1","name":"CUPRA City Garage Sydney","smoking":"isolated","source":"Bing;gps;local knowledge;aerial imagery;streetlevel imagery;survey"},"geometry":{"type":"LineString","coordinates":[[151.2088706,-33.8658628],[151.2090151,-33.8659253],[151.20894,-33.8660234],[151.208922,-33.8660476],[151.2088841,-33.8661071],[151.2088183,-33.8660933],[151.2088684,-33.8660067],[151.2088011,-33.8659774],[151.2088706,-33.8658628]]}},{"type":"Feature","id":409035081,"properties":{"addr:housenumber":"350","addr:postcode":"2000","addr:state":"NSW","addr:street":"George Street","addr:suburb":"Sydney","building":"office","building:levels":"7","source":"Bing"},"geometry":{"type":"LineString","coordinates":[[151.2072655,-33.8667976],[151.2075823,-33.8668267],[151.2075482,-33.8670944],[151.2072335,-33.8670613],[151.2072655,-33.8667976]]}},{"type":"Feature","id":409035107,"properties":{"addr:housenumber":"309-315","addr:street":"George Street","building":"yes","building:levels":"13","source":"Bing","source:addr":"LPI Base Map May 2018"},"geometry":{"type":"LineString","coordinates":[[151.2068354,-33.8659932],[151.2071358,-33.8660139],[151.2071316,-33.8660511],[151.2071017,-33.8662909],[151.2068034,-33.8662697],[151.2068354,-33.8659932]]}},{"type":"Feature","id":409035109,"properties":{"addr:housenumber":"76-78","addr:street":"Pitt Street","building":"industrial","building:levels":"16","industrial":"telecom","name":"Pitt Telephone Exchange","operator":"Telstra","operator:wikidata":"Q721162","source":"Bing","telecom":"exchange"},"geometry":{"type":"LineString","coordinates":[[151.208753,-33.8663752],[151.2092262,-33.8664091],[151.2092246,-33.8664364],[151.2093793,-33.8664573],[151.2093735,-33.8665096],[151.2094578,-33.866518],[151.2094523,-33.8666099],[151.2093603,-33.8666154],[151.2093257,-33.8666174],[151.2091992,-33.8666049],[151.2087244,-33.8665631],[151.2087371,-33.8664803],[151.208753,-33.8663752]]}},{"type":"Feature","id":409035134,"properties":{"addr:housenumber":"95-99","addr:street":"York Street","building":"office","building:architecture":"modern","building:levels":"13","name":"Forestry House","source":"Bing"},"geometry":{"type":"LineString","coordinates":[[151.2055853,-33.8700597],[151.2057391,-33.8700411],[151.2060409,-33.8700046],[151.2060713,-33.8699999],[151.2060902,-33.8701995],[151.2059572,-33.8702189],[151.205838,-33.8702363],[151.2058427,-33.8702732],[151.2057016,-33.8702882],[151.2055626,-33.8703029],[151.205561,-33.8702778],[151.2055273,-33.8700654],[151.2055526,-33.8700623],[151.2055853,-33.8700597]]}},{"type":"Feature","id":409035165,"properties":{"addr:housenumber":"320","addr:street":"George Street","building":"yes","building:levels":"8","source":"Bing"},"geometry":{"type":"LineString","coordinates":[[151.2073326,-33.8661948],[151.2079796,-33.8662337],[151.2079888,-33.8665162],[151.2077106,-33.8664913],[151.2077213,-33.8664145],[151.2073157,-33.8663874],[151.2073326,-33.8661948]]}},{"type":"Feature","id":409035197,"properties":{"addr:housenumber":"215-217","addr:street":"Clarence Street","building":"yes","building:levels":"11","name":"Nymboida House","source":"Bing"},"geometry":{"type":"LineString","coordinates":[[151.2051024,-33.8701126],[151.2053203,-33.8700996],[151.2053364,-33.8702408],[151.2051239,-33.8702594],[151.2051024,-33.8701126]]}},{"type":"Feature","id":409035198,"properties":{"addr:housenumber":"123","addr:postcode":"2000","addr:state":"NSW","addr:street":"Pitt Street","addr:suburb":"Sydney","building":"office","building:levels":"35","height":"152","name":"Angel Place","operator":"Mirvac","source":"Bing, survey","website":"https://office.mirvac.com/angelplace"},"geometry":{"type":"LineString","coordinates":[[151.2084643,-33.8665625],[151.2084469,-33.8667247],[151.2084242,-33.8669536],[151.208206,-33.8669356],[151.2082126,-33.8668809],[151.2081647,-33.866877],[151.2081398,-33.8668749],[151.2081379,-33.866891],[151.2080557,-33.8668845],[151.2076677,-33.8668542],[151.2077106,-33.8664913],[151.2079888,-33.8665162],[151.2080606,-33.8665226],[151.2082595,-33.8665409],[151.2083754,-33.8665524],[151.2084643,-33.8665625]]}},{"type":"Feature","id":409035224,"properties":{"addr:housenumber":"1","addr:street":"Chifley Square","building":"commercial","building:levels":"12","source":"Bing","wikidata":"Q60189780"},"geometry":{"type":"LineString","coordinates":[[151.2109162,-33.8659368],[151.2108503,-33.8659664],[151.2108016,-33.865989],[151.2107498,-33.8660205],[151.210706,-33.8660544],[151.2106661,-33.8660971],[151.2106341,-33.8661397],[151.2106101,-33.8661788],[151.2105994,-33.8662011],[151.2105748,-33.8662157],[151.2105518,-33.8662226],[151.210526,-33.8662237],[151.2103588,-33.8662016],[151.2104693,-33.8660444],[151.210513,-33.8660642],[151.2105585,-33.8660083],[151.2106289,-33.8659411],[151.2106832,-33.8659006],[151.2107267,-33.8658822],[151.2107852,-33.8658575],[151.2109162,-33.8659368]]}},{"type":"Feature","id":448339172,"properties":{"addr:housenumber":"1","addr:postcode":"2000","addr:street":"Martin Place","addr:suburb":"Sydney","building":"yes","building:levels":"5","name":"Australian Prudential Regulation Authority","note":"Entrance from Pitt St."},"geometry":{"type":"LineString","coordinates":[[151.2082035,-33.8676943],[151.2083248,-33.8677055],[151.2082828,-33.8680182],[151.2082269,-33.868013],[151.20819,-33.8680107],[151.2081626,-33.8680086],[151.2082035,-33.8676943]]}},{"type":"Feature","id":449335825,"properties":{"electrified":"contact_line","frequency":"0","gauge":"1435","layer":"-2","loading_gauge":"3200","loading_gauge:ref":"Wide","maxspeed":"40","oneway":"yes","operator":"RailCorp","railway":"rail","railway:ats":"yes","railway:etcs":"1","railway:traffic_mode":"passenger","ref":"City Inner","source":"professional_knowledge;extrapolation","tunnel":"yes","usage":"main","voltage":"1500"},"geometry":{"type":"LineString","coordinates":[[151.2059845,-33.867702],[151.2059808,-33.8680242],[151.2060029,-33.8684407],[151.2060401,-33.8686764],[151.2061736,-33.8693849],[151.2062153,-33.8695581],[151.2062682,-33.8697146],[151.206351,-33.8698956],[151.2064887,-33.8701179],[151.2066577,-33.8703578],[151.2068157,-33.8706153],[151.2068706,-33.8707359],[151.2069382,-33.8709071],[151.2069669,-33.8710277],[151.206988,-33.8711537]]}},{"type":"Feature","id":449335832,"properties":{"electrified":"contact_line","frequency":"0","gauge":"1435","layer":"-2","loading_gauge":"3200","loading_gauge:ref":"Wide","maxspeed":"40","oneway":"yes","operator":"RailCorp","railway":"rail","railway:ats":"yes","railway:etcs":"1","railway:traffic_mode":"passenger","ref":"Down Shore","source":"professional_knowledge;extrapolation","tunnel":"yes","usage":"main","voltage":"1500"},"geometry":{"type":"LineString","coordinates":[[151.2068081,-33.8709001],[151.2067481,-33.8707521],[151.2066657,-33.8705886],[151.2065973,-33.8704806],[151.2065348,-33.870388],[151.2064473,-33.870268],[151.2063865,-33.8701835],[151.2062788,-33.8700257],[151.206218,-33.8699194],[151.2061255,-33.8697051],[151.20609,-33.8696122],[151.2060584,-33.869498],[151.2060155,-33.8692252],[151.2059806,-33.8688711],[151.2059149,-33.8682898],[151.2058626,-33.8678054]]}},{"type":"Feature","id":449335848,"properties":{"electrified":"contact_line","frequency":"0","gauge":"1435","layer":"-2","loading_gauge":"3200","loading_gauge:ref":"Wide","maxspeed":"40","oneway":"yes","operator":"Sydney Trains","railway":"rail","railway:ats":"yes","railway:etcs":"1","railway:traffic_mode":"passenger","ref":"Up Shore","source":"extrapolation;professional_knowledge","tunnel":"yes","usage":"main","voltage":"1500"},"geometry":{"type":"LineString","coordinates":[[151.2058386,-33.8666455],[151.2058371,-33.8668023],[151.2058318,-33.8669547],[151.2058323,-33.8670564],[151.2058465,-33.8672954],[151.2058894,-33.8676696],[151.2059244,-33.867953],[151.2060361,-33.8688517],[151.2060933,-33.8693652],[151.2061212,-33.8695006],[151.2061965,-33.8697341],[151.2062904,-33.8699323],[151.2064014,-33.870104],[151.2065065,-33.8702509],[151.20664,-33.8704357],[151.2067464,-33.8706076],[151.2068233,-33.8707717],[151.2068664,-33.8708838],[151.2069218,-33.8710985],[151.2069516,-33.8713849],[151.2069622,-33.8716041],[151.2069984,-33.8720336]]}},{"type":"Feature","id":478243190,"properties":{"cycleway:left":"share_busway","highway":"tertiary","lanes":"2","level":"0","maxspeed":"40","name":"York Street","oneway":"yes","oneway:bicycle":"yes","sidewalk":"both","source:maxspeed":"City of Sydney 40km/h maxzone description of bounds","surface":"asphalt"},"geometry":{"type":"LineString","coordinates":[[151.2058123,-33.8667937],[151.205831,-33.8670156]]}},{"type":"Feature","id":517778856,"properties":{"addr:housenumber":"2","addr:postcode":"2000","addr:state":"NSW","addr:street":"Angel Place","addr:suburb":"Sydney","alt_name":"City Recital Hall Angel Place","amenity":"theatre","building":"yes","building:levels":"5","capacity":"1238","name":"City Recital Hall","theatre:genre":"chamber_music","website":"https://www.cityrecitalhall.com/","wikidata":"Q5123393","wikipedia":"en:City Recital Hall"},"geometry":{"type":"LineString","coordinates":[[151.2076677,-33.8668542],[151.2076612,-33.8669062],[151.2076393,-33.8670801],[151.2076291,-33.8670858],[151.2076211,-33.8670953],[151.2076182,-33.8671072],[151.2076204,-33.8671203],[151.2076266,-33.8671308],[151.2076379,-33.8671396],[151.2076512,-33.8671438],[151.2076686,-33.8671451],[151.2076827,-33.8671428],[151.2076921,-33.8671388],[151.2080907,-33.8671745],[151.2081007,-33.867171],[151.2081056,-33.8671616],[151.2081298,-33.8669585],[151.2081365,-33.8669027],[151.2081379,-33.866891],[151.2080557,-33.8668845],[151.2076677,-33.8668542]]}},{"type":"Feature","id":525297847,"properties":{"highway":"service","incline":"-15","oneway":"yes","service":"driveway"},"geometry":{"type":"LineString","coordinates":[[151.2093939,-33.8713863],[151.2093502,-33.8714059],[151.2093211,-33.8714204],[151.2093035,-33.8714365],[151.2092963,-33.8714499],[151.2092755,-33.8716315]]}},{"type":"Feature","id":527698602,"properties":{"driving_side":"right","highway":"service","service":"driveway"},"geometry":{"type":"LineString","coordinates":[[151.2087371,-33.8664803],[151.2086535,-33.8664746],[151.2086246,-33.8664727],[151.2086098,-33.8664717]]}},{"type":"Feature","id":528606460,"properties":{"access":"no","access:lanes":"destination|destination","bicycle":"yes","bicycle:lanes":"designated|designated","cycleway:left":"share_busway","foot":"yes","highway":"unclassified","lanes":"2","lit":"yes","maxspeed":"40","name":"York Street","oneway":"yes","oneway:bicycle":"yes","parking":"shoulder","psv":"yes","psv:lanes":"designated|designated","shoulder":"right","sidewalk:left":"separate","sidewalk:right":"no","source:maxspeed":"City of Sydney 40km/h maxzone description of bounds","surface":"asphalt","taxi":"permissive","taxi:lanes":"permissive|permissive","verge":"no"},"geometry":{"type":"LineString","coordinates":[[151.2063637,-33.8711661],[151.2064078,-33.8715886],[151.206427,-33.8718362]]}},{"type":"Feature","id":538119419,"properties":{"addr:housenumber":"74","addr:street":"Castlereagh Street","building":"yes","building:levels":"16","name":"Country State Building","source:addr":"LPI Base Map May 2018"},"geometry":{"type":"LineString","coordinates":[[151.2099258,-33.869663],[151.2097072,-33.8696408],[151.2097252,-33.869464],[151.2099498,-33.869489],[151.2099258,-33.869663]]}},{"type":"Feature","id":538119421,"properties":{"addr:housenumber":"148-160","addr:street":"Phillip Street","building":"apartments","building:flats":"103","building:levels":"26","name":"King & Phillip Residences","source:addr":"LPI Base Map May 2018"},"geometry":{"type":"LineString","coordinates":[[151.2106011,-33.8688922],[151.2105787,-33.8691077],[151.2108567,-33.8691337],[151.2108598,-33.86911],[151.2108955,-33.8691129],[151.2109053,-33.8691119],[151.210914,-33.8691081],[151.210918,-33.8691013],[151.2109273,-33.8690318],[151.2109271,-33.8690226],[151.210922,-33.8690162],[151.2109138,-33.8690098],[151.210921,-33.8690045],[151.2109763,-33.8690119],[151.2109874,-33.8689256],[151.210904,-33.8689184],[151.2106877,-33.8688997],[151.2106011,-33.8688922]]}},{"type":"Feature","id":538119422,"properties":{"addr:housenumber":"75-85","addr:street":"King Street","building":"commercial","building:levels":"13","name":"Atanaskovic Hartnell House","source:addr":"LPI Base Map May 2018"},"geometry":{"type":"LineString","coordinates":[[151.2101595,-33.8687197],[151.2103151,-33.8687326],[151.2102769,-33.8690489],[151.210099,-33.8690341],[151.2101041,-33.8689922],[151.2101242,-33.8688263],[151.2101464,-33.8688281],[151.2101595,-33.8687197]]}},{"type":"Feature","id":538119423,"properties":{"addr:housenumber":"70-70A","addr:street":"King Street","building":"retail","building:levels":"12","name":"Atanaskovic Hartnell House","source:addr":"LPI Base Map May 2018"},"geometry":{"type":"LineString","coordinates":[[151.2101041,-33.8689922],[151.210099,-33.8690341],[151.2097916,-33.8689944],[151.209786,-33.8689864],[151.2098023,-33.8688626],[151.2100619,-33.8688874],[151.2100474,-33.8689884],[151.2101041,-33.8689922]]}},{"type":"Feature","id":538119424,"properties":{"addr:housenumber":"64","addr:street":"Castlereagh Street","building":"hotel","building:levels":"12","name":"Castlereagh Chambers","source:addr":"LPI Base Map May 2018"},"geometry":{"type":"LineString","coordinates":[[151.2098023,-33.8688626],[151.2098264,-33.8686888],[151.2100859,-33.8687136],[151.2100619,-33.8688874],[151.2098023,-33.8688626]]}},{"type":"Feature","id":542856711,"properties":{"building":"commercial","building:levels":"32","name":"135 on King"},"geometry":{"type":"LineString","coordinates":[[151.2090483,-33.8691453],[151.2090426,-33.8691894],[151.2090219,-33.8693498],[151.2090119,-33.8694266],[151.2085661,-33.8693853],[151.2085874,-33.8692248],[151.2087072,-33.8692352],[151.2087194,-33.8691478],[151.2087243,-33.8691126],[151.2090483,-33.8691453]]}},{"type":"Feature","id":544269339,"properties":{"addr:housenumber":"66","addr:street":"Hunter Street","building":"commercial","building:architecture":"art_deco","building:levels":"12","name":"City Mutual Life","source:addr":"LPI Base Map May 2018"},"geometry":{"type":"LineString","coordinates":[[151.210268,-33.8657896],[151.2102063,-33.8658509],[151.2102103,-33.8658731],[151.2101982,-33.8658809],[151.2101661,-33.8660591],[151.210268,-33.8661827],[151.2103588,-33.8662016],[151.2104693,-33.8660444],[151.2105241,-33.8659678],[151.210268,-33.8657896]]}},{"type":"Feature","id":544307819,"properties":{"building":"yes","building:levels":"12","name":"Reid House"},"geometry":{"type":"LineString","coordinates":[[151.2061621,-33.868892],[151.2061903,-33.8691336],[151.2064921,-33.8691058],[151.2064773,-33.8689477],[151.2063794,-33.8689499],[151.2063754,-33.8689198],[151.2063258,-33.8689243],[151.2063204,-33.8688864],[151.2062571,-33.8688886],[151.2061621,-33.868892]]}},{"type":"Feature","id":544307820,"properties":{"addr:housenumber":"423-427","addr:street":"George Street","building":"office","building:levels":"12","check_date":"2025-07-05","name":"Commonwealth Bank Building","source:addr":"LPI Base Map May 2018"},"geometry":{"type":"LineString","coordinates":[[151.2068255,-33.870557],[151.2068273,-33.8706708],[151.2063955,-33.8706931],[151.2063641,-33.870567],[151.2068255,-33.870557]]}},{"type":"Feature","id":544307821,"properties":{"addr:housenumber":"399-411","addr:street":"George Street","building":"yes","building:levels":"13","name":"HCF Building","source:addr":"LPI Base Map May 2018"},"geometry":{"type":"LineString","coordinates":[[151.206371,-33.8700715],[151.2063753,-33.8702287],[151.2066029,-33.8702062],[151.2066003,-33.8702213],[151.2068242,-33.8702246],[151.2068249,-33.8701372],[151.2068269,-33.86989],[151.2066141,-33.8698889],[151.2066057,-33.8698889],[151.206611,-33.8700582],[151.2065605,-33.870061],[151.206371,-33.8700715]]}},{"type":"Feature","id":544307822,"properties":{"addr:housenumber":"56-58","addr:street":"York Street","building":"yes","source:addr":"LPI Base Map May 2018"},"geometry":{"type":"LineString","coordinates":[[151.2065735,-33.8698845],[151.2065479,-33.8698864],[151.206294,-33.8699048],[151.2062766,-33.8697385],[151.2065601,-33.8697197],[151.2065735,-33.8698845]]}},{"type":"Feature","id":544307823,"properties":{"addr:housenumber":"50-54","addr:street":"York Street","building":"office","building:levels":"6","name":"York House","source:addr":"LPI Base Map May 2018"},"geometry":{"type":"LineString","coordinates":[[151.2062766,-33.8697385],[151.2062578,-33.8695693],[151.2063708,-33.8695614],[151.206544,-33.8695482],[151.2065466,-33.8695767],[151.2065601,-33.8697197],[151.2062766,-33.8697385]]}},{"type":"Feature","id":544307824,"properties":{"addr:housenumber":"387","addr:street":"George Street","building":"yes","building:levels":"12","source:addr":"LPI Base Map May 2018"},"geometry":{"type":"LineString","coordinates":[[151.2068404,-33.8695073],[151.2068444,-33.869573],[151.2068299,-33.8695732],[151.2065794,-33.8695763],[151.2065466,-33.8695767],[151.2065413,-33.8695095],[151.2068404,-33.8695073]]}},{"type":"Feature","id":544415835,"properties":{"addr:housenumber":"424-430","addr:street":"George Street","building":"yes","building:levels":"12","name":"Dymocks Building","source:addr":"LPI Base Map May 2018","website":"https://www.thedymocksbuilding.com.au/"},"geometry":{"type":"LineString","coordinates":[[151.2070545,-33.8700597],[151.2070764,-33.8700597],[151.2073202,-33.8700631],[151.2076291,-33.8700685],[151.2076371,-33.8698157],[151.2070666,-33.869807],[151.2070537,-33.8698068],[151.2070545,-33.8700597]]}},{"type":"Feature","id":544415837,"properties":{"access":"private","leisure":"swimming_pool"},"geometry":{"type":"LineString","coordinates":[[151.2075546,-33.8702166],[151.2076069,-33.8702166],[151.2076069,-33.8703547],[151.2075526,-33.8703552],[151.2075546,-33.8702166]]}},{"type":"Feature","id":544415838,"properties":{"building":"yes","building:levels":"2"},"geometry":{"type":"LineString","coordinates":[[151.208242,-33.8684343],[151.2082155,-33.8686574],[151.2081241,-33.8687227],[151.207612,-33.8686621],[151.207638,-33.8684356],[151.2076935,-33.8683849],[151.208242,-33.8684343]]}},{"type":"Feature","id":544415840,"properties":{"addr:housenumber":"374-376","addr:street":"George Street","building":"office","building:levels":"35"},"geometry":{"type":"LineString","coordinates":[[151.20819,-33.8680107],[151.2082269,-33.868013],[151.2082828,-33.8680182],[151.2083012,-33.8680196],[151.2082921,-33.8680866],[151.2082761,-33.8682054],[151.2082595,-33.8683288],[151.2082551,-33.8683566],[151.2077049,-33.8682998],[151.2077184,-33.8681993],[151.2074076,-33.8681706],[151.2074137,-33.8681253],[151.2073962,-33.8681236],[151.2074015,-33.8680843],[151.2072638,-33.8680715],[151.2072868,-33.8679264],[151.2081626,-33.8680086],[151.20819,-33.8680107]]}},{"type":"Feature","id":544415842,"properties":{"addr:housenumber":"4-10","addr:street":"Martin Place","building":"yes","building:architecture":"art_deco","building:levels":"12","name":"Challis House","source:addr":"LPI Base Map May 2018","wikidata":"Q60055195"},"geometry":{"type":"LineString","coordinates":[[151.2076201,-33.8671978],[151.2076002,-33.8673465],[151.2076107,-33.8673481],[151.2080497,-33.8673869],[151.2080688,-33.8672373],[151.2076315,-33.8671988],[151.2076201,-33.8671978]]}},{"type":"Feature","id":544415843,"properties":{"building":"yes","building:levels":"8"},"geometry":{"type":"LineString","coordinates":[[151.2081785,-33.8672463],[151.2080688,-33.8672373],[151.2080497,-33.8673869],[151.2083578,-33.8674146],[151.2083817,-33.8672258],[151.2084094,-33.8670098],[151.2082081,-33.8669958],[151.2081785,-33.8672463]]}},{"type":"Feature","id":544415846,"properties":{"access":"customers","leisure":"swimming_pool","location":"rooftop"},"geometry":{"type":"LineString","coordinates":[[151.2075133,-33.8662692],[151.2075063,-33.8663361],[151.2076701,-33.866348],[151.2076772,-33.8662811],[151.2075133,-33.8662692]]}},{"type":"Feature","id":544415847,"properties":{"addr:housenumber":"109","addr:street":"Pitt Street","building":"yes"},"geometry":{"type":"LineString","coordinates":[[151.2079813,-33.8661135],[151.2079871,-33.8662166],[151.2079918,-33.8663014],[151.2080996,-33.8663166],[151.2084114,-33.8663628],[151.2084846,-33.8663727],[151.2084931,-33.8662931],[151.2085047,-33.8661841],[151.2083271,-33.8661605],[151.2083217,-33.8661844],[151.2081018,-33.8661541],[151.2081062,-33.8661341],[151.2079813,-33.8661135]]}},{"type":"Feature","id":544415862,"properties":{"addr:housenumber":"330","addr:street":"George Street","building":"office","building:levels":"4","check_date":"2023-07-29","source:addr":"LPI Base Map May 2018"},"geometry":{"type":"LineString","coordinates":[[151.2076263,-33.8664393],[151.2073044,-33.8664137],[151.2072828,-33.8666015],[151.2076043,-33.8666256],[151.2076263,-33.8664393]]}},{"type":"Feature","id":547023517,"properties":{"addr:housenumber":"117","addr:street":"York Street","building":"office","building:levels":"13","name":"Comaltech House","source:addr":"LPI Base Map May 2018"},"geometry":{"type":"LineString","coordinates":[[151.2062473,-33.8714656],[151.2060743,-33.8714745],[151.2060676,-33.8714555],[151.2059067,-33.8714611],[151.2058905,-33.8713296],[151.2061987,-33.8713051],[151.2062246,-33.871303],[151.2062473,-33.8714656]]}},{"type":"Feature","id":547758504,"properties":{"addr:housenumber":"80-82A","addr:street":"Pitt Street","building":"yes","building:levels":"12","source:addr":"LPI Base Map May 2018"},"geometry":{"type":"LineString","coordinates":[[151.2087244,-33.8665631],[151.2086667,-33.8665592],[151.2086418,-33.8667666],[151.2086867,-33.8667713],[151.2091618,-33.8668003],[151.2091775,-33.8668013],[151.2091992,-33.8666049],[151.2087244,-33.8665631]]}},{"type":"Feature","id":547758505,"properties":{"building":"office","building:levels":"21"},"geometry":{"type":"LineString","coordinates":[[151.2098659,-33.8667979],[151.209831,-33.8669814],[151.2095053,-33.8669601],[151.2094555,-33.8669569],[151.2094747,-33.8667744],[151.2098659,-33.8667979]]}},{"type":"Feature","id":547758508,"properties":{"addr:housenumber":"3","addr:street":"Hosking Place","building":"yes"},"geometry":{"type":"LineString","coordinates":[[151.2093777,-33.8671079],[151.2092597,-33.8670994],[151.2092721,-33.8669578],[151.2092731,-33.8669458],[151.2093929,-33.8669531],[151.2093777,-33.8671079]]}},{"type":"Feature","id":547758509,"properties":{"addr:housenumber":"90","addr:street":"Pitt Street","building":"yes","building:levels":"14","source:addr":"LPI Base Map May 2018"},"geometry":{"type":"LineString","coordinates":[[151.2086482,-33.8671148],[151.2086555,-33.8670555],[151.2089854,-33.8670866],[151.208982,-33.8671495],[151.2086482,-33.8671148]]}},{"type":"Feature","id":548822740,"properties":{"area":"yes","highway":"pedestrian","name":"Richard Johnson Square","source:name":"NSW Base Map","surface":"paving_stones"},"geometry":{"type":"LineString","coordinates":[[151.2097445,-33.8660671],[151.2099378,-33.8661461],[151.2099614,-33.8661517],[151.2099806,-33.8661524],[151.2099981,-33.8661467],[151.2100107,-33.8661332],[151.2100136,-33.8661172],[151.2100603,-33.8657455],[151.2100548,-33.8657415],[151.2098587,-33.8659464],[151.209781,-33.8660277],[151.209755,-33.8660558],[151.2097445,-33.8660671]]}},{"type":"Feature","id":548822750,"properties":{"addr:housenumber":"33-39","addr:street":"Hunter Street","building":"office","building:levels":"8","source:addr":"LPI Base Map May 2018","wikidata":"Q60055188"},"geometry":{"type":"LineString","coordinates":[[151.2096225,-33.8662049],[151.2096386,-33.8661742],[151.2093718,-33.8660667],[151.2093325,-33.8661446],[151.209286,-33.8662179],[151.2092827,-33.866224],[151.2092642,-33.8662858],[151.209233,-33.86639],[151.2095066,-33.866479],[151.2095196,-33.8664208],[151.2096225,-33.8662049]]}},{"type":"Feature","id":548822752,"properties":{"addr:housenumber":"66","addr:street":"Pitt Street","building":"yes","building:levels":"4","source:addr":"LPI Base Map May 2018"},"geometry":{"type":"LineString","coordinates":[[151.2088706,-33.8658628],[151.2088119,-33.8658443],[151.208761,-33.8658966],[151.2087355,-33.8659345],[151.2087248,-33.865979],[151.2087167,-33.8660782],[151.2088183,-33.8660933],[151.2088841,-33.8661071],[151.209286,-33.8662179],[151.2093325,-33.8661446],[151.2093718,-33.8660667],[151.2090151,-33.8659253],[151.2088706,-33.8658628]]}},{"type":"Feature","id":548822755,"properties":{"addr:housenumber":"84","addr:street":"Pitt Street","building":"yes","building:levels":"12","name":"Australian Business & Conference Travel House","source:addr":"LPI Base Map May 2018"},"geometry":{"type":"LineString","coordinates":[[151.2086867,-33.8667713],[151.2086747,-33.8669047],[151.2087687,-33.866914],[151.2088312,-33.8669196],[151.2088336,-33.866891],[151.2090032,-33.8669058],[151.2089991,-33.8669331],[151.2090688,-33.8669399],[151.2091461,-33.8669467],[151.2091618,-33.8668003],[151.2086867,-33.8667713]]}},{"type":"Feature","id":548822757,"properties":{"addr:housenumber":"86-88","addr:street":"Pitt Street","building":"yes","building:levels":"12","source:addr":"LPI Base Map May 2018"},"geometry":{"type":"LineString","coordinates":[[151.2086747,-33.8669047],[151.2086724,-33.8669229],[151.2086555,-33.8670555],[151.2089854,-33.8670866],[151.2090064,-33.8669603],[151.2087653,-33.8669375],[151.2087663,-33.8669307],[151.2087687,-33.866914],[151.2086747,-33.8669047]]}},{"type":"Feature","id":548822758,"properties":{"addr:housenumber":"70","addr:street":"Pitt Street","building":"yes","building:levels":"10","source:addr":"LPI Base Map May 2018"},"geometry":{"type":"LineString","coordinates":[[151.2087167,-33.8660782],[151.2087058,-33.8662097],[151.2092642,-33.8662858],[151.2092827,-33.866224],[151.209286,-33.8662179],[151.2088841,-33.8661071],[151.2088183,-33.8660933],[151.2087167,-33.8660782]]}},{"type":"Feature","id":548822760,"properties":{"addr:housenumber":"72-74","addr:street":"Pitt Street","building":"office","building:levels":"10","source:addr":"LPI Base Map May 2018"},"geometry":{"type":"LineString","coordinates":[[151.2087058,-33.8662097],[151.2086884,-33.8663712],[151.208753,-33.8663752],[151.2092262,-33.8664091],[151.209233,-33.86639],[151.2092642,-33.8662858],[151.2087058,-33.8662097]]}},{"type":"Feature","id":548822762,"properties":{"addr:housenumber":"115","addr:street":"Pitt Street","building":"yes","building:levels":"8"},"geometry":{"type":"LineString","coordinates":[[151.2084643,-33.8665625],[151.2084846,-33.8663727],[151.2084114,-33.8663628],[151.2080996,-33.8663166],[151.2080606,-33.8665226],[151.2082595,-33.8665409],[151.2083754,-33.8665524],[151.2084643,-33.8665625]]}},{"type":"Feature","id":548822770,"properties":{"building":"office","building:levels":"2","fixme":"This shape needs improvement with accurate aerial imagery","name":"25 Martin Place"},"geometry":{"type":"LineString","coordinates":[[151.2096902,-33.8680971],[151.2096585,-33.8683558],[151.2096339,-33.868557],[151.2096252,-33.8685748],[151.2096211,-33.8685921],[151.2096225,-33.8686079],[151.2096284,-33.868625],[151.2096372,-33.8686411],[151.2096282,-33.8687053],[151.2095542,-33.8686983],[151.209546,-33.8687636],[151.2093247,-33.868916],[151.2091785,-33.8689017],[151.209149,-33.8688705],[151.2091195,-33.8688906],[151.2090743,-33.8688983],[151.2090327,-33.8688895],[151.2090015,-33.8688689],[151.2089816,-33.8688393],[151.2089783,-33.868814],[151.2089865,-33.8687889],[151.2089503,-33.8687738],[151.2089335,-33.86879],[151.2089167,-33.8688006],[151.2088906,-33.86881],[151.2088705,-33.8688139],[151.2088483,-33.8688145],[151.2088262,-33.8688106],[151.2088034,-33.8688006],[151.2087873,-33.8687861],[151.2087712,-33.8687644],[151.2087645,-33.8687432],[151.2087639,-33.8687204],[151.2087692,-33.8687003],[151.208782,-33.868682],[151.2087974,-33.8686669],[151.2088135,-33.8686558],[151.2088396,-33.8686469],[151.2088463,-33.8686113],[151.2087867,-33.8686023],[151.2088181,-33.868447],[151.2088269,-33.8684481],[151.2088564,-33.8682844],[151.2088592,-33.8682689],[151.2091048,-33.8682871],[151.2091188,-33.8681919],[151.2091472,-33.867997],[151.20911,-33.8679938],[151.2091149,-33.8679503],[151.2091979,-33.8679585],[151.209204,-33.8679082],[151.2092713,-33.8679145],[151.2093101,-33.8679189],[151.2093268,-33.8677953],[151.2096173,-33.8678199],[151.2096361,-33.8678227],[151.2096512,-33.8678266],[151.2096662,-33.867833],[151.20968,-33.8678408],[151.2096904,-33.8678497],[151.2096984,-33.8678581],[151.2097055,-33.8678678],[151.2097108,-33.8678787],[151.2097152,-33.8678895],[151.2097172,-33.8679018],[151.2097179,-33.8679146],[151.2097169,-33.8679271],[151.2097132,-33.8679394],[151.2097092,-33.8679486],[151.2097021,-33.86796],[151.2096937,-33.86797],[151.209684,-33.8679789],[151.2096723,-33.8679864],[151.2096585,-33.8679934],[151.2096414,-33.8679995],[151.209649,-33.8680161],[151.209659,-33.8680272],[151.2096704,-33.8680344],[151.2096825,-33.8680378],[151.2096973,-33.8680389],[151.2096902,-33.8680971]]}},{"type":"Feature","id":548822775,"properties":{"addr:housenumber":"102","addr:street":"King Street","building":"yes","building:levels":"5"},"geometry":{"type":"LineString","coordinates":[[151.2085309,-33.868838],[151.2085497,-33.8687236],[151.2085212,-33.8687265],[151.2084533,-33.8687217],[151.2084395,-33.8687207],[151.2084308,-33.8688049],[151.2084494,-33.8688264],[151.2085309,-33.868838]]}},{"type":"Feature","id":548828429,"properties":{"building":"office","building:levels":"3"},"geometry":{"type":"LineString","coordinates":[[151.207698,-33.8708614],[151.2079729,-33.8708636],[151.2079729,-33.8708514],[151.2080856,-33.8708525],[151.2081124,-33.8708815],[151.2080962,-33.8712458],[151.2080954,-33.8712678],[151.2080946,-33.8712874],[151.2080923,-33.8713347],[151.2077549,-33.871328],[151.207702,-33.8713269],[151.207698,-33.8708614]]}},{"type":"Feature","id":548828447,"properties":{"building":"yes","building:levels":"3"},"geometry":{"type":"LineString","coordinates":[[151.2100375,-33.8710107],[151.2100291,-33.8710677],[151.2098197,-33.8710483],[151.2097897,-33.8710455],[151.2097941,-33.8710045],[151.2100375,-33.8710107]]}},{"type":"Feature","id":548828448,"properties":{"building":"apartments","building:levels":"16","name":"Eliza"},"geometry":{"type":"LineString","coordinates":[[151.2100291,-33.8710677],[151.2100186,-33.8711895],[151.2099806,-33.8711864],[151.2099448,-33.8711836],[151.2098845,-33.871179],[151.2098293,-33.8711748],[151.2098052,-33.8711729],[151.2098197,-33.8710483],[151.2100291,-33.8710677]]}},{"type":"Feature","id":553860253,"properties":{"building":"yes","building:levels":"7"},"geometry":{"type":"LineString","coordinates":[[151.2060409,-33.8700046],[151.2060713,-33.8699999],[151.2060612,-33.8699003],[151.2057217,-33.869934],[151.2057391,-33.8700411],[151.2060409,-33.8700046]]}},{"type":"Feature","id":553860254,"properties":{"building":"yes","building:levels":"12"},"geometry":{"type":"LineString","coordinates":[[151.2060423,-33.8697425],[151.2060144,-33.8695067],[151.205759,-33.8695274],[151.2057852,-33.8697657],[151.2060423,-33.8697425]]}},{"type":"Feature","id":553860255,"properties":{"addr:housenumber":"83","addr:street":"York Street","building":"yes","building:levels":"8"},"geometry":{"type":"LineString","coordinates":[[151.2060144,-33.8695067],[151.2059863,-33.8692674],[151.2057349,-33.8692878],[151.2054389,-33.8693117],[151.205467,-33.869551],[151.2057121,-33.8695312],[151.205759,-33.8695274],[151.2060144,-33.8695067]]}},{"type":"Feature","id":553860256,"properties":{"addr:housenumber":"213","addr:street":"Clarence Street","building":"office","building:levels":"11","name":"PSA House"},"geometry":{"type":"LineString","coordinates":[[151.2055853,-33.8700597],[151.2055526,-33.8700623],[151.2055184,-33.8697856],[151.2056856,-33.8697747],[151.2057042,-33.8699357],[151.2057217,-33.869934],[151.2057391,-33.8700411],[151.2055853,-33.8700597]]}},{"type":"Feature","id":553860257,"properties":{"addr:housenumber":"152-156","addr:street":"Clarence Street","building":"yes","building:levels":"8","source:addr":"LPI Base Map May 2018"},"geometry":{"type":"LineString","coordinates":[[151.2055184,-33.8697856],[151.2054956,-33.8697872],[151.2054783,-33.8696446],[151.205467,-33.869551],[151.2057121,-33.8695312],[151.2057228,-33.8696253],[151.2057392,-33.8697698],[151.2056856,-33.8697747],[151.2055184,-33.8697856]]}},{"type":"Feature","id":553860258,"properties":{"addr:housenumber":"142","addr:street":"Clarence Street","building":"yes","building:levels":"6","source:addr":"LPI Base Map May 2018"},"geometry":{"type":"LineString","coordinates":[[151.2057225,-33.8691818],[151.2054265,-33.8692058],[151.2054389,-33.8693117],[151.2057349,-33.8692878],[151.2057225,-33.8691818]]}},{"type":"Feature","id":553860259,"properties":{"addr:housenumber":"75","addr:street":"York Street","building":"yes","building:levels":"6"},"geometry":{"type":"LineString","coordinates":[[151.205802,-33.8684752],[151.2058143,-33.8686218],[151.2058986,-33.8686152],[151.205916,-33.8685919],[151.2059026,-33.8684649],[151.205802,-33.8684752]]}},{"type":"Feature","id":553860260,"properties":{"addr:housenumber":"104-116","addr:street":"Clarence Street","building":"yes","building:levels":"5","source:addr":"LPI Base Map May 2018"},"geometry":{"type":"LineString","coordinates":[[151.2053594,-33.8685206],[151.2053216,-33.868177],[151.2054881,-33.8681594],[151.2055029,-33.8682876],[151.2055174,-33.8684139],[151.2055277,-33.8685034],[151.2053594,-33.8685206]]}},{"type":"Feature","id":553860261,"properties":{"addr:housenumber":"1","addr:street":"Barrack Street","building":"yes","building:levels":"3"},"geometry":{"type":"LineString","coordinates":[[151.2054369,-33.86797],[151.2054463,-33.8680574],[151.2052955,-33.868072],[151.2052642,-33.8678191],[151.2053516,-33.867815],[151.2053677,-33.8679758],[151.2054369,-33.86797]]}},{"type":"Feature","id":553860262,"properties":{"building":"yes","building:levels":"3"},"geometry":{"type":"LineString","coordinates":[[151.2054198,-33.8678118],[151.205568,-33.8678076],[151.2055831,-33.8679586],[151.2055861,-33.8679886],[151.2055385,-33.8679925],[151.2055445,-33.8680471],[151.2055202,-33.8680502],[151.2054463,-33.8680574],[151.2054369,-33.86797],[151.2054198,-33.8678118]]}},{"type":"Feature","id":553860263,"properties":{"addr:housenumber":"65-69","addr:street":"York Street","building":"yes","building:levels":"12","source:addr":"LPI Base Map May 2018"},"geometry":{"type":"LineString","coordinates":[[151.205568,-33.8678076],[151.2058007,-33.8677982],[151.2058107,-33.8677987],[151.2058174,-33.8678021],[151.2058228,-33.867806],[151.2058248,-33.8678121],[151.2058261,-33.8678205],[151.2058603,-33.8681194],[151.2056035,-33.8681445],[151.2055888,-33.8680198],[151.2056303,-33.8680159],[151.2056236,-33.8679557],[151.2055831,-33.8679586],[151.205568,-33.8678076]]}},{"type":"Feature","id":553860264,"properties":{"addr:housenumber":"73","addr:street":"York Street","building":"yes","building:levels":"6","source:addr":"LPI Base Map May 2018","wikidata":"Q60055189"},"geometry":{"type":"LineString","coordinates":[[151.2059026,-33.8684649],[151.2058919,-33.8683778],[151.2055174,-33.8684139],[151.2055277,-33.8685034],[151.205802,-33.8684752],[151.2059026,-33.8684649]]}},{"type":"Feature","id":553860265,"properties":{"addr:housenumber":"71","addr:street":"York Street","building":"yes","building:levels":"6","source:addr":"LPI Base Map May 2018"},"geometry":{"type":"LineString","coordinates":[[151.2055174,-33.8684139],[151.2058919,-33.8683778],[151.2058701,-33.8681866],[151.205867,-33.868159],[151.2055646,-33.8681868],[151.2055767,-33.8682809],[151.2055029,-33.8682876],[151.2055174,-33.8684139]]}},{"type":"Feature","id":553860266,"properties":{"addr:housenumber":"14-16","addr:street":"Barrack Street","building":"yes","building:levels":"8"},"geometry":{"type":"LineString","coordinates":[[151.2060116,-33.8677787],[151.2060418,-33.8677498],[151.2062966,-33.8677397],[151.2063073,-33.8679001],[151.206282,-33.8679018],[151.2062536,-33.8679038],[151.2060284,-33.8679196],[151.2060116,-33.8677787]]}},{"type":"Feature","id":553860267,"properties":{"building":"yes","building:levels":"4"},"geometry":{"type":"LineString","coordinates":[[151.2062536,-33.8679038],[151.2062789,-33.8680925],[151.2060523,-33.8681209],[151.2060284,-33.8679196],[151.2062536,-33.8679038]]}},{"type":"Feature","id":553860268,"properties":{"building":"yes","building:levels":"6"},"geometry":{"type":"LineString","coordinates":[[151.2060523,-33.8681209],[151.2060643,-33.86821],[151.2062556,-33.8682079],[151.2062605,-33.8681639],[151.2063457,-33.8681704],[151.2063319,-33.8680853],[151.2062789,-33.8680925],[151.2060523,-33.8681209]]}},{"type":"Feature","id":553860269,"properties":{"building":"yes","building:levels":"13","name":"Charles Plaza"},"geometry":{"type":"LineString","coordinates":[[151.2060643,-33.86821],[151.2060747,-33.8682903],[151.2060775,-33.8683134],[151.2061073,-33.8685608],[151.2061415,-33.8685903],[151.2064792,-33.8686071],[151.2064892,-33.8685],[151.2064942,-33.8684545],[151.2062305,-33.8684342],[151.2062556,-33.8682079],[151.2060643,-33.86821]]}},{"type":"Feature","id":553860270,"properties":{"building":"retail","building:levels":"5","layer":"1","name":"Louis Vuitton","roof:shape":"flat"},"geometry":{"type":"LineString","coordinates":[[151.2064892,-33.8685],[151.2064792,-33.8686071],[151.2068157,-33.8686326],[151.2068365,-33.8684562],[151.206765,-33.8684505],[151.2067579,-33.8685206],[151.2064892,-33.8685]]}},{"type":"Feature","id":553860271,"properties":{"addr:housenumber":"11","addr:street":"Barrack Street","building":"yes","building:levels":"3"},"geometry":{"type":"LineString","coordinates":[[151.2062966,-33.8677397],[151.2064895,-33.8677387],[151.206505,-33.8680635],[151.2063319,-33.8680853],[151.2063295,-33.8680641],[151.2063021,-33.8680652],[151.206282,-33.8679018],[151.2063073,-33.8679001],[151.2062966,-33.8677397]]}},{"type":"Feature","id":553860272,"properties":{"addr:housenumber":"63","addr:street":"York Street","building":"yes","building:levels":"10","source:addr":"LPI Base Map May 2018"},"geometry":{"type":"LineString","coordinates":[[151.2055544,-33.8676276],[151.2057911,-33.8676193],[151.2057777,-33.8675048],[151.2055449,-33.8675238],[151.2055544,-33.8676276]]}},{"type":"Feature","id":553860273,"properties":{"addr:housenumber":"61","addr:street":"York Street","building":"office","building:levels":"17","name":"61 York Street"},"geometry":{"type":"LineString","coordinates":[[151.2055449,-33.8675238],[151.2055316,-33.8674113],[151.2055396,-33.8674107],[151.2057643,-33.8673923],[151.2057777,-33.8675048],[151.2055449,-33.8675238]]}},{"type":"Feature","id":553860274,"properties":{"addr:housenumber":"57-55","addr:street":"York Street","building":"apartments","building:levels":"12","name":"Carrington Apartments","source:addr":"LPI Base Map May 2018"},"geometry":{"type":"LineString","coordinates":[[151.2055396,-33.8674107],[151.2055203,-33.8672477],[151.205745,-33.8672293],[151.2057643,-33.8673923],[151.2055396,-33.8674107]]}},{"type":"Feature","id":553860275,"properties":{"addr:housenumber":"53-55","addr:street":"York Street","building":"office","building:levels":"8","source:addr":"LPI Base Map May 2018"},"geometry":{"type":"LineString","coordinates":[[151.205745,-33.8672293],[151.2057313,-33.8671132],[151.2055065,-33.8671315],[151.2055203,-33.8672477],[151.205745,-33.8672293]]}},{"type":"Feature","id":553860276,"properties":{"addr:housenumber":"45-47","addr:street":"York Street","building":"yes","building:architecture":"art_deco","building:levels":"14","heritage":"yes","name":"AWA Tower","source:addr":"LPI Base Map May 2018","wikidata":"Q300206","wikipedia":"en:AWA Tower"},"geometry":{"type":"LineString","coordinates":[[151.2054937,-33.8670231],[151.2057184,-33.8670048],[151.2056988,-33.8668393],[151.2054741,-33.8668577],[151.2054937,-33.8670231]]}},{"type":"Feature","id":553860277,"properties":{"addr:housenumber":"43","addr:street":"York Street","building":"yes","building:levels":"5","name":"Occidental Hotel","source:addr":"LPI Base Map May 2018"},"geometry":{"type":"LineString","coordinates":[[151.2056988,-33.8668393],[151.2056885,-33.8667435],[151.2056758,-33.8667306],[151.2054558,-33.8667496],[151.2054741,-33.8668577],[151.2056988,-33.8668393]]}},{"type":"Feature","id":553860794,"properties":{"addr:housenumber":"327-329","addr:street":"George Street","building":"retail","building:levels":"2","roof:shape":"flat","source:addr":"LPI Base Map May 2018"},"geometry":{"type":"LineString","coordinates":[[151.2070615,-33.8666513],[151.207072,-33.8665592],[151.2067758,-33.8665371],[151.2067668,-33.866627],[151.2069133,-33.8666391],[151.2069486,-33.866642],[151.206978,-33.8666445],[151.20701,-33.8666471],[151.2070331,-33.866649],[151.2070615,-33.8666513]]}},{"type":"Feature","id":553860795,"properties":{"addr:housenumber":"323-325","addr:street":"George Street","building":"retail","building:levels":"3","roof:shape":"flat","source:addr":"LPI Base Map May 2018"},"geometry":{"type":"LineString","coordinates":[[151.2067758,-33.8665371],[151.207072,-33.8665592],[151.2070828,-33.866469],[151.2067842,-33.8664497],[151.2067758,-33.8665371]]}},{"type":"Feature","id":553860796,"properties":{"addr:housenumber":"319-321","addr:street":"George Street","building":"office","building:levels":"3","roof:shape":"flat","source:addr":"LPI Base Map May 2018"},"geometry":{"type":"LineString","coordinates":[[151.2067965,-33.8663344],[151.2067842,-33.8664497],[151.2070828,-33.866469],[151.2070946,-33.866358],[151.2067965,-33.8663344]]}},{"type":"Feature","id":553982872,"properties":{"addr:housenumber":"171","addr:street":"Clarence Street","building":"yes","building:levels":"13"},"geometry":{"type":"LineString","coordinates":[[151.2049313,-33.868659],[151.2051548,-33.8686412],[151.2051275,-33.868406],[151.2048801,-33.8684257],[151.2048952,-33.8685559],[151.2049191,-33.868554],[151.2049313,-33.868659]]}},{"type":"Feature","id":553982874,"properties":{"building":"yes","building:levels":"9"},"geometry":{"type":"LineString","coordinates":[[151.2052195,-33.8692758],[151.2052364,-33.8694222],[151.2050178,-33.8694356],[151.2050013,-33.8692987],[151.2052195,-33.8692758]]}},{"type":"Feature","id":553982875,"properties":{"building":"yes","building:levels":"7"},"geometry":{"type":"LineString","coordinates":[[151.2052364,-33.8694222],[151.2052458,-33.8695308],[151.2050592,-33.8695486],[151.2050124,-33.8695531],[151.2050003,-33.8694373],[151.2050178,-33.8694356],[151.2052364,-33.8694222]]}},{"type":"Feature","id":553982876,"properties":{"building":"yes","building:levels":"6"},"geometry":{"type":"LineString","coordinates":[[151.2050661,-33.8696127],[151.2050592,-33.8695486],[151.2052458,-33.8695308],[151.2052546,-33.8695981],[151.2050661,-33.8696127]]}},{"type":"Feature","id":553982877,"properties":{"addr:housenumber":"201-203","addr:street":"Clarence Street","building":"yes","building:levels":"4"},"geometry":{"type":"LineString","coordinates":[[151.2050822,-33.8698264],[151.2050714,-33.8697368],[151.2050312,-33.8697413],[151.2050205,-33.8696678],[151.2050714,-33.8696622],[151.2052605,-33.8696433],[151.205282,-33.8698209],[151.2050822,-33.8698264]]}},{"type":"Feature","id":553982878,"properties":{"addr:housenumber":"209-211","addr:street":"Clarence Street","building":"yes","building:levels":"10","source:addr":"LPI Base Map May 2018"},"geometry":{"type":"LineString","coordinates":[[151.2052954,-33.8699317],[151.2053075,-33.8700163],[151.2050942,-33.8700352],[151.205052,-33.8700366],[151.2048575,-33.870043],[151.2048434,-33.8699528],[151.205026,-33.8699415],[151.2050956,-33.8699372],[151.2052954,-33.8699317]]}},{"type":"Feature","id":553982879,"properties":{"addr:housenumber":"213","addr:street":"Clarence Street","building":"office","building:levels":"6","source:addr":"LPI Base Map May 2018"},"geometry":{"type":"LineString","coordinates":[[151.2053075,-33.8700163],[151.2053203,-33.8700996],[151.2051024,-33.8701126],[151.2050942,-33.8700352],[151.2053075,-33.8700163]]}},{"type":"Feature","id":568416446,"properties":{"addr:housenumber":"379-385","addr:street":"George Street","building":"yes","building:levels":"5","name":"York & George","source:addr":"LPI Base Map May 2018"},"geometry":{"type":"LineString","coordinates":[[151.2068404,-33.8695073],[151.20684,-33.86949],[151.2068354,-33.8692969],[151.2065036,-33.8693021],[151.2064402,-33.8693031],[151.2064477,-33.8693774],[151.2064079,-33.8693818],[151.2062426,-33.8694001],[151.2062513,-33.8694971],[151.2062578,-33.8695693],[151.2063708,-33.8695614],[151.2063656,-33.8695166],[151.2064464,-33.8695125],[151.2064447,-33.8694837],[151.2064439,-33.8694702],[151.2064874,-33.8694671],[151.2064908,-33.8694952],[151.2064924,-33.8695084],[151.2068404,-33.8695073]]}},{"type":"Feature","id":568416449,"properties":{"building":"yes","building:levels":"5","name":"Carlton House"},"geometry":{"type":"LineString","coordinates":[[151.2062426,-33.8694001],[151.2062165,-33.8692102],[151.2064253,-33.8691854],[151.2064377,-33.8692711],[151.2063507,-33.8692783],[151.2063532,-33.8693041],[151.2064004,-33.8693],[151.2064079,-33.8693818],[151.2062426,-33.8694001]]}},{"type":"Feature","id":568416451,"properties":{"addr:housenumber":"375-377","addr:street":"George Street","building":"commercial","building:levels":"6","roof:shape":"flat","source:addr":"LPI Base Map May 2018"},"geometry":{"type":"LineString","coordinates":[[151.2068354,-33.8692969],[151.2068329,-33.8691885],[151.2068186,-33.8691885],[151.2066241,-33.8691875],[151.2066191,-33.8691135],[151.2065642,-33.8691151],[151.2065222,-33.8691163],[151.2065247,-33.8691762],[151.2064253,-33.8691854],[151.2064377,-33.8692711],[151.2065036,-33.8692721],[151.2065036,-33.8693021],[151.2068354,-33.8692969]]}},{"type":"Feature","id":568416456,"properties":{"addr:housenumber":"389","addr:street":"George Street","building":"commercial","building:levels":"5","source:addr":"LPI Base Map May 2018"},"geometry":{"type":"LineString","coordinates":[[151.2065794,-33.8695763],[151.2065861,-33.8696364],[151.2068307,-33.8696388],[151.2068299,-33.8695732],[151.2065794,-33.8695763]]}},{"type":"Feature","id":568416458,"properties":{"addr:housenumber":"391-393","addr:street":"George Street","building":"commercial","building:levels":"7","source:addr":"LPI Base Map May 2018"},"geometry":{"type":"LineString","coordinates":[[151.206592,-33.8696682],[151.2068329,-33.8696706],[151.20683,-33.869782],[151.206603,-33.8697746],[151.206592,-33.8696682]]}},{"type":"Feature","id":568416460,"properties":{"addr:housenumber":"395-397","addr:street":"George Street","building":"commercial","building:levels":"4","source:addr":"LPI Base Map May 2018"},"geometry":{"type":"LineString","coordinates":[[151.20683,-33.869782],[151.2068269,-33.86989],[151.2066141,-33.8698889],[151.206603,-33.8697746],[151.20683,-33.869782]]}},{"type":"Feature","id":568416466,"properties":{"addr:housenumber":"30","addr:street":"York Street","building":"yes","building:levels":"4","name":"Forbes Hotel","source:addr":"LPI Base Map May 2018"},"geometry":{"type":"LineString","coordinates":[[151.2061621,-33.868892],[151.2061482,-33.8687631],[151.2061656,-33.8687453],[151.2062543,-33.8687475],[151.2062571,-33.8688886],[151.2061621,-33.868892]]}},{"type":"Feature","id":568416469,"properties":{"addr:housenumber":"69-75","addr:street":"King Street","building":"retail","building:levels":"9","source:addr":"LPI Base Map May 2018"},"geometry":{"type":"LineString","coordinates":[[151.2062543,-33.8687475],[151.2065148,-33.8687631],[151.2065112,-33.8689243],[151.2063754,-33.8689198],[151.2063258,-33.8689243],[151.2063204,-33.8688864],[151.2062571,-33.8688886],[151.2062543,-33.8687475]]}},{"type":"Feature","id":588848239,"properties":{"building":"yes","building:levels":"3","source":"LPI Imagery May 2018"},"geometry":{"type":"LineString","coordinates":[[151.2083061,-33.8712073],[151.2082981,-33.8713509],[151.2087567,-33.8713587],[151.2087621,-33.8712163],[151.2083061,-33.8712073]]}},{"type":"Feature","id":588848240,"properties":{"addr:housenumber":"196-204","addr:street":"Pitt Street","building":"yes","building:levels":"5","source":"LPI Imagery May 2018","source:addr":"LPI Base Map May 2018"},"geometry":{"type":"LineString","coordinates":[[151.2083088,-33.8710681],[151.2083061,-33.8712073],[151.2087621,-33.8712163],[151.2087616,-33.8712028],[151.2088839,-33.8712059],[151.2088864,-33.8711019],[151.2088701,-33.8711015],[151.2088703,-33.8710213],[151.208673,-33.8710207],[151.2086723,-33.870989],[151.2085958,-33.8709912],[151.2085958,-33.8710703],[151.2083088,-33.8710681]]}},{"type":"Feature","id":588848241,"properties":{"building":"yes","building:levels":"5","source":"LPI Imagery May 2018"},"geometry":{"type":"LineString","coordinates":[[151.2083141,-33.8709935],[151.2083088,-33.8710681],[151.2085958,-33.8710703],[151.2085958,-33.8709912],[151.2085163,-33.8709924],[151.208467,-33.8709935],[151.2083141,-33.8709935]]}},{"type":"Feature","id":588848242,"properties":{"addr:housenumber":"194","addr:street":"Pitt Street","building":"yes","building:levels":"7","source":"LPI Imagery May 2018","source:addr":"LPI Base Map May 2018"},"geometry":{"type":"LineString","coordinates":[[151.2083155,-33.8709422],[151.2083141,-33.8709935],[151.208467,-33.8709935],[151.2084684,-33.8709431],[151.2083155,-33.8709422]]}},{"type":"Feature","id":588848243,"properties":{"building":"yes","source":"LPI Imagery May 2018"},"geometry":{"type":"LineString","coordinates":[[151.2085904,-33.8708409],[151.2085126,-33.8708431],[151.2085154,-33.8709433],[151.2085163,-33.8709924],[151.2085958,-33.8709912],[151.2085904,-33.8708409]]}},{"type":"Feature","id":588848244,"properties":{"building":"yes","source":"LPI Imagery May 2018"},"geometry":{"type":"LineString","coordinates":[[151.2086719,-33.8708372],[151.2085904,-33.8708409],[151.2085958,-33.8709912],[151.2086723,-33.870989],[151.2086719,-33.8708372]]}},{"type":"Feature","id":588848245,"properties":{"building":"yes","source":"LPI Imagery May 2018"},"geometry":{"type":"LineString","coordinates":[[151.2085126,-33.8708431],[151.2085154,-33.8709433],[151.2084684,-33.8709431],[151.2083155,-33.8709422],[151.2083182,-33.8708654],[151.2083369,-33.8708498],[151.2085126,-33.8708431]]}},{"type":"Feature","id":588848246,"properties":{"addr:housenumber":"226-230","addr:street":"Pitt Street","building":"yes","source":"LPI Imagery May 2018","source:addr":"LPI Base Map May 2018"},"geometry":{"type":"LineString","coordinates":[[151.2082866,-33.8718493],[151.208282,-33.8720175],[151.2083249,-33.8720174],[151.2084704,-33.8720142],[151.2086266,-33.8720001],[151.2086172,-33.8718323],[151.2082866,-33.8718493]]}},{"type":"Feature","id":588852463,"properties":{"building":"yes","source":"LPI Imagery May 2018"},"geometry":{"type":"LineString","coordinates":[[151.2051993,-33.8672141],[151.2052106,-33.8672133],[151.2054251,-33.867197],[151.2054513,-33.867195],[151.2054756,-33.8674161],[151.2052236,-33.8674353],[151.2051993,-33.8672141]]}},{"type":"Feature","id":588852464,"properties":{"building":"yes","source":"LPI Imagery May 2018"},"geometry":{"type":"LineString","coordinates":[[151.2051629,-33.8667801],[151.2053774,-33.8667638],[151.2054251,-33.867197],[151.2052106,-33.8672133],[151.2051629,-33.8667801]]}},{"type":"Feature","id":588853870,"properties":{"addr:street":"George Street","building":"retail","building:levels":"3","roof:shape":"flat","source":"LPI Imagery May 2018"},"geometry":{"type":"LineString","coordinates":[[151.2070983,-33.8712673],[151.2070855,-33.8710625],[151.2072323,-33.8710635],[151.207362,-33.8710692],[151.2073734,-33.8712178],[151.2073318,-33.8712162],[151.2073351,-33.8712691],[151.2072828,-33.8712685],[151.2070983,-33.8712673]]}},{"type":"Feature","id":588853871,"properties":{"addr:housenumber":"468-472","addr:street":"George Street","building":"yes","building:levels":"6","name":"Dudley House","source":"LPI Imagery May 2018"},"geometry":{"type":"LineString","coordinates":[[151.2071043,-33.8713913],[151.2070983,-33.8712673],[151.2072828,-33.8712685],[151.2072882,-33.8713921],[151.2071876,-33.8713921],[151.2071043,-33.8713913]]}},{"type":"Feature","id":588853874,"properties":{"addr:housenumber":"476-480","addr:street":"George Street","building":"yes","source":"LPI Imagery May 2018","source:addr":"LPI Base Map May 2018"},"geometry":{"type":"LineString","coordinates":[[151.2071092,-33.8715544],[151.2071113,-33.8716323],[151.2071233,-33.8716328],[151.2071235,-33.871649],[151.207673,-33.8716264],[151.2076757,-33.8715381],[151.2071092,-33.8715544]]}},{"type":"Feature","id":588853877,"properties":{"addr:housenumber":"478","addr:street":"George Street","building":"yes","source":"LPI Imagery May 2018"},"geometry":{"type":"LineString","coordinates":[[151.2076764,-33.8715134],[151.2076798,-33.8713865],[151.2076636,-33.8712039],[151.2074184,-33.8712082],[151.207425,-33.8712574],[151.2073258,-33.8713554],[151.2072963,-33.8714032],[151.2071863,-33.8714099],[151.2071876,-33.8713921],[151.2071043,-33.8713913],[151.207105,-33.8714015],[151.2071092,-33.8715544],[151.2076757,-33.8715381],[151.2076764,-33.8715134]]}},{"type":"Feature","id":588853878,"properties":{"addr:housenumber":"253","addr:street":"Pitt Street","building":"retail","building:levels":"3","source":"LPI Imagery May 2018","source:addr":"LPI Base Map May 2018"},"geometry":{"type":"LineString","coordinates":[[151.2080888,-33.8714578],[151.2080878,-33.8715204],[151.2077094,-33.871514],[151.2077107,-33.87145],[151.2077536,-33.8714478],[151.2080888,-33.8714578]]}},{"type":"Feature","id":588853879,"properties":{"building":"office","building:levels":"8","source":"LPI Imagery May 2018"},"geometry":{"type":"LineString","coordinates":[[151.2080923,-33.8713347],[151.2080888,-33.8714578],[151.2077536,-33.8714478],[151.2077549,-33.871328],[151.2080923,-33.8713347]]}},{"type":"Feature","id":598692238,"properties":{"bus":"no","hgv":"no","highway":"living_street","maxlength":"9","maxspeed":"10","motor_vehicle":"private","name":"Ash Street","source:name":"NSW LPI Base Map","source:name:date":"2015-12","surface":"paving_stones"},"geometry":{"type":"LineString","coordinates":[[151.2076249,-33.8668457],[151.207593,-33.8671327]]}},{"type":"Feature","id":598692239,"properties":{"alt_name":"Birdcage Alley","bus":"no","hgv":"no","highway":"pedestrian","maxlength":"9","maxspeed":"10","name":"Angel Place"},"geometry":{"type":"LineString","coordinates":[[151.2076354,-33.8671712],[151.2080632,-33.8672104]]}},{"type":"Feature","id":598692240,"properties":{"highway":"living_street","maxspeed":"10","name":"Angel Place","oneway":"no","surface":"paving_stones"},"geometry":{"type":"LineString","coordinates":[[151.2080632,-33.8672104],[151.2081249,-33.8672153],[151.2081539,-33.8669604],[151.2084191,-33.8669817],[151.2084483,-33.866984],[151.2085001,-33.8669881],[151.208553,-33.8669917]]}},{"type":"Feature","id":600318851,"properties":{"cycleway:left":"share_busway","highway":"unclassified","lanes":"3","lanes:psv":"1","maxspeed":"40","name":"Castlereagh Street","oneway":"yes","oneway:bicycle":"yes","parking:lane:left:parallel":"on_street","parking:lane:right:parallel":"lay_by","parking:left":"yes","parking:left:orientation":"parallel","parking:right":"yes","parking:right:orientation":"parallel","psv":"|designated|","sidewalk":"both","source:maxspeed":"City of Sydney 40km/h maxzone description of bounds","surface":"asphalt","turn:lanes":"left||","wikidata":"Q5050585"},"geometry":{"type":"LineString","coordinates":[[151.2098489,-33.8678347],[151.2097999,-33.8681731],[151.2097749,-33.8683653]]}},{"type":"Feature","id":600318852,"properties":{"access:lanes:conditional":"no| @ (Mo-Fr 15:00-20:00)","cycleway:left":"no","cycleway:right":"separate","highway":"unclassified","lanes":"2","maxspeed":"40","name":"Castlereagh Street","oneway":"yes","oneway:bicycle":"yes","parking:lane:right:parallel":"lay_by","parking:left":"no","parking:left:restriction":"no_stopping","parking:right":"yes","parking:right:orientation":"parallel","psv:lanes:conditional":"designated| @ (Mo-Fr 15:00-20:00)","sidewalk":"both","source:maxspeed":"City of Sydney 40km/h maxzone description of bounds","surface":"asphalt","wikidata":"Q5050585"},"geometry":{"type":"LineString","coordinates":[[151.2096778,-33.8690813],[151.2096728,-33.86913],[151.2096713,-33.8691446],[151.209642,-33.8694324],[151.2096151,-33.8696967],[151.2096048,-33.8697984],[151.2095957,-33.8698876]]}},{"type":"Feature","id":618200548,"properties":{"building":"office","building:levels":"9"},"geometry":{"type":"LineString","coordinates":[[151.2111466,-33.867457],[151.2111439,-33.8674812],[151.2111528,-33.8674819],[151.2111342,-33.8676416],[151.2110971,-33.867668],[151.2107891,-33.8676441],[151.2107534,-33.8676126],[151.2107748,-33.8674274],[151.2111466,-33.867457]]}},{"type":"Feature","id":618221459,"properties":{"building":"yes","building:levels":"2"},"geometry":{"type":"LineString","coordinates":[[151.2108905,-33.8695426],[151.210886,-33.8695858],[151.2108758,-33.8695851],[151.2108551,-33.8697821],[151.2109436,-33.8697885],[151.2109475,-33.8697511],[151.2110433,-33.8697581],[151.2110463,-33.8697292],[151.2111242,-33.8697348],[151.2111325,-33.8696557],[151.2111851,-33.8696594],[151.2111883,-33.8696285],[151.2112063,-33.8696164],[151.2112115,-33.8695915],[151.2111943,-33.8695758],[151.2111955,-33.8695649],[151.2108905,-33.8695426]]}},{"type":"Feature","id":618221460,"properties":{"building":"yes","building:levels":"3"},"geometry":{"type":"LineString","coordinates":[[151.2106622,-33.8696407],[151.2107298,-33.869647],[151.2107332,-33.8696218],[151.2108231,-33.8696302],[151.2107961,-33.86983],[151.2106679,-33.8698164],[151.2106407,-33.8698139],[151.2106629,-33.8696456],[151.2106622,-33.8696407]]}},{"type":"Feature","id":618221461,"properties":{"amenity":"courthouse","building":"yes","building:levels":"2","name":"Banco Court","wikidata":"Q56290566","wikipedia":"en:Banco Court (Supreme Court of New South Wales)"},"geometry":{"type":"LineString","coordinates":[[151.2106629,-33.8696456],[151.2104959,-33.8696304],[151.2104907,-33.8696702],[151.2104986,-33.8696709],[151.2104877,-33.8697532],[151.2104801,-33.8697525],[151.2104742,-33.8697962],[151.2104821,-33.8697969],[151.210471,-33.8698807],[151.2104633,-33.86988],[151.2104574,-33.8699246],[151.2104864,-33.8699273],[151.2104858,-33.869932],[151.2105304,-33.869936],[151.210531,-33.8699311],[151.2105627,-33.8699339],[151.2105667,-33.8699036],[151.2106161,-33.8699081],[151.2106584,-33.869888],[151.2106679,-33.8698164],[151.2106407,-33.8698139],[151.2106629,-33.8696456]]}},{"type":"Feature","id":619343611,"properties":{"access":"private","bicycle":"private","foot":"private","highway":"service","horse":"no","layer":"-1","level":"-1","motor_vehicle":"private","service":"driveway","tunnel":"yes"},"geometry":{"type":"LineString","coordinates":[[151.2060747,-33.8682903],[151.2063629,-33.8683142],[151.2065268,-33.8683275],[151.2065321,-33.8682691],[151.2064434,-33.8682625],[151.2064389,-33.8683098]]}},{"type":"Feature","id":620819399,"properties":{"building":"commercial"},"geometry":{"type":"LineString","coordinates":[[151.20679,-33.8682366],[151.2068615,-33.8682424],[151.2068548,-33.868298],[151.2068401,-33.8684207],[151.2068365,-33.8684562],[151.206765,-33.8684505],[151.20679,-33.8682366]]}},{"type":"Feature","id":620819400,"properties":{"access":"private","bicycle":"private","foot":"private","highway":"service","horse":"no","layer":"-2","level":"-2","motor_vehicle":"private","service":"driveway","surface":"concrete","tunnel":"yes"},"geometry":{"type":"LineString","coordinates":[[151.2064389,-33.8683098],[151.2064369,-33.8683327],[151.2063973,-33.8683296],[151.2063924,-33.8683292]]}},{"type":"Feature","id":621342712,"properties":{"addr:housenumber":"153","addr:street":"King Street","building":"retail","building:levels":"4"},"geometry":{"type":"LineString","coordinates":[[151.2094105,-33.8692089],[151.2095516,-33.869218],[151.2095603,-33.8691467],[151.2095437,-33.86913],[151.2094267,-33.8691147],[151.2094105,-33.8692089]]}},{"type":"Feature","id":621342713,"properties":{"building":"yes","building:levels":"12","name":"Culwulla Chambers"},"geometry":{"type":"LineString","coordinates":[[151.2095516,-33.869218],[151.2095316,-33.8693785],[151.2093319,-33.8693637],[151.2093351,-33.8693399],[151.2093482,-33.8692425],[151.2093073,-33.8692399],[151.2093306,-33.8691021],[151.2094267,-33.8691147],[151.2094105,-33.8692089],[151.2095516,-33.869218]]}},{"type":"Feature","id":621342714,"properties":{"building":"yes","building:levels":"11","name":"OCBC Building"},"geometry":{"type":"LineString","coordinates":[[151.2095053,-33.8695977],[151.2095261,-33.8694243],[151.2095316,-33.8693785],[151.2092683,-33.8693595],[151.2092052,-33.8693549],[151.2090936,-33.8693469],[151.2090692,-33.8695654],[151.2095053,-33.8695977]]}},{"type":"Feature","id":621342715,"properties":{"building":"yes","building:levels":"2"},"geometry":{"type":"LineString","coordinates":[[151.2090426,-33.8691894],[151.209202,-33.8692036],[151.2092224,-33.869088],[151.2090591,-33.8690667],[151.2090483,-33.8691453],[151.2090426,-33.8691894]]}},{"type":"Feature","id":621342716,"properties":{"addr:housenumber":"141-147A","addr:street":"King Street","building":"yes","building:levels":"4"},"geometry":{"type":"LineString","coordinates":[[151.2092224,-33.869088],[151.2093306,-33.8691021],[151.2093073,-33.8692399],[151.2093482,-33.8692425],[151.2093351,-33.8693399],[151.2092712,-33.869335],[151.2092683,-33.8693595],[151.2092052,-33.8693549],[151.2092073,-33.8693301],[151.2090795,-33.8693203],[151.2090752,-33.8693545],[151.2090219,-33.8693498],[151.2090426,-33.8691894],[151.209202,-33.8692036],[151.2092224,-33.869088]]}},{"type":"Feature","id":621342717,"properties":{"building":"yes","building:levels":"4"},"geometry":{"type":"LineString","coordinates":[[151.2090483,-33.8691453],[151.2087243,-33.8691126],[151.2087362,-33.8690245],[151.2089132,-33.8690477],[151.2089309,-33.86905],[151.2089508,-33.8690526],[151.209015,-33.8690609],[151.2090591,-33.8690667],[151.2090483,-33.8691453]]}},{"type":"Feature","id":621342721,"properties":{"highway":"service","service":"driveway"},"geometry":{"type":"LineString","coordinates":[[151.2090131,-33.8689905],[151.2090147,-33.8690514],[151.209015,-33.8690609]]}},{"type":"Feature","id":621342722,"properties":{"addr:housenumber":"129","addr:street":"King Street","building":"yes","building:levels":"5"},"geometry":{"type":"LineString","coordinates":[[151.2086375,-33.8690117],[151.2086208,-33.8691372],[151.2087194,-33.8691478],[151.2087362,-33.8690245],[151.2086375,-33.8690117]]}},{"type":"Feature","id":621342723,"properties":{"addr:housenumber":"142-144","addr:street":"King Street","building":"yes","building:levels":"3"},"geometry":{"type":"LineString","coordinates":[[151.2086375,-33.8690117],[151.2084337,-33.868985],[151.2084006,-33.8690064],[151.2083969,-33.8691164],[151.2086208,-33.8691372],[151.2086375,-33.8690117]]}},{"type":"Feature","id":621342724,"properties":{"building":"yes","building:levels":"3"},"geometry":{"type":"LineString","coordinates":[[151.2083969,-33.8691164],[151.2083936,-33.8692121],[151.2084403,-33.869214],[151.2084361,-33.8692535],[151.2085133,-33.8692599],[151.2085126,-33.8692672],[151.2085264,-33.8692681],[151.2085268,-33.8692609],[151.2085288,-33.8692535],[151.2085331,-33.8692462],[151.2085389,-33.8692406],[151.2085465,-33.869237],[151.2085571,-33.8692354],[151.2085685,-33.8692361],[151.2085703,-33.8692234],[151.2085874,-33.8692248],[151.2087072,-33.8692352],[151.2087194,-33.8691478],[151.2086208,-33.8691372],[151.2083969,-33.8691164]]}},{"type":"Feature","id":621342725,"properties":{"building":"yes","building:levels":"5"},"geometry":{"type":"LineString","coordinates":[[151.2083936,-33.8692121],[151.2083851,-33.8694635],[151.2088971,-33.8695161],[151.2088981,-33.8695562],[151.2089956,-33.8695605],[151.209014,-33.8695613],[151.2090119,-33.8694266],[151.2085661,-33.8693853],[151.2085874,-33.8692248],[151.2085703,-33.8692234],[151.2085685,-33.8692361],[151.2085571,-33.8692354],[151.2085465,-33.869237],[151.2085389,-33.8692406],[151.2085331,-33.8692462],[151.2085288,-33.8692535],[151.2085268,-33.8692609],[151.2085264,-33.8692681],[151.2085126,-33.8692672],[151.2085133,-33.8692599],[151.2084361,-33.8692535],[151.2084403,-33.869214],[151.2083936,-33.8692121]]}},{"type":"Feature","id":621342726,"properties":{"building":"yes","building:levels":"3"},"geometry":{"type":"LineString","coordinates":[[151.2083851,-33.8694635],[151.2088971,-33.8695161],[151.2088984,-33.8696197],[151.2083808,-33.8695897],[151.2083851,-33.8694635]]}},{"type":"Feature","id":621342727,"properties":{"building":"yes","building:levels":"5"},"geometry":{"type":"LineString","coordinates":[[151.2087433,-33.8684059],[151.2084747,-33.868377],[151.2084869,-33.8682742],[151.208777,-33.8682981],[151.2087587,-33.8684066],[151.2087433,-33.8684059]]}},{"type":"Feature","id":621342728,"properties":{"building":"roof","layer":"1","material":"glass"},"geometry":{"type":"LineString","coordinates":[[151.207753,-33.8689211],[151.2077679,-33.8689803],[151.2077861,-33.8690238],[151.2078107,-33.8690647],[151.2078417,-33.8690993],[151.2078759,-33.8691313],[151.2079134,-33.8691606],[151.2079583,-33.8691855],[151.2080011,-33.8692041],[151.2080514,-33.8692201],[151.2081027,-33.8692308],[151.2081487,-33.8692352],[151.2081987,-33.8692379],[151.2082021,-33.8691438],[151.2081536,-33.8691427],[151.2081211,-33.8691403],[151.2080823,-33.8691343],[151.2080447,-33.8691229],[151.2080083,-33.8691095],[151.2079755,-33.8690902],[151.2079432,-33.8690684],[151.2079164,-33.8690441],[151.2078937,-33.8690164],[151.2078752,-33.8689861],[151.2078603,-33.8689549],[151.2078562,-33.8689324],[151.2078112,-33.8689275],[151.207753,-33.8689211]]}},{"type":"Feature","id":621342729,"properties":{"addr:housenumber":"76-82","addr:street":"Castlereagh Street","building":"yes","building:levels":"2","name":"St James Arcade"},"geometry":{"type":"LineString","coordinates":[[151.2097072,-33.8696408],[151.2096722,-33.8699196],[151.2099612,-33.8699454],[151.2099855,-33.8697807],[151.2099403,-33.8697762],[151.2099533,-33.8696958],[151.2099967,-33.8696997],[151.2100012,-33.8696707],[151.2099258,-33.869663],[151.2097072,-33.8696408]]}},{"type":"Feature","id":621407554,"properties":{"addr:housenumber":"300","addr:street":"Kent Street","air_conditioning":"yes","brand":"SKYE","building":"hotel","building:levels":"28","email":"reservations@skyesydney.com.au","internet_access":"wlan","internet_access:fee":"no","name":"SKYE Suites","payment:american_express":"yes","payment:apple_pay":"yes","payment:cards":"yes","payment:cash":"yes","payment:credit_cards":"yes","payment:google_pay":"yes","payment:mastercard":"yes","phone":"+61 2 9052 7588","reservation":"yes","stars":"5","tourism":"hotel","website":"https://skyesydney.com.au","wheelchair":"yes"},"geometry":{"type":"LineString","coordinates":[[151.2046719,-33.8681947],[151.2047091,-33.8685272],[151.2048473,-33.8685165],[151.2048297,-33.8683587],[151.2049178,-33.868352],[151.2049214,-33.8683846],[151.2050506,-33.8683747],[151.2050157,-33.8681296],[151.2048962,-33.8681408],[151.204912,-33.8682401],[151.2048234,-33.8682469],[151.2048163,-33.8681836],[151.2046719,-33.8681947]]}},{"type":"Feature","id":621407561,"properties":{"building":"yes","building:levels":"4"},"geometry":{"type":"LineString","coordinates":[[151.2090119,-33.8674895],[151.2091994,-33.8675059],[151.2092409,-33.8671762],[151.2090588,-33.867158],[151.2090119,-33.8674895]]}},{"type":"Feature","id":621407562,"properties":{"addr:housenumber":"1","addr:street":"Hosking Place","building":"yes","building:levels":"3"},"geometry":{"type":"LineString","coordinates":[[151.2092597,-33.8670994],[151.2090567,-33.867059],[151.2090688,-33.8669399],[151.2091461,-33.8669467],[151.2092721,-33.8669578],[151.2092597,-33.8670994]]}},{"type":"Feature","id":629724454,"properties":{"addr:housenumber":"81","addr:street":"York Street","building":"yes"},"geometry":{"type":"LineString","coordinates":[[151.2057349,-33.8692878],[151.2059863,-33.8692674],[151.2059739,-33.8691615],[151.2057225,-33.8691818],[151.2057349,-33.8692878]]}},{"type":"Feature","id":644697407,"properties":{"access":"private","bicycle":"private","foot":"private","highway":"service","horse":"no","motor_vehicle":"private","service":"driveway"},"geometry":{"type":"LineString","coordinates":[[151.2060747,-33.8682903],[151.2060588,-33.8682889],[151.2059778,-33.868282]]}},{"type":"Feature","id":646809311,"properties":{"access":"private","highway":"service","service":"driveway"},"geometry":{"type":"LineString","coordinates":[[151.2073893,-33.8709627],[151.2073912,-33.871028],[151.2073938,-33.8711119],[151.2073956,-33.8711724],[151.2073975,-33.8712373]]}},{"type":"Feature","id":701216855,"properties":{"bench":"yes","bin":"no","gtfs:stop_id":"2000455","level":"0","light_rail":"yes","lit":"yes","local_ref":"1","name":"Wynyard Light Rail","public_transport":"platform","railway":"platform","ref":"2","shelter":"yes","source":"survey","source:geometry":"TfNSW Data Services Team","tactile_paving":"yes"},"geometry":{"type":"LineString","coordinates":[[151.2070774,-33.866965],[151.2071122,-33.8666274],[151.2071389,-33.8663689],[151.2071573,-33.8663702],[151.2071735,-33.8663714],[151.2071119,-33.8669675],[151.2070922,-33.8669661],[151.2070774,-33.866965]]}},{"type":"Feature","id":701216856,"properties":{"bench":"yes","bin":"no","gtfs:stop_id":"2000454","level":"0","light_rail":"yes","lit":"yes","local_ref":"2","name":"Wynyard Light Rail","public_transport":"platform","railway":"platform","ref":"1","shelter":"yes","source":"survey","source:geometry":"TfNSW Data Services Team","tactile_paving":"yes"},"geometry":{"type":"LineString","coordinates":[[151.207175,-33.866972],[151.2072364,-33.8663759],[151.2072547,-33.8663772],[151.2072706,-33.8663784],[151.207244,-33.8666369],[151.2072093,-33.8669744],[151.2071924,-33.8669732],[151.207175,-33.866972]]}},{"type":"Feature","id":701216857,"properties":{"area":"yes","bench":"yes","bin":"yes","gtfs:stop_id":"2000457","level":"0","light_rail":"yes","lit":"yes","local_ref":"1","name":"QVB Light Rail","public_transport":"platform","railway":"platform","ref":"2","shelter":"yes","source":"survey","source:geometry":"TfNSW Data Services Team","tactile_paving":"yes","wheelchair":"yes"},"geometry":{"type":"LineString","coordinates":[[151.2069076,-33.8718686],[151.2069025,-33.8715805],[151.206897,-33.8712687],[151.2069126,-33.8712683],[151.2069283,-33.8712679],[151.2069421,-33.871868],[151.2069246,-33.8718683],[151.2069076,-33.8718686]]}},{"type":"Feature","id":701216858,"properties":{"area":"yes","bench":"yes","bin":"yes","gtfs:stop_id":"2000456","level":"0","light_rail":"yes","lit":"yes","local_ref":"2","name":"QVB Light Rail","public_transport":"platform","railway":"platform","ref":"1","shelter":"yes","source":"survey","source:geometry":"TfNSW Data Services Team","tactile_paving":"yes","wheelchair":"yes"},"geometry":{"type":"LineString","coordinates":[[151.2070055,-33.871867],[151.2069919,-33.8712671],[151.2070052,-33.8712669],[151.2070209,-33.8712667],[151.2070308,-33.8715797],[151.2070399,-33.8718666],[151.2070222,-33.8718668],[151.2070055,-33.871867]]}},{"type":"Feature","id":702219812,"properties":{"electrified":"contact_line","frequency":"0","gauge":"1435","name":"CBD and South East Light Rail","oneway":"yes","operator":"Transdev Sydney Light Rail","operator:wikidata":"Q19800015","railway":"light_rail","railway:atc":"no","service":"crossover","source":"TfNSW Data Services","voltage":"750"},"geometry":{"type":"LineString","coordinates":[[151.2070978,-33.8671873],[151.2070953,-33.8672314],[151.2070966,-33.8672585],[151.207099,-33.8672854],[151.2071015,-33.8673123],[151.2071037,-33.8673392],[151.2071062,-33.8673663],[151.2071074,-33.8673932],[151.2071065,-33.8674203],[151.2071047,-33.8674389]]}},{"type":"Feature","id":702219825,"properties":{"highway":"service","service":"driveway"},"geometry":{"type":"LineString","coordinates":[[151.2071471,-33.8679911],[151.2071197,-33.867988],[151.2070481,-33.8679799],[151.2070299,-33.8679778]]}},{"type":"Feature","id":702219826,"properties":{"access":"destination","highway":"service","service":"driveway"},"geometry":{"type":"LineString","coordinates":[[151.2076823,-33.8698051],[151.2076628,-33.8698047],[151.207418,-33.8698006],[151.2070662,-33.8697946],[151.2070213,-33.8697938],[151.2069562,-33.8697927],[151.2069383,-33.8697924]]}},{"type":"Feature","id":702219827,"properties":{"access":"destination","highway":"service","service":"driveway"},"geometry":{"type":"LineString","coordinates":[[151.2070766,-33.8701388],[151.2070172,-33.8701381],[151.2069573,-33.8701375],[151.2069389,-33.8701377]]}},{"type":"Feature","id":702219832,"properties":{"access":"permissive","highway":"service","oneway":"yes","service":"driveway","surface":"paved","tunnel":"building_passage"},"geometry":{"type":"LineString","coordinates":[[151.2080674,-33.8720061],[151.2071756,-33.8719823],[151.2071308,-33.8719885]]}},{"type":"Feature","id":740037206,"properties":{"amenity":"shelter","building":"roof","level":"0","shelter_type":"public_transport","source":"survey","source:geometry":"TfNSW Data Services Team"},"geometry":{"type":"LineString","coordinates":[[151.2069333,-33.8716234],[151.2068909,-33.8716241],[151.2068879,-33.8715134],[151.2069318,-33.8715126],[151.2069333,-33.8716234]]}},{"type":"Feature","id":740037207,"properties":{"building":"roof","layer":"1","level":"0","source":"survey","source:geometry":"TfNSW Data Services Team"},"geometry":{"type":"LineString","coordinates":[[151.2069962,-33.8714598],[151.2070395,-33.8714592],[151.2070446,-33.8716741],[151.2070019,-33.8716747],[151.2069962,-33.8714598]]}},{"type":"Feature","id":740038205,"properties":{"amenity":"shelter","building":"roof","level":"0","shelter_type":"public_transport","source":"survey","source:geometry":"TfNSW Data Services Team"},"geometry":{"type":"LineString","coordinates":[[151.2072195,-33.8665682],[151.2072623,-33.8665717],[151.2072396,-33.8667866],[151.2071973,-33.8667833],[151.2072195,-33.8665682]]}},{"type":"Feature","id":740038206,"properties":{"amenity":"shelter","building":"roof","level":"0","shelter_type":"public_transport","source":"survey","source:geometry":"TfNSW Data Services Team"},"geometry":{"type":"LineString","coordinates":[[151.2071094,-33.8665578],[151.2071524,-33.8665614],[151.2071408,-33.8666696],[151.2070969,-33.8666661],[151.2071094,-33.8665578]]}},{"type":"Feature","id":740048666,"properties":{"fare_gates":"no","light_rail":"yes","name":"QVB","opening_date":"2019-12-14","operator":"Transdev Sydney Light Rail","operator:wikidata":"Q19800015","public_transport":"station","railway":"station","station":"light_rail","wheelchair":"yes"},"geometry":{"type":"LineString","coordinates":[[151.2068865,-33.8718921],[151.2070692,-33.8718881],[151.2070486,-33.8712481],[151.2068659,-33.8712522],[151.2068865,-33.8718921]]}},{"type":"Feature","id":740048667,"properties":{"fare_gates":"no","light_rail":"yes","name":"Wynyard","opening_date":"2019-12-14","operator":"Transdev Sydney Light Rail","operator:wikidata":"Q19800015","public_transport":"station","railway":"station","ref":"2000172","station":"light_rail","wheelchair":"yes"},"geometry":{"type":"LineString","coordinates":[[151.2070584,-33.8669796],[151.2072242,-33.866992],[151.2072934,-33.8663549],[151.2071276,-33.8663425],[151.2070584,-33.8669796]]}},{"type":"Feature","id":762585943,"properties":{"access":"no","emergency":"yes","foot":"yes","highway":"pedestrian","lit":"yes","maxspeed":"40","motor_vehicle":"destination","name":"George Street","sidewalk:both":"separate","source:maxspeed":"City of Sydney 40km/h maxzone description of bounds","surface":"paving_stones","wikidata":"Q3760653"},"geometry":{"type":"LineString","coordinates":[[151.2072522,-33.8659143],[151.2071237,-33.8670918],[151.2071015,-33.8673123],[151.2070876,-33.8674474]]}},{"type":"Feature","id":816490712,"properties":{"access:lanes:forward:conditional":"no| @ (Mo-Fr 06:00-20:00,15:00-20:00; Sa,Su,PH 10:00-18:00)","administration":"Regional","bicycle:lanes:forward":"|designated|","bicycle:lanes:forward:conditional":"designated| @ (Mo-Fr 06:00-20:00,15:00-20:00; Sa,Su,PH 10:00-18:00)","classified":"no","cycleway:left":"share_busway","highway":"tertiary","lanes":"6","lanes:backward":"3","lanes:forward":"2","maxspeed":"40","motorcycle:lanes:backward":"designated||","motorcycle:lanes:forward":"|designated|","name":"Elizabeth Street","owner:wikidata":"Q1094194","psv:lanes:backward":"designated||","psv:lanes:forward":"|designated|","sidewalk":"both","sidewalk:both:surface":"paving_stones","smoothness":"excellent","source:maxspeed":"City of Sydney 40km/h maxzone description of bounds","surface":"asphalt","turn:lanes:backward":"||right"},"geometry":{"type":"LineString","coordinates":[[151.210741,-33.8664478],[151.2106747,-33.8669897]]}},{"type":"Feature","id":816501797,"properties":{"cycleway:left":"share_busway","highway":"unclassified","lanes":"3","maxspeed":"40","name":"Castlereagh Street","oneway":"yes","oneway:bicycle":"yes","parking:lane:left:parallel":"on_street","parking:lane:right:parallel":"lay_by","parking:left":"yes","parking:left:orientation":"parallel","parking:right":"yes","parking:right:orientation":"parallel","psv:lanes":"|designated|","sidewalk":"both","source:maxspeed":"City of Sydney 40km/h maxzone description of bounds","surface":"asphalt","turn:bus:lanes":"left;through||","turn:lanes":"left|through|through","wikidata":"Q5050585"},"geometry":{"type":"LineString","coordinates":[[151.2097499,-33.8685495],[151.2096954,-33.8689518],[151.2096913,-33.8689823],[151.2096836,-33.8690387],[151.2096778,-33.8690813]]}},{"type":"Feature","id":901816995,"properties":{"cycleway:left":"share_busway","highway":"unclassified","lanes":"3","lanes:psv":"1","lit":"yes","maxspeed":"40","name":"Castlereagh Street","oneway":"yes","oneway:bicycle":"yes","parking:lane:left:parallel":"on_street","parking:lane:right:parallel":"lay_by","parking:left":"yes","parking:left:orientation":"parallel","parking:right":"yes","parking:right:orientation":"parallel","psv":"|designated|","sidewalk":"both","sidewalk:both:bicycle":"yes","source:maxspeed":"City of Sydney 40km/h maxzone description of bounds","surface":"asphalt","wikidata":"Q5050585"},"geometry":{"type":"LineString","coordinates":[[151.2098804,-33.8675699],[151.2098758,-33.8676083],[151.2098653,-33.8676973],[151.2098541,-33.8677915],[151.2098489,-33.8678347]]}},{"type":"Feature","id":901816996,"properties":{"access:lanes:forward:conditional":"no| @ (Mo-Fr 06:00-20:00,15:00-20:00; Sa,Su,PH 10:00-18:00)","administration":"Regional","bicycle:lanes:forward":"|designated|","bicycle:lanes:forward:conditional":"designated| @ (Mo-Fr 06:00-20:00,15:00-20:00; Sa,Su,PH 10:00-18:00)","classified":"no","cycleway:left":"share_busway","highway":"tertiary","lanes":"6","lanes:backward":"3","lanes:forward":"2","lit":"yes","maxspeed":"40","motorcycle:lanes:backward":"designated||","motorcycle:lanes:forward":"|designated|","name":"Elizabeth Street","owner:wikidata":"Q1094194","psv:lanes:backward":"designated||","psv:lanes:forward":"|designated|","sidewalk":"both","sidewalk:both:bicycle":"yes","sidewalk:both:surface":"concrete:plates","smoothness":"good","source:maxspeed":"City of Sydney 40km/h maxzone description of bounds","surface":"asphalt"},"geometry":{"type":"LineString","coordinates":[[151.2105708,-33.8677874],[151.2105616,-33.8678658],[151.2105579,-33.8678965],[151.2105558,-33.8679137],[151.2105142,-33.8682617]]}},{"type":"Feature","id":1065433978,"properties":{"bicycle":"yes","highway":"pedestrian","lit":"yes","maxspeed":"40","maxspeed:advisory":"10","motorcar":"service","name":"Martin Place","smoking":"no","smoothness":"excellent","surface":"paving_stones","wheelchair":"limited","width":"34"},"geometry":{"type":"LineString","coordinates":[[151.2106983,-33.8676796],[151.2111765,-33.867714]]}},{"type":"Feature","id":1065434002,"properties":{"electrified":"contact_line","frequency":"0","gauge":"1435","layer":"-2","loading_gauge":"3200","loading_gauge:ref":"Wide","maxspeed":"60","oneway":"yes","operator":"RailCorp","passenger_lines":"2","railway":"rail","railway:ats":"yes","railway:etcs":"1","railway:traffic_mode":"passenger","ref":"Up Eastern Suburbs","source":"professional_knowledge;extrapolation","tunnel":"yes","usage":"main","voltage":"1500"},"geometry":{"type":"LineString","coordinates":[[151.2100629,-33.8680211],[151.2098649,-33.8680865],[151.2096861,-33.868151],[151.2094781,-33.8682482],[151.2092106,-33.8684067],[151.2090072,-33.8685622],[151.2088275,-33.8687223],[151.208605,-33.8689766],[151.208499,-33.8691174],[151.2083894,-33.8692916],[151.2083105,-33.869477],[151.2082221,-33.8697076],[151.208009,-33.8705332],[151.2079098,-33.8708625],[151.2077951,-33.8711926],[151.2076706,-33.8714954],[151.2074793,-33.8718709],[151.2073807,-33.8720759],[151.2073209,-33.8722086]]}},{"type":"Feature","id":1065434003,"properties":{"electrified":"contact_line","frequency":"0","gauge":"1435","layer":"-2","loading_gauge":"3200","loading_gauge:ref":"Wide","maxspeed":"60","oneway":"yes","operator":"RailCorp","passenger_lines":"2","railway":"rail","railway:ats":"yes","railway:etcs":"1","railway:traffic_mode":"passenger","ref":"Down Eastern Suburbs","source":"professional_knowledge;extrapolation","tunnel":"yes","usage":"main","voltage":"1500"},"geometry":{"type":"LineString","coordinates":[[151.2078513,-33.8707124],[151.2079955,-33.8701289],[151.2081347,-33.8695642],[151.208214,-33.8693426],[151.2083287,-33.8691039],[151.208475,-33.8688741],[151.2086183,-33.8686923],[151.2088484,-33.8684548],[151.2088507,-33.868453],[151.209024,-33.8683194],[151.2090337,-33.8683119],[151.2092291,-33.8681714],[151.2094575,-33.8680468],[151.2096691,-33.8679509],[151.2098489,-33.8678888],[151.209994,-33.8678395]]}},{"type":"Feature","id":1078267325,"properties":{"fixme":"Determine exact end of one-way section from aerial imagery or GPS trace","highway":"unclassified","lanes":"2","lanes:backward":"1","lanes:forward":"1","maxspeed":"40","name":"Phillip Street","oneway":"yes","road_marking":"centreline","source:maxspeed":"City of Sydney 40km/h maxzone description of bounds","surface":"asphalt","wikidata":"Q7185822"},"geometry":{"type":"LineString","coordinates":[[151.2109593,-33.869241],[151.2110021,-33.8692355],[151.2110406,-33.8692162],[151.2110564,-33.8691901],[151.2110626,-33.8691591],[151.211077,-33.8690482]]}},{"type":"Feature","id":1102756320,"properties":{"highway":"unclassified","lanes":"2","lanes:backward":"1","lanes:forward":"1","maxspeed":"40","name":"Phillip Street","oneway":"no","road_marking":"centreline","source:maxspeed":"City of Sydney 40km/h maxzone description of bounds","surface":"asphalt","wikidata":"Q7185822"},"geometry":{"type":"LineString","coordinates":[[151.2112034,-33.8679824],[151.211077,-33.8690482]]}},{"type":"Feature","id":1105686296,"properties":{"administration":"Regional","classified":"yes","highway":"secondary","lanes":"3","maxspeed":"40","name":"King Street","oneway":"yes","owner":"City of Sydney","owner:wikidata":"Q1094194","source:maxspeed":"City of Sydney 40km/h maxzone description of bounds","surface":"asphalt","turn:lanes":"left|through;right|right","wikidata":"Q6412085"},"geometry":{"type":"LineString","coordinates":[[151.2096778,-33.8690813],[151.2097697,-33.8690943],[151.2102544,-33.8691635],[151.2102907,-33.8691687],[151.210408,-33.8691855]]}},{"type":"Feature","id":1105686297,"properties":{"administration":"Regional","classified":"yes","highway":"secondary","lanes":"3","maxspeed":"40","name":"King Street","oneway":"yes","owner":"City of Sydney","owner:wikidata":"Q1094194","source:maxspeed":"City of Sydney 40km/h maxzone description of bounds","surface":"asphalt","turn:lanes":"none|none|right","wikidata":"Q6412085"},"geometry":{"type":"LineString","coordinates":[[151.2083262,-33.8688968],[151.2084084,-33.8689064],[151.2084343,-33.8689097],[151.2086798,-33.8689438],[151.2088653,-33.8689701],[151.2089277,-33.8689789],[151.2090131,-33.8689905],[151.2095446,-33.8690631],[151.2095856,-33.8690687],[151.2096266,-33.8690743],[151.2096778,-33.8690813]]}},{"type":"Feature","id":1115995138,"properties":{"building":"yes"},"geometry":{"type":"LineString","coordinates":[[151.2105076,-33.8707013],[151.2105138,-33.8706385],[151.2105804,-33.8706417],[151.210586,-33.8705849],[151.2106588,-33.8705888],[151.2106461,-33.8707406],[151.2105775,-33.8707366],[151.2105747,-33.870774],[151.210502,-33.8707706],[151.2105076,-33.8707013]]}},{"type":"Feature","id":1176087499,"properties":{"addr:housenumber":"36","addr:street":"York Street","building":"yes"},"geometry":{"type":"LineString","coordinates":[[151.2061925,-33.8691422],[151.2062019,-33.8692046],[151.2065157,-33.869169],[151.2065057,-33.8691083],[151.2061925,-33.8691422]]}},{"type":"Feature","id":1176087500,"properties":{"building":"yes","building:levels":"6"},"geometry":{"type":"LineString","coordinates":[[151.205802,-33.8684752],[151.2055277,-33.8685034],[151.2055407,-33.8686433],[151.2058143,-33.8686218],[151.205802,-33.8684752]]}},{"type":"Feature","id":1176087501,"properties":{"addr:housenumber":"44","addr:street":"King Street","building":"yes","building:levels":"6"},"geometry":{"type":"LineString","coordinates":[[151.2055277,-33.8685034],[151.2053594,-33.8685206],[151.2053742,-33.8686564],[151.2055407,-33.8686433],[151.2055277,-33.8685034]]}},{"type":"Feature","id":1176087502,"properties":{"addr:housenumber":"205","addr:street":"Clarence Street","building":"yes","building:levels":"4"},"geometry":{"type":"LineString","coordinates":[[151.2050898,-33.8698888],[151.2050822,-33.8698264],[151.205282,-33.8698209],[151.2052893,-33.8698809],[151.2050898,-33.8698888]]}},{"type":"Feature","id":1176087503,"properties":{"addr:housenumber":"207","addr:street":"Clarence Street","building":"yes","building:levels":"4"},"geometry":{"type":"LineString","coordinates":[[151.2052893,-33.8698809],[151.2052954,-33.8699317],[151.2050956,-33.8699372],[151.2050898,-33.8698888],[151.2052893,-33.8698809]]}},{"type":"Feature","id":1176087504,"properties":{"addr:housenumber":"199","addr:street":"Clarence Street","building":"yes","building:levels":"6"},"geometry":{"type":"LineString","coordinates":[[151.2052546,-33.8695981],[151.2052605,-33.8696433],[151.2050714,-33.8696622],[151.2050661,-33.8696127],[151.2052546,-33.8695981]]}},{"type":"Feature","id":1176087505,"properties":{"addr:housenumber":"3","addr:street":"Barrack Street","building":"yes","building:levels":"3"},"geometry":{"type":"LineString","coordinates":[[151.2053516,-33.867815],[151.2054198,-33.8678118],[151.2054369,-33.86797],[151.2053677,-33.8679758],[151.2053516,-33.867815]]}},{"type":"Feature","id":1176087506,"properties":{"addr:housenumber":"159-171","addr:street":"Pitt Street","building":"yes"},"geometry":{"type":"LineString","coordinates":[[151.2082551,-33.8683566],[151.208242,-33.8684343],[151.2076935,-33.8683849],[151.2077049,-33.8682998],[151.2082551,-33.8683566]]}},{"type":"Feature","id":1176087507,"properties":{"building":"office","building:levels":"10"},"geometry":{"type":"LineString","coordinates":[[151.2072868,-33.8679264],[151.2071574,-33.8679142],[151.2071471,-33.8679911],[151.2071378,-33.8680599],[151.2072638,-33.8680715],[151.2072868,-33.8679264]]}},{"type":"Feature","id":1176087509,"properties":{"addr:housenumber":"5","addr:street":"Hosking Place","building":"yes"},"geometry":{"type":"LineString","coordinates":[[151.2093929,-33.8669531],[151.2094555,-33.8669569],[151.2095053,-33.8669601],[151.2094931,-33.8671162],[151.2093777,-33.8671079],[151.2093929,-33.8669531]]}},{"type":"Feature","id":1176087510,"properties":{"addr:housenumber":"17","addr:street":"Hosking Place","building":"office","building:levels":"14","roof:levels":"0"},"geometry":{"type":"LineString","coordinates":[[151.2095053,-33.8669601],[151.209831,-33.8669814],[151.2098175,-33.8671396],[151.2094931,-33.8671162],[151.2095053,-33.8669601]]}},{"type":"Feature","id":1176087512,"properties":{"addr:housenumber":"4","addr:street":"Wynyard Street","building":"yes"},"geometry":{"type":"LineString","coordinates":[[151.2060754,-33.8671156],[151.2059688,-33.8671076],[151.2059523,-33.8671215],[151.2059474,-33.867212],[151.2059841,-33.8672134],[151.2060724,-33.8671429],[151.2060754,-33.8671156]]}},{"type":"Feature","id":1176087514,"properties":{"addr:housenumber":"317","addr:street":"George Street","building":"yes","source:addr":"LPI Base Map May 2018"},"geometry":{"type":"LineString","coordinates":[[151.2067965,-33.8663344],[151.2070946,-33.866358],[151.2071017,-33.8662909],[151.2068034,-33.8662697],[151.2067965,-33.8663344]]}},{"type":"Feature","id":1193060421,"properties":{"leisure":"outdoor_seating"},"geometry":{"type":"LineString","coordinates":[[151.2076585,-33.8668135],[151.2075943,-33.866808],[151.2076378,-33.8664593],[151.207702,-33.8664648],[151.2076585,-33.8668135]]}},{"type":"Feature","id":1218202279,"properties":{"leisure":"pitch","lit":"yes","sport":"chess"},"geometry":{"type":"LineString","coordinates":[[151.2107765,-33.870633],[151.2107701,-33.870659],[151.2108026,-33.8706645],[151.210809,-33.8706385],[151.2107765,-33.870633]]}},{"type":"Feature","id":1218918067,"properties":{"highway":"pedestrian","maxspeed":"10","name":"Angel Place","oneway":"no","surface":"paving_stones"},"geometry":{"type":"LineString","coordinates":[[151.2071237,-33.8670918],[151.2071422,-33.8670934],[151.2071808,-33.8670968],[151.2072199,-33.8671002],[151.2072286,-33.8671008]]}},{"type":"Feature","id":1218918068,"properties":{"highway":"service","service":"driveway"},"geometry":{"type":"LineString","coordinates":[[151.2081539,-33.8669604],[151.2081601,-33.8669044]]}},{"type":"Feature","id":1218918069,"properties":{"highway":"service","maxheight":"3.2","service":"parking_aisle","tunnel":"building_passage"},"geometry":{"type":"LineString","coordinates":[[151.2080557,-33.8668845],[151.2080773,-33.8666953],[151.2084469,-33.8667247]]}},{"type":"Feature","id":1218918070,"properties":{"highway":"service","service":"parking_aisle","surface":"paving_stones"},"geometry":{"type":"LineString","coordinates":[[151.2084469,-33.8667247],[151.2084743,-33.8667268],[151.2085275,-33.866731],[151.2085816,-33.8667352]]}},{"type":"Feature","id":1218920582,"properties":{"natural":"water"},"geometry":{"type":"LineString","coordinates":[[151.208693,-33.867647],[151.2087083,-33.8675371],[151.2087038,-33.8675368],[151.2087019,-33.8675149],[151.2086882,-33.8675178],[151.2086735,-33.8675239],[151.2086617,-33.8675339],[151.2086503,-33.8675503],[151.2086445,-33.8675673],[151.2086423,-33.8675784],[151.2086416,-33.8675948],[151.2086432,-33.8676123],[151.2086512,-33.8676309],[151.2086579,-33.8676438],[151.2086688,-33.8676526],[151.2086767,-33.8676571],[151.2086876,-33.8676467],[151.208693,-33.867647]]}},{"type":"Feature","id":1218920587,"properties":{"bicycle":"yes","highway":"pedestrian","lit":"yes","maxspeed":"40","maxspeed:advisory":"10","motorcar":"service","name":"Martin Place","smoking":"no","surface":"paving_stones","wheelchair":"yes","width":"34","wikidata":"Q761633"},"geometry":{"type":"LineString","coordinates":[[151.2099325,-33.867614],[151.2104731,-33.8676597]]}},{"type":"Feature","id":1226412865,"properties":{"access":"private","leisure":"pitch","location":"roof","sport":"tennis"},"geometry":{"type":"LineString","coordinates":[[151.2048693,-33.868861],[151.2048767,-33.8689599],[151.2051349,-33.8689467],[151.2051275,-33.8688477],[151.2048693,-33.868861]]}},{"type":"Feature","id":1226412866,"properties":{"access":"private","leisure":"pitch","location":"roof","sport":"tennis"},"geometry":{"type":"LineString","coordinates":[[151.2054407,-33.8681794],[151.2053317,-33.868188],[151.2053546,-33.8683878],[151.2054636,-33.8683791],[151.2054407,-33.8681794]]}},{"type":"Feature","id":1239350058,"properties":{"access":"permissive","destination":"Hilton Sydney","highway":"service","oneway":"yes","service":"driveway","surface":"paved"},"geometry":{"type":"LineString","coordinates":[[151.2081785,-33.872009],[151.2080835,-33.8720065],[151.2080674,-33.8720061]]}},{"type":"Feature","id":1240351012,"properties":{"building":"roof","layer":"1"},"geometry":{"type":"LineString","coordinates":[[151.2070605,-33.8706042],[151.2070609,-33.8706199],[151.2070611,-33.8706277],[151.2071125,-33.8706703],[151.2071209,-33.8706702],[151.2071371,-33.8706699],[151.2071358,-33.8706187],[151.2071354,-33.870603],[151.20712,-33.8706032],[151.2070605,-33.8706042]]}},{"type":"Feature","id":1241501338,"properties":{"building":"commercial","building:levels":"39","name":"1Elizabeth","not:name":"Martin Place Metro North Tower","old_name":"Martin Place North Over Station Development","website":"https://1elizabeth.com.au"},"geometry":{"type":"LineString","coordinates":[[151.2101599,-33.866384],[151.2101405,-33.8663979],[151.2101182,-33.8664139],[151.21004,-33.8669514],[151.210036,-33.8669995],[151.2105048,-33.8670718],[151.2105075,-33.8669945],[151.2105606,-33.8664434],[151.210542,-33.8664289],[151.2105234,-33.8664145],[151.2101599,-33.866384]]}},{"type":"Feature","id":1241502813,"properties":{"addr:housenumber":"39","addr:street":"Martin Place","building":"office","building:levels":"28","name":"39 Martin Place","old_name":"Martin Place South Over Station Development","website":"https://www.39martinplace.com.au/"},"geometry":{"type":"LineString","coordinates":[[151.209956,-33.8678408],[151.2099228,-33.868092],[151.209907,-33.8682243],[151.210354,-33.8682631],[151.210369,-33.8681272],[151.2104,-33.8678834],[151.209956,-33.8678408]]}},{"type":"Feature","id":1241836637,"properties":{"construction":"subway","construction:electrified":"contact_line","construction:frequency":"50","construction:railway":"subway","construction:voltage":"25000","gauge":"1435","layer":"-4","name":"Down Sydney Metro West","oneway":"yes","opening_date":"2032","railway":"construction","railway:cbtc":"uto","tunnel":"yes"},"geometry":{"type":"LineString","coordinates":[[151.2109781,-33.865989],[151.2105675,-33.8659298],[151.2102019,-33.8658752],[151.2098377,-33.8658322],[151.2092606,-33.8657785],[151.2091536,-33.865773]]}},{"type":"Feature","id":1243180118,"properties":{"bench":"no","level":"-5","location":"underground","public_transport":"platform","railway":"platform","ref":"4","subway":"yes"},"geometry":{"type":"LineString","coordinates":[[151.2100016,-33.8664578],[151.2099898,-33.8665473],[151.2099779,-33.866637],[151.2099343,-33.8669671],[151.209924,-33.8670499],[151.2099043,-33.8671976],[151.2098749,-33.867419],[151.2098535,-33.8675802],[151.209831,-33.8677497],[151.2098037,-33.8679555],[151.2099318,-33.8679672],[151.2099592,-33.8677603],[151.2099817,-33.8675898],[151.210003,-33.8674286],[151.2100323,-33.8672075],[151.2100519,-33.8670596],[151.2100628,-33.8669768],[151.2101066,-33.8666464],[151.2101184,-33.8665575],[151.21013,-33.8664695],[151.2100016,-33.8664578]]}},{"type":"Feature","id":1243180119,"properties":{"bench":"yes","level":"-5","location":"underground","public_transport":"platform","railway":"platform","ref":"3","subway":"yes"},"geometry":{"type":"LineString","coordinates":[[151.2105509,-33.8665002],[151.2105393,-33.8665884],[151.2105276,-33.8666773],[151.210473,-33.8670915],[151.2104721,-33.8670967],[151.2104716,-33.8671002],[151.2104533,-33.8672388],[151.210424,-33.8674604],[151.2104028,-33.8676211],[151.2103802,-33.8677914],[151.210353,-33.8679978],[151.2104811,-33.8680095],[151.2105087,-33.8678006],[151.2105312,-33.8676307],[151.2105522,-33.8674718],[151.2105818,-33.8672483],[151.2106013,-33.8671012],[151.2106124,-33.8670174],[151.2106562,-33.8666868],[151.2106683,-33.8665983],[151.2106793,-33.8665119],[151.2105509,-33.8665002]]}},{"type":"Feature","id":1245722035,"properties":{"administration":"Regional","classified":"yes","highway":"secondary","lanes":"3","maxspeed":"40","name":"King Street","oneway":"yes","owner":"City of Sydney","owner:wikidata":"Q1094194","smoothness":"good","source:maxspeed":"City of Sydney 40km/h maxzone description of bounds","surface":"asphalt","wikidata":"Q6412085"},"geometry":{"type":"LineString","coordinates":[[151.2073309,-33.8687722],[151.2076135,-33.8688075],[151.2080089,-33.8688569],[151.2081112,-33.8688697],[151.2081833,-33.8688787],[151.2082221,-33.8688841],[151.2083262,-33.8688968]]}},{"type":"Feature","id":1245722036,"properties":{"emergency":"yes","foot":"yes","highway":"service","lit":"yes","maxspeed":"40","name":"George Street","oneway":"yes","sidewalk:both":"separate","source:maxspeed":"City of Sydney 40km/h maxzone description of bounds","surface":"asphalt","wikidata":"Q3760653"},"geometry":{"type":"LineString","coordinates":[[151.2070299,-33.8679778],[151.2069942,-33.8683014],[151.2069933,-33.8683178],[151.2069971,-33.8683304],[151.2070067,-33.8683439],[151.2070419,-33.8683846],[151.2070453,-33.8684021],[151.2070448,-33.8684215],[151.2070235,-33.868637],[151.2070223,-33.868649],[151.2070198,-33.8686746],[151.2070184,-33.868689],[151.207014,-33.8687339]]}},{"type":"Feature","id":1252724823,"properties":{"electrified":"contact_line","frequency":"0","gauge":"1435","layer":"-5","level":"-5","maxspeed":"60","name":"Up Sydney Metro City & Southwest","oneway":"yes","operator":"Metro Trains Sydney","operator:wikidata":"Q20861549","railway":"subway","railway:cbtc":"yes","tunnel":"yes","usage":"main","voltage":"1500"},"geometry":{"type":"LineString","coordinates":[[151.2107045,-33.8664984],[151.2107023,-33.8665129],[151.2106048,-33.8672599]]}},{"type":"Feature","id":1252724824,"properties":{"electrified":"contact_line","frequency":"0","gauge":"1435","layer":"-5","level":"-5","maxspeed":"60","name":"Down Sydney Metro City & Southwest","oneway":"yes","operator":"Metro Trains Sydney","operator:wikidata":"Q20861549","railway":"subway","railway:cbtc":"yes","tunnel":"yes","usage":"main","voltage":"1500"},"geometry":{"type":"LineString","coordinates":[[151.2098807,-33.867234],[151.2099742,-33.8665043],[151.2099813,-33.8664486]]}},{"type":"Feature","id":1264752995,"properties":{"leisure":"garden"},"geometry":{"type":"LineString","coordinates":[[151.2069422,-33.8670571],[151.206941,-33.8670677],[151.2068639,-33.8670619],[151.2068651,-33.8670513],[151.2069422,-33.8670571]]}},{"type":"Feature","id":1264752996,"properties":{"leisure":"garden"},"geometry":{"type":"LineString","coordinates":[[151.2069365,-33.867107],[151.2069353,-33.8671177],[151.2068583,-33.8671118],[151.2068594,-33.8671012],[151.2069365,-33.867107]]}},{"type":"Feature","id":1264753008,"properties":{"access":"private","cycleway:left":"no","cycleway:right":"lane","highway":"service","oneway":"yes"},"geometry":{"type":"LineString","coordinates":[[151.2077601,-33.8687408],[151.208,-33.8687673],[151.2080149,-33.8687724],[151.2080307,-33.8687813],[151.2080491,-33.8687929],[151.2080638,-33.8688101],[151.2081112,-33.8688697]]}},{"type":"Feature","id":1264753009,"properties":{"access":"private","cycleway:left":"no","cycleway:right":"lane","highway":"service","oneway":"yes"},"geometry":{"type":"LineString","coordinates":[[151.2071261,-33.8687466],[151.2071784,-33.8687227],[151.2072353,-33.8687023],[151.2072569,-33.8686955],[151.2072861,-33.8686909],[151.2073098,-33.8686909],[151.207442,-33.8687067],[151.2074793,-33.8687113],[151.2075158,-33.8687118],[151.2075282,-33.8687124]]}},{"type":"Feature","id":1264753010,"properties":{"access":"private","highway":"service","layer":"-1","oneway":"yes","tunnel":"yes"},"geometry":{"type":"LineString","coordinates":[[151.2075282,-33.8687124],[151.2077601,-33.8687408]]}},{"type":"Feature","id":1264767589,"properties":{"area":"yes","highway":"pedestrian","surface":"paving_stones"},"geometry":{"type":"LineString","coordinates":[[151.2070843,-33.8688398],[151.207087,-33.8688241],[151.2070905,-33.8688038],[151.2070671,-33.8688012],[151.206965,-33.8687898],[151.2069477,-33.8687879],[151.2069282,-33.8687857],[151.206884,-33.8687808],[151.2068693,-33.8687782],[151.2068085,-33.8687675],[151.2068095,-33.868783],[151.2068109,-33.8688074],[151.2068186,-33.8691885],[151.2068329,-33.8691885],[151.2068354,-33.8692969],[151.20684,-33.86949],[151.2068404,-33.8695073],[151.2068444,-33.869573],[151.2068299,-33.8695732],[151.2068307,-33.8696388],[151.2065861,-33.8696364],[151.2065794,-33.8695763],[151.2065466,-33.8695767],[151.2065601,-33.8697197],[151.2065735,-33.8698845],[151.2065736,-33.8698889],[151.2066057,-33.8698889],[151.2066141,-33.8698889],[151.206603,-33.8697746],[151.206592,-33.8696682],[151.2068329,-33.8696706],[151.20683,-33.869782],[151.2068269,-33.86989],[151.2068249,-33.8701372],[151.2068242,-33.8702246],[151.2068255,-33.870557],[151.2068273,-33.8706708],[151.206827,-33.8707084],[151.2068268,-33.8707417],[151.2068331,-33.870741],[151.2069265,-33.8707296],[151.2069383,-33.8707282],[151.2069612,-33.8707267],[151.2069853,-33.8707252],[151.2070361,-33.8707219],[151.2070625,-33.8707218],[151.2071368,-33.8707214],[151.2071369,-33.8707079],[151.2071371,-33.8706699],[151.2071209,-33.8706702],[151.2071125,-33.8706703],[151.2070611,-33.8706277],[151.2070609,-33.8706199],[151.2070605,-33.8706042],[151.207055,-33.8701934],[151.2070768,-33.8701933],[151.2070766,-33.8701388],[151.2070765,-33.8700972],[151.2070764,-33.8700796],[151.2070764,-33.8700597],[151.2070545,-33.8700597],[151.2070537,-33.8698068],[151.2070666,-33.869807],[151.2070662,-33.8697946],[151.2070663,-33.8697801],[151.207066,-33.8697124],[151.2070668,-33.8695147],[151.2070673,-33.8694266],[151.2070689,-33.8693248],[151.2070679,-33.8690838],[151.2070669,-33.8688554],[151.2070843,-33.8688398]]}},{"type":"Feature","id":1266746386,"properties":{"highway":"service","oneway":"yes","service":"drive-through","tunnel":"building_passage"},"geometry":{"type":"LineString","coordinates":[[151.2082551,-33.8683566],[151.2082457,-33.8683436],[151.2082405,-33.8683282],[151.2082399,-33.8683128],[151.2082638,-33.8681119],[151.2082682,-33.8681021],[151.2082802,-33.868092],[151.2082921,-33.8680866]]}},{"type":"Feature","id":1266746387,"properties":{"highway":"service","oneway":"yes","service":"drive-through","surface":"paving_stones"},"geometry":{"type":"LineString","coordinates":[[151.2082921,-33.8680866],[151.2083077,-33.8680838],[151.2083273,-33.8680854],[151.2083841,-33.8680907],[151.2084223,-33.8680942]]}},{"type":"Feature","id":1266746388,"properties":{"highway":"service","oneway":"yes","service":"drive-through","surface":"paving_stones"},"geometry":{"type":"LineString","coordinates":[[151.2083914,-33.8683884],[151.2083534,-33.868385],[151.2082901,-33.8683792],[151.2082766,-33.8683779],[151.2082651,-33.8683679],[151.2082551,-33.8683566]]}},{"type":"Feature","id":1266760631,"properties":{"highway":"service","service":"driveway","surface":"paving_stones"},"geometry":{"type":"LineString","coordinates":[[151.207386,-33.8708247],[151.2073857,-33.8708137],[151.2073847,-33.8707709]]}},{"type":"Feature","id":1274045377,"properties":{"cycleway:left":"share_busway","highway":"tertiary","lanes":"2","maxspeed":"40","name":"York Street","oneway":"yes","oneway:bicycle":"yes","sidewalk:both":"separate","smoothness":"intermediate","source:maxspeed":"City of Sydney 40km/h maxzone description of bounds","surface":"asphalt"},"geometry":{"type":"LineString","coordinates":[[151.2058742,-33.8673546],[151.2059035,-33.867584],[151.2059083,-33.8676215],[151.2059172,-33.8676919]]}},{"type":"Feature","id":1274045378,"properties":{"access:lanes":"destination|||","bicycle":"designated","cycleway:left":"share_busway","emergency":"designated","highway":"tertiary","lanes":"4","lit":"yes","maxspeed":"40","motorcycle":"designated","name":"Clarence Street","oneway":"yes","oneway:bicycle":"yes","psv":"designated","shoulder":"no","sidewalk:both":"separate","smoothness":"excellent","source:maxspeed":"City of Sydney 40km/h maxzone description of bounds","surface":"asphalt","verge":"no","width":"12"},"geometry":{"type":"LineString","coordinates":[[151.2052646,-33.8687311],[151.2052606,-33.8686964],[151.205255,-33.8686483],[151.2051699,-33.8679174]]}},{"type":"Feature","id":1285392415,"properties":{"addr:housenumber":"340-346","addr:postcode":"2000","addr:state":"NSW","addr:street":"George Street","addr:suburb":"Sydney","building":"yes","building:levels":"5"},"geometry":{"type":"LineString","coordinates":[[151.2076043,-33.8666256],[151.2072828,-33.8666015],[151.2072655,-33.8667976],[151.2075823,-33.8668267],[151.2076043,-33.8666256]]}},{"type":"Feature","id":1300896376,"properties":{"access":"no","bus":"designated","cycleway:both":"no","highway":"unclassified","lanes":"2","lit":"yes","maxspeed":"40","name":"Carrington Street","oneway":"yes","sidewalk:both":"separate","sidewalk:both:surface":"asphalt","smoothness":"excellent","source:location":"bing","source:maxspeed":"City of Sydney 40km/h maxzone description of bounds","source:name":"survey","surface":"asphalt"},"geometry":{"type":"LineString","coordinates":[[151.2062262,-33.8670218],[151.2062452,-33.8670056],[151.2062549,-33.8669829],[151.2062584,-33.8669496],[151.2062941,-33.8666113]]}},{"type":"Feature","id":1302645419,"properties":{"access":"private","highway":"service","service":"driveway"},"geometry":{"type":"LineString","coordinates":[[151.2099071,-33.8681827],[151.209864,-33.8681788],[151.2097999,-33.8681731]]}},{"type":"Feature","id":1308804844,"properties":{"access":"private","driving_side":"right","highway":"service","service":"driveway"},"geometry":{"type":"LineString","coordinates":[[151.2085085,-33.8661493],[151.2085307,-33.8661534],[151.2085885,-33.8661581],[151.2086428,-33.8661625]]}},{"type":"Feature","id":1308804846,"properties":{"access":"private","highway":"service","service":"driveway"},"geometry":{"type":"LineString","coordinates":[[151.2088131,-33.8682814],[151.2088162,-33.8682656]]}},{"type":"Feature","id":1308804847,"properties":{"access":"private","highway":"service","service":"driveway","tunnel":"building_passage"},"geometry":{"type":"LineString","coordinates":[[151.2088162,-33.8682656],[151.2088173,-33.8682597],[151.2088202,-33.8682444],[151.2089091,-33.8682519]]}},{"type":"Feature","id":1309014430,"properties":{"electrified":"contact_line","frequency":"0","gauge":"1435","layer":"-5","level":"-5","maxspeed":"50","name":"Down Sydney Metro City & Southwest","oneway":"yes","operator":"Metro Trains Sydney","operator:wikidata":"Q20861549","railway":"subway","railway:cbtc":"yes","tunnel":"yes","usage":"main","voltage":"1500"},"geometry":{"type":"LineString","coordinates":[[151.2097872,-33.8679637],[151.2098807,-33.867234]]}},{"type":"Feature","id":1309014431,"properties":{"electrified":"contact_line","frequency":"0","gauge":"1435","layer":"-5","level":"-5","maxspeed":"50","name":"Up Sydney Metro City & Southwest","oneway":"yes","operator":"Metro Trains Sydney","operator:wikidata":"Q20861549","railway":"subway","railway:cbtc":"yes","tunnel":"yes","usage":"main","voltage":"1500"},"geometry":{"type":"LineString","coordinates":[[151.2106048,-33.8672599],[151.2105072,-33.8680069]]}},{"type":"Feature","id":1311016943,"properties":{"building":"yes","check_date":"2024-09-13","construction":"kiosk","shop":"kiosk"},"geometry":{"type":"LineString","coordinates":[[151.2072698,-33.8673731],[151.2072749,-33.8673746],[151.2072802,-33.8673746],[151.2072853,-33.8673731],[151.2072895,-33.8673703],[151.2072923,-33.8673666],[151.2072934,-33.8673622],[151.2072927,-33.8673578],[151.2072902,-33.8673538],[151.2072863,-33.8673508],[151.2072814,-33.867349],[151.2072761,-33.8673486],[151.2072714,-33.8673496],[151.2072673,-33.8673518],[151.2072641,-33.8673549],[151.2072622,-33.8673586],[151.2072618,-33.8673626],[151.2072629,-33.8673665],[151.2072657,-33.8673703],[151.2072698,-33.8673731]]}},{"type":"Feature","id":1311016944,"properties":{"access":"private","driving_side":"right","highway":"service","lit":"yes","service":"driveway"},"geometry":{"type":"LineString","coordinates":[[151.205458,-33.8702869],[151.2055459,-33.8702801],[151.205561,-33.8702778]]}},{"type":"Feature","id":1315670560,"properties":{"access":"destination","highway":"service","lit":"yes","maxspeed":"40","noname":"yes","oneway":"yes","sidewalk:left":"no","sidewalk:right":"separate","source:maxspeed":"City of Sydney 40km/h maxzone description of bounds","surface":"asphalt"},"geometry":{"type":"LineString","coordinates":[[151.2063019,-33.8709323],[151.2062692,-33.8710581],[151.2063036,-33.871337],[151.2063099,-33.871388]]}},{"type":"Feature","id":1315670561,"properties":{"access":"destination","highway":"service","layer":"-1","maxheight":"3.6","maxspeed":"40","noname":"yes","oneway":"yes","sidewalk":"right","source:maxspeed":"City of Sydney 40km/h maxzone description of bounds","surface":"asphalt","tunnel":"yes"},"geometry":{"type":"LineString","coordinates":[[151.2063099,-33.871388],[151.2063176,-33.8714613],[151.2063233,-33.8715143],[151.2063289,-33.8715672],[151.2063365,-33.8716388]]}},{"type":"Feature","id":1315670564,"properties":{"access":"destination","highway":"service","oneway":"yes","service":"parking_aisle","surface":"concrete"},"geometry":{"type":"LineString","coordinates":[[151.2063036,-33.871337],[151.2063075,-33.8713436],[151.2063117,-33.8713469],[151.2063173,-33.8713492],[151.2063228,-33.8713496]]}},{"type":"Feature","id":1317327063,"properties":{"access":"private","highway":"service","service":"driveway"},"geometry":{"type":"LineString","coordinates":[[151.2076812,-33.8707712],[151.2076816,-33.870814],[151.2076819,-33.8708361],[151.2076868,-33.8713092],[151.2076996,-33.871348],[151.2076975,-33.8714156]]}},{"type":"Feature","id":1317327065,"properties":{"access":"private","highway":"service","service":"driveway","tunnel":"building_passage"},"geometry":{"type":"LineString","coordinates":[[151.207386,-33.8708247],[151.2073893,-33.8709627]]}},{"type":"Feature","id":1317327075,"properties":{"access":"private","highway":"service","service":"driveway"},"geometry":{"type":"LineString","coordinates":[[151.2076772,-33.8700872],[151.2076543,-33.8700869],[151.2074586,-33.8700846],[151.20732,-33.870083],[151.2070764,-33.8700796]]}},{"type":"Feature","id":1317327076,"properties":{"access":"destination","highway":"service","service":"driveway"},"geometry":{"type":"LineString","coordinates":[[151.2070764,-33.8700796],[151.207018,-33.8700794],[151.2069571,-33.8700787],[151.2069387,-33.8700784]]}},{"type":"Feature","id":1317327077,"properties":{"building":"commercial","building:levels":"3"},"geometry":{"type":"LineString","coordinates":[[151.2076583,-33.8692062],[151.2076528,-33.8693166],[151.2081945,-33.869352],[151.2081987,-33.8692379],[151.2081487,-33.8692352],[151.2081027,-33.8692308],[151.2080514,-33.8692201],[151.2080011,-33.8692041],[151.2079583,-33.8691855],[151.2079134,-33.8691606],[151.2078759,-33.8691313],[151.2078417,-33.8690993],[151.2078107,-33.8690647],[151.2077861,-33.8690238],[151.2077679,-33.8689803],[151.207753,-33.8689211],[151.2076996,-33.8692104],[151.2076583,-33.8692062]]}},{"type":"Feature","id":1320212536,"properties":{"highway":"service","service":"driveway"},"geometry":{"type":"LineString","coordinates":[[151.2096334,-33.8671595],[151.2096261,-33.8672092]]}},{"type":"Feature","id":1320962129,"properties":{"highway":"service","incline":"up","service":"driveway"},"geometry":{"type":"LineString","coordinates":[[151.2089865,-33.8687889],[151.2088797,-33.8688926],[151.2088741,-33.8689251],[151.2088653,-33.8689701]]}},{"type":"Feature","id":1328706018,"properties":{"highway":"service","service":"driveway"},"geometry":{"type":"LineString","coordinates":[[151.2095261,-33.8694243],[151.2095421,-33.8694252],[151.2095864,-33.8694285],[151.209642,-33.8694324]]}},{"type":"Feature","id":1328721278,"properties":{"access:lanes:conditional":"no|| @ (Mo-Fr 15:00-20:00)","cycleway:left":"no","cycleway:right":"separate","highway":"unclassified","lanes":"3","maxheight:signed":"no","maxspeed":"40","name":"Castlereagh Street","oneway":"yes","oneway:bicycle":"yes","parking:left":"no","parking:left:restriction":"no_stopping","psv:lanes:conditional":"designated|| @ (Mo-Fr 15:00-20:00)","sidewalk":"both","source:maxspeed":"City of Sydney 40km/h maxzone description of bounds","surface":"asphalt","turn:lanes":"||right","wikidata":"Q5050585"},"geometry":{"type":"LineString","coordinates":[[151.2095501,-33.8702811],[151.2095288,-33.8704801],[151.2095152,-33.8706065],[151.2095084,-33.8706702]]}},{"type":"Feature","id":1328721279,"properties":{"highway":"service","oneway":"yes","service":"driveway"},"geometry":{"type":"LineString","coordinates":[[151.2091832,-33.8717453],[151.2092656,-33.8717523],[151.2092895,-33.8717551],[151.20931,-33.8717593],[151.2093253,-33.8717667],[151.2093337,-33.8717788],[151.2093408,-33.8717945]]}},{"type":"Feature","id":1342075247,"properties":{"description":"train tracks for a window-cleaning thing","railway":"disused","service":"yard"},"geometry":{"type":"LineString","coordinates":[[151.2079456,-33.8712337],[151.2079561,-33.8709436],[151.2079528,-33.8709377],[151.2079454,-33.8709329],[151.2079373,-33.8709299],[151.2078092,-33.8709265],[151.2078011,-33.8709275],[151.207793,-33.8709309],[151.207745,-33.870969],[151.2077401,-33.8709758],[151.2077389,-33.8709812],[151.207728,-33.8711858],[151.2077296,-33.8711908],[151.2077337,-33.8711959],[151.2077841,-33.8712411],[151.2077914,-33.8712435],[151.2078023,-33.8712439],[151.2079199,-33.8712479],[151.20793,-33.8712462],[151.207939,-33.8712422],[151.2079434,-33.8712381],[151.2079456,-33.8712337]]}},{"type":"Feature","id":1342075248,"properties":{"description":"train tracks for a window-cleaning thing","railway":"disused","service":"yard"},"geometry":{"type":"LineString","coordinates":[[151.2078023,-33.8712439],[151.2078146,-33.8712411],[151.2078228,-33.8712367],[151.2078808,-33.8711903],[151.2078851,-33.8711833],[151.2078865,-33.8711768],[151.2078876,-33.8711545]]}},{"type":"Feature","id":1342075249,"properties":{"description":"train tracks for a window-cleaning thing","railway":"disused","service":"yard","tunnel":"building_passage"},"geometry":{"type":"LineString","coordinates":[[151.2078876,-33.8711545],[151.2078925,-33.8710143]]}},{"type":"Feature","id":1343074167,"properties":{"building":"commercial"},"geometry":{"type":"LineString","coordinates":[[151.2092641,-33.8714456],[151.2092671,-33.8714234],[151.2092961,-33.8714041],[151.2092976,-33.8713937],[151.2093003,-33.8713625],[151.2093013,-33.8713507],[151.2093024,-33.8713378],[151.2093048,-33.8713249],[151.2089069,-33.8713252],[151.20891,-33.8713517],[151.2088341,-33.8713493],[151.2088345,-33.8713609],[151.2088332,-33.8714533],[151.2088144,-33.8714556],[151.2088144,-33.8715057],[151.2088144,-33.8716304],[151.2087627,-33.8716433],[151.2087768,-33.8718241],[151.2092344,-33.8718194],[151.2092391,-33.8717786],[151.2091473,-33.8717717],[151.2089261,-33.8717506],[151.2088551,-33.8716816],[151.2088742,-33.8715063],[151.2088843,-33.8714138],[151.2089721,-33.8713524],[151.2091959,-33.8713713],[151.2092378,-33.8714138],[151.209248,-33.8714261],[151.2092641,-33.8714456]]}},{"type":"Feature","id":1363069681,"properties":{"building":"service","description":"wynyard station air vent","man_made":"chimney"},"geometry":{"type":"LineString","coordinates":[[151.2060278,-33.8666984],[151.2060329,-33.8667004],[151.2060384,-33.8667009],[151.2060439,-33.8666999],[151.2060486,-33.8666974],[151.206052,-33.8666937],[151.2060538,-33.8666892],[151.2060537,-33.8666846],[151.2060517,-33.8666802],[151.206048,-33.8666767],[151.2060432,-33.8666743],[151.2060377,-33.8666735],[151.2060326,-33.8666741],[151.206028,-33.8666759],[151.2060243,-33.8666788],[151.2060218,-33.8666825],[151.2060209,-33.8666867],[151.2060215,-33.8666909],[151.2060239,-33.8666951],[151.2060278,-33.8666984]]}},{"type":"Feature","id":1367605956,"properties":{"access":"private","highway":"service","service":"driveway"},"geometry":{"type":"LineString","coordinates":[[151.20732,-33.870083],[151.2073202,-33.8700631]]}},{"type":"Feature","id":1367605957,"properties":{"access":"private","highway":"service","service":"driveway"},"geometry":{"type":"LineString","coordinates":[[151.2074586,-33.8700846],[151.2074579,-33.8701022]]}},{"type":"Feature","id":1367605958,"properties":{"access":"private","highway":"service","service":"driveway"},"geometry":{"type":"LineString","coordinates":[[151.2076543,-33.8700869],[151.2076559,-33.8700247]]}},{"type":"Feature","id":1367605959,"properties":{"access":"private","highway":"service","service":"driveway"},"geometry":{"type":"LineString","coordinates":[[151.2076628,-33.8698047],[151.2076625,-33.8698766]]}},{"type":"Feature","id":1377757017,"properties":{"access":"private","leisure":"swimming_pool","location":"roof","temperature":"cold"},"geometry":{"type":"LineString","coordinates":[[151.2090667,-33.8670341],[151.2090774,-33.8669476],[151.2091305,-33.8669525],[151.2091559,-33.8669617],[151.2091717,-33.8669739],[151.2091697,-33.8670155],[151.2091087,-33.8670387],[151.2090667,-33.8670341]]}},{"type":"Feature","id":1377757018,"properties":{"access":"private","leisure":"swimming_pool","location":"roof","temperature":"hot"},"geometry":{"type":"LineString","coordinates":[[151.2091697,-33.8670155],[151.2091999,-33.867003],[151.2091874,-33.8669871],[151.2091717,-33.8669739],[151.2091697,-33.8670155]]}},{"type":"Feature","id":1413159139,"properties":{"access":"no","bus":"designated","cycleway:both":"no","highway":"unclassified","lanes":"2","lit":"yes","maxspeed":"40","name":"Carrington Street","oneway":"yes","sidewalk:both":"separate","sidewalk:both:surface":"asphalt","smoothness":"excellent","source:location":"bing","source:maxspeed":"City of Sydney 40km/h maxzone description of bounds","source:name":"survey","surface":"asphalt"},"geometry":{"type":"LineString","coordinates":[[151.2062941,-33.8666113],[151.2063248,-33.8663461]]}},{"type":"Feature","id":1413159146,"properties":{"cycleway:left":"share_busway","highway":"tertiary","lanes":"2","level":"0","maxspeed":"40","name":"York Street","oneway":"yes","oneway:bicycle":"yes","sidewalk":"both","source:maxspeed":"City of Sydney 40km/h maxzone description of bounds","surface":"asphalt"},"geometry":{"type":"LineString","coordinates":[[151.2057979,-33.8666233],[151.2058123,-33.8667937]]}},{"type":"Feature","id":1413159525,"properties":{"cycleway:left":"share_busway","highway":"unclassified","lanes":"3","maxspeed":"40","name":"Castlereagh Street","oneway":"yes","oneway:bicycle":"yes","parking:lane:left:parallel":"on_street","parking:lane:right:parallel":"lay_by","parking:left":"yes","parking:left:orientation":"parallel","parking:right":"yes","parking:right:orientation":"parallel","psv:lanes":"|designated|","sidewalk":"both","source:maxspeed":"City of Sydney 40km/h maxzone description of bounds","surface":"asphalt","turn:bus:lanes":"left;through||","turn:lanes":"left|through|through"},"geometry":{"type":"LineString","coordinates":[[151.2097749,-33.8683653],[151.2097499,-33.8685495]]}},{"type":"Feature","id":1413159526,"properties":{"access:lanes:forward:conditional":"no| @ (Mo-Fr 06:00-20:00,15:00-20:00; Sa,Su,PH 10:00-18:00)","administration":"Regional","bicycle:lanes:forward":"|designated|","bicycle:lanes:forward:conditional":"designated| @ (Mo-Fr 06:00-20:00,15:00-20:00; Sa,Su,PH 10:00-18:00)","classified":"no","cycleway":"share_busway","highway":"tertiary","lanes":"6","lanes:backward":"3","lanes:forward":"2","lit":"yes","maxspeed":"40","motorcycle:lanes:backward":"designated||","motorcycle:lanes:forward":"|designated|","name":"Elizabeth Street","owner:wikidata":"Q1094194","psv:lanes:backward":"designated||","psv:lanes:forward":"|designated|","sidewalk":"both","sidewalk:both:bicycle":"yes","sidewalk:both:surface":"concrete:plates","smoothness":"good","source:maxspeed":"City of Sydney 40km/h maxzone description of bounds","surface":"asphalt"},"geometry":{"type":"LineString","coordinates":[[151.210466,-33.8687655],[151.210449,-33.8689428]]}},{"type":"Feature","id":1413363128,"properties":{"cycleway:left":"share_busway","highway":"tertiary","lanes":"2","maxspeed":"40","name":"York Street","oneway":"yes","oneway:bicycle":"yes","sidewalk:both":"separate","smoothness":"intermediate","source:maxspeed":"City of Sydney 40km/h maxzone description of bounds","surface":"asphalt"},"geometry":{"type":"LineString","coordinates":[[151.205831,-33.8670156],[151.2058664,-33.8672937],[151.2058742,-33.8673546]]}},{"type":"Feature","id":1413363129,"properties":{"administration":"Regional","classified":"yes","highway":"secondary","lanes":"4","maxspeed":"40","name":"King Street","oneway":"yes","owner":"City of Sydney","owner:wikidata":"Q1094194","source:maxspeed":"City of Sydney 40km/h maxzone description of bounds","surface":"asphalt"},"geometry":{"type":"LineString","coordinates":[[151.2065172,-33.8686876],[151.2067946,-33.8687113],[151.2068754,-33.8687185],[151.2069328,-33.8687256],[151.2069527,-33.8687276]]}},{"type":"Feature","id":1413363130,"properties":{"access:lanes":"destination|||","bicycle":"designated","cycleway:left":"share_busway","emergency":"designated","highway":"tertiary","lanes":"4","lit":"yes","maxspeed":"40","motorcycle":"designated","name":"Clarence Street","oneway":"yes","oneway:bicycle":"yes","psv":"designated","shoulder":"no","sidewalk:both":"separate","smoothness":"excellent","source:maxspeed":"City of Sydney 40km/h maxzone description of bounds","surface":"asphalt","verge":"no","width":"12"},"geometry":{"type":"LineString","coordinates":[[151.2052897,-33.8689511],[151.2052764,-33.8688311],[151.2052728,-33.8688008],[151.2052646,-33.8687311]]}},{"type":"Feature","id":1413363132,"properties":{"access:lanes":"destination|||","bicycle":"designated","cycleway:left":"share_busway","emergency":"designated","highway":"tertiary","lanes":"4","lit":"yes","maxspeed":"40","motorcycle":"designated","name":"Clarence Street","oneway":"yes","oneway:bicycle":"yes","psv":"designated","shoulder":"no","sidewalk:both":"separate","smoothness":"excellent","source:maxspeed":"City of Sydney 40km/h maxzone description of bounds","surface":"asphalt","verge":"no","width":"12"},"geometry":{"type":"LineString","coordinates":[[151.2054172,-33.8700067],[151.2053817,-33.869726],[151.2053731,-33.8696528],[151.205356,-33.8695074],[151.2052897,-33.8689511]]}},{"type":"Feature","id":1413397717,"properties":{"administration":"Regional","bicycle:lanes:backward":"|designated|","bicycle:lanes:forward":"|designated|","classified":"yes","cycleway":"share_busway","highway":"secondary","lanes":"6","lanes:backward":"3","lanes:forward":"3","maxspeed":"40","motorcycle:lanes:backward":"|designated|","motorcycle:lanes:forward":"|designated|","name":"Elizabeth Street","owner":"City of Sydney","owner:wikidata":"Q1094194","psv:lanes:backward":"|designated|","psv:lanes:forward":"|designated|","sidewalk:both":"separate","smoothness":"excellent","source:maxspeed":"City of Sydney 40km/h maxzone description of bounds","surface":"asphalt","taxi:lanes:backward":"|designated|"},"geometry":{"type":"LineString","coordinates":[[151.2101987,-33.8707469],[151.2101985,-33.8708491],[151.2101935,-33.8708913],[151.2101351,-33.8713844]]}},{"type":"Feature","id":1413397718,"properties":{"administration":"Regional","bicycle:lanes:backward":"|designated|","bicycle:lanes:forward":"|designated|","classified":"yes","cycleway":"share_busway","highway":"secondary","lanes":"6","lanes:backward":"3","lanes:forward":"3","maxspeed":"40","motorcycle:lanes:backward":"|designated|","motorcycle:lanes:forward":"|designated|","name":"Elizabeth Street","owner":"City of Sydney","owner:wikidata":"Q1094194","psv:lanes:backward":"|designated|","psv:lanes:forward":"|designated|","sidewalk:both":"separate","smoothness":"excellent","source:maxspeed":"City of Sydney 40km/h maxzone description of bounds","surface":"asphalt","taxi:lanes:backward":"|designated|"},"geometry":{"type":"LineString","coordinates":[[151.2101351,-33.8713844],[151.2100796,-33.8718539]]}},{"type":"Feature","id":1413397719,"properties":{"administration":"Regional","bicycle:lanes:backward":"|designated|","bicycle:lanes:forward":"|designated|","classified":"yes","cycleway":"share_busway","highway":"secondary","lanes":"6","lanes:backward":"3","lanes:forward":"3","maxspeed":"40","motorcycle:lanes:backward":"|designated|","motorcycle:lanes:forward":"|designated|","name":"Elizabeth Street","owner":"City of Sydney","owner:wikidata":"Q1094194","psv:lanes:backward":"|designated|","psv:lanes:forward":"|designated|","sidewalk:both":"separate","smoothness":"excellent","source:maxspeed":"City of Sydney 40km/h maxzone description of bounds","surface":"asphalt","taxi:lanes:backward":"|designated|"},"geometry":{"type":"LineString","coordinates":[[151.2100796,-33.8718539],[151.2100571,-33.8720356]]}},{"type":"Feature","id":1413397721,"properties":{"access:lanes:conditional":"no|@ (Mo-Fr 15:00-20:00)","cycleway:left":"no","cycleway:right":"separate","highway":"unclassified","lanes":"2","lit":"yes","maxspeed":"40","name":"Castlereagh Street","oneway":"yes","parking:both":"yes","parking:both:orientation":"parallel","parking:lane:both:parallel":"shoulder","psv:lanes:conditional":"|designated|| @ (Mo-Fr 15:00-20:00)","shoulder":"both","sidewalk":"both","source:highway":"survey","source:maxspeed":"City of Sydney 40km/h maxzone description of bounds","surface":"asphalt"},"geometry":{"type":"LineString","coordinates":[[151.2095084,-33.8706702],[151.2094959,-33.8707414],[151.2094859,-33.8707983],[151.2094589,-33.8709925],[151.2094203,-33.8712266],[151.2093972,-33.8713666]]}},{"type":"Feature","id":1413413162,"properties":{"access:lanes":"destination|||","bicycle":"designated","cycleway:left":"share_busway","emergency":"designated","highway":"tertiary","lanes":"4","lit":"yes","maxspeed":"40","motorcycle":"designated","name":"Clarence Street","oneway":"yes","oneway:bicycle":"yes","psv":"designated","shoulder":"no","sidewalk:both":"separate","smoothness":"excellent","source:maxspeed":"City of Sydney 40km/h maxzone description of bounds","surface":"asphalt","verge":"no","width":"12"},"geometry":{"type":"LineString","coordinates":[[151.2051699,-33.8679174],[151.2051571,-33.8678079],[151.2051557,-33.8677943],[151.2051478,-33.8677193]]}},{"type":"Feature","id":1413413163,"properties":{"access:lanes":"destination|||","bicycle":"designated","cycleway:left":"share_busway","emergency":"designated","highway":"tertiary","lanes":"4","lit":"yes","maxspeed":"40","motorcycle":"designated","name":"Clarence Street","oneway":"yes","oneway:bicycle":"yes","psv":"designated","shoulder":"no","sidewalk:both":"separate","smoothness":"excellent","source:maxspeed":"City of Sydney 40km/h maxzone description of bounds","surface":"asphalt","verge":"no","width":"12"},"geometry":{"type":"LineString","coordinates":[[151.205458,-33.8702869],[151.2054531,-33.8702494],[151.2054172,-33.8700067]]}},{"type":"Feature","id":1413419816,"properties":{"bicycle:backward":"yes","centreline":"solid|solid","cycleway:both":"no","highway":"tertiary","lanes":"5","lanes:backward":"1","lanes:forward":"4","lit":"yes","maxspeed":"40","motorcycle:backward":"yes","name":"Market Street","note":"Eastbound traffic is allowed on this way to permit routers access to QVB car park. Access is signposted as \"NO ENTRY; BUSES, TAXIS, SERVICE & Q. V. B. CARPARK VEHICLES EXCEPTED\".  Entry into York Street is access=destination to prevent through traffic.","oneway":"no","shoulder":"no","sidewalk:both":"separate","source:maxspeed":"City of Sydney 40km/h maxzone description of bounds","surface":"asphalt","turn:lanes:backward":"none|right","turn:lanes:forward":"none|none|none|right","verge":"no"},"geometry":{"type":"LineString","coordinates":[[151.2062871,-33.8708316],[151.2061725,-33.8708343],[151.2061268,-33.8708354],[151.2059807,-33.8708474]]}},{"type":"Feature","id":1413419817,"properties":{"access":"no","access:lanes":"destination|destination","bicycle":"yes","bicycle:lanes":"designated|designated","cycleway:left":"share_busway","foot":"yes","highway":"unclassified","lanes":"2","lit":"yes","maxspeed":"40","name":"York Street","oneway":"yes","oneway:bicycle":"yes","parking":"shoulder","psv":"yes","psv:lanes":"designated|designated","shoulder":"right","sidewalk:left":"separate","sidewalk:right":"no","source:maxspeed":"City of Sydney 40km/h maxzone description of bounds","surface":"asphalt","taxi":"permissive","taxi:lanes":"permissive|permissive","verge":"no"},"geometry":{"type":"LineString","coordinates":[[151.2063019,-33.8709323],[151.2063512,-33.871046],[151.2063637,-33.8711661]]}},{"type":"Feature","id":1418181355,"properties":{"access:lanes:forward:conditional":"no| @ (Mo-Fr 06:00-20:00,15:00-20:00; Sa,Su,PH 10:00-18:00)","administration":"Regional","bicycle:lanes:forward":"|designated|","bicycle:lanes:forward:conditional":"designated| @ (Mo-Fr 06:00-20:00,15:00-20:00; Sa,Su,PH 10:00-18:00)","classified":"no","cycleway:left":"share_busway","highway":"tertiary","lanes":"6","lanes:backward":"3","lanes:forward":"2","lit":"yes","maxspeed":"40","motorcycle:lanes:backward":"designated||","motorcycle:lanes:forward":"|designated|","name":"Elizabeth Street","owner:wikidata":"Q1094194","psv:lanes:backward":"designated||","psv:lanes:forward":"|designated|","sidewalk":"both","sidewalk:both:surface":"paving_stones","smoothness":"excellent","source:maxspeed":"City of Sydney 40km/h maxzone description of bounds","surface":"asphalt","turn:lanes:backward":"||right"},"geometry":{"type":"LineString","coordinates":[[151.2106107,-33.8674648],[151.2105932,-33.8676016],[151.2105893,-33.8676341],[151.210585,-33.8676696],[151.2105801,-33.867711],[151.2105708,-33.8677874]]}},{"type":"Feature","id":1418181489,"properties":{"access:lanes:forward:conditional":"no| @ (Mo-Fr 06:00-20:00,15:00-20:00; Sa,Su,PH 10:00-18:00)","administration":"Regional","bicycle:lanes:forward":"|designated|","bicycle:lanes:forward:conditional":"designated| @ (Mo-Fr 06:00-20:00,15:00-20:00; Sa,Su,PH 10:00-18:00)","classified":"no","cycleway:left":"share_busway","highway":"tertiary","lanes":"6","lanes:backward":"3","lanes:forward":"2","maxspeed":"40","motorcycle:lanes:backward":"designated||","motorcycle:lanes:forward":"|designated|","name":"Elizabeth Street","owner:wikidata":"Q1094194","psv:lanes:backward":"designated||","psv:lanes:forward":"|designated|","sidewalk":"both","sidewalk:both:surface":"paving_stones","smoothness":"excellent","source:maxspeed":"City of Sydney 40km/h maxzone description of bounds","surface":"asphalt","turn:lanes:backward":"||right"},"geometry":{"type":"LineString","coordinates":[[151.2106697,-33.8670309],[151.2106107,-33.8674648]]}},{"type":"Feature","id":1418181490,"properties":{"access:lanes:forward:conditional":"no| @ (Mo-Fr 06:00-20:00,15:00-20:00; Sa,Su,PH 10:00-18:00)","administration":"Regional","bicycle:lanes:forward":"|designated|","bicycle:lanes:forward:conditional":"designated| @ (Mo-Fr 06:00-20:00,15:00-20:00; Sa,Su,PH 10:00-18:00)","classified":"no","cycleway:left":"share_busway","highway":"tertiary","lanes":"6","lanes:backward":"3","lanes:forward":"2","maxspeed":"40","motorcycle:lanes:backward":"designated||","motorcycle:lanes:forward":"|designated|","name":"Elizabeth Street","owner:wikidata":"Q1094194","psv:lanes:backward":"designated||","psv:lanes:forward":"|designated|","sidewalk":"both","sidewalk:both:surface":"paving_stones","smoothness":"excellent","source:maxspeed":"City of Sydney 40km/h maxzone description of bounds","surface":"asphalt","turn:lanes:backward":"||right"},"geometry":{"type":"LineString","coordinates":[[151.2106747,-33.8669897],[151.2106697,-33.8670309]]}},{"type":"Feature","id":1429451272,"properties":{"cycleway:left":"share_busway","highway":"tertiary","lanes":"4","lit":"yes","maxspeed":"40","name":"York Street","oneway":"yes","oneway:bicycle":"yes","sidewalk:both":"separate","sidewalk:both:surface":"paving_stones","smoothness":"intermediate","source:maxspeed":"City of Sydney 40km/h maxzone description of bounds","surface":"asphalt"},"geometry":{"type":"LineString","coordinates":[[151.2062614,-33.8706524],[151.2062634,-33.8706702],[151.2062689,-33.8707076]]}},{"type":"Feature","id":1431437177,"properties":{"access:lanes:conditional":"no|@ (Mo-Fr 15:00-20:00)","cycleway:left":"no","cycleway:right":"separate","highway":"unclassified","lanes":"2","lit":"yes","maxspeed":"40","name":"Castlereagh Street","oneway":"yes","parking:both":"yes","parking:both:orientation":"parallel","parking:lane:both:parallel":"shoulder","psv:lanes:conditional":"|designated|| @ (Mo-Fr 15:00-20:00)","shoulder":"both","sidewalk":"both","source:highway":"survey","source:maxspeed":"City of Sydney 40km/h maxzone description of bounds","surface":"asphalt"},"geometry":{"type":"LineString","coordinates":[[151.2093972,-33.8713666],[151.2093939,-33.8713863]]}},{"type":"Feature","id":1443682969,"properties":{"access":"private","highway":"service","service":"parking_aisle"},"geometry":{"type":"LineString","coordinates":[[151.2059528,-33.8672866],[151.2060862,-33.8672931],[151.2061048,-33.8671125]]}},{"type":"Feature","id":1443682970,"properties":{"access":"private","highway":"service","service":"parking_aisle"},"geometry":{"type":"LineString","coordinates":[[151.2061104,-33.8670372],[151.2061048,-33.8671125]]}},{"type":"Feature","id":1463563079,"properties":{"addr:housenumber":"106","addr:street":"King Street","addr:suburb":"Sydney","building":"yes"},"geometry":{"type":"LineString","coordinates":[[151.2086664,-33.8688576],[151.2085929,-33.8688485],[151.2086144,-33.8687291],[151.2086879,-33.8687382],[151.2086664,-33.8688576]]}},{"type":"Feature","id":1463565082,"properties":{"building":"yes"},"geometry":{"type":"LineString","coordinates":[[151.2086144,-33.8687291],[151.2085497,-33.8687236],[151.2085309,-33.868838],[151.2085929,-33.8688485],[151.2086144,-33.8687291]]}},{"type":"Feature","id":1463896661,"properties":{"access":"private","highway":"service","service":"driveway"},"geometry":{"type":"LineString","coordinates":[[151.2063751,-33.8673742],[151.2066894,-33.8673955]]}},{"type":"Feature","id":1463896662,"properties":{"highway":"service","service":"driveway"},"geometry":{"type":"LineString","coordinates":[[151.2058742,-33.8673546],[151.2059557,-33.8673498],[151.2059596,-33.8673503]]}},{"type":"Feature","id":1467243391,"properties":{"highway":"service","service":"parking_aisle"},"geometry":{"type":"LineString","coordinates":[[151.2058664,-33.8672937],[151.2059477,-33.867287],[151.2059528,-33.8672866]]}},{"type":"Feature","id":1467243392,"properties":{"access":"private","highway":"service","service":"driveway"},"geometry":{"type":"LineString","coordinates":[[151.2059596,-33.8673503],[151.2060119,-33.8673495],[151.2062498,-33.8673657]]}},{"type":"Feature","id":1467243393,"properties":{"access":"private","covered":"yes","highway":"service","layer":"-1","service":"driveway"},"geometry":{"type":"LineString","coordinates":[[151.2062498,-33.8673657],[151.2063751,-33.8673742]]}},{"type":"Feature","id":1468438634,"properties":{"access":"private","leisure":"swimming_pool","location":"roof"},"geometry":{"type":"LineString","coordinates":[[151.2083719,-33.8721207],[151.2083699,-33.8721964],[151.2084058,-33.872197],[151.2084079,-33.8721214],[151.2083719,-33.8721207]]}},{"type":"Feature","id":1513966126,"properties":{"access":"private","highway":"service","service":"driveway"},"geometry":{"type":"LineString","coordinates":[[151.2067399,-33.8665829],[151.2067031,-33.8665798]]}},{"type":"Feature","id":1513966127,"properties":{"access":"private","highway":"service","service":"driveway","tunnel":"building_passage"},"geometry":{"type":"LineString","coordinates":[[151.2067031,-33.8665798],[151.2066539,-33.8665758]]}},{"type":"Feature","id":1531163655,"properties":{"building":"yes"},"geometry":{"type":"LineString","coordinates":[[151.2057115,-33.870353],[151.2057065,-33.8703206],[151.2057016,-33.8702882],[151.2058427,-33.8702732],[151.205838,-33.8702363],[151.2059572,-33.8702189],[151.2059633,-33.8702752],[151.2059694,-33.8703315],[151.2057115,-33.870353]]}},{"type":"Feature","id":1531163656,"properties":{"access":"private","highway":"service","service":"driveway"},"geometry":{"type":"LineString","coordinates":[[151.2057307,-33.8695426],[151.2057406,-33.8696237],[151.2057569,-33.8697581]]}},{"type":"Feature","id":1531163657,"properties":{"highway":"service","service":"driveway"},"geometry":{"type":"LineString","coordinates":[[151.2054783,-33.8696446],[151.2054647,-33.8696457],[151.2053731,-33.8696528]]}},{"type":"Feature","id":1531163658,"properties":{"access":"private","highway":"service","service":"driveway","tunnel":"building_passage"},"geometry":{"type":"LineString","coordinates":[[151.2054783,-33.8696446],[151.2057228,-33.8696253]]}},{"type":"Feature","id":1531163659,"properties":{"access":"private","highway":"service","service":"driveway"},"geometry":{"type":"LineString","coordinates":[[151.2057228,-33.8696253],[151.2057406,-33.8696237]]}},{"type":"Feature","id":1537673503,"properties":{"building":"yes"},"geometry":{"type":"LineString","coordinates":[[151.2086488,-33.8721082],[151.2086496,-33.8720686],[151.2086616,-33.8720423],[151.2086778,-33.8720265],[151.2086894,-33.8720185],[151.2087645,-33.8720201],[151.2087789,-33.8720323],[151.2087928,-33.8720523],[151.2088005,-33.8720744],[151.2088021,-33.872112],[151.2086488,-33.8721082]]}},{"type":"Feature","id":1537673504,"properties":{"leisure":"garden"},"geometry":{"type":"LineString","coordinates":[[151.2087916,-33.872219],[151.2088365,-33.8722174],[151.2088319,-33.8721307],[151.2088199,-33.8721304],[151.2087916,-33.872219]]}},{"type":"Feature","id":1537673506,"properties":{"access":"private","highway":"service","service":"driveway"},"geometry":{"type":"LineString","coordinates":[[151.2093178,-33.8712172],[151.2093311,-33.8712185],[151.209375,-33.8712225],[151.2094203,-33.8712266]]}},{"type":"Feature","id":1537673507,"properties":{"access":"private","highway":"service","service":"driveway","tunnel":"building_passage"},"geometry":{"type":"LineString","coordinates":[[151.2093178,-33.8712172],[151.2092622,-33.8712129]]}},{"type":"Feature","id":1537673512,"properties":{"building":"service"},"geometry":{"type":"LineString","coordinates":[[151.2087636,-33.8713371],[151.2087667,-33.8712253],[151.2088713,-33.8712273],[151.2088682,-33.8713391],[151.2087636,-33.8713371]]}},{"type":"Feature","id":1545863398,"properties":{"highway":"pedestrian"},"geometry":{"type":"LineString","coordinates":[[151.2111615,-33.8678459],[151.2106833,-33.8678135]]}},{"type":"Feature","id":1564587789,"properties":{"railway":"platform_edge","ref":"3"},"geometry":{"type":"LineString","coordinates":[[151.2104811,-33.8680095],[151.2105087,-33.8678006],[151.2105312,-33.8676307],[151.2105522,-33.8674718],[151.2105818,-33.8672483],[151.2106013,-33.8671012],[151.2106124,-33.8670174],[151.2106562,-33.8666868],[151.2106683,-33.8665983],[151.2106793,-33.8665119]]}},{"type":"Feature","id":1564587790,"properties":{"railway":"platform_edge","ref":"4"},"geometry":{"type":"LineString","coordinates":[[151.2100016,-33.8664578],[151.2099898,-33.8665473],[151.2099779,-33.866637],[151.2099343,-33.8669671],[151.209924,-33.8670499],[151.2099043,-33.8671976],[151.2098749,-33.867419],[151.2098535,-33.8675802],[151.209831,-33.8677497],[151.2098037,-33.8679555]]}},{"type":"Feature","id":2948475,"properties":{"administration":"Regional","classified":"yes","cycleway:left":"separate","dual_carriageway":"yes","highway":"secondary","lanes":"2","lit":"yes","maxspeed":"40","name":"Prince Albert Road","oneway":"yes","owner":"City of Sydney","owner:wikidata":"Q1094194","sidewalk:left":"separate","sidewalk:right":"no","source:maxspeed":"City of Sydney 40km/h maxzone description of bounds","surface":"asphalt","turn:lanes:backward":"left|none|none","turn:lanes:forward":"none|right|right"},"geometry":{"type":"LineString","coordinates":[[151.2128786,-33.870492],[151.2128556,-33.8704438],[151.2128488,-33.8704324],[151.2128196,-33.8703837],[151.2127655,-33.8703116],[151.212679,-33.8702145],[151.2126048,-33.8701365],[151.2125551,-33.8700905],[151.212499,-33.8700391],[151.2124481,-33.8700031],[151.212399,-33.8699766],[151.2123204,-33.8699491]]}},{"type":"Feature","id":2948480,"properties":{"highway":"tertiary","lane_markings":"no","maxspeed":"40","name":"Saint Mary's Road","oneway":"yes","surface":"asphalt"},"geometry":{"type":"LineString","coordinates":[[151.2131369,-33.8704085],[151.2131689,-33.8704122],[151.2132444,-33.8704306],[151.2133242,-33.8704582],[151.2133875,-33.8704849],[151.2134932,-33.8705437]]}},{"type":"Feature","id":16749246,"properties":{"addr:housename":"Federal Law Courts","addr:housenumber":"184","addr:postcode":"2000","addr:street":"Phillip Street","addr:suburb":"Sydney","alt_name":"Queens Square","amenity":"courthouse","building":"yes","building:levels":"30","description":"Supreme Court Level 4-14, Federal Court Level 17-22","name":"Federal Law Courts"},"geometry":{"type":"LineString","coordinates":[[151.2118482,-33.869229],[151.2112221,-33.8691661],[151.2112678,-33.8688522],[151.2118939,-33.868915],[151.2118482,-33.869229]]}},{"type":"Feature","id":16749595,"properties":{"addr:housename":"Hyde Park Barracks","building":"yes","building:levels":"3","fee":"no","museum":"local","name":"Hyde Park Barracks","opening_hours":"Mo-Su 10:00-18:00","operator":"Museums of History New South Wales","toilets":"yes","tourism":"museum","website":"https://mhnsw.au/visit-us/hyde-park-barracks/","wheelchair":"limited","wikidata":"Q1577600","wikipedia":"en:Hyde Park Barracks, Sydney"},"geometry":{"type":"LineString","coordinates":[[151.2125977,-33.8694956],[151.2127609,-33.8695111],[151.2130278,-33.8695364],[151.2130049,-33.8697026],[151.2127351,-33.8696771],[151.2125749,-33.869662],[151.2125865,-33.8695769],[151.2125977,-33.8694956]]}},{"type":"Feature","id":16749723,"properties":{"addr:housenumber":"8","addr:street":"Macquarie Street","building":"hospital","building:levels":"2","name":"Worrall Block","roof:colour":"#5f555a"},"geometry":{"type":"LineString","coordinates":[[151.2131761,-33.8683506],[151.2131734,-33.8683631],[151.2131685,-33.8683746],[151.2131582,-33.868382],[151.2131446,-33.868385],[151.2130197,-33.8683723],[151.2130352,-33.8682583],[151.2130363,-33.8682513],[151.2130394,-33.868228],[151.2130425,-33.8682047],[151.2130547,-33.8681149],[151.213181,-33.8681263],[151.2131931,-33.8681322],[151.2131998,-33.8681399],[151.2132032,-33.8681494],[151.2132034,-33.868159],[151.2131967,-33.8682061],[151.2132128,-33.8682126],[151.213226,-33.8682232],[151.2132378,-33.8682424],[151.2132399,-33.8682613],[151.213234,-33.8682779],[151.2132216,-33.8682916],[151.2132023,-33.8683032],[151.2131825,-33.868308],[151.2131761,-33.8683506]]}},{"type":"Feature","id":16749946,"properties":{"addr:street":"Macquarie Street","amenity":"library","building":"civic","building:levels":"3","internet_access":"wlan","internet_access:fee":"no","name":"State Library of New South Wales","opening_hours":"Mo-Th 09:00-20:00; Fr 09:00-17:00; Sa,Su 10:00-17:00","operator":"New South Wales State Government","operator:type":"government","website":"https://www.sl.nsw.gov.au/","wheelchair":"yes","wikipedia":"en:State Library of New South Wales"},"geometry":{"type":"LineString","coordinates":[[151.2126337,-33.866696],[151.2127336,-33.8667063],[151.2127863,-33.8667117],[151.2128021,-33.8667133],[151.2128178,-33.8667148],[151.2128347,-33.8667164],[151.2129562,-33.8667288],[151.2130979,-33.8668816],[151.2130738,-33.8670447],[151.2128321,-33.8670199],[151.2125903,-33.866995],[151.2125935,-33.8669723],[151.2125955,-33.8669594],[151.2125972,-33.8669482],[151.212609,-33.8668665],[151.2126337,-33.866696]]}},{"type":"Feature","id":16750260,"properties":{"addr:housenumber":"10","building":"hospital","building:levels":"2","fee":"no","museum":"local","name":"The Mint","opening_hours":"Mo-Fr 09:00-16:00; PH off","operator":"Museums of History New South Wales","toilets":"yes","tourism":"museum","website":"https://mhnsw.au/visit-us/the-mint/","wheelchair":"limited","wikidata":"Q1641346","wikipedia":"en:Sydney Mint"},"geometry":{"type":"LineString","coordinates":[[151.2123777,-33.8687459],[151.2125005,-33.8687569],[151.2125325,-33.8687597],[151.2125176,-33.8688753],[151.2124865,-33.8691158],[151.2124834,-33.8691398],[151.2124438,-33.8691363],[151.2123285,-33.869126],[151.2123435,-33.8690105],[151.2123627,-33.8688619],[151.2123777,-33.8687459]]}},{"type":"Feature","id":16750415,"properties":{"addr:housenumber":"1","addr:street":"Prince Albert Road","building":"public","building:levels":"4","name":"Registrar General's Building","source:name":"survey","wikidata":"Q48792055","wikipedia":"en:Registrar General's Building"},"geometry":{"type":"LineString","coordinates":[[151.2129507,-33.8698565],[151.2131304,-33.8698721],[151.2131341,-33.8698434],[151.2132025,-33.8698493],[151.2132618,-33.8698545],[151.2132659,-33.8698217],[151.21327,-33.8697888],[151.2132558,-33.8697876],[151.213257,-33.8697778],[151.2132595,-33.8697576],[151.2132925,-33.8694959],[151.2135293,-33.8695165],[151.213522,-33.8695745],[151.2134926,-33.8698073],[151.2134627,-33.8698047],[151.2134587,-33.8698434],[151.2134541,-33.869873],[151.2134836,-33.8698756],[151.2134772,-33.8699261],[151.2136656,-33.8699425],[151.2136606,-33.8699821],[151.2136261,-33.8702548],[151.2136236,-33.8702739],[151.2134597,-33.8702596],[151.2134548,-33.8702983],[151.2132891,-33.8702838],[151.2132624,-33.8702815],[151.2132329,-33.8702789],[151.213069,-33.8702647],[151.2130746,-33.8702206],[151.2129066,-33.870206],[151.2129209,-33.8700931],[151.2129296,-33.8700239],[151.2129376,-33.8699611],[151.2129507,-33.8698565]]}},{"type":"Feature","id":50540207,"properties":{"amenity":"fountain","artist_name":"Francois Sicard","drinking_water":"no","fountain":"decorative","lit":"yes","name":"Archibald Fountain","name:en":"Archibald Fountain","name:zh":";阿奇博爾德噴泉","natural":"water","official_name":"J. F. Archibald Fountain","start_date":"1932","website":"https://www.cityofsydney.nsw.gov.au/fountains-and-water-features/archibald-memorial-fountain","wikidata":"Q585241","wikipedia":"en:Archibald Fountain"},"geometry":{"type":"LineString","coordinates":[[151.2119282,-33.8709844],[151.211847,-33.8710714],[151.2117149,-33.8710564],[151.2116648,-33.8709544],[151.211746,-33.8708674],[151.2118121,-33.870875],[151.2118781,-33.8708825],[151.2119282,-33.8709844]]}},{"type":"Feature","id":51381683,"properties":{"electrified":"contact_line","frequency":"0","gauge":"1435","layer":"-2","loading_gauge":"3200","loading_gauge:ref":"Wide","oneway":"yes","operator":"RailCorp","railway":"rail","railway:ats":"yes","service":"yard","source":"professional_knowledge;extrapolation","tunnel":"yes","voltage":"1500"},"geometry":{"type":"LineString","coordinates":[[151.2132323,-33.8678942],[151.2138199,-33.8680197],[151.2143062,-33.8681925],[151.2148125,-33.8683909]]}},{"type":"Feature","id":75194050,"properties":{"addr:housenumber":"229-231","addr:street":"Macquarie Street","building":"commercial","building:levels":"10","clinic":"mySydneyPhysio","name":"William Bland Centre","website":"wwww.sydneycitydentist.com.au"},"geometry":{"type":"LineString","coordinates":[[151.2115842,-33.8684754],[151.2120105,-33.868513],[151.2119907,-33.8686678],[151.2116931,-33.8686416],[151.2115644,-33.8686302],[151.2115842,-33.8684754]]}},{"type":"Feature","id":136259640,"properties":{"electrified":"contact_line","frequency":"0","gauge":"1435","layer":"-2","loading_gauge":"3200","loading_gauge:ref":"Wide","maxspeed":"60","oneway":"yes","operator":"RailCorp","passenger_lines":"2","railway":"rail","railway:ats":"yes","railway:etcs":"1","railway:traffic_mode":"passenger","ref":"Down Eastern Suburbs","source":"professional_knowledge;extrapolation","tunnel":"yes","usage":"main","voltage":"1500"},"geometry":{"type":"LineString","coordinates":[[151.2128166,-33.8678541],[151.2130497,-33.8678753],[151.2132323,-33.8678942],[151.2135217,-33.8679296],[151.2136855,-33.8679566],[151.2138866,-33.8679959],[151.2140796,-33.8680352],[151.2142982,-33.8680952],[151.214366,-33.868111],[151.2145371,-33.868161],[151.2148239,-33.8682592],[151.2150365,-33.8683462],[151.2152362,-33.868433],[151.2155488,-33.8685852],[151.2158479,-33.8687563],[151.2159746,-33.8688398],[151.2162078,-33.8690012],[151.2162898,-33.86906],[151.216474,-33.8692129],[151.2166029,-33.8693225],[151.2168161,-33.8695272],[151.2169093,-33.8696233]]}},{"type":"Feature","id":142670313,"properties":{"area":"yes","bench":"yes","departures_board":"realtime","layer":"-2","level":"-2","lit":"yes","location":"underground","name":"Platforms 1 & 2","operator":"Sydney Trains","public_transport":"platform","railway":"platform","ref":"1;2","shelter":"yes","surface":"paved","train":"yes","tunnel":"yes"},"geometry":{"type":"LineString","coordinates":[[151.2117719,-33.8701299],[151.2118978,-33.8701433],[151.2119544,-33.8701493],[151.2120593,-33.8701604],[151.2120135,-33.8704863],[151.2120011,-33.8705685],[151.2119766,-33.8707461],[151.2118464,-33.8716875],[151.211728,-33.871674],[151.2116861,-33.8716692],[151.211559,-33.8716548],[151.2116871,-33.8707141],[151.2117114,-33.8705383],[151.2117233,-33.8704539],[151.2117719,-33.8701299]]}},{"type":"Feature","id":142746823,"properties":{"electrified":"contact_line","frequency":"0","gauge":"1435","layer":"-2","loading_gauge":"3200","loading_gauge:ref":"Wide","oneway":"yes","operator":"RailCorp","railway":"rail","railway:ats":"yes","service":"yard","source":"professional_knowledge;extrapolation","tunnel":"yes","voltage":"1500"},"geometry":{"type":"LineString","coordinates":[[151.2148125,-33.8683909],[151.2146364,-33.8683263],[151.2144742,-33.8682779],[151.214317,-33.8682365],[151.2141451,-33.8682039],[151.2139672,-33.8681796],[151.213479,-33.8681208],[151.2132897,-33.8680952]]}},{"type":"Feature","id":143861397,"properties":{"electrified":"contact_line","frequency":"0","gauge":"1435","layer":"-2","loading_gauge":"3200","loading_gauge:ref":"Wide","maxspeed":"60","oneway":"yes","operator":"RailCorp","passenger_lines":"2","railway":"rail","railway:ats":"yes","railway:etcs":"1","railway:traffic_mode":"passenger","ref":"Up Eastern Suburbs","source":"professional_knowledge;extrapolation","tunnel":"yes","usage":"main","voltage":"1500"},"geometry":{"type":"LineString","coordinates":[[151.2168075,-33.8696963],[151.21645,-33.8693997],[151.2160551,-33.869123],[151.2157425,-33.8689313],[151.2154307,-33.8687593],[151.2151339,-33.8686186],[151.214916,-33.8685235],[151.2144933,-33.8683689],[151.2139625,-33.8682169],[151.2134654,-33.8681233],[151.2132897,-33.8680952],[151.2129856,-33.8680591],[151.212594,-33.8680203],[151.2120792,-33.8679752]]}},{"type":"Feature","id":151454218,"properties":{"cycleway:left":"no","highway":"unclassified","lane_markings":"no","maxspeed":"30","name":"Hospital Road","oneway":"yes","source:location":"bing","source:name":"knowledge","surface":"asphalt"},"geometry":{"type":"LineString","coordinates":[[151.2141769,-33.8699944],[151.2141276,-33.8699447],[151.2139585,-33.8697726],[151.2135151,-33.8693211],[151.2134626,-33.8691216],[151.2134828,-33.8688537],[151.2134893,-33.8687677],[151.2134999,-33.8686875],[151.2135058,-33.868643],[151.2135377,-33.8684027],[151.2136004,-33.8679592],[151.2136039,-33.8679283],[151.2136116,-33.8678567],[151.213696,-33.8671004],[151.2137351,-33.8669569]]}},{"type":"Feature","id":232513268,"properties":{"addr:housename":"Deutsche Bank Place","building":"commercial","building:levels":"39","building:material":"glass","height":"160","name":"Deutsche Bank Plaza","roof:shape":"flat","wikidata":"Q54492","wikipedia":"en:Deutsche Bank Place"},"geometry":{"type":"LineString","coordinates":[[151.2118203,-33.8671415],[151.2115855,-33.8671216],[151.2115922,-33.8670678],[151.2115549,-33.8670646],[151.2115537,-33.8670741],[151.2114335,-33.8670639],[151.2114504,-33.8669264],[151.2114594,-33.8668528],[151.2114973,-33.8665451],[151.2116585,-33.8665588],[151.2116598,-33.8665478],[151.2117812,-33.8665581],[151.2118909,-33.8665674],[151.2118802,-33.8666545],[151.2118401,-33.8669803],[151.2118203,-33.8671415]]}},{"type":"Feature","id":252140243,"properties":{"administration":"Regional","check_date":"2025-12-18","classified":"yes","cycleway:left":"separate","dual_carriageway":"yes","highway":"secondary","lanes":"3","maxspeed":"40","name":"College Street","oneway":"yes","owner":"City of Sydney","owner:wikidata":"Q1094194","source:maxspeed":"City of Sydney 40km/h maxzone description of bounds","surface":"asphalt","turn:lanes:forward":"none|none|right"},"geometry":{"type":"LineString","coordinates":[[151.2129459,-33.8710521],[151.2129515,-33.8709608],[151.2129488,-33.8707871],[151.2129443,-33.8707399],[151.2129416,-33.8707114],[151.212929,-33.8706424],[151.2129109,-33.8705759],[151.2129,-33.8705431],[151.2128786,-33.870492]]}},{"type":"Feature","id":280227710,"properties":{"electrified":"contact_line","frequency":"0","gauge":"1435","layer":"-1","loading_gauge":"3050","loading_gauge:ref":"Medium","maxspeed":"40","oneway":"yes","operator":"RailCorp","railway":"rail","railway:ats":"yes","railway:etcs":"1","railway:traffic_mode":"passenger","ref":"City Outer","source":"professional_knowledge;extrapolation","tunnel":"yes","usage":"main","voltage":"1500"},"geometry":{"type":"LineString","coordinates":[[151.2130915,-33.8658564],[151.2130261,-33.8659118],[151.2129402,-33.8659939],[151.2128495,-33.8660995],[151.2127705,-33.8661993],[151.2126804,-33.8663446],[151.2126078,-33.8664898],[151.2125567,-33.8666235],[151.2125219,-33.8667396],[151.2124883,-33.8668943],[151.2123831,-33.8676723],[151.2123374,-33.8680203],[151.2123224,-33.8683133],[151.2123114,-33.868505],[151.2122983,-33.868654],[151.2122805,-33.8687747],[151.2122552,-33.8689048],[151.2122265,-33.8690434],[151.2121691,-33.8694091],[151.2120911,-33.869964],[151.2120729,-33.8701105]]}},{"type":"Feature","id":299845167,"properties":{"addr:housenumber":"65","addr:street":"Martin Place","building":"government","building:levels":"4","name":"Reserve Bank of Australia","office":"government","short_name":"RBA","website":"https://www.rba.gov.au/","wikidata":"Q1506724"},"geometry":{"type":"LineString","coordinates":[[151.211313,-33.8679659],[151.2113825,-33.8679721],[151.2116634,-33.8679966],[151.2117174,-33.8680013],[151.2120741,-33.8680325],[151.2120315,-33.8683687],[151.2116783,-33.8683379],[151.211675,-33.8683641],[151.2115969,-33.8683572],[151.211267,-33.8683284],[151.211313,-33.8679659]]}},{"type":"Feature","id":333018552,"properties":{"administration":"Regional","classified":"yes","cycleway:both":"no","highway":"secondary","lanes":"4","maxspeed":"40","name":"Macquarie Street","owner":"City of Sydney","owner:wikidata":"Q1094194","sidewalk:both":"separate","source:maxspeed":"City of Sydney 40km/h maxzone description of bounds","surface":"asphalt","wikidata":"Q6725008"},"geometry":{"type":"LineString","coordinates":[[151.2124667,-33.8661349],[151.2124124,-33.8664569],[151.2124091,-33.8664768],[151.212395,-33.866561]]}},{"type":"Feature","id":354745467,"properties":{"addr:housename":"South Block","addr:street":"Macquarie Street","building":"hospital","building:levels":"3","name":"South Block"},"geometry":{"type":"LineString","coordinates":[[151.2123641,-33.8683267],[151.2124728,-33.8683366],[151.2124944,-33.8683386],[151.2125165,-33.8683407],[151.2126217,-33.8683502],[151.212614,-33.8684085],[151.212573,-33.8684048],[151.2125503,-33.8685759],[151.2125889,-33.8685795],[151.2125881,-33.8685856],[151.2125863,-33.8685989],[151.2125843,-33.8686135],[151.2125814,-33.8686366],[151.2123237,-33.8686131],[151.2123315,-33.8685546],[151.2123717,-33.8685583],[151.2123943,-33.8683879],[151.2123564,-33.8683845],[151.2123641,-33.8683267]]}},{"type":"Feature","id":354745468,"properties":{"building":"hospital","building:levels":"4","name":"Nightingale Wing","roof:colour":"#b87464"},"geometry":{"type":"LineString","coordinates":[[151.2127661,-33.8677585],[151.2127591,-33.8678245],[151.2128194,-33.8678289],[151.2128169,-33.8678528],[151.2128455,-33.8678549],[151.2128427,-33.8678803],[151.2128683,-33.8678822],[151.2128673,-33.8678916],[151.2129498,-33.8678977],[151.2129453,-33.8679394],[151.2129791,-33.8679419],[151.2129812,-33.8679225],[151.2131572,-33.8679354],[151.2131635,-33.8678757],[151.2131883,-33.8678775],[151.213194,-33.8678241],[151.2131774,-33.8678228],[151.2131818,-33.8677814],[151.2130188,-33.8677694],[151.2130201,-33.8677575],[151.2129756,-33.8677542],[151.2129735,-33.8677742],[151.2129027,-33.867769],[151.212905,-33.8677467],[151.2128469,-33.8677425],[151.2128446,-33.8677643],[151.2127661,-33.8677585]]}},{"type":"Feature","id":354745469,"properties":{"addr:housenumber":"6","addr:street":"Macquarie Street","building":"hospital","building:levels":"3","name":"North Block"},"geometry":{"type":"LineString","coordinates":[[151.2124001,-33.8680302],[151.2124081,-33.8679726],[151.212449,-33.8679765],[151.2124734,-33.8678017],[151.2124312,-33.8677976],[151.2124388,-33.8677429],[151.2124837,-33.8677473],[151.2126209,-33.8677605],[151.2126918,-33.8677673],[151.2126829,-33.8678309],[151.2126445,-33.8678272],[151.2126214,-33.8679929],[151.2126384,-33.8679945],[151.2126694,-33.8679975],[151.2126613,-33.8680554],[151.2125617,-33.8680458],[151.2125557,-33.8680453],[151.212534,-33.8680432],[151.2125107,-33.8680409],[151.2124001,-33.8680302]]}},{"type":"Feature","id":354745470,"properties":{"building":"yes","building:levels":"2","name":"North Wing","source":"bing"},"geometry":{"type":"LineString","coordinates":[[151.212463,-33.8693604],[151.212599,-33.8693722],[151.2126015,-33.8693518],[151.2127836,-33.8693675],[151.2127804,-33.8693931],[151.2128732,-33.8694011],[151.2128756,-33.8693815],[151.2130267,-33.8693947],[151.2130372,-33.8693957],[151.2130457,-33.8693311],[151.2130068,-33.8693277],[151.2124717,-33.8692818],[151.2124658,-33.8693366],[151.212463,-33.8693604]]}},{"type":"Feature","id":354745471,"properties":{"building":"yes","building:levels":"1","name":"Museum Office","source:name":"sign"},"geometry":{"type":"LineString","coordinates":[[151.2126861,-33.8691334],[151.2125033,-33.8691173],[151.2124865,-33.8691158],[151.2124834,-33.8691398],[151.2124438,-33.8691363],[151.2124395,-33.8691683],[151.2124352,-33.8692002],[151.212492,-33.8692051],[151.2128658,-33.8692374],[151.2129031,-33.8692407],[151.2129127,-33.8691696],[151.2129204,-33.8691704],[151.2129119,-33.8692315],[151.2129471,-33.8692356],[151.2129555,-33.8691741],[151.2129667,-33.8691753],[151.2129851,-33.8689971],[151.2129719,-33.8689958],[151.2128675,-33.8689863],[151.212858,-33.8690565],[151.2126962,-33.8690423],[151.2126861,-33.8691334]]}},{"type":"Feature","id":354745472,"properties":{"amenity":"courthouse","building":"yes","building:levels":"6","name":"Hospital Road Court","source":"bing"},"geometry":{"type":"LineString","coordinates":[[151.2132888,-33.8689252],[151.2132805,-33.8689812],[151.2133147,-33.8689847],[151.2132723,-33.8692689],[151.2132118,-33.8692627],[151.2132046,-33.8693106],[151.213139,-33.8693039],[151.2131462,-33.8692557],[151.2131356,-33.8692546],[151.2130666,-33.8692476],[151.2131087,-33.8689653],[151.2131261,-33.8689671],[151.2131347,-33.8689094],[151.2132888,-33.8689252]]}},{"type":"Feature","id":354745473,"properties":{"building":"yes","building:levels":"1","name":"Auditorium/Bar"},"geometry":{"type":"LineString","coordinates":[[151.2127008,-33.8688915],[151.2127196,-33.8687463],[151.2130192,-33.8687734],[151.2130092,-33.8688504],[151.2128556,-33.8688366],[151.2128468,-33.8689046],[151.2127008,-33.8688915]]}},{"type":"Feature","id":354745475,"properties":{"building":"yes","building:levels":"1","source":"bing"},"geometry":{"type":"LineString","coordinates":[[151.212698,-33.8689103],[151.2126806,-33.8690401],[151.212858,-33.8690565],[151.2128754,-33.8689268],[151.2128585,-33.8689253],[151.212698,-33.8689103]]}},{"type":"Feature","id":354745476,"properties":{"building":"yes","building:levels":"1","source":"bing"},"geometry":{"type":"LineString","coordinates":[[151.2128662,-33.8688667],[151.2128585,-33.8689253],[151.2128754,-33.8689268],[151.2128675,-33.8689863],[151.2129719,-33.8689958],[151.2129875,-33.8688778],[151.2128662,-33.8688667]]}},{"type":"Feature","id":354745477,"properties":{"building":"hospital","building:levels":"5","name":"Clinical Services and Ward Block","roof:colour":"#d0d2c4","source":"bing"},"geometry":{"type":"LineString","coordinates":[[151.2133744,-33.8684503],[151.2133493,-33.8686284],[151.2133431,-33.8686731],[151.2133336,-33.8687416],[151.2126547,-33.8686764],[151.2126623,-33.868621],[151.2126644,-33.8686061],[151.2126662,-33.868593],[151.2126687,-33.8685754],[151.2126751,-33.8685276],[151.2126278,-33.8685227],[151.2126415,-33.8684145],[151.2126901,-33.8684185],[151.2126855,-33.8684503],[151.2127695,-33.8684582],[151.2128901,-33.8684716],[151.2128928,-33.8684513],[151.2128946,-33.8684341],[151.212865,-33.8684312],[151.2128715,-33.8683848],[151.2128857,-33.8683862],[151.2129024,-33.8683878],[151.2129195,-33.8683895],[151.2129351,-33.868391],[151.2129308,-33.8684214],[151.2129887,-33.8684269],[151.2130149,-33.8684294],[151.2130183,-33.8684037],[151.2131173,-33.8684127],[151.213115,-33.8684258],[151.2131593,-33.8684289],[151.2132725,-33.8684402],[151.2133333,-33.8684462],[151.2133744,-33.8684503]]}},{"type":"Feature","id":386563351,"properties":{"addr:housenumber":"60","addr:street":"Martin Place","building":"office","fixme":"levels"},"geometry":{"type":"LineString","coordinates":[[151.2114427,-33.8676938],[151.2116713,-33.8677131],[151.2117092,-33.8677162],[151.2121136,-33.8677503],[151.2121386,-33.8675464],[151.2120869,-33.867542],[151.2120981,-33.8674505],[151.2121031,-33.8674092],[151.2117775,-33.8673836],[151.2115461,-33.8673625],[151.2114037,-33.8673492],[151.2113659,-33.8676595],[151.211446,-33.8676663],[151.2114427,-33.8676938]]}},{"type":"Feature","id":387790894,"properties":{"highway":"tertiary","lanes":"2","maxspeed":"40","name":"Saint Mary's Road","oneway":"yes","surface":"asphalt"},"geometry":{"type":"LineString","coordinates":[[151.2134932,-33.8705437],[151.2132499,-33.8704894],[151.2132259,-33.8704857],[151.2132007,-33.8704844],[151.2131529,-33.8704934],[151.2131215,-33.8705033],[151.2130327,-33.8705319]]}},{"type":"Feature","id":387790895,"properties":{"highway":"tertiary","lane_markings":"no","maxspeed":"40","name":"Prince Albert Road","oneway":"yes","sidewalk:left":"separate","sidewalk:right":"no","surface":"asphalt"},"geometry":{"type":"LineString","coordinates":[[151.2131369,-33.8704085],[151.2133256,-33.8704076],[151.2133661,-33.8704059],[151.2134071,-33.870402],[151.2134712,-33.8703931],[151.2135121,-33.870382]]}},{"type":"Feature","id":524527024,"properties":{"bicycle":"yes","highway":"pedestrian","lit":"yes","maxspeed":"40","maxspeed:advisory":"10","motorcar":"service","name":"Martin Place","smoking":"no","surface":"paving_stones","wheelchair":"yes","width":"34"},"geometry":{"type":"LineString","coordinates":[[151.21164,-33.8678987],[151.2121134,-33.8679412],[151.2121354,-33.8679329]]}},{"type":"Feature","id":527689020,"properties":{"bicycle":"yes","highway":"service","incline":"down","level":"-2","oneway":"no","service":"driveway","width":"8"},"geometry":{"type":"LineString","coordinates":[[151.211744,-33.8669043],[151.2117232,-33.8669009],[151.2117059,-33.866898],[151.211699,-33.8669244]]}},{"type":"Feature","id":527689021,"properties":{"bicycle":"yes","highway":"service","incline":"down","oneway":"no","service":"driveway","width":"8"},"geometry":{"type":"LineString","coordinates":[[151.2113406,-33.8669188],[151.2114329,-33.8669252],[151.2114504,-33.8669264]]}},{"type":"Feature","id":527689022,"properties":{"bicycle":"yes","highway":"service","incline":"down","level":"-1","oneway":"no","service":"driveway","sidewalk":"right","width":"8"},"geometry":{"type":"LineString","coordinates":[[151.2116973,-33.8669469],[151.2117325,-33.8669505],[151.211744,-33.8669043],[151.211755,-33.86686],[151.2117729,-33.866758]]}},{"type":"Feature","id":527689024,"properties":{"bicycle":"yes","highway":"service","incline":"down","level":"-1","oneway":"no","service":"driveway","sidewalk":"right","width":"8"},"geometry":{"type":"LineString","coordinates":[[151.2114504,-33.8669264],[151.2116973,-33.8669469]]}},{"type":"Feature","id":544057071,"properties":{"highway":"service","oneway":"yes","service":"driveway"},"geometry":{"type":"LineString","coordinates":[[151.2135377,-33.8684027],[151.2134564,-33.8683153],[151.2133998,-33.8682535],[151.2133663,-33.8682184],[151.2133822,-33.8680919],[151.2134239,-33.8680668],[151.213494,-33.8680239],[151.2136004,-33.8679592]]}},{"type":"Feature","id":544057072,"properties":{"addr:housenumber":"8","addr:street":"Macquarie Street","building":"hospital","building:levels":"4","name":"Admin Block"},"geometry":{"type":"LineString","coordinates":[[151.2123822,-33.8680714],[151.2125049,-33.8680833],[151.212507,-33.8680676],[151.2125308,-33.8680699],[151.2125519,-33.8680719],[151.2126405,-33.8680805],[151.2126292,-33.8681605],[151.2126211,-33.8682175],[151.2126075,-33.868314],[151.2125214,-33.8683056],[151.2124992,-33.8683035],[151.2124777,-33.8683014],[151.2124672,-33.8683003],[151.2124686,-33.86829],[151.2123529,-33.8682788],[151.2123822,-33.8680714]]}},{"type":"Feature","id":544057073,"properties":{"addr:housenumber":"8","addr:street":"Macquarie Street","building":"hospital","building:levels":"3","name":"Centre Block"},"geometry":{"type":"LineString","coordinates":[[151.2129464,-33.8683374],[151.2129588,-33.8682443],[151.2129619,-33.868221],[151.212965,-33.8681977],[151.2129659,-33.868191],[151.2129981,-33.8681939],[151.2130108,-33.8680991],[151.2128899,-33.868088],[151.2128827,-33.868142],[151.212744,-33.8681292],[151.2127491,-33.8680913],[151.2126845,-33.8680854],[151.2126739,-33.8681648],[151.2126663,-33.8682215],[151.2126548,-33.8683078],[151.2127171,-33.8683135],[151.2127213,-33.8682817],[151.2128887,-33.8682971],[151.2128841,-33.8683317],[151.2128998,-33.8683331],[151.2129179,-33.8683348],[151.2129354,-33.8683364],[151.2129464,-33.8683374]]}},{"type":"Feature","id":547836214,"properties":{"addr:housenumber":"233","addr:street":"Macquarie Street","building":"yes","building:levels":"12","name":"Lockhart Chambers"},"geometry":{"type":"LineString","coordinates":[[151.2119907,-33.8686678],[151.2119784,-33.868747],[151.2116831,-33.8687186],[151.2116931,-33.8686416],[151.2119907,-33.8686678]]}},{"type":"Feature","id":547836215,"properties":{"addr:housenumber":"235","addr:street":"Macquarie Street","building":"office","building:levels":"14"},"geometry":{"type":"LineString","coordinates":[[151.2119784,-33.868747],[151.2119664,-33.8688329],[151.211799,-33.8688168],[151.2117885,-33.8688919],[151.2115973,-33.8688735],[151.2116117,-33.8687702],[151.2116263,-33.8687716],[151.2116344,-33.8687139],[151.2116831,-33.8687186],[151.2119784,-33.868747]]}},{"type":"Feature","id":547836216,"properties":{"addr:housenumber":"225-227","addr:street":"Macquarie Street","building":"yes","building:levels":"13"},"geometry":{"type":"LineString","coordinates":[[151.2120315,-33.8683687],[151.2120105,-33.868513],[151.2115842,-33.8684754],[151.2115969,-33.8683572],[151.211675,-33.8683641],[151.2116783,-33.8683379],[151.2120315,-33.8683687]]}},{"type":"Feature","id":588857917,"properties":{"building":"yes","building:levels":"6","source":"LPI Imagery May 2018"},"geometry":{"type":"LineString","coordinates":[[151.2118036,-33.8671883],[151.2117992,-33.8672213],[151.2117775,-33.8673836],[151.2114037,-33.8673492],[151.211394,-33.8673504],[151.2114204,-33.8671529],[151.2118036,-33.8671883]]}},{"type":"Feature","id":588857918,"properties":{"addr:housenumber":"197","addr:street":"Macquarie Street","building":"church","denomination":"uniting","height":"15","name":"Saint Stephen's Uniting Church","religion":"christian","source":"LPI Imagery May 2018","source:addr":"LPI Base Map May 2018","website":"https://www.ssms.org.au/","wikidata":"Q59872526"},"geometry":{"type":"LineString","coordinates":[[151.2121912,-33.8672316],[151.2121605,-33.8674558],[151.2120981,-33.8674505],[151.2121031,-33.8674092],[151.2117775,-33.8673836],[151.2117992,-33.8672213],[151.2120897,-33.8672452],[151.2120923,-33.8672246],[151.2121912,-33.8672316]]}},{"type":"Feature","id":588857919,"properties":{"addr:housenumber":"195","addr:street":"Macquarie Street","building":"office","building:levels":"8","name":"Agriculture House","source":"LPI Imagery May 2018","source:addr":"LPI Base Map May 2018"},"geometry":{"type":"LineString","coordinates":[[151.212199,-33.867155],[151.2121912,-33.8672316],[151.2120923,-33.8672246],[151.2120521,-33.8672218],[151.2120558,-33.867185],[151.2120043,-33.8671813],[151.2120005,-33.8672178],[151.2119003,-33.8672108],[151.2119044,-33.8671712],[151.2118504,-33.8671674],[151.211855,-33.8671225],[151.2118847,-33.8671246],[151.2119785,-33.8671312],[151.2119795,-33.8671217],[151.2121147,-33.8671313],[151.2121134,-33.8671437],[151.2121498,-33.8671463],[151.2121493,-33.8671515],[151.212199,-33.867155]]}},{"type":"Feature","id":588857920,"properties":{"addr:housenumber":"193","addr:street":"Macquarie Street","building":"office","building:levels":"10","source":"LPI Imagery May 2018"},"geometry":{"type":"LineString","coordinates":[[151.2122057,-33.8670865],[151.212199,-33.867155],[151.2121493,-33.8671515],[151.2121498,-33.8671463],[151.2121134,-33.8671437],[151.2121147,-33.8671313],[151.2119795,-33.8671217],[151.2119785,-33.8671312],[151.2118847,-33.8671246],[151.2118923,-33.8670605],[151.2120107,-33.8670703],[151.2122057,-33.8670865]]}},{"type":"Feature","id":588857921,"properties":{"addr:housenumber":"187-191","addr:street":"Macquarie Street","building":"office","building:levels":"15","name":"Park House","source":"LPI Imagery May 2018","source:addr":"LPI Base Map May 2018"},"geometry":{"type":"LineString","coordinates":[[151.2119744,-33.8668818],[151.2119602,-33.8669918],[151.211882,-33.8669849],[151.2118731,-33.8670546],[151.2118923,-33.8670605],[151.2120107,-33.8670703],[151.2122057,-33.8670865],[151.2122322,-33.8669046],[151.2119744,-33.8668818]]}},{"type":"Feature","id":588857922,"properties":{"addr:housenumber":"185","addr:street":"Macquarie Street","building":"apartments","building:levels":"14","source":"LPI Imagery May 2018","source:addr":"LPI Base Map May 2018"},"geometry":{"type":"LineString","coordinates":[[151.2120042,-33.8666661],[151.2119744,-33.8668818],[151.2122322,-33.8669046],[151.2122582,-33.866689],[151.2120042,-33.8666661]]}},{"type":"Feature","id":588857923,"properties":{"addr:housenumber":"183","addr:street":"Macquarie Street","building":"office","building:levels":"15","source":"LPI Imagery May 2018","source:addr":"LPI Base Map May 2018"},"geometry":{"type":"LineString","coordinates":[[151.2119798,-33.8665717],[151.2122697,-33.8666102],[151.2122582,-33.866689],[151.2120042,-33.8666661],[151.2119663,-33.8666625],[151.2119798,-33.8665717]]}},{"type":"Feature","id":588857925,"properties":{"addr:housenumber":"175","addr:street":"Macquarie Street","building":"office","building:levels":"10","name":"Wyoming","source":"LPI Imagery May 2018"},"geometry":{"type":"LineString","coordinates":[[151.2123121,-33.8662297],[151.2122865,-33.8664101],[151.2122825,-33.8664302],[151.2122664,-33.8664391],[151.2122463,-33.8664424],[151.2121148,-33.8664246],[151.2120974,-33.8664135],[151.2121037,-33.8663883],[151.2121108,-33.86636],[151.2121336,-33.8663634],[151.2121784,-33.8661852],[151.2121968,-33.8661868],[151.212214,-33.8661931],[151.2122223,-33.8662048],[151.2122254,-33.8662216],[151.2123121,-33.8662297]]}},{"type":"Feature","id":618200539,"properties":{"addr:housenumber":"171-173","addr:street":"Macquarie Street","building":"office","building:levels":"3"},"geometry":{"type":"LineString","coordinates":[[151.2121873,-33.8661135],[151.2123246,-33.8661276],[151.2123121,-33.8662297],[151.2122254,-33.8662216],[151.2122223,-33.8662048],[151.212214,-33.8661931],[151.2121968,-33.8661868],[151.2121784,-33.8661852],[151.2121873,-33.8661135]]}},{"type":"Feature","id":618243198,"properties":{"building":"office","building:levels":"1","name":"East Wing"},"geometry":{"type":"LineString","coordinates":[[151.2130457,-33.8693311],[151.2131222,-33.8693381],[151.2132614,-33.8693508],[151.2132425,-33.869493],[151.2132071,-33.86976],[151.2131166,-33.8697517],[151.2131241,-33.8696955],[151.2130732,-33.8696908],[151.2130827,-33.8696195],[151.2130921,-33.8695481],[151.2131423,-33.8695527],[151.2131542,-33.8694626],[151.213159,-33.8694266],[151.2131071,-33.8694218],[151.2130241,-33.8694143],[151.2130267,-33.8693947],[151.2130372,-33.8693957],[151.2130457,-33.8693311]]}},{"type":"Feature","id":752928457,"properties":{"access":"no","emergency":"designated","foot":"no","highway":"service","service":"emergency_access"},"geometry":{"type":"LineString","coordinates":[[151.2121546,-33.868625],[151.212236,-33.8686332],[151.2122653,-33.8686361],[151.2126232,-33.8686721],[151.2126524,-33.8686985],[151.2133248,-33.8687541],[151.2133965,-33.86876],[151.2134893,-33.8687677]]}},{"type":"Feature","id":752928458,"properties":{"access":"no","emergency":"designated","highway":"service","service":"emergency_access"},"geometry":{"type":"LineString","coordinates":[[151.2126232,-33.8686721],[151.2126359,-33.868573]]}},{"type":"Feature","id":753455241,"properties":{"administration":"Regional","classified":"yes","cycleway:both":"no","highway":"secondary","lanes:backward":"2","lanes:forward":"3","lit":"yes","maxspeed":"40","name":"Macquarie Street","owner":"City of Sydney","owner:wikidata":"Q1094194","sidewalk":"both","source:maxspeed":"City of Sydney 40km/h maxzone description of bounds","surface":"asphalt","turn:lanes:forward":"left|right|right","wikidata":"Q6725008"},"geometry":{"type":"LineString","coordinates":[[151.2121546,-33.868625],[151.2120469,-33.8694008]]}},{"type":"Feature","id":753455245,"properties":{"administration":"Regional","classified":"yes","cycleway:left":"separate","dual_carriageway":"yes","highway":"secondary","lanes":"2","lit":"yes","maxspeed":"40","name":"Prince Albert Road","oneway":"yes","owner":"City of Sydney","owner:wikidata":"Q1094194","sidewalk:left":"separate","sidewalk:right":"no","source:maxspeed":"City of Sydney 40km/h maxzone description of bounds","surface":"asphalt","turn:lanes:forward":"none|right|right"},"geometry":{"type":"LineString","coordinates":[[151.2123204,-33.8699491],[151.2122088,-33.8699183],[151.2121131,-33.8698991],[151.2120729,-33.869891],[151.2119784,-33.8698759]]}},{"type":"Feature","id":785917939,"properties":{"administration":"Regional","classified":"yes","cycleway:both":"no","highway":"secondary","lanes":"4","maxspeed":"40","name":"Macquarie Street","owner":"City of Sydney","owner:wikidata":"Q1094194","sidewalk:both":"separate","source:maxspeed":"City of Sydney 40km/h maxzone description of bounds","surface":"asphalt","wikidata":"Q6725008"},"geometry":{"type":"LineString","coordinates":[[151.212375,-33.8667402],[151.2122597,-33.8677776],[151.2122579,-33.8677919],[151.2122533,-33.8678287],[151.2122485,-33.8678664],[151.2122427,-33.8679123],[151.212239,-33.8679427],[151.2122319,-33.8679996],[151.2122277,-33.8680336],[151.2122263,-33.8680447],[151.2122221,-33.868079]]}},{"type":"Feature","id":880066819,"properties":{"area":"yes","highway":"pedestrian","surface":"paving_stones"},"geometry":{"type":"LineString","coordinates":[[151.2122763,-33.8709758],[151.2122649,-33.8709825],[151.2120483,-33.8709575],[151.2120493,-33.8709693],[151.212047,-33.8709979],[151.2120399,-33.871026],[151.2120359,-33.8710355],[151.2122394,-33.8710582],[151.2122877,-33.8710717],[151.2123132,-33.8710783],[151.2123218,-33.8710599],[151.2123331,-33.871036],[151.2123304,-33.8710221],[151.2123371,-33.8710115],[151.2123337,-33.8709851],[151.2123313,-33.8709658],[151.2123037,-33.8709708],[151.2122763,-33.8709758]]}},{"type":"Feature","id":880066820,"properties":{"area":"yes","highway":"pedestrian","surface":"paving_stones"},"geometry":{"type":"LineString","coordinates":[[151.2123132,-33.8710783],[151.212728,-33.8712429],[151.212761,-33.871256],[151.212806,-33.8709153],[151.2128085,-33.8708963],[151.212798,-33.8709029],[151.2123313,-33.8709658],[151.2123337,-33.8709851],[151.2123371,-33.8710115],[151.2123532,-33.8710048],[151.2126543,-33.870967],[151.2126986,-33.8709609],[151.2127207,-33.8709653],[151.2127405,-33.8709787],[151.2127442,-33.8709932],[151.2127435,-33.8710093],[151.2127276,-33.8711296],[151.212725,-33.8711456],[151.2127184,-33.8711594],[151.2126962,-33.8711698],[151.2126735,-33.8711711],[151.2126465,-33.8711616],[151.2123479,-33.8710449],[151.2123331,-33.871036],[151.2123218,-33.8710599],[151.2123132,-33.8710783]]}},{"type":"Feature","id":880460809,"properties":{"check_date":"2025-11-09","leisure":"garden"},"geometry":{"type":"LineString","coordinates":[[151.2120859,-33.8711687],[151.2121147,-33.8711985],[151.2121414,-33.8711687],[151.2121681,-33.8711337],[151.2121856,-33.8711055],[151.2121958,-33.8710842],[151.2121516,-33.8710799],[151.2121208,-33.8711252],[151.2120859,-33.8711687]]}},{"type":"Feature","id":880460810,"properties":{"check_date":"2025-11-09","leisure":"garden"},"geometry":{"type":"LineString","coordinates":[[151.2121784,-33.8709425],[151.2122246,-33.870946],[151.2122195,-33.8709041],[151.212201,-33.8708393],[151.2121928,-33.8708188],[151.2121866,-33.8708026],[151.2121455,-33.8708188],[151.212163,-33.8708657],[151.2121712,-33.8708939],[151.2121784,-33.8709425]]}},{"type":"Feature","id":1065037669,"properties":{"electrified":"contact_line","frequency":"0","gauge":"1435","layer":"-1","loading_gauge":"3050","loading_gauge:ref":"Medium","maxspeed":"40","oneway":"yes","operator":"RailCorp","railway":"rail","railway:ats":"yes","railway:etcs":"1","railway:traffic_mode":"passenger","ref":"City Inner","source":"professional_knowledge;extrapolation","tunnel":"yes","usage":"main","voltage":"1500"},"geometry":{"type":"LineString","coordinates":[[151.2117659,-33.8700733],[151.2117996,-33.8698941],[151.2118396,-33.8697158],[151.2118743,-33.8695347],[151.2119118,-33.8692521],[151.2119534,-33.8690098],[151.2119965,-33.8687987],[151.2120283,-33.868632],[151.2122839,-33.8668194],[151.212318,-33.8666686],[151.2123639,-33.8665366],[151.2124065,-33.8664284],[151.2124821,-33.8662729],[151.2125534,-33.8661577],[151.2126301,-33.86605],[151.2126965,-33.8659681],[151.2128173,-33.8658435],[151.2129183,-33.8657515]]}},{"type":"Feature","id":1065037670,"properties":{"electrified":"contact_line","frequency":"0","gauge":"1435","layer":"-2","level":"-2","loading_gauge":"3200","loading_gauge:ref":"Wide","maxspeed":"40","oneway":"yes","operator":"RailCorp","railway":"rail","railway:ats":"yes","railway:etcs":"1","railway:traffic_mode":"passenger","ref":"City Inner","source":"professional_knowledge;extrapolation","tunnel":"yes","usage":"main","voltage":"1500"},"geometry":{"type":"LineString","coordinates":[[151.211541,-33.871696],[151.211551,-33.8716416],[151.2117467,-33.8702115],[151.2117659,-33.8700733]]}},{"type":"Feature","id":1065037671,"properties":{"electrified":"contact_line","frequency":"0","gauge":"1435","layer":"-2","loading_gauge":"3200","loading_gauge:ref":"Wide","maxspeed":"40","oneway":"yes","operator":"RailCorp","railway":"rail","railway:ats":"yes","railway:etcs":"1","railway:traffic_mode":"passenger","ref":"City Outer","source":"professional_knowledge;extrapolation","tunnel":"yes","usage":"main","voltage":"1500"},"geometry":{"type":"LineString","coordinates":[[151.2120729,-33.8701105],[151.2118717,-33.8715761],[151.2118503,-33.8717239]]}},{"type":"Feature","id":1065433982,"properties":{"area":"yes","building":"yes","indoor":"yes","level":"-1;-2"},"geometry":{"type":"LineString","coordinates":[[151.2114028,-33.8677208],[151.2114374,-33.8677233],[151.2114363,-33.8677337],[151.2114355,-33.8677415],[151.2114346,-33.8677501],[151.2114,-33.8677477],[151.2114015,-33.8677342],[151.2114028,-33.8677208]]}},{"type":"Feature","id":1082454823,"properties":{"administration":"Regional","check_date":"2025-12-18","classified":"yes","dual_carriageway":"yes","highway":"secondary","lanes":"2","maxspeed":"40","name":"St. James Road","oneway":"yes","owner":"City of Sydney","owner:wikidata":"Q1094194","source:maxspeed":"City of Sydney 40km/h maxzone description of bounds","surface":"asphalt"},"geometry":{"type":"LineString","coordinates":[[151.2113432,-33.8698271],[151.2115643,-33.8698017],[151.2116233,-33.8697974],[151.2117285,-33.8697964],[151.2117934,-33.8697975],[151.2118401,-33.8697997],[151.2119065,-33.8698026],[151.2119883,-33.869807]]}},{"type":"Feature","id":1082454824,"properties":{"administration":"Regional","check_date":"2025-12-18","classified":"yes","cycleway:left":"separate","dual_carriageway":"yes","highway":"secondary","lanes":"1","maxspeed":"40","name":"St. James Road","oneway":"yes","owner":"City of Sydney","owner:wikidata":"Q1094194","source:maxspeed":"City of Sydney 40km/h maxzone description of bounds","surface":"asphalt"},"geometry":{"type":"LineString","coordinates":[[151.2119784,-33.8698759],[151.2118901,-33.8698652],[151.2118299,-33.8698579],[151.2116801,-33.8698435]]}},{"type":"Feature","id":1082454825,"properties":{"administration":"Regional","classified":"yes","dual_carriageway":"yes","highway":"secondary","lanes":"5","lanes:backward":"2","lanes:forward":"3","maxspeed":"40","name":"Prince Albert Road","oneway":"yes","owner":"City of Sydney","owner:wikidata":"Q1094194","sidewalk":"left","source:maxspeed":"City of Sydney 40km/h maxzone description of bounds","surface":"asphalt","turn:lanes:forward":"none|right|right"},"geometry":{"type":"LineString","coordinates":[[151.2119883,-33.869807],[151.2120754,-33.8698151],[151.2120929,-33.8698175],[151.2121258,-33.8698219],[151.2121986,-33.8698362],[151.2122898,-33.8698569],[151.212344,-33.8698723]]}},{"type":"Feature","id":1082454826,"properties":{"administration":"Regional","classified":"yes","dual_carriageway":"yes","highway":"secondary","lanes:backward":"3","lanes:forward":"3","maxspeed":"40","name":"Prince Albert Road","oneway":"yes","owner":"City of Sydney","owner:wikidata":"Q1094194","sidewalk":"left","smoothness":"good","source:maxspeed":"City of Sydney 40km/h maxzone description of bounds","surface":"asphalt","turn:lanes:backward":"left|none|none","turn:lanes:forward":"none|right|right"},"geometry":{"type":"LineString","coordinates":[[151.212344,-33.8698723],[151.2124314,-33.8699046],[151.2124888,-33.8699342],[151.2125399,-33.8699671],[151.2125973,-33.8700116],[151.2127108,-33.8701207],[151.2128248,-33.8702508],[151.2128761,-33.8703093],[151.2128812,-33.8703148],[151.2129019,-33.8703371],[151.2129494,-33.8703914],[151.2129839,-33.8704348],[151.2129886,-33.8704424]]}},{"type":"Feature","id":1082454828,"properties":{"highway":"secondary","lane_markings":"no","maxspeed":"40","name":"Saint Mary's Road","oneway":"yes","sidewalk:left":"separate","sidewalk:right":"no","surface":"asphalt"},"geometry":{"type":"LineString","coordinates":[[151.2130327,-33.8705319],[151.2128786,-33.870492]]}},{"type":"Feature","id":1082454829,"properties":{"cycleway:both":"no","highway":"secondary","lane_markings":"no","maxspeed":"40","name":"Saint Mary's Road","oneway":"yes","sidewalk:left":"separate","sidewalk:right":"no","surface":"asphalt"},"geometry":{"type":"LineString","coordinates":[[151.2128786,-33.870492],[151.2129886,-33.8704424]]}},{"type":"Feature","id":1082456263,"properties":{"administration":"Regional","check_date":"2025-12-18","classified":"yes","cycleway:left":"no","dual_carriageway":"yes","highway":"secondary","lanes":"2","maxspeed":"40","name":"College Street","oneway":"yes","owner":"City of Sydney","owner:wikidata":"Q1094194","sidewalk:left":"separate","sidewalk:right":"yes","source:maxspeed":"City of Sydney 40km/h maxzone description of bounds","surface":"asphalt"},"geometry":{"type":"LineString","coordinates":[[151.2130327,-33.8705319],[151.2130394,-33.8705571],[151.2130528,-33.8706345],[151.2130515,-33.8706874],[151.213041,-33.8707492],[151.2129459,-33.8710521]]}},{"type":"Feature","id":1102756319,"properties":{"cycleway:both":"no","hgv":"no","highway":"unclassified","lanes":"2","lanes:backward":"1","lanes:forward":"1","maxspeed":"40","name":"Phillip Street","oneway":"no","road_marking":"centreline","source:maxspeed":"City of Sydney 40km/h maxzone description of bounds","surface":"asphalt","wikidata":"Q7185822"},"geometry":{"type":"LineString","coordinates":[[151.2114062,-33.8664232],[151.2113962,-33.8664984],[151.2113406,-33.8669188],[151.2112463,-33.8676614]]}},{"type":"Feature","id":1113232365,"properties":{"building":"yes"},"geometry":{"type":"LineString","coordinates":[[151.2112499,-33.868449],[151.211267,-33.8683284],[151.2115969,-33.8683572],[151.2115842,-33.8684754],[151.2112499,-33.868449]]}},{"type":"Feature","id":1115995149,"properties":{"fare_gates":"yes","internet_access":"no","location":"underground","name":"St James","network":"Sydney Trains","network:wikidata":"Q7660181","operator":"Sydney Trains","platforms":"2","public_transport":"station","railway":"station","railway:ref":"SAJ","ref":"200050","toilets":"no","train":"yes","wheelchair":"yes","wikidata":"Q7593512","wikipedia":"en:St James railway station, Sydney"},"geometry":{"type":"LineString","coordinates":[[151.2117275,-33.8700859],[151.2121444,-33.8701275],[151.2120989,-33.8704424],[151.2121147,-33.8704441],[151.2120627,-33.8707934],[151.2120479,-33.8707921],[151.2119151,-33.8717134],[151.2114986,-33.8716719],[151.2116271,-33.8707795],[151.2114956,-33.8707776],[151.2114962,-33.8707462],[151.2115852,-33.8707481],[151.211634,-33.8704095],[151.2116009,-33.870321],[151.2116689,-33.8703034],[151.2116878,-33.8703548],[151.2117275,-33.8700859]]}},{"type":"Feature","id":1201700736,"properties":{"cycleway:left":"track","cycleway:left:oneway":"no","cycleway:left:segregated":"no","highway":"tertiary","lane_markings":"no","maxspeed":"40","name":"Prince Albert Road","oneway":"yes","oneway:bicycle":"no","sidewalk":"left","surface":"asphalt"},"geometry":{"type":"LineString","coordinates":[[151.2129886,-33.8704424],[151.2130128,-33.8704322],[151.2130723,-33.8704143],[151.2131109,-33.8704085],[151.2131369,-33.8704085]]}},{"type":"Feature","id":1211718077,"properties":{"administration":"Regional","classified":"yes","cycleway:left":"separate","cycleway:right":"no","highway":"secondary","lanes:backward":"2","lanes:forward":"3","lit":"yes","maxspeed":"40","name":"Macquarie Street","owner":"City of Sydney","owner:wikidata":"Q1094194","sidewalk":"both","source:maxspeed":"City of Sydney 40km/h maxzone description of bounds","surface":"asphalt","turn:lanes:forward":"left|right|right","wikidata":"Q6725008"},"geometry":{"type":"LineString","coordinates":[[151.2119883,-33.869807],[151.2119784,-33.8698759]]}},{"type":"Feature","id":1218923113,"properties":{"natural":"water"},"geometry":{"type":"LineString","coordinates":[[151.2118076,-33.8678516],[151.2118059,-33.8678712],[151.2118279,-33.8678725],[151.2118297,-33.867853],[151.2118076,-33.8678516]]}},{"type":"Feature","id":1218923114,"properties":{"natural":"water"},"geometry":{"type":"LineString","coordinates":[[151.2118308,-33.867876],[151.2118291,-33.8678956],[151.2118511,-33.867897],[151.2118529,-33.8678774],[151.2118308,-33.867876]]}},{"type":"Feature","id":1218923115,"properties":{"natural":"water"},"geometry":{"type":"LineString","coordinates":[[151.2118349,-33.8678296],[151.2118331,-33.8678491],[151.2118551,-33.8678505],[151.2118569,-33.8678309],[151.2118349,-33.8678296]]}},{"type":"Feature","id":1224921215,"properties":{"check_date":"2026-02-10","dog":"leashed","leisure":"park","name":"The Domain","name:en":"The Domain","operator":"Botanic Gardens of Sydney","operator:wikidata":"Q41758525","website":"https://www.botanicgardens.org.au/domain-sydney","wikidata":"Q844407"},"geometry":{"type":"LineString","coordinates":[[151.2138004,-33.8668819],[151.213738,-33.8670326],[151.213726,-33.8671315],[151.2136,-33.8682544],[151.2135342,-33.8687988],[151.2135079,-33.8690114],[151.2135204,-33.8691819],[151.213572,-33.8692965],[151.2136329,-33.8694108],[151.2139867,-33.8697504],[151.2140517,-33.8698055],[151.2141117,-33.8698267],[151.2141921,-33.86985],[151.2142431,-33.8698764],[151.2142903,-33.8698648],[151.214446,-33.8697313],[151.2147012,-33.869583],[151.216358,-33.8686776],[151.2164854,-33.8685868],[151.216839,-33.8682416],[151.2172015,-33.8678472],[151.2171682,-33.8678315],[151.2172448,-33.8677334],[151.2172248,-33.8677042],[151.2171899,-33.8676624],[151.2168742,-33.8674803],[151.2168233,-33.8674507],[151.2165579,-33.8673214],[151.2163703,-33.8672377],[151.2161534,-33.8671572],[151.2150317,-33.8668028],[151.2147669,-33.8667089],[151.2144941,-33.8665926],[151.2144147,-33.8665447],[151.214286,-33.866467],[151.2139688,-33.8662773],[151.2139271,-33.866247],[151.2139195,-33.8662552],[151.2139529,-33.8662917],[151.2139772,-33.8663611],[151.2139609,-33.8663658],[151.2139696,-33.8664353],[151.2139663,-33.8665052],[151.2139503,-33.866581],[151.2139109,-33.866686],[151.2138004,-33.8668819]]}},{"type":"Feature","id":1259567225,"properties":{"administration":"Regional","classified":"yes","cycleway:left":"no","dual_carriageway":"yes","highway":"secondary","lanes:backward":"3","lanes:forward":"3","maxspeed":"40","name":"College Street","oneway":"yes","owner":"City of Sydney","owner:wikidata":"Q1094194","sidewalk:left":"separate","sidewalk:right":"yes","source:maxspeed":"City of Sydney 40km/h maxzone description of bounds","surface":"asphalt","turn:lanes:backward":"left|none|none","turn:lanes:forward":"none|right|right"},"geometry":{"type":"LineString","coordinates":[[151.2129886,-33.8704424],[151.2130011,-33.8704626],[151.2130221,-33.870501],[151.2130327,-33.8705319]]}},{"type":"Feature","id":1279524969,"properties":{"highway":"service","service":"driveway","surface":"paved"},"geometry":{"type":"LineString","coordinates":[[151.2136116,-33.8678567],[151.2135158,-33.8678492],[151.2132749,-33.8678303]]}},{"type":"Feature","id":1316366410,"properties":{"natural":"water"},"geometry":{"type":"LineString","coordinates":[[151.212958,-33.8673814],[151.212942,-33.8674903],[151.2129481,-33.8674985],[151.2130782,-33.8675113],[151.2130892,-33.8675047],[151.2131034,-33.8673967],[151.2130936,-33.8673875],[151.2129648,-33.8673762],[151.212958,-33.8673814]]}},{"type":"Feature","id":1316366412,"properties":{"leisure":"garden"},"geometry":{"type":"LineString","coordinates":[[151.2130988,-33.8672973],[151.2131024,-33.8672829],[151.2131142,-33.8672731],[151.2131329,-33.8672664],[151.2131914,-33.8672715],[151.213187,-33.867305],[151.2130988,-33.8672973]]}},{"type":"Feature","id":1316366413,"properties":{"leisure":"garden"},"geometry":{"type":"LineString","coordinates":[[151.2131958,-33.8672384],[151.2131587,-33.8672339],[151.2131448,-33.8672281],[151.2131426,-33.8672147],[151.2131297,-33.8672136],[151.213127,-33.8672374],[151.213112,-33.8672526],[151.2130863,-33.8672655],[151.2130643,-33.8672673],[151.2130364,-33.8672673],[151.2130192,-33.8672717],[151.2130015,-33.867282],[151.2129795,-33.867294],[151.212965,-33.8672976],[151.2129324,-33.8672982],[151.2129564,-33.8671158],[151.2131667,-33.8671349],[151.2132089,-33.8671387],[151.2131958,-33.8672384]]}},{"type":"Feature","id":1316366418,"properties":{"natural":"water"},"geometry":{"type":"LineString","coordinates":[[151.2128076,-33.8679999],[151.2128163,-33.8680027],[151.2128256,-33.8680031],[151.2128346,-33.868001],[151.2128422,-33.8679967],[151.2128478,-33.8679905],[151.2128508,-33.8679832],[151.2128508,-33.8679754],[151.2128478,-33.8679681],[151.2128421,-33.867962],[151.2128344,-33.8679576],[151.2128255,-33.8679556],[151.2128156,-33.8679561],[151.2128066,-33.8679593],[151.2127994,-33.8679649],[151.2127948,-33.8679722],[151.2127936,-33.8679803],[151.2127957,-33.8679883],[151.2128005,-33.8679949],[151.2128076,-33.8679999]]}},{"type":"Feature","id":1329188116,"properties":{"highway":"service","oneway":"yes","service":"driveway","surface":"paved"},"geometry":{"type":"LineString","coordinates":[[151.2134999,-33.8686875],[151.2134066,-33.8686789],[151.2133431,-33.8686731]]}},{"type":"Feature","id":1329188118,"properties":{"highway":"service","oneway":"yes","service":"driveway","surface":"paved"},"geometry":{"type":"LineString","coordinates":[[151.2133493,-33.8686284],[151.2134118,-33.8686342],[151.2135058,-33.868643]]}},{"type":"Feature","id":1431437175,"properties":{"administration":"Regional","classified":"yes","cycleway:both":"no","highway":"secondary","lanes":"4","maxspeed":"40","name":"Macquarie Street","owner":"City of Sydney","owner:wikidata":"Q1094194","sidewalk:both":"separate","source:maxspeed":"City of Sydney 40km/h maxzone description of bounds","surface":"asphalt","wikidata":"Q6725008"},"geometry":{"type":"LineString","coordinates":[[151.212395,-33.866561],[151.2123872,-33.8666308],[151.2123842,-33.8666575],[151.212375,-33.8667402]]}},{"type":"Feature","id":1431437176,"properties":{"administration":"Regional","classified":"yes","cycleway:both":"no","highway":"secondary","lanes":"4","maxspeed":"40","name":"Macquarie Street","owner":"City of Sydney","owner:wikidata":"Q1094194","sidewalk:both":"separate","source:maxspeed":"City of Sydney 40km/h maxzone description of bounds","surface":"asphalt","wikidata":"Q6725008"},"geometry":{"type":"LineString","coordinates":[[151.2122221,-33.868079],[151.2121958,-33.868291],[151.2121546,-33.868625]]}},{"type":"Feature","id":1450266861,"properties":{"area":"yes","highway":"pedestrian"},"geometry":{"type":"LineString","coordinates":[[151.2121755,-33.8697378],[151.2121864,-33.8697419],[151.2121983,-33.8697429],[151.21221,-33.8697407],[151.2122202,-33.8697355],[151.2122279,-33.8697278],[151.2122316,-33.8697216],[151.2122318,-33.8697145],[151.2122284,-33.8697049],[151.2122214,-33.8696968],[151.2122117,-33.869691],[151.2122002,-33.8696881],[151.2121879,-33.8696885],[151.2121764,-33.8696922],[151.212167,-33.8696989],[151.2121608,-33.8697078],[151.2121597,-33.8697149],[151.2121611,-33.8697221],[151.2121667,-33.8697309],[151.2121755,-33.8697378]]}},{"type":"Feature","id":1450266862,"properties":{"leisure":"garden"},"geometry":{"type":"LineString","coordinates":[[151.2121671,-33.8693069],[151.212173,-33.8692578],[151.2122863,-33.8692673],[151.2124045,-33.8692768],[151.2123986,-33.8693316],[151.2121671,-33.8693069]]}},{"type":"Feature","id":1450266863,"properties":{"building":"yes"},"geometry":{"type":"LineString","coordinates":[[151.212374,-33.869476],[151.2123824,-33.8694766],[151.2123941,-33.8693722],[151.2123986,-33.8693316],[151.2124092,-33.8693324],[151.2123913,-33.8694772],[151.2124136,-33.8694787],[151.2124102,-33.8695136],[151.2123878,-33.8695121],[151.2123862,-33.8695289],[151.2123898,-33.8695291],[151.2123888,-33.8695396],[151.2123712,-33.8695384],[151.2123722,-33.869528],[151.2123761,-33.8695283],[151.2123778,-33.8695111],[151.2123707,-33.8695106],[151.212374,-33.869476]]}},{"type":"Feature","id":1450266864,"properties":{"building":"yes"},"geometry":{"type":"LineString","coordinates":[[151.2123586,-33.8696305],[151.2123635,-33.8696308],[151.2123465,-33.8697705],[151.2125467,-33.869787],[151.2125657,-33.8697883],[151.2125665,-33.8697807],[151.2123563,-33.8697644],[151.2123736,-33.8696315],[151.2123982,-33.8696331],[151.2124016,-33.8695981],[151.2123792,-33.8695966],[151.2123808,-33.8695799],[151.2123844,-33.8695801],[151.2123854,-33.8695697],[151.2123678,-33.8695685],[151.2123668,-33.8695789],[151.2123707,-33.8695792],[151.2123691,-33.8695963],[151.212362,-33.8695959],[151.2123586,-33.8696305]]}},{"type":"Feature","id":1450266867,"properties":{"highway":"service","motor_vehicle":"private"},"geometry":{"type":"LineString","coordinates":[[151.2135151,-33.8693211],[151.2134025,-33.869336],[151.2133752,-33.8693356],[151.2132641,-33.8693262],[151.2132031,-33.8693206],[151.2131272,-33.8693117],[151.2130193,-33.8693012],[151.2129995,-33.8692993],[151.2129644,-33.8692959],[151.2128589,-33.8692856],[151.2124875,-33.8692494],[151.2124439,-33.8692452]]}},{"type":"Feature","id":1450266868,"properties":{"access":"private","highway":"service","service":"driveway"},"geometry":{"type":"LineString","coordinates":[[151.2129644,-33.8692959],[151.2129697,-33.8692574],[151.2129737,-33.8692287],[151.2130316,-33.8688088],[151.2130387,-33.8687578]]}},{"type":"Feature","id":1450266869,"properties":{"access":"private","highway":"service","service":"driveway"},"geometry":{"type":"LineString","coordinates":[[151.2130814,-33.8688132],[151.2133213,-33.8688379]]}},{"type":"Feature","id":1450266872,"properties":{"access":"private","highway":"service","service":"driveway"},"geometry":{"type":"LineString","coordinates":[[151.2130818,-33.8689973],[151.2130539,-33.8691963],[151.2129737,-33.8692287]]}},{"type":"Feature","id":1450266890,"properties":{"area":"yes","highway":"pedestrian"},"geometry":{"type":"LineString","coordinates":[[151.2129209,-33.8700931],[151.2129296,-33.8700239],[151.2129376,-33.8699611],[151.2129127,-33.869962],[151.2128894,-33.8699691],[151.2128796,-33.869975],[151.2128904,-33.8699858],[151.2128809,-33.8699923],[151.2128697,-33.87],[151.2128615,-33.8699917],[151.2128559,-33.869999],[151.212849,-33.8700188],[151.2128499,-33.87004],[151.2128588,-33.8700598],[151.2128747,-33.8700763],[151.2128962,-33.8700878],[151.2129209,-33.8700931]]}},{"type":"Feature","id":1450266896,"properties":{"leisure":"garden"},"geometry":{"type":"LineString","coordinates":[[151.2121753,-33.869243],[151.212173,-33.8692578],[151.2122863,-33.8692673],[151.2122895,-33.8692531],[151.2121753,-33.869243]]}},{"type":"Feature","id":1450266897,"properties":{"building":"yes","historic":"building","name":"Mint Guardhouse"},"geometry":{"type":"LineString","coordinates":[[151.2123986,-33.8693316],[151.2124092,-33.8693324],[151.2124658,-33.8693366],[151.2124717,-33.8692818],[151.2124045,-33.8692768],[151.2123986,-33.8693316]]}},{"type":"Feature","id":1450266900,"properties":{"highway":"service","service":"driveway"},"geometry":{"type":"LineString","coordinates":[[151.2133213,-33.8688379],[151.2133844,-33.8688441],[151.2134828,-33.8688537]]}},{"type":"Feature","id":1450266901,"properties":{"access":"private","highway":"service","service":"driveway"},"geometry":{"type":"LineString","coordinates":[[151.2130316,-33.8688088],[151.2130814,-33.8688132]]}},{"type":"Feature","id":1450266905,"properties":{"access":"private","highway":"service","service":"driveway"},"geometry":{"type":"LineString","coordinates":[[151.2133663,-33.8682184],[151.2133333,-33.8684462]]}},{"type":"Feature","id":1450266922,"properties":{"access":"private","highway":"service","service":"driveway"},"geometry":{"type":"LineString","coordinates":[[151.2128658,-33.8692374],[151.2128642,-33.8692483],[151.2128589,-33.8692856]]}},{"type":"Feature","id":1450266942,"properties":{"building":"roof","layer":"1"},"geometry":{"type":"LineString","coordinates":[[151.2125051,-33.8687255],[151.2125822,-33.8687325],[151.2125763,-33.8687774],[151.212673,-33.8687861],[151.2126787,-33.8687426],[151.2127196,-33.8687463],[151.2130192,-33.8687734],[151.213026,-33.868774],[151.2130303,-33.8687413],[151.2125092,-33.8686943],[151.2125051,-33.8687255]]}},{"type":"Feature","id":1451599953,"properties":{"leisure":"garden"},"geometry":{"type":"LineString","coordinates":[[151.2119663,-33.8666625],[151.2118802,-33.8666545],[151.2118401,-33.8669803],[151.211882,-33.8669849],[151.2119602,-33.8669918],[151.2119744,-33.8668818],[151.2120042,-33.8666661],[151.2119663,-33.8666625]]}},{"type":"Feature","id":1451599956,"properties":{"building":"yes"},"geometry":{"type":"LineString","coordinates":[[151.2115855,-33.8671216],[151.2115813,-33.8671576],[151.2118343,-33.8671797],[151.2118373,-33.8671661],[151.2118504,-33.8671674],[151.2119044,-33.8671712],[151.2119003,-33.8672108],[151.2120005,-33.8672178],[151.2120043,-33.8671813],[151.2120558,-33.867185],[151.2120521,-33.8672218],[151.2120923,-33.8672246],[151.2120897,-33.8672452],[151.2117992,-33.8672213],[151.2118036,-33.8671883],[151.2114204,-33.8671529],[151.2114335,-33.8670639],[151.2115537,-33.8670741],[151.2115549,-33.8670646],[151.2115922,-33.8670678],[151.2115855,-33.8671216]]}},{"type":"Feature","id":1451599963,"properties":{"leisure":"garden"},"geometry":{"type":"LineString","coordinates":[[151.2129779,-33.8666106],[151.2129733,-33.8666454],[151.212704,-33.8666212],[151.2127315,-33.8664103],[151.2127127,-33.8664087],[151.2126832,-33.8666349],[151.2130051,-33.8666638],[151.2130116,-33.8666136],[151.2129779,-33.8666106]]}},{"type":"Feature","id":1451599975,"properties":{"building":"roof","layer":"1"},"geometry":{"type":"LineString","coordinates":[[151.2133775,-33.8676978],[151.213365,-33.867804],[151.2134437,-33.8678104],[151.2134562,-33.8677041],[151.2133775,-33.8676978]]}},{"type":"Feature","id":1451600001,"properties":{"leisure":"garden"},"geometry":{"type":"LineString","coordinates":[[151.2124099,-33.8676291],[151.2124032,-33.8676842],[151.2124734,-33.8676901],[151.2124806,-33.867635],[151.2124099,-33.8676291]]}},{"type":"Feature","id":1451600007,"properties":{"leisure":"garden"},"geometry":{"type":"LineString","coordinates":[[151.2125407,-33.8674834],[151.212501,-33.8674797],[151.2125174,-33.8673545],[151.2125577,-33.8673583],[151.2125407,-33.8674834]]}},{"type":"Feature","id":1451600008,"properties":{"leisure":"garden"},"geometry":{"type":"LineString","coordinates":[[151.2124864,-33.8675913],[151.2124977,-33.8675047],[151.2125379,-33.8675084],[151.2125262,-33.867595],[151.2124864,-33.8675913]]}},{"type":"Feature","id":1451600009,"properties":{"leisure":"garden"},"geometry":{"type":"LineString","coordinates":[[151.2125613,-33.8673325],[151.2125208,-33.8673287],[151.2125292,-33.8672643],[151.2125701,-33.8672681],[151.2125613,-33.8673325]]}},{"type":"Feature","id":1451600026,"properties":{"leisure":"garden"},"geometry":{"type":"LineString","coordinates":[[151.2131593,-33.8684289],[151.2131609,-33.8684098],[151.2131945,-33.8684047],[151.2132227,-33.8683956],[151.2132532,-33.8683694],[151.2132846,-33.8683389],[151.2133017,-33.8682958],[151.2133119,-33.8682464],[151.2133256,-33.8682469],[151.2133161,-33.8683208],[151.2132817,-33.8683679],[151.2132725,-33.8684402],[151.2131593,-33.8684289]]}},{"type":"Feature","id":1451600027,"properties":{"leisure":"garden"},"geometry":{"type":"LineString","coordinates":[[151.213181,-33.8681263],[151.2132395,-33.8681316],[151.2132948,-33.868213],[151.213294,-33.8682657],[151.2132697,-33.8683276],[151.2132254,-33.8683657],[151.2131997,-33.868381],[151.2131745,-33.8683859],[151.2131446,-33.868385],[151.2131582,-33.868382],[151.2131685,-33.8683746],[151.2131734,-33.8683631],[151.2131761,-33.8683506],[151.2131825,-33.868308],[151.2132023,-33.8683032],[151.2132216,-33.8682916],[151.213234,-33.8682779],[151.2132399,-33.8682613],[151.2132378,-33.8682424],[151.213226,-33.8682232],[151.2132128,-33.8682126],[151.2131967,-33.8682061],[151.2132034,-33.868159],[151.2132032,-33.8681494],[151.2131998,-33.8681399],[151.2131931,-33.8681322],[151.213181,-33.8681263]]}},{"type":"Feature","id":1451600042,"properties":{"leisure":"garden"},"geometry":{"type":"LineString","coordinates":[[151.2127436,-33.8660436],[151.2127266,-33.8660535],[151.2126968,-33.8660758],[151.2126721,-33.8660957],[151.2126469,-33.8661209],[151.2126313,-33.8661401],[151.2126204,-33.8661616],[151.2126127,-33.8661826],[151.2125623,-33.8664518],[151.2126298,-33.8664592],[151.2126873,-33.8661958],[151.2126958,-33.86616],[151.2127057,-33.866139],[151.2127212,-33.866112],[151.2127403,-33.8660933],[151.2127656,-33.8660815],[151.2127436,-33.8660436]]}},{"type":"Feature","id":1459421844,"properties":{"administration":"Regional","classified":"yes","cycleway":"no","dual_carriageway":"yes","highway":"secondary","lanes":"5","lanes:backward":"2","lanes:forward":"3","maxspeed":"40","name":"St. James Road","oneway":"yes","owner":"City of Sydney","owner:wikidata":"Q1094194","source:maxspeed":"City of Sydney 40km/h maxzone description of bounds","surface":"asphalt"},"geometry":{"type":"LineString","coordinates":[[151.2116801,-33.8698435],[151.211544,-33.8698319],[151.211423,-33.8698244],[151.2113432,-33.8698271]]}},{"type":"Feature","id":1539010768,"properties":{"administration":"Regional","classified":"yes","cycleway:left":"separate","cycleway:right":"no","highway":"secondary","lanes:backward":"2","lanes:forward":"3","lit":"yes","maxspeed":"40","name":"Macquarie Street","owner":"City of Sydney","owner:wikidata":"Q1094194","sidewalk":"both","source:maxspeed":"City of Sydney 40km/h maxzone description of bounds","surface":"asphalt","turn:lanes:forward":"left|right|right","wikidata":"Q6725008"},"geometry":{"type":"LineString","coordinates":[[151.2120469,-33.8694008],[151.2120066,-33.8696806],[151.212002,-33.8697119],[151.2119883,-33.869807]]}},{"type":"Feature","id":1545863397,"properties":{"highway":"pedestrian"},"geometry":{"type":"LineString","coordinates":[[151.2116046,-33.8679029],[151.2112967,-33.8678785]]}},{"type":"Feature","id":1545863399,"properties":{"highway":"pedestrian"},"geometry":{"type":"LineString","coordinates":[[151.2113269,-33.8677033],[151.2114715,-33.8677142],[151.2116578,-33.867727]]}},{"type":"Feature","id":1545863400,"properties":{"highway":"pedestrian"},"geometry":{"type":"LineString","coordinates":[[151.211685,-33.8677414],[151.2121547,-33.8677803]]}},{"type":"Feature","id":152583183,"properties":{"highway":"service","name":"Hamilton Street","source:location":"approximation","source:name":"survey","surface":"asphalt"},"geometry":{"type":"LineString","coordinates":[[151.2082788,-33.8652221],[151.2081865,-33.8655334],[151.2081653,-33.865605]]}},{"type":"Feature","id":152583185,"properties":{"highway":"pedestrian","motor_vehicle":"no","name":"Little Hunter Street","source:name":"sign (southern end)","surface":"asphalt","width":"3.62","width:carriageway":"2.8"},"geometry":{"type":"LineString","coordinates":[[151.2078291,-33.8651919],[151.2078243,-33.8652204],[151.2077864,-33.8654612],[151.2077823,-33.865487],[151.2077808,-33.8654999]]}},{"type":"Feature","id":152583187,"properties":{"highway":"service","name":"Curtin Place","source:location":"interpolation","surface":"asphalt"},"geometry":{"type":"LineString","coordinates":[[151.2087402,-33.8652586],[151.2086901,-33.8652546],[151.2082788,-33.8652221],[151.2081282,-33.8652102],[151.2078291,-33.8651919]]}},{"type":"Feature","id":176266805,"properties":{"cycleway:both":"no","highway":"residential","lanes":"4","maxspeed":"40","name":"O'Connell Street","oneway":"yes","sidewalk":"both","source:maxspeed":"City of Sydney 40km/h maxzone description of bounds","surface":"asphalt"},"geometry":{"type":"LineString","coordinates":[[151.2103944,-33.864499],[151.2103241,-33.8645802],[151.2091042,-33.8655786]]}},{"type":"Feature","id":252123451,"properties":{"cycleway":"separate","highway":"unclassified","lanes":"2","maxspeed":"40","name":"Pitt Street","oneway":"yes","sidewalk":"both","source":"nearmap","source:maxspeed":"City of Sydney 40km/h maxzone description of bounds","surface":"asphalt","wikidata":"Q4982428"},"geometry":{"type":"LineString","coordinates":[[151.208778,-33.8649672],[151.2087602,-33.8651022],[151.2087402,-33.8652586],[151.208706,-33.8655518],[151.208703,-33.8655791],[151.2086932,-33.8657058]]}},{"type":"Feature","id":409035070,"properties":{"addr:housenumber":"6-10","addr:street":"O'Connell Street","building":"yes","building:levels":"32","name":"Norwich House","source":"Bing","source:addr":"LPI Base Map May 2018"},"geometry":{"type":"LineString","coordinates":[[151.210101,-33.8650138],[151.2102052,-33.8650855],[151.2102671,-33.8650235],[151.2103759,-33.8650984],[151.210312,-33.8651625],[151.2104166,-33.8652344],[151.2103697,-33.8652813],[151.2103279,-33.8653232],[151.2102753,-33.865287],[151.2102407,-33.8653216],[151.2102072,-33.8652986],[151.210027,-33.8651745],[151.210064,-33.8651374],[151.2100128,-33.8651022],[151.2100552,-33.8650597],[151.210101,-33.8650138]]}},{"type":"Feature","id":409035124,"properties":{"building":"hotel","building:levels":"14","source":"Bing"},"geometry":{"type":"LineString","coordinates":[[151.2083069,-33.8652553],[151.208611,-33.865281],[151.2085866,-33.8655342],[151.2085685,-33.8655469],[151.2083639,-33.8655302],[151.2083812,-33.8653866],[151.2083839,-33.8653627],[151.2082747,-33.8653483],[151.2083069,-33.8652553]]}},{"type":"Feature","id":409035155,"properties":{"addr:housenumber":"20","addr:street":"Hunter Street","building":"yes","building:levels":"15","source":"Bing"},"geometry":{"type":"LineString","coordinates":[[151.2081559,-33.8652546],[151.2081663,-33.8652503],[151.2081845,-33.8652486],[151.2081982,-33.8652511],[151.2082099,-33.8652583],[151.2082164,-33.8652684],[151.2082163,-33.8652805],[151.2081481,-33.8654825],[151.2081424,-33.86549],[151.2081327,-33.8654965],[151.2081184,-33.8654984],[151.2078343,-33.8654678],[151.2078752,-33.8652218],[151.2081559,-33.8652546]]}},{"type":"Feature","id":409035177,"properties":{"addr:housenumber":"25","addr:street":"Bligh Street","alt_name":"Bligh Chambers","building":"yes","building:levels":"35","name":"Mulpha House"},"geometry":{"type":"LineString","coordinates":[[151.2102094,-33.8654039],[151.2100845,-33.8655155],[151.2099398,-33.865643],[151.2099369,-33.8656454],[151.2097695,-33.8655093],[151.2099244,-33.8653767],[151.2100323,-33.8652843],[151.2101438,-33.8653595],[151.2102094,-33.8654039]]}},{"type":"Feature","id":409035210,"properties":{"addr:housenumber":"27","addr:postcode":"2000","addr:street":"O'Connell Street","addr:suburb":"Sydney","brand":"Radisson","brand:wikidata":"Q1751979","brand:wikipedia":"en:Radisson Hotels","building":"office","building:levels":"12","building:use":"hotel","name":"Radisson Plaza Hotel","phone":"+61 2 8214 0000","tourism":"hotel"},"geometry":{"type":"LineString","coordinates":[[151.2088316,-33.8650192],[151.208904,-33.8650836],[151.2090048,-33.8651732],[151.2090223,-33.8651888],[151.2089853,-33.8652205],[151.2089698,-33.8653469],[151.2090152,-33.8653836],[151.2091334,-33.8652789],[151.2092115,-33.8653422],[151.209249,-33.8653726],[151.2090123,-33.8655686],[151.2088693,-33.8656869],[151.2088361,-33.8656956],[151.2088031,-33.8656895],[151.2087812,-33.8656727],[151.2087674,-33.8656492],[151.2087845,-33.8654811],[151.2088228,-33.8651052],[151.2088316,-33.8650192]]}},{"type":"Feature","id":544466857,"properties":{"addr:housenumber":"23-25","addr:street":"O'Connell Street","building":"yes","building:levels":"9","source:addr":"LPI Base Map May 2018"},"geometry":{"type":"LineString","coordinates":[[151.2090223,-33.8651888],[151.2091334,-33.8652789],[151.2092115,-33.8653422],[151.209249,-33.8653726],[151.2093818,-33.8652626],[151.2091891,-33.865104],[151.2090961,-33.8651813],[151.2090442,-33.8651394],[151.2090048,-33.8651732],[151.2090223,-33.8651888]]}},{"type":"Feature","id":544466858,"properties":{"building":"yes","building:levels":"9"},"geometry":{"type":"LineString","coordinates":[[151.2093818,-33.8652626],[151.209532,-33.8651413],[151.209427,-33.865054],[151.2093136,-33.8649563],[151.2092611,-33.8650001],[151.2092349,-33.8649779],[151.2091362,-33.8650605],[151.2091891,-33.865104],[151.2093818,-33.8652626]]}},{"type":"Feature","id":548822742,"properties":{"building":"yes","building:levels":"4"},"geometry":{"type":"LineString","coordinates":[[151.2099398,-33.865643],[151.2100317,-33.865715],[151.2101765,-33.8655875],[151.2100845,-33.8655155],[151.2099398,-33.865643]]}},{"type":"Feature","id":548822744,"properties":{"addr:housenumber":"16","addr:street":"O'Connell Street","building":"yes","building:levels":"12","name":"Delphin House","source:addr":"LPI Base Map May 2018"},"geometry":{"type":"LineString","coordinates":[[151.2097179,-33.8652048],[151.2098036,-33.8652769],[151.2097616,-33.8653113],[151.2098192,-33.8653598],[151.2097955,-33.8653792],[151.2098285,-33.865407],[151.2097368,-33.8654822],[151.2095569,-33.8653368],[151.2097179,-33.8652048]]}},{"type":"Feature","id":548822747,"properties":{"addr:housenumber":"12-14","addr:street":"O'Connell Street","building":"yes","building:levels":"9","name":"Swaab House","source:addr":"LPI Base Map May 2018"},"geometry":{"type":"LineString","coordinates":[[151.2097179,-33.8652048],[151.2098818,-33.8650705],[151.210027,-33.8651745],[151.2102072,-33.8652986],[151.2101438,-33.8653595],[151.2100323,-33.8652843],[151.2099244,-33.8653767],[151.2098036,-33.8652769],[151.2097179,-33.8652048]]}},{"type":"Feature","id":554581042,"properties":{"addr:housenumber":"30","addr:street":"Hunter Street","addr:suburb":"Sydney","building":"hotel","building:levels":"5","name":"Grand Hotel","website":"merivale.com.au"},"geometry":{"type":"LineString","coordinates":[[151.2083639,-33.8655302],[151.2082392,-33.8655193],[151.2082177,-33.8654944],[151.2082628,-33.8653727],[151.2083812,-33.8653866],[151.2083639,-33.8655302]]}},{"type":"Feature","id":554581044,"properties":{"addr:housename":"Skinners Family Hotel","addr:housenumber":"296","addr:street":"George Street","building":"retail","building:levels":"3","historic":"building","name":"Skinners Family Hotel","roof:shape":"flat","wikidata":"Q59834418"},"geometry":{"type":"LineString","coordinates":[[151.2073954,-33.8656475],[151.2075521,-33.8656678],[151.2075618,-33.8656165],[151.2074405,-33.8655985],[151.2074216,-33.8655957],[151.2073994,-33.8656087],[151.2073954,-33.8656475]]}},{"type":"Feature","id":558619297,"properties":{"addr:housenumber":"10-14","addr:street":"Hunter Street","addr:suburb":"Sydney","building":"yes","building:levels":"6","name":"NSW Sports Club"},"geometry":{"type":"LineString","coordinates":[[151.2076647,-33.8654515],[151.2077537,-33.8654602],[151.2077764,-33.8653007],[151.2076874,-33.8652919],[151.2076647,-33.8654515]]}},{"type":"Feature","id":1131909511,"properties":{"highway":"unclassified","lanes":"2","maxspeed":"40","name":"Hunter Street","oneway":"no","source":"Bing","source:maxspeed":"City of Sydney 40km/h maxzone description of bounds","surface":"asphalt","wikidata":"Q5944569"},"geometry":{"type":"LineString","coordinates":[[151.2086932,-33.8657058],[151.2086382,-33.8656881],[151.2085436,-33.8656634],[151.2084946,-33.8656506]]}},{"type":"Feature","id":1241836635,"properties":{"construction":"yes","description":"Hunter Street Station platform (approximate size and location)","layer":"-4","location":"underground","public_transport":"platform","railway":"platform","subway":"yes"},"geometry":{"type":"LineString","coordinates":[[151.2070814,-33.8655284],[151.2070854,-33.8654736],[151.2091446,-33.8656316],[151.2091409,-33.8656868],[151.2070814,-33.8655284]]}},{"type":"Feature","id":1319901897,"properties":{"highway":"unclassified","lanes":"4","maxspeed":"40","name":"Hunter Street","oneway":"no","source":"Bing","source:maxspeed":"City of Sydney 40km/h maxzone description of bounds","surface":"asphalt","wikidata":"Q5944569"},"geometry":{"type":"LineString","coordinates":[[151.2084946,-33.8656506],[151.2081653,-33.865605]]}},{"type":"Feature","id":1329355471,"properties":{"highway":"unclassified","lanes":"4","maxspeed":"40","name":"Hunter Street","oneway":"no","source":"Bing","source:maxspeed":"City of Sydney 40km/h maxzone description of bounds","surface":"asphalt","wikidata":"Q5944569"},"geometry":{"type":"LineString","coordinates":[[151.2081653,-33.865605],[151.2080535,-33.865591],[151.2080405,-33.8655891]]}}]}