{"type":"FeatureCollection","features":[{"type":"Feature","id":4941656421,"properties":{"amenity":"bench"},"geometry":{"type":"Point","coordinates":[139.760407,35.6807212]}},{"type":"Feature","id":2077116933,"properties":{"amenity":"cafe","name":"ease","name:it":"Ease","wheelchair":"yes"},"geometry":{"type":"Point","coordinates":[139.763644,35.68078]}},{"type":"Feature","id":3492934789,"properties":{"amenity":"parking_entrance","maxheight":"2.9","parking":"underground"},"geometry":{"type":"Point","coordinates":[139.7651783,35.6809256]}},{"type":"Feature","id":3608237973,"properties":{"addr:block_number":"5","addr:city":"千代田区","addr:housename":"三菱ビル","addr:housenumber":"2","addr:neighbourhood":"丸の内二丁目","addr:postcode":"100-0005","addr:province":"東京都","amenity":"cafe","branch":"丸の内三菱ビル店","brand":"スターバックス","brand:en":"Starbucks","brand:ja":"スターバックス","brand:wikidata":"Q37158","brand:wikipedia":"ja:スターバックス","cuisine":"coffee_shop","drive_through":"no","name":"スターバックス","name:en":"Starbucks","name:ja":"スターバックス","name:ja_rm":"Sutābakkusu","official_name":"スターバックスコーヒー","official_name:en":"Starbucks Coffee","official_name:ja":"スターバックスコーヒー","opening_hours":"Mo-Fr 07:00-21:00; Sa,Su,PH 08:00-20:00","operator":"スターバックスコーヒージャパン","phone":"+81 3-5288-9050","source":"(URL) 2015","takeaway":"yes","website":"https://www.starbucks.co.jp/","wheelchair":"yes"},"geometry":{"type":"Point","coordinates":[139.7636129,35.6801809]}},{"type":"Feature","id":4436157078,"properties":{"artist_name":"草間彌生","artist_name:en":"Yayoi Kusama","artwork_type":"sculpture","name":"われは南瓜","name:en":"I, the Pumpkin","name:es":"I, the Pumpkin","start_date":"2013","tourism":"artwork","wheelchair":"yes"},"geometry":{"type":"Point","coordinates":[139.7628501,35.6798452]}},{"type":"Feature","id":5358919726,"properties":{"amenity":"motorcycle_parking","operator":"Marunouchi Naka Dori Building Garage Entry","wheelchair":"no"},"geometry":{"type":"Point","coordinates":[139.7626576,35.680651]}},{"type":"Feature","id":5358926522,"properties":{"name":"ブルームバーグLP","name:en":"Bloomberg LP","office":"company","opening_hours":"24/7","phone":"+81-3-4565-8900","website":"https://www.bloomberg.com/"},"geometry":{"type":"Point","coordinates":[139.7640867,35.6810352]}},{"type":"Feature","id":5905114985,"properties":{"brand":"NATURAL LAWSON","brand:en":"NATURAL LAWSON","brand:ja":"ナチュラルローソン","brand:wikidata":"Q11323850","name":"ナチュラルローソン","name:en":"Natural Lawson","name:ja":"ナチュラルローソン","opening_hours":"Mo-Su 07:00-23:00","shop":"convenience","wheelchair":"yes"},"geometry":{"type":"Point","coordinates":[139.7633056,35.6807561]}},{"type":"Feature","id":7422250253,"properties":{"amenity":"bicycle_rental","authentication:app":"yes","brand":"Docomo Bike Share","brand:en":"Docomo Bike Share","brand:ja":"ドコモ・バイクシェア","brand:website":"https://docomo-cycle.jp/","brand:wikidata":"Q55533296","capacity":"5","fee":"yes","gbfs:name":"A4-11.二重橋前駅(メトロ4番出口)","gbfs:station_id":"10513","gbfs:system_id":"docomo-cycle","name":"二重橋前駅(メトロ4番出口)","name:ja":"二重橋前駅(メトロ4番出口)","network":"ちよくる","official_name":"千代田区コミュニティサイクル","official_name:en":"Chiyoda City Bike Share","official_name:ja":"千代田区コミュニティサイクル","operator":"千代田区","ref":"A4-11","wheelchair":"yes"},"geometry":{"type":"Point","coordinates":[139.7621122,35.6807247]}},{"type":"Feature","id":10209344943,"properties":{"addr:block_number":"5","addr:city":"千代田区","addr:housenumber":"2","addr:neighbourhood":"丸の内二丁目","addr:postcode":"100-0005","addr:province":"東京都","addr:quarter":"丸の内","brand":"Apple Store","brand:wikidata":"Q421253","name":"Apple 丸の内","name:ko":"Apple 마루노우치점","phone":"(03) 4213-0500","shop":"electronics","short_name":"Apple","toilets:wheelchair":"yes","wheelchair":"yes"},"geometry":{"type":"Point","coordinates":[139.7637993,35.6800684]}},{"type":"Feature","id":10913797093,"properties":{"level":"-1","name":"アシックスラン 東京丸の内","name:en":"Asics Run Tokyo Marunouchi","phone":"+81 3 6259 1601","shop":"sports","wheelchair":"no"},"geometry":{"type":"Point","coordinates":[139.7638299,35.6802131]}},{"type":"Feature","id":11250599238,"properties":{"amenity":"restaurant","name:en":"Kua Aina Burger","wheelchair":"limited"},"geometry":{"type":"Point","coordinates":[139.7637449,35.680839]}},{"type":"Feature","id":11436157010,"properties":{"amenity":"bicycle_rental","authentication:app":"yes","brand":"ドコモ・バイクシェア","brand:en":"Docomo Bike Share","brand:ja":"ドコモ・バイクシェア","brand:website":"https://docomo-cycle.jp/","brand:wikidata":"Q55533296","capacity":"12","fee":"yes","gbfs:name":"A4-01.丸ビル（南側駐輪場）","gbfs:station_id":"10023","gbfs:system_id":"docomo-cycle","name":"丸ビル（南側駐輪場）","name:en":"Maru Building","name:ja":"丸ビル（南側駐輪場）","operator":"ドコモ・バイクシェア","operator:en":"Docomo Bike Share","operator:ja":"ドコモ・バイクシェア","operator:type":"private","operator:wikidata":"Q55533296","ref":"A4-01"},"geometry":{"type":"Point","coordinates":[139.764002,35.680514]}},{"type":"Feature","id":12593002496,"properties":{"amenity":"drinking_water","fee":"no","note":"ジュース・お茶が飲める"},"geometry":{"type":"Point","coordinates":[139.7648384,35.6808444]}},{"type":"Feature","id":12593002497,"properties":{"name":"STATION DESK グランスタ丸の内","office":"yes"},"geometry":{"type":"Point","coordinates":[139.7649018,35.6807671]}},{"type":"Feature","id":12593002500,"properties":{"name":"STATION DESK 東京丸の内","office":"yes"},"geometry":{"type":"Point","coordinates":[139.7645103,35.6807601]}},{"type":"Feature","id":12839836923,"properties":{"branch":"丸の内二重前店","brand":"LAWSON","brand:en":"LAWSON","brand:ja":"ローソン","brand:wikidata":"Q1557223","level":"-1","name":"ローソン","name:en":"Lawson","name:ja":"ローソン","shop":"convenience"},"geometry":{"type":"Point","coordinates":[139.7625404,35.6809643]}},{"type":"Feature","id":12839836924,"properties":{"amenity":"battery_rental","description":"ローソン店内","name":"ChargeSPOT","rental":"mobile_battery"},"geometry":{"type":"Point","coordinates":[139.7624731,35.680985]}},{"type":"Feature","id":12839836925,"properties":{"branch":"本社","name":"三菱商事(株)","office":"company","website":"https://www.mitsubishicorp.com/jp/ja/"},"geometry":{"type":"Point","coordinates":[139.7624349,35.6810619]}},{"type":"Feature","id":12995244493,"properties":{"amenity":"fast_food","fast_food":"cafeteria","name":"Marunouchi Happ. Stand & Gallery"},"geometry":{"type":"Point","coordinates":[139.7631685,35.6802876]}},{"type":"Feature","id":13011065064,"properties":{"amenity":"waste_basket","note":"燃えるゴミ・ペットボトル・缶など","waste":"recycling"},"geometry":{"type":"Point","coordinates":[139.7648498,35.6808495]}},{"type":"Feature","id":13011641565,"properties":{"amenity":"restaurant","name":"GASTRO-PUB COOPERS"},"geometry":{"type":"Point","coordinates":[139.7637203,35.6802582]}},{"type":"Feature","id":13942968193,"properties":{"amenity":"clock","date":"no","display":"analog","faces":"1","support":"wall","visibility":"street"},"geometry":{"type":"Point","coordinates":[139.7645137,35.6807641]}},{"type":"Feature","id":14141249898,"properties":{"historic":"railway","indoor":"yes","level":"-1","name":"C62形蒸気機関車","name:en":"C62 Class Steam Locomotive","name:es":"Locomotora de Vapor Tipo C62","name:ja":"C62形蒸気機関車","name:ja-Hira":"しーろくじゅうにがたじょうききかんしゃ","name:ja-Latn":"Shī Rokujūni-gata Jōki Kikansha","tourism":"attraction"},"geometry":{"type":"Point","coordinates":[139.7648625,35.681005]}},{"type":"Feature","id":1420766514,"properties":{"addr:block_number":"3","addr:city":"千代田区","addr:housenumber":"1","addr:neighbourhood":"皇居外苑","addr:province":"東京都","amenity":"police","name":"丸の内警察署桔梗門警備派出所","note":"National-Land Numerical Information (Public Facility) 2006, MLIT Japan","note:ja":"国土数値情報（公共施設データ）平成19年　国土交通省","operator":"東京都","source":"KSJ2","source_ref":"http://nlftp.mlit.go.jp/ksj/jpgis/datalist/KsjTmplt-P02-v2_0.html","wheelchair":"limited"},"geometry":{"type":"Point","coordinates":[139.7597404,35.6832292]}},{"type":"Feature","id":2013194264,"properties":{"amenity":"fountain","source":"Bing"},"geometry":{"type":"Point","coordinates":[139.7608391,35.6831337]}},{"type":"Feature","id":2013194265,"properties":{"amenity":"fountain","source":"Bing"},"geometry":{"type":"Point","coordinates":[139.7607313,35.683157]}},{"type":"Feature","id":2013194266,"properties":{"amenity":"fountain","source":"Bing"},"geometry":{"type":"Point","coordinates":[139.7606244,35.6831801]}},{"type":"Feature","id":3626098418,"properties":{"addr:block_number":"1","addr:city":"千代田区","addr:floor":"B1F","addr:housename":"パレスビル","addr:housenumber":"1","addr:neighbourhood":"丸の内一丁目","addr:province":"東京都","amenity":"cafe","branch":"丸の内パレスビル店","brand":"タリーズコーヒー","brand:en":"Tully's Coffee","brand:ja":"タリーズコーヒー","brand:wikidata":"Q3541983","cuisine":"coffee_shop","internet_access":"wlan","level":"-1","name":"タリーズコーヒー","name:en":"Tully's Coffee","name:it":"Tully's","name:ja":"タリーズコーヒー","name:ja_rm":"Tarīzu Kohī","opening_hours":"Mo-Fr 07:30-20:00; Sa,Su,PH 09:00-19:00","operator":"タリーズコーヒージャパン","phone":"+81 3-5220-4818","smoking":"no","source":"(URL) 2015","takeaway":"yes","website":"https://www.tullys.co.jp/","wikidata":"Q11316408","wikipedia":"ja:タリーズコーヒージャパン"},"geometry":{"type":"Point","coordinates":[139.7615043,35.6853311]}},{"type":"Feature","id":3753761925,"properties":{"addr:block_number":"1","addr:city":"千代田区","addr:housenumber":"1","addr:neighbourhood":"丸の内一丁目","addr:postcode":"100-0005","addr:province":"東京都","atm":"yes","branch":"丸の内パレスビル","brand":"7-ELEVEN","brand:en":"7-ELEVEN","brand:ja":"セブン-イレブン","brand:wikidata":"Q259340","brand:wikipedia":"en:7-Eleven","internet_access":"wlan","name":"セブン-イレブン","name:en":"7-Eleven","name:ja":"セブン-イレブン","name:ja_rm":"Sebun Irebun","name:ko":"세븐일레븐","official_name:en":"Seven-Eleven","operator":"セブンイレブン・ジャパン","phone":"+81 3-3287-1125","shop":"convenience","source":"(URL) 2015","website":"https://www.sej.co.jp/","wheelchair":"yes"},"geometry":{"type":"Point","coordinates":[139.7616362,35.6848714]}},{"type":"Feature","id":4449910691,"properties":{"name:en":"Gardens Free Guided Tour","tourism":"attraction","wheelchair":"yes"},"geometry":{"type":"Point","coordinates":[139.7580866,35.6830719]}},{"type":"Feature","id":4961787966,"properties":{"amenity":"bench","backrest":"no"},"geometry":{"type":"Point","coordinates":[139.7604348,35.6833497]}},{"type":"Feature","id":4961787967,"properties":{"amenity":"toilets","fee":"no","wheelchair":"yes"},"geometry":{"type":"Point","coordinates":[139.7613617,35.6832972]}},{"type":"Feature","id":5053847527,"properties":{"addr:block_number":"1","addr:city":"千代田区","addr:housenumber":"1","addr:neighbourhood":"丸の内1丁目","addr:province":"東京都","amenity":"cafe","name":"The Palace Lounge","wheelchair":"yes"},"geometry":{"type":"Point","coordinates":[139.7614803,35.6850088]}},{"type":"Feature","id":5247178056,"properties":{"board_type":"notice","check_date":"2023-10-27","information":"board","name":"今日の東御苑","name:en":"Year-round delights of the East Gardens","tourism":"information","wheelchair":"yes"},"geometry":{"type":"Point","coordinates":[139.7609704,35.6858357]}},{"type":"Feature","id":5247178057,"properties":{"check_date":"2023-10-27","description":"皇居東御苑","information":"map","map_size":"site","tourism":"information","wheelchair":"yes"},"geometry":{"type":"Point","coordinates":[139.7609773,35.6858413]}},{"type":"Feature","id":5324838965,"properties":{"amenity":"fountain"},"geometry":{"type":"Point","coordinates":[139.7619072,35.6866251]}},{"type":"Feature","id":5324838969,"properties":{"amenity":"bench"},"geometry":{"type":"Point","coordinates":[139.7618323,35.686639]}},{"type":"Feature","id":5340832503,"properties":{"amenity":"fountain"},"geometry":{"type":"Point","coordinates":[139.7615566,35.6859174]}},{"type":"Feature","id":5340832504,"properties":{"amenity":"restaurant","cuisine":"french","level":"0","name":"Le Poulet","wheelchair":"yes"},"geometry":{"type":"Point","coordinates":[139.7620556,35.6868688]}},{"type":"Feature","id":5340847250,"properties":{"artwork_type":"statue","note":"鯱","tourism":"artwork","wheelchair":"yes"},"geometry":{"type":"Point","coordinates":[139.760065,35.6859172]}},{"type":"Feature","id":5340847252,"properties":{"board_type":"history","check_date":"2025-05-13","information":"board","name":"大手門","name:en":"Ote-mon Gate","tourism":"information","wheelchair":"yes"},"geometry":{"type":"Point","coordinates":[139.7600785,35.6859046]}},{"type":"Feature","id":5473276009,"properties":{"check_date":"2025-11-10","information":"map","tourism":"information","wheelchair":"yes"},"geometry":{"type":"Point","coordinates":[139.7615842,35.6858422]}},{"type":"Feature","id":5473276014,"properties":{"amenity":"coworking_space","level":"0","name":"3×3 Lab Future","wheelchair":"yes"},"geometry":{"type":"Point","coordinates":[139.761835,35.6864144]}},{"type":"Feature","id":5473282110,"properties":{"amenity":"bench","source":"Bing"},"geometry":{"type":"Point","coordinates":[139.7618356,35.6868764]}},{"type":"Feature","id":5500162082,"properties":{"amenity":"shelter","name":"無料休憩所","name:ko":"무료휴게소","wheelchair":"yes"},"geometry":{"type":"Point","coordinates":[139.7612423,35.6831073]}},{"type":"Feature","id":5500162083,"properties":{"amenity":"fountain"},"geometry":{"type":"Point","coordinates":[139.7609863,35.6836796]}},{"type":"Feature","id":5500162105,"properties":{"artwork_type":"sculpture","tourism":"artwork","wheelchair":"limited"},"geometry":{"type":"Point","coordinates":[139.7609009,35.6836859]}},{"type":"Feature","id":5500368138,"properties":{"board_type":"history","information":"board","name":"市内最初の並木","operator":"東京都","tourism":"information","wheelchair":"yes"},"geometry":{"type":"Point","coordinates":[139.7614838,35.6860971]}},{"type":"Feature","id":5524600721,"properties":{"information":"map","name:en":"Map of Gardens","opening_hours":"24/7","toilets:wheelchair":"yes","tourism":"information","wheelchair":"yes"},"geometry":{"type":"Point","coordinates":[139.7587119,35.6832761]}},{"type":"Feature","id":5527088155,"properties":{"amenity":"cafe","brand":"スターバックス","brand:en":"Starbucks","brand:ja":"スターバックス","brand:wikidata":"Q37158","cuisine":"coffee_shop","name":"スターバックス","name:en":"Starbucks","name:ja":"スターバックス","official_name":"スターバックスコーヒー","official_name:en":"Starbucks Coffee","official_name:ja":"スターバックスコーヒー","takeaway":"yes","wheelchair":"yes"},"geometry":{"type":"Point","coordinates":[139.7612081,35.6829556]}},{"type":"Feature","id":5527856424,"properties":{"amenity":"bench","backrest":"no"},"geometry":{"type":"Point","coordinates":[139.761195,35.6836014]}},{"type":"Feature","id":5527856425,"properties":{"historic":"memorial","information":"board","memorial":"plaque","name":"和田倉噴水公園","tourism":"information","wheelchair":"yes"},"geometry":{"type":"Point","coordinates":[139.7612858,35.6834386]}},{"type":"Feature","id":5527856455,"properties":{"amenity":"vending_machine","check_date":"2024-10-12","covered":"yes","vending":"drinks","wheelchair":"yes"},"geometry":{"type":"Point","coordinates":[139.7613826,35.683244]}},{"type":"Feature","id":5658089921,"properties":{"amenity":"toilets","check_date":"2024-09-17","fee":"no","operator:type":"public","wheelchair":"limited"},"geometry":{"type":"Point","coordinates":[139.7600563,35.6822174]}},{"type":"Feature","id":5833843762,"properties":{"check_date":"2025-05-13","information":"map","name":"皇居東御苑と天皇皇后両陛下","tourism":"information","wheelchair":"yes"},"geometry":{"type":"Point","coordinates":[139.7595946,35.6861957]}},{"type":"Feature","id":5833843805,"properties":{"board_type":"history","check_date":"2023-10-27","information":"board","name":"大手門","tourism":"information","wheelchair":"yes"},"geometry":{"type":"Point","coordinates":[139.760925,35.6858013]}},{"type":"Feature","id":6127218487,"properties":{"amenity":"fast_food"},"geometry":{"type":"Point","coordinates":[139.7618779,35.6864987]}},{"type":"Feature","id":6267003058,"properties":{"information":"guidepost","name":"丸の内今昔散歩","tourism":"information"},"geometry":{"type":"Point","coordinates":[139.7602531,35.6829468]}},{"type":"Feature","id":6267003068,"properties":{"board_type":"history","check_date":"2023-09-23","information":"board","name":"特別史跡　江戸城跡","tourism":"information"},"geometry":{"type":"Point","coordinates":[139.7613917,35.6827516]}},{"type":"Feature","id":6267003069,"properties":{"information":"guidepost","name":"丸の内今昔散歩","tourism":"information","wheelchair":"limited"},"geometry":{"type":"Point","coordinates":[139.7618356,35.6825835]}},{"type":"Feature","id":6267046112,"properties":{"information":"guidepost","name":"丸の内今昔散歩","tourism":"information","wheelchair":"yes"},"geometry":{"type":"Point","coordinates":[139.7588691,35.6816696]}},{"type":"Feature","id":7090615443,"properties":{"amenity":"drinking_water","man_made":"water_tap","wheelchair":"yes"},"geometry":{"type":"Point","coordinates":[139.7587888,35.6831867]}},{"type":"Feature","id":7230407713,"properties":{"information":"guidepost","tourism":"information","wheelchair":"yes"},"geometry":{"type":"Point","coordinates":[139.7592956,35.6825311]}},{"type":"Feature","id":9830938721,"properties":{"office":"security"},"geometry":{"type":"Point","coordinates":[139.7582291,35.6835847]}},{"type":"Feature","id":11184783437,"properties":{"amenity":"drinking_water","man_made":"water_tap","wheelchair":"yes"},"geometry":{"type":"Point","coordinates":[139.7577076,35.6824427]}},{"type":"Feature","id":11364918799,"properties":{"addr:block_number":"1","addr:city":"千代田区","addr:housenumber":"2","addr:neighbourhood":"1丁目","addr:postcode":"100-0004","addr:province":"東京都","addr:quarter":"大手町","amenity":"restaurant","branch":"大手町店","branch:en":"Otemon","capacity":"100","cuisine":"curry","diet:gluten_free":"yes","internet_access":"wlan","level":"-1","name":"もうやんカレー","name:en":"Moyan Curry","name:ja":"もうやんカレー","opening_hours":"Mo-Sa 11:30-15:00, 18:00-23:00","reservation":"yes","reservation:website":"https://retty.me/area/PRE13/ARE15/SUB1504/100001325347/","source":"survey;https://www.moyan.jp/otemachi/","website":"https://www.moyan.jp/otemachi/","wheelchair":"yes"},"geometry":{"type":"Point","coordinates":[139.7617805,35.6861739]}},{"type":"Feature","id":11496718449,"properties":{"amenity":"bench","backrest":"no"},"geometry":{"type":"Point","coordinates":[139.7606568,35.6844542]}},{"type":"Feature","id":12560911579,"properties":{"name":"ENEOS","office":"company","wheelchair":"yes","wikidata":"Q1640290","wikipedia":"ja:ENEOS"},"geometry":{"type":"Point","coordinates":[139.7619261,35.6862606]}},{"type":"Feature","id":12874713601,"properties":{"amenity":"toilets"},"geometry":{"type":"Point","coordinates":[139.7590989,35.6843896]}},{"type":"Feature","id":12874713701,"properties":{"shop":"gift"},"geometry":{"type":"Point","coordinates":[139.759361,35.6842514]}},{"type":"Feature","id":13347336513,"properties":{"check_date":"2025-10-21","name":"Guided Tour Of The East Gardens Higashi -Gyoen","opening_hours":"Tu-Sa 09:00-12:30","shop":"ticket","wheelchair":"yes"},"geometry":{"type":"Point","coordinates":[139.7581915,35.6835195]}},{"type":"Feature","id":13527392109,"properties":{"amenity":"toilets","fee":"no","wheelchair":"yes"},"geometry":{"type":"Point","coordinates":[139.7603847,35.6863058]}},{"type":"Feature","id":13689230204,"properties":{"access":"yes","amenity":"charging_station","brand:en":"Tesla Supercharger","brand:website":"https://www.tesla.com/supercharger","brand:wikidata":"Q17089620","fee":"yes","frequency":"0","motorcar":"designated","name:en":"Tesla Supercharger","network:en":"Supercharger","network:website":"https://www.tesla.com/supercharger","network:wikidata":"Q17089620","opening_hours":"24/7","operator:en":"Tesla","operator:wikidata":"Q478214","ref:tesla":"chiyodakupalacehotelsupercharger","website":"https://www.tesla.com/findus/location/supercharger/chiyodakupalacehotelsupercharger"},"geometry":{"type":"Point","coordinates":[139.761048,35.6848424]}},{"type":"Feature","id":13689233913,"properties":{"amenity":"parking_entrance"},"geometry":{"type":"Point","coordinates":[139.7610285,35.6848448]}},{"type":"Feature","id":13724496101,"properties":{"amenity":"drinking_water","fountain":"bubbler","wheelchair":"yes"},"geometry":{"type":"Point","coordinates":[139.761171,35.6832383]}},{"type":"Feature","id":1420773488,"properties":{"addr:full":"東京都千代田区大手町1-6-1","amenity":"post_office","name":"大手町ビル内郵便局","name:es":"Oficina postal","note":"National-Land Numerical Information (Public Facility) 2006, MLIT Japan","note:ja":"国土数値情報（公共施設データ）平成19年 国土交通省","operator":"日本郵便","operator:en":"Japan Post","operator:ja":"日本郵便","operator:short":"郵便局","operator:short:en":"JP","operator:short:ja":"郵便局","operator:wikidata":"Q11509260","source":"KSJ2","source_ref":"http://nlftp.mlit.go.jp/ksj/jpgis/datalist/KsjTmplt-P02-v2_0.html","wheelchair":"no"},"geometry":{"type":"Point","coordinates":[139.764183,35.68632]}},{"type":"Feature","id":2011628569,"properties":{"addr:block_number":"2","addr:city":"中央区","addr:housenumber":"16","addr:neighbourhood":"八重洲一丁目","addr:postcode":"103-0028","addr:province":"東京都","amenity":"bank","atm":"yes","branch":"東京中央支店","brand":"みずほ銀行","brand:en":"Mizuho Bank","brand:ja":"みずほ銀行","brand:wikidata":"Q2882956","brand:wikipedia":"en:Mizuho Bank","name":"みずほ銀行","name:en":"Mizuho Bank","name:ja":"みずほ銀行","name:ja_rm":"Mizuho Ginkou","opening_hours":"Mo-Fr 09:00-15:00","operator":"みずほ銀行","phone":"+81-3-32015111","ref":"110","source":"Bing 2010;(URL)","website":"https://www.mizuhobank.co.jp/","wheelchair":"yes"},"geometry":{"type":"Point","coordinates":[139.7652752,35.6851519]}},{"type":"Feature","id":2023811559,"properties":{"addr:block_number":"6","addr:city":"千代田区","addr:housenumber":"1","addr:neighbourhood":"丸の内一丁目","addr:postcode":"100-0005","addr:province":"東京都","amenity":"bank","atm":"yes","branch":"丸之内支店","brand":"みずほ銀行","brand:en":"Mizuho Bank","brand:ja":"みずほ銀行","brand:wikidata":"Q2882956","brand:wikipedia":"en:Mizuho Bank","check_date:opening_hours":"2025-01-18","name":"みずほ銀行","name:en":"Mizuho Bank","name:ja":"みずほ銀行","name:ja_rm":"Mizuho Ginkou","opening_hours":"Mo-Fr 09:00-15:00","operator":"みずほ銀行","phone":"+81-3-32161111","ref":"005","source":"(URL)","website":"https://www.mizuhobank.co.jp/","wheelchair":"yes"},"geometry":{"type":"Point","coordinates":[139.7659558,35.684381]}},{"type":"Feature","id":2065895673,"properties":{"addr:block_number":"4","addr:city":"千代田区","addr:country":"JP","addr:housenumber":"1","addr:neighbourhood":"丸の内二丁目","addr:postcode":"100-0005","addr:province":"東京都","amenity":"pharmacy","branch":"丸の内店","brand":"トモズ","brand:en":"Tomod's","brand:ja":"トモズ","brand:wikidata":"Q7820097","brand:wikipedia":"ja:トモズ","fax":"+81-3-52207717","healthcare":"pharmacy","level":"-1","name":"トモズ","name:en":"Tomod's","name:ja":"トモズ","name:ja_rm":"Amerikan Famashi","opening_hours":"Mo-Sa 10:30-21:00; Su,PH 10:00-20:00","operator":"住商ドラッグストアーズ","phone":"+81-3-52207716","shop":"chemist","source":"(URL) 2012","website":"https://www.tomods.jp/"},"geometry":{"type":"Point","coordinates":[139.7636463,35.6813069]}},{"type":"Feature","id":2065895720,"properties":{"addr:block_number":"5","addr:city":"千代田区","addr:housenumber":"1","addr:neighbourhood":"丸の内一丁目","addr:postcode":"100-0005","addr:province":"東京都","atm":"yes","branch":"新丸ビル","brand":"7-ELEVEN","brand:en":"7-ELEVEN","brand:ja":"セブン-イレブン","brand:wikidata":"Q259340","brand:wikipedia":"en:7-Eleven","internet_access":"no","level":"-1","name":"セブン-イレブン","name:en":"7-Eleven","name:ja":"セブン-イレブン","name:ja_rm":"Sebun Irebun","name:ko":"세븐일레븐","official_name:en":"Seven-Eleven","operator":"セブンイレブン・ジャパン","phone":"+81-3-32877776","shop":"convenience","source":"(URL) 2012","website":"https://www.sej.co.jp/","wheelchair":"yes"},"geometry":{"type":"Point","coordinates":[139.7639798,35.682386]}},{"type":"Feature","id":2065895733,"properties":{"addr:block_number":"6","addr:city":"千代田区","addr:housenumber":"1","addr:neighbourhood":"丸の内一丁目","addr:postcode":"100-0005","addr:province":"東京都","atm":"yes","branch":"丸の内センタービル","brand":"7-ELEVEN","brand:en":"7-ELEVEN","brand:ja":"セブン-イレブン","brand:wikidata":"Q259340","brand:wikipedia":"en:7-Eleven","internet_access":"wlan","name":"セブン-イレブン","name:en":"7-Eleven","name:ja":"セブン-イレブン","name:ja_rm":"Sebun Irebun","name:ko":"세븐일레븐","official_name:en":"Seven-Eleven","opening_hours":"24/7","operator":"セブンイレブン・ジャパン","phone":"+81-3-32135407","shop":"convenience","source":"(URL) 2012","website":"https://www.sej.co.jp/","wheelchair":"yes"},"geometry":{"type":"Point","coordinates":[139.7658222,35.6839402]}},{"type":"Feature","id":2136839077,"properties":{"amenity":"post_box","drive_through":"no","operator":"日本郵便","operator:en":"Japan Post","operator:ja":"日本郵便","operator:short":"郵便局","operator:short:en":"JP","operator:short:ja":"郵便局","operator:wikidata":"Q11509260"},"geometry":{"type":"Point","coordinates":[139.7663,35.68256]}},{"type":"Feature","id":2243392251,"properties":{"amenity":"post_box","source":"survey","wheelchair":"yes"},"geometry":{"type":"Point","coordinates":[139.7654753,35.6837927]}},{"type":"Feature","id":2243393783,"properties":{"amenity":"telephone","source":"survey"},"geometry":{"type":"Point","coordinates":[139.7654565,35.683735]}},{"type":"Feature","id":3164337661,"properties":{"information":"office","name":"JR東日本トラベルサービスセンター","name:en":"JR EAST Travel Service Center","opening_hours":"Mo-Su 07:30-20:30","tourism":"information","wheelchair":"yes"},"geometry":{"type":"Point","coordinates":[139.766265,35.682432]}},{"type":"Feature","id":3164341261,"properties":{"amenity":"atm","opening_hours":"07:30-23:30","operator":"7-bank","wheelchair":"yes"},"geometry":{"type":"Point","coordinates":[139.766048,35.682408]}},{"type":"Feature","id":3606456593,"properties":{"addr:block_number":"5","addr:city":"千代田区","addr:floor":"B1F","addr:housename":"新丸の内ビルディング","addr:housenumber":"1","addr:neighbourhood":"丸の内一丁目","addr:province":"東京都","amenity":"restaurant","branch":"新丸の内ビル店","cuisine":"chinese","fax":"03-3211-1606","level":"-1","name":"水蓮月","name:en":"Lotus Moon","opening_hours":"Mo-Su 11:00-23:00","phone":"+81 3-3211-1660","wheelchair":"yes"},"geometry":{"type":"Point","coordinates":[139.7644454,35.6824802]}},{"type":"Feature","id":3608271505,"properties":{"addr:block_number":"5","addr:city":"千代田区","addr:housename":"新丸の内ビル","addr:housenumber":"1","addr:neighbourhood":"丸の内一丁目","addr:postcode":"100-0005","addr:province":"東京都","amenity":"cafe","branch":"新丸ビル店","brand":"スターバックス","brand:en":"Starbucks","brand:ja":"スターバックス","brand:wikidata":"Q37158","brand:wikipedia":"en:Starbucks","cuisine":"coffee_shop","drive_through":"no","internet_access":"wlan","name":"スターバックス","name:en":"Starbucks","name:ja":"スターバックス","name:ja_rm":"Sutābakkusu","name:zh":"星巴克","official_name":"スターバックスコーヒー","official_name:en":"Starbucks Coffee","official_name:ja":"スターバックスコーヒー","opening_hours":"Mo-Su 07:00-22:00","operator":"スターバックスコーヒージャパン","phone":"+81 3-5224-8688","source":"(URL) 2015","takeaway":"yes","website":"https://www.starbucks.co.jp/","wheelchair":"yes"},"geometry":{"type":"Point","coordinates":[139.7642107,35.6829448]}},{"type":"Feature","id":3608450662,"properties":{"addr:block_number":"4","addr:city":"千代田区","addr:country":"JP","addr:housename":"丸の内ビルディング","addr:housenumber":"1","addr:neighbourhood":"丸の内二丁目","addr:postcode":"100-0005","addr:province":"東京都","amenity":"cafe","branch":"丸の内ビル店","brand":"スターバックス","brand:en":"Starbucks","brand:ja":"スターバックス","brand:wikidata":"Q37158","brand:wikipedia":"ja:スターバックス","cuisine":"coffee_shop","description":"丸の内ビルディング内","drive_through":"no","internet_access":"wlan","level":"-1","name":"スターバックス","name:en":"Starbucks","name:ja":"スターバックス","name:ja_rm":"Sutābakkusu","official_name":"スターバックスコーヒー","official_name:en":"Starbucks Coffee","official_name:ja":"スターバックスコーヒー","opening_hours":"Mo-Su 07:00-22:00","operator":"スターバックスコーヒージャパン","phone":"+81-3-5220-7748","source":"(URL) 2015","takeaway":"yes","website":"https://store.starbucks.co.jp/detail-371/","wheelchair":"yes"},"geometry":{"type":"Point","coordinates":[139.7635159,35.6811556]}},{"type":"Feature","id":3626108624,"properties":{"addr:block_number":"4","addr:city":"千代田区","addr:floor":"B1F","addr:housename":"丸の内永楽ビルディング","addr:housenumber":"1","addr:neighbourhood":"丸の内一丁目","addr:province":"東京都","amenity":"cafe","branch":"丸の内永楽ビルディング店","brand":"タリーズコーヒー","brand:en":"Tully's Coffee","brand:ja":"タリーズコーヒー","brand:wikidata":"Q3541983","brand:wikipedia":"en:Tully's Coffee","cuisine":"coffee_shop","internet_access":"no","level":"-1","name":"タリーズコーヒー","name:en":"Tully's Coffee","name:ja":"タリーズコーヒー","name:ja_rm":"Tarīzu Kohī","opening_hours":"Mo-Fr 07:30-20:00; Sa 08:00-20:00; Su,PH off","operator":"タリーズコーヒージャパン","phone":"+81 3-5220-5525","smoking":"yes","source":"(URL) 2015","takeaway":"yes","website":"https://www.tullys.co.jp/","wheelchair":"yes","wikidata":"Q11316408","wikipedia":"ja:タリーズコーヒージャパン"},"geometry":{"type":"Point","coordinates":[139.7646793,35.6845613]}},{"type":"Feature","id":3632328673,"properties":{"addr:block_number":"5","addr:city":"千代田区","addr:floor":"B1F","addr:housename":"大手町ファーストスクエアビル","addr:housenumber":"1","addr:neighbourhood":"大手町一丁目","addr:province":"東京都","amenity":"cafe","branch":"大手町ファーストスクエア店","brand":"ドトール","brand:en":"DOUTOR","brand:ja":"ドトール","brand:wikidata":"Q11322732","brand:wikipedia":"ja:ドトールコーヒーショップ","cuisine":"coffee_shop","level":"-1","name":"ドトールコーヒーショップ","name:en":"Doutor Coffee Shop","name:ja":"ドトールコーヒーショップ","name:ja_rm":"Dotōru Kōhī Shoppu","opening_hours":"Mo-Fr 06:45-20:30; Sa,Su,PH off","operator":"ドトールコーヒー","operator:wikidata":"Q11322732","operator:wikipedia":"ja:ドトールコーヒーショップ","phone":"+81 3-3217-0830","short_name":"DCS","smoking":"no","source":"(URL) 2015","takeaway":"yes","website":"https://www.doutor.co.jp/dcs/","wheelchair":"limited","wifi":"no"},"geometry":{"type":"Point","coordinates":[139.7638018,35.6854635]}},{"type":"Feature","id":3753777122,"properties":{"addr:block_number":"4","addr:city":"千代田区","addr:housenumber":"1","addr:neighbourhood":"丸の内一丁目","addr:postcode":"100-0005","addr:province":"東京都","atm":"yes","branch":"丸の内永楽ビル","brand":"7-ELEVEN","brand:en":"7-ELEVEN","brand:ja":"セブン-イレブン","brand:wikidata":"Q259340","brand:wikipedia":"en:7-Eleven","internet_access":"wlan","name":"セブン-イレブン","name:en":"7-Eleven","name:ja":"セブン-イレブン","name:ja_rm":"Sebun Irebun","name:ko":"세븐일레븐","official_name:en":"Seven-Eleven","operator":"セブンイレブン・ジャパン","phone":"+81 3-3201-3272","shop":"convenience","source":"(URL) 2015","website":"https://www.sej.co.jp/","wheelchair":"yes"},"geometry":{"type":"Point","coordinates":[139.7645755,35.6842055]}},{"type":"Feature","id":4104584585,"properties":{"board_type":"public_transport","bus":"yes","information":"board","mapillary":"298236241889177","name":"都営バス　みんくる案内板","name:en":"Bus Information","tourism":"information","wheelchair":"yes"},"geometry":{"type":"Point","coordinates":[139.7662308,35.6828768]}},{"type":"Feature","id":4184769090,"properties":{"name":"FinoLab Tokyo","office":"government","wheelchair":"yes"},"geometry":{"type":"Point","coordinates":[139.7633044,35.6840889]}},{"type":"Feature","id":4536759392,"properties":{"amenity":"restaurant","name":"harbs","name:it":"Harbs","name:ja":"harbs","wheelchair":"yes"},"geometry":{"type":"Point","coordinates":[139.7635424,35.6813047]}},{"type":"Feature","id":4591631889,"properties":{"amenity":"bank","branch":"Main","brand":"みずほ銀行","brand:en":"Mizuho Bank","brand:ja":"みずほ銀行","brand:wikidata":"Q2882956","brand:wikipedia":"en:Mizuho Bank","drive_through":"no","name":"みずほ銀行","name:en":"Mizuho Bank","name:ja":"みずほ銀行"},"geometry":{"type":"Point","coordinates":[139.7643138,35.6856664]}},{"type":"Feature","id":4721324291,"properties":{"amenity":"cafe","name":"Pit ねのひ","name:en":"Pit Nenohi","name:es":"Pit Nenohi","name:ja":"Pit ねのひ","phone":"03-6212-8088","wheelchair":"yes"},"geometry":{"type":"Point","coordinates":[139.7662946,35.6834274]}},{"type":"Feature","id":5527088160,"properties":{"information":"map","name":"千代田区エリアマップ","tourism":"information","wheelchair":"yes"},"geometry":{"type":"Point","coordinates":[139.7631015,35.6856363]}},{"type":"Feature","id":5880807285,"properties":{"amenity":"restaurant","name:en":"Brooklyn Brewery","wheelchair":"yes"},"geometry":{"type":"Point","coordinates":[139.7645293,35.6821475]}},{"type":"Feature","id":6191069634,"properties":{"amenity":"toilets","fee":"yes","level":"-2","wheelchair":"yes"},"geometry":{"type":"Point","coordinates":[139.7625484,35.6836413]}},{"type":"Feature","id":6191090260,"properties":{"amenity":"vending_machine","fee":"yes","level":"-2","vending":"public_transport_tickets","wheelchair":"yes"},"geometry":{"type":"Point","coordinates":[139.7652066,35.6848859]}},{"type":"Feature","id":6193806093,"properties":{"level":"-1","name":"Echika fit tokyo","shop":"clothes","wheelchair":"yes"},"geometry":{"type":"Point","coordinates":[139.764709,35.6816998]}},{"type":"Feature","id":6267003070,"properties":{"board_type":"history","check_date":"2023-09-23","information":"board","name":"丸の内","tourism":"information","wheelchair":"limited"},"geometry":{"type":"Point","coordinates":[139.7633196,35.6822709]}},{"type":"Feature","id":6267003071,"properties":{"check_date":"2023-09-23","information":"map","name":"歴史と文化の散歩道　丸の内今昔散歩","tourism":"information"},"geometry":{"type":"Point","coordinates":[139.7633839,35.6822518]}},{"type":"Feature","id":6267003072,"properties":{"information":"guidepost","name":"丸の内今昔散歩","tourism":"information","wheelchair":"yes"},"geometry":{"type":"Point","coordinates":[139.7646774,35.6821459]}},{"type":"Feature","id":6267003075,"properties":{"information":"guidepost","name":"丸の内今昔散歩","tourism":"information","wheelchair":"yes"},"geometry":{"type":"Point","coordinates":[139.7654824,35.6845301]}},{"type":"Feature","id":6284684562,"properties":{"amenity":"ticket_validator","barrier":"gate"},"geometry":{"type":"Point","coordinates":[139.7626837,35.68368]}},{"type":"Feature","id":6284724118,"properties":{"access":"customers","amenity":"toilets","changing_table":"yes","fee":"no","level":"-1","operator":"Tokyo Metro","toilets:disposal":"flush","unisex":"yes","wheelchair":"yes"},"geometry":{"type":"Point","coordinates":[139.7633789,35.6857488]}},{"type":"Feature","id":6339680477,"properties":{"name":"JR East Travel Service Center","opening_hours":"Mo-Fr 08:30-19:00, Sa-Su, PH 08:30-17:00","shop":"ticket","wheelchair":"yes"},"geometry":{"type":"Point","coordinates":[139.7662247,35.6823399]}},{"type":"Feature","id":6483314688,"properties":{"check_date":"2025-08-01","description":"千代田区 総合防災案内板","information":"map","map_size":"city","map_type":"street","name":"総合防災案内板","name:en":"Disaster prevention information","ref":"025","tourism":"information"},"geometry":{"type":"Point","coordinates":[139.7659609,35.6845857]}},{"type":"Feature","id":6568793085,"properties":{"addr:housenumber":"千代田区丸の内1ー4ー6","name":"日本工業倶楽部","office":"company","wheelchair":"yes"},"geometry":{"type":"Point","coordinates":[139.764756,35.6833428]}},{"type":"Feature","id":6810427257,"properties":{"brand":"みどりの窓口","brand:en":"Midori-no-madoguchi","brand:ja":"みどりの窓口","brand:wikidata":"Q11279064","brand:wikipedia":"ja:みどりの窓口","level":"-1","name":"みどりの窓口","name:en":"JR Ticket Office","name:ja":"みどりの窓口","note":"改札外","opening_hours":"05:30-23:00","shop":"ticket","wheelchair":"yes"},"geometry":{"type":"Point","coordinates":[139.7660363,35.6823499]}},{"type":"Feature","id":7093756541,"properties":{"amenity":"toilets","fee":"no","indoor":"yes","level":"-1","note":"改札外","wheelchair":"yes"},"geometry":{"type":"Point","coordinates":[139.7662055,35.6823758]}},{"type":"Feature","id":7606765437,"properties":{"amenity":"bureau_de_change","brand":"PocketChange","brand:en":"PocketChange","brand:ja":"ポケットチェンジ","brand:wikidata":"Q96182316","currency:EUR":"yes","currency:JPY":"yes","currency:USD":"yes","description":"Tokyo station","name":"PocketChange","name:en":"PocketChange","name:ja":"ポケットチェンジ","operator":"PocketChange","payment:coins":"yes","payment:credit_cards":"yes"},"geometry":{"type":"Point","coordinates":[139.7661955,35.6824556]}},{"type":"Feature","id":9055930071,"properties":{"alt_name":"エヌ・ティ・ティ","brand":"NTT","brand:wikidata":"Q1054787","brand:wikipedia":"en:Nippon Telegraph and Telephone","name":"NTT","office":"telecommunication","official_name":"日本電信電話","official_name:en":"Nippon Telegraph and Telephone","official_name:ja":"日本電信電話","official_name:ja-Latn":"Nippon Denshin Denwa","wheelchair":"yes"},"geometry":{"type":"Point","coordinates":[139.7637584,35.6856511]}},{"type":"Feature","id":9081235702,"properties":{"board_type":"history","information":"board","name":"評定所及び伝奏屋敷跡","name:en":"Hyoujyou-syo (rating place) or Densou-yashiki (Imperial estate) Site","tourism":"information"},"geometry":{"type":"Point","coordinates":[139.7651777,35.6837905]}},{"type":"Feature","id":9628475244,"properties":{"addr:block_number":"3","addr:city":"千代田区","addr:country":"JP","addr:floor":"1","addr:housename":"郵船ビル511","addr:housenumber":"2","addr:neighbourhood":"丸の内二丁目","addr:postcode":"100-0005","addr:province":"東京都","amenity":"bank","branch":"東京支店","branch:ja":"東京支店","branch:zh":"东京分行","brand":"中国農業銀行","brand:en":"Agricultural Bank of China","brand:ja":"中国農業銀行","brand:wikidata":"Q26298","brand:wikipedia":"zh:中国农业银行","brand:zh":"中国农业银行","full_name":"中国農業銀行東京支店","name":"中国農業銀行","name:en":"Agricultural Bank of China","name:ja":"中国農業銀行","name:zh":"中国农业银行","opening_hours":"Mo-Fr 09:00-15:00; PH off","phone":"+81 3-6250-6911","website":"http://www.jp.abchina.com/jp","wheelchair":"no"},"geometry":{"type":"Point","coordinates":[139.763004,35.6816315]}},{"type":"Feature","id":10915922235,"properties":{"level":"-1;0;1","name":"iiyo!!","shop":"mall","wheelchair":"yes"},"geometry":{"type":"Point","coordinates":[139.7650301,35.6842894]}},{"type":"Feature","id":11135675219,"properties":{"amenity":"taxi","capacity":"54","name":"東京駅丸の内北口タクシー乗り場","name:en":"Tokyo Station Marunouchi North Exit Taxi Stand"},"geometry":{"type":"Point","coordinates":[139.7657982,35.6819547]}},{"type":"Feature","id":11392858437,"properties":{"clothes":"fashion","name":"Issey Miyake Maranouchi","shop":"clothes","wheelchair":"yes"},"geometry":{"type":"Point","coordinates":[139.7631005,35.6815931]}},{"type":"Feature","id":11436157004,"properties":{"amenity":"bicycle_rental","authentication:app":"yes","brand":"Docomo Bike Share","brand:ja":"ドコモ・バイクシェア","brand:website":"https://docomo-cycle.jp/","brand:wikidata":"Q55533296","capacity":"56","fee":"yes","gbfs:name":"A4-05.大手町タワー","gbfs:station_id":"10041","gbfs:system_id":"docomo-cycle","name":"大手町タワー","name:ja":"大手町タワー","ref":"A4-05"},"geometry":{"type":"Point","coordinates":[139.764886,35.685938]}},{"type":"Feature","id":11436157562,"properties":{"amenity":"bicycle_rental","authentication:app":"yes","brand":"Docomo Bike Share","brand:ja":"ドコモ・バイクシェア","brand:website":"https://docomo-cycle.jp/","brand:wikidata":"Q55533296","capacity":"9","fee":"yes","gbfs:name":"A4-06.大手町ファーストスクエア","gbfs:station_id":"10148","gbfs:system_id":"docomo-cycle","name":"大手町ファーストスクエア","name:ja":"大手町ファーストスクエア","ref":"A4-06","wheelchair":"yes"},"geometry":{"type":"Point","coordinates":[139.764472,35.686037]}},{"type":"Feature","id":11703444765,"properties":{"amenity":"restaurant","cuisine":"japanese","name":"人形町 麺や わたる","phone":"+81-3-6551-2466","wheelchair":"yes"},"geometry":{"type":"Point","coordinates":[139.7623296,35.6867747]}},{"type":"Feature","id":11703448961,"properties":{"check_date":"2026-07-18","name":"セールスフォース・ジャパン","office":"company","toilets:wheelchair":"yes","wheelchair":"yes"},"geometry":{"type":"Point","coordinates":[139.7622636,35.6844688]}},{"type":"Feature","id":11703474263,"properties":{"addr:city":"千代田区","addr:postcode":"100-0004","addr:province":"東京都","amenity":"restaurant","cuisine":"tex-mex","name":"フリホーレス大手町ファーストスクエア店","opening_hours":"Mo-Fr 10:00-21:00","wheelchair":"yes"},"geometry":{"type":"Point","coordinates":[139.7644102,35.6859472]}},{"type":"Feature","id":11703499772,"properties":{"addr:city":"千代田区","addr:postcode":"100-0005","addr:province":"東京都","amenity":"cafe","cuisine":"coffee_shop","name":"Dean&Deluca カフェ丸の内","opening_hours":"Mo-Fr 07:00-21:00"},"geometry":{"type":"Point","coordinates":[139.7643259,35.6837152]}},{"type":"Feature","id":12151295691,"properties":{"contact:website":"https://www.marunouchi-house.com/","fee":"no","level":"6","level:ref":"7F","name":"丸の内ハウス","name:en":"Marunouchi House","name:fr":"Marunouchi House","name:ja-Hira":"まるのうちハウス","name:ja-Latn":"Maru-no-uchi hausu","opening_hours":"Mo-Su 11:00-23:00","tourism":"viewpoint","wheelchair":"yes"},"geometry":{"type":"Point","coordinates":[139.7646788,35.6824495]}},{"type":"Feature","id":12399720331,"properties":{"amenity":"parking_entrance"},"geometry":{"type":"Point","coordinates":[139.7644655,35.6834317]}},{"type":"Feature","id":12399720352,"properties":{"amenity":"parking_entrance"},"geometry":{"type":"Point","coordinates":[139.7643681,35.6829362]}},{"type":"Feature","id":12486347577,"properties":{"addr:block_number":"4","addr:city":"千代田区","addr:housenumber":"1","addr:neighbourhood":"丸の内一丁目","addr:postcode":"100-0005","addr:province":"東京都","addr:quarter":"丸の内","addr:unit":"xLink","branch":"Tokyo","brand":"TomTom","brand:wikidata":"Q682144","level":"26","name":"TomTom Sales B.V","office":"company","website":"https://www.tomtom.com/"},"geometry":{"type":"Point","coordinates":[139.764779,35.6844885]}},{"type":"Feature","id":12513871378,"properties":{"addr:block_number":"6","addr:city":"千代田区","addr:housenumber":"4","addr:neighbourhood":"一丁目","addr:province":"東京都","addr:quarter":"丸の内","air_conditioning":"yes","branch":"丸の内オアゾ店","brand":"FamilyMart","brand:en":"FamilyMart","brand:ja":"ファミリーマート","brand:wikidata":"Q11247682","check_date":"2025-05-05","currency:JPY":"yes","level":"-1","name":"ファミリーマート","name:en":"FamilyMart","name:ja":"ファミリーマート","phone":"+81 3 5218 2205","self_checkout":"yes","shop":"convenience"},"geometry":{"type":"Point","coordinates":[139.7658744,35.682895]}},{"type":"Feature","id":12583613085,"properties":{"amenity":"toilets"},"geometry":{"type":"Point","coordinates":[139.7651416,35.6829637]}},{"type":"Feature","id":12593014303,"properties":{"historic":"memorial","name":"動輪の広場(C62形蒸気機関車)","name:en":"Dōrin Square B1 (C62 Steam Locomotive)","name:id":"Dorin Square B1 (C62 Steam Locomotive)","place":"square","ref":"C62 15","tourism":"attraction"},"geometry":{"type":"Point","coordinates":[139.7649563,35.6811103]}},{"type":"Feature","id":12598163275,"properties":{"amenity":"toilets","fee":"no","indoor":"yes","level":"-1","note":"改札内","wheelchair":"yes"},"geometry":{"type":"Point","coordinates":[139.7661871,35.6823068]}},{"type":"Feature","id":12606700701,"properties":{"addr:floor":"6F","addr:housename":"Marunouchi Building","amenity":"restaurant","cuisine":"ramen","level":"5","name":"Hakata Ramen Akanoren","wheelchair":"yes"},"geometry":{"type":"Point","coordinates":[139.7642318,35.6811392]}},{"type":"Feature","id":12606700702,"properties":{"name":"Cat face facade","tourism":"attraction"},"geometry":{"type":"Point","coordinates":[139.765645,35.6828884]}},{"type":"Feature","id":12691304468,"properties":{"amenity":"restaurant","cuisine":"mexican","name":"Molé TAQUERIA Y BAR"},"geometry":{"type":"Point","coordinates":[139.7644845,35.6825781]}},{"type":"Feature","id":12752372965,"properties":{"name":"イビデン(株)","office":"company","official_name":"イビデン株式会社"},"geometry":{"type":"Point","coordinates":[139.7638473,35.6811638]}},{"type":"Feature","id":12752372966,"properties":{"level":"26","name":"パーソルキャリア(株)","office":"company","official_name":"パーソルキャリア株式会社"},"geometry":{"type":"Point","coordinates":[139.7638607,35.6810922]}},{"type":"Feature","id":12752372967,"properties":{"alt_name":"日本碍子","branch":"東京本部","level":"24","name":"日本ガイシ(株)","name:en":"NGK INSULATORS, LTD.","office":"company","official_name":"日本ガイシ株式会社","website":"https://www.ngk.co.jp","wikipedia":"ja:日本碍子"},"geometry":{"type":"Point","coordinates":[139.7637151,35.6811358]}},{"type":"Feature","id":12752372968,"properties":{"alt_name":"名商大ビジネススクール","amenity":"university","image":"https://upload.wikimedia.org/wikipedia/commons/thumb/2/2f/NUCB_Business_School.svg/1024px-NUCB_Business_School.svg.png","level":"6;8;9","name":"名古屋商科大学大学院","official_name":"Graduate School of Management, Nagoya University of Commerce & Business","short_name:en":"NUCB Business School","website":"https://mba.nucba.ac.jp/","wheelchair":"yes","wikipedia":"ja:名古屋商科大学大学院"},"geometry":{"type":"Point","coordinates":[139.7637745,35.6812261]}},{"type":"Feature","id":12756729026,"properties":{"alt_name":"ニューデイズ","brand":"NewDays","brand:wikidata":"Q11234763","name":"NewDays","shop":"convenience"},"geometry":{"type":"Point","coordinates":[139.7657289,35.6819597]}},{"type":"Feature","id":12762057051,"properties":{"amenity":"vending_machine","vending":"public_transport_tickets;特急券;乗車券;ICカードチャージ"},"geometry":{"type":"Point","coordinates":[139.765038,35.6811982]}},{"type":"Feature","id":12979199138,"properties":{"alt_name":"ニューデイズ","brand":"NewDays","brand:wikidata":"Q11234763","name":"NewDays","shop":"convenience"},"geometry":{"type":"Point","coordinates":[139.7654337,35.6815586]}},{"type":"Feature","id":12979199144,"properties":{"amenity":"vending_machine","vending":"public_transport_tickets"},"geometry":{"type":"Point","coordinates":[139.7655624,35.681854]}},{"type":"Feature","id":12995244479,"properties":{"name":"GINZA corridor cannele","shop":"confectionery"},"geometry":{"type":"Point","coordinates":[139.7652032,35.6854462]}},{"type":"Feature","id":12995244480,"properties":{"amenity":"bar","name":"GOOD MEAT STOCK","wheelchair":"yes"},"geometry":{"type":"Point","coordinates":[139.7655284,35.6853246]}},{"type":"Feature","id":12995244482,"properties":{"name":"OWNDAYS OOTEMORI店","shop":"optician"},"geometry":{"type":"Point","coordinates":[139.7655305,35.6850826]}},{"type":"Feature","id":12995244483,"properties":{"amenity":"restaurant","name":"THE UPPER"},"geometry":{"type":"Point","coordinates":[139.7641518,35.6846586]}},{"type":"Feature","id":12995244486,"properties":{"name":"POINT ET LIGNE","shop":"bakery"},"geometry":{"type":"Point","coordinates":[139.7639885,35.6822999]}},{"type":"Feature","id":12995244487,"properties":{"amenity":"restaurant","cuisine":"italian","name":"RIGOLETTO WINE AND BAR Marunouchi"},"geometry":{"type":"Point","coordinates":[139.7642504,35.6823174]}},{"type":"Feature","id":12995244488,"properties":{"amenity":"restaurant","cuisine":"italian","name":"AWkitchen TOKYO 新丸ビル店"},"geometry":{"type":"Point","coordinates":[139.7645864,35.6824597]}},{"type":"Feature","id":12995244489,"properties":{"name":"L'ABEILLE 新丸の内ビルディング","shop":"honey"},"geometry":{"type":"Point","coordinates":[139.7641847,35.682705]}},{"type":"Feature","id":12995244495,"properties":{"amenity":"restaurant","name":"STATION RESTAURANT THE CENTRAL グランスタ東京","note":"地下1階"},"geometry":{"type":"Point","coordinates":[139.7632079,35.6822843]}},{"type":"Feature","id":12995244497,"properties":{"name":"EHONS TOKYO","shop":"books"},"geometry":{"type":"Point","coordinates":[139.7664032,35.6834532]}},{"type":"Feature","id":13027480843,"properties":{"addr:block_number":"9","addr:city":"千代田区","addr:housenumber":"1","addr:neighbourhood":"1","addr:postcode":"100-0005","addr:province":"東京都","addr:quarter":"丸の内","branch":"丸の内店","brand":"Eataly","brand:wikidata":"Q3046645","name":"Eataly","name:ja":"イータリー","note":"グランスタ丸の内B1(丸の内地下北口改札外)。マーケット、カフェ、バー、レストランがある。\nGRANSTA MARUNOUCHI B1 (outside Marunouchi Subway North Exit). Has a market, cafe, bar and restaurant.","phone":"+81-3-3217-7070","shop":"supermarket","website":"https://eataly.co.jp/pages/store-eataly-marunouchi"},"geometry":{"type":"Point","coordinates":[139.7661016,35.6822858]}},{"type":"Feature","id":13052053258,"properties":{"addr:block_number":"５−１","addr:city":"千代田区","addr:housenumber":"新丸の内ビルディング５階","addr:neighbourhood":"一丁目","addr:postcode":"100-6505","addr:province":"東京都","addr:quarter":"丸の内","amenity":"restaurant","cuisine":"soba","name":"Ishizuki Handmade Soba – Shin-Marunouchi Building","phone":"03-5879-4680","website":"https://tabelog.com/tokyo/A1302/A130201/13038479/"},"geometry":{"type":"Point","coordinates":[139.7639027,35.6823415]}},{"type":"Feature","id":13451760349,"properties":{"amenity":"toilets"},"geometry":{"type":"Point","coordinates":[139.7635606,35.6813462]}},{"type":"Feature","id":13580031036,"properties":{"amenity":"restaurant","name":"アンティカ・オステリア・デル・ポンテ","name:en":"ANTICA OSTERIA DEL PONTE","website":"https://antica-osteria-del-ponte.com"},"geometry":{"type":"Point","coordinates":[139.7641311,35.6810943]}},{"type":"Feature","id":13585773984,"properties":{"name":"アマン東京","name:en":"Aman Tokyo","stars":"5","tourism":"hotel","website":"https://www.aman.com/book/aman-tokyo","wheelchair":"yes","wikidata":"Q30525632"},"geometry":{"type":"Point","coordinates":[139.7653865,35.6855948]}},{"type":"Feature","id":13606784831,"properties":{"amenity":"atm","brand":"三菱UFJ銀行","brand:en":"MUFG Bank","brand:ja":"三菱UFJ銀行","brand:wikidata":"Q988284","check_date":"2026-02-28","operator":"三菱UFJ銀行","operator:wikidata":"Q988284"},"geometry":{"type":"Point","coordinates":[139.7652617,35.684493]}},{"type":"Feature","id":13606792473,"properties":{"check_date":"2026-02-28","fee":"no","museum":"history","name":"三菱UFJ信託銀行 信託博物館","name:en":"Mitsubishi UFJ Trust and Banking Museum","tourism":"museum","website":"https://www.mitsubishi.com/ja/minikite/vol03.html"},"geometry":{"type":"Point","coordinates":[139.7649308,35.6832961]}},{"type":"Feature","id":13606799165,"properties":{"artist_name":"流 政之","artwork_type":"bust","name":"さわり大黒","tourism":"artwork"},"geometry":{"type":"Point","coordinates":[139.7653414,35.6846167]}},{"type":"Feature","id":13622007601,"properties":{"amenity":"cafe","name":"丸の内オアゾ店","name:en":"dari K"},"geometry":{"type":"Point","coordinates":[139.766201,35.6834294]}},{"type":"Feature","id":13793424204,"properties":{"amenity":"cafe","branch":"都営大手町店","brand":"ドトール","brand:en":"DOUTOR","brand:ja":"ドトール","brand:wikidata":"Q11322732","check_date":"2026-04-28","cuisine":"coffee_shop","name":"ドトールコーヒーショップ","name:en":"Doutor Coffee Shop","name:ja":"ドトールコーヒーショップ","short_name":"DCS","takeaway":"yes","wheelchair":"yes"},"geometry":{"type":"Point","coordinates":[139.7632163,35.6848796]}},{"type":"Feature","id":13911908512,"properties":{"brand":"Mister Minit","brand:wikidata":"Q1939269","name":"Mister Minit","shop":"locksmith"},"geometry":{"type":"Point","coordinates":[139.765601,35.6818321]}},{"type":"Feature","id":665316183,"properties":{"colour":"#009BBF","electrified":"contact_line","frequency":"0","gauge":"1067","layer":"-3","maxspeed":"80","name":"東京メトロ東西線","name:en":"Tokyo Metro Tōzai Line","name:es":"Línea Tozai de Tokyo Metro","name:fr":"Ligne Tokyo Metro Tōzai","name:ja-Latn":"Tokyo Metro Tōzai sen","name:ko":"도쿄메트로 도자이선","name:ru":"Линия метро Тодзай","name:zh":"东京地铁东西线","oneway":"yes","operator":"東京地下鉄","operator:en":"Tokyo Metro","operator:ja-Latn":"Tōkyō Metoro","operator:wikidata":"Q682894","railway":"subway","railway:atc":"yes","railway:ato":"sto","source":"KSJ2","tunnel":"yes","usage":"main","voltage":"1500"},"geometry":{"type":"LineString","coordinates":[[139.8348421,35.6673961],[139.8332549,35.6678774],[139.831839,35.6683089],[139.8308397,35.6686054],[139.8305764,35.6686901],[139.8303184,35.6687814],[139.8301027,35.6688696],[139.8298925,35.6689687],[139.8294747,35.6691801],[139.8289516,35.6694935],[139.8284304,35.6697913],[139.8282851,35.6698592],[139.8281399,35.6699206],[139.82801,35.6699637],[139.8278802,35.6699981],[139.8277253,35.6700356],[139.8275651,35.67006],[139.8274069,35.6700757],[139.8272487,35.6700805],[139.8270742,35.6700806],[139.8268972,35.6700676],[139.826547,35.6700361],[139.8253743,35.6699301],[139.824665,35.6698952],[139.823214,35.6698238],[139.82275,35.6698009],[139.819465,35.6696428],[139.8192302,35.6696432],[139.8188076,35.6696513],[139.8178185,35.6696019],[139.817478,35.6695801],[139.8162094,35.6694473],[139.8152596,35.6694064],[139.8104977,35.6692246],[139.8100262,35.6692142],[139.8095441,35.6692181],[139.8065416,35.6693203],[139.8050868,35.6693659],[139.8042715,35.6693965],[139.803249,35.6694337],[139.8028535,35.6694563],[139.8025444,35.6694821],[139.8021197,35.6695367],[139.8017628,35.6695889],[139.8014636,35.6696548],[139.8011947,35.6697074],[139.8009664,35.6697703],[139.8006915,35.6698443],[139.8002413,35.6699895],[139.7999803,35.670081],[139.7982759,35.6708193],[139.7975893,35.6711205],[139.7966427,35.6715816],[139.7950555,35.6722765],[139.7945613,35.6724893],[139.7940027,35.672742],[139.7930507,35.6731608],[139.7928189,35.6732695],[139.7925964,35.6733853],[139.7922796,35.6735667],[139.7918864,35.673826],[139.7913443,35.6741868],[139.7907339,35.6745991],[139.7897385,35.6752611],[139.7896079,35.6753515],[139.789394,35.6754729],[139.7892196,35.6755505],[139.7890538,35.6756188],[139.7889119,35.6756668],[139.7887308,35.6757135],[139.7884495,35.6757772],[139.7880104,35.6758518],[139.7875512,35.6759401],[139.787133,35.6760504],[139.7867606,35.6761686],[139.7863076,35.6763578],[139.7859593,35.6765315],[139.7856565,35.6767069],[139.7845057,35.6774069],[139.7837952,35.6778404],[139.7834596,35.6780464],[139.7819763,35.6789549],[139.7813822,35.6793177],[139.7810462,35.6795007],[139.7807015,35.6796532],[139.7804395,35.6797584],[139.7800741,35.6799099],[139.7793601,35.6801944],[139.7781131,35.6806966],[139.7779308,35.6807756],[139.7777786,35.6808538],[139.7775753,35.6809524],[139.7774571,35.6810037],[139.7771205,35.681137],[139.7770128,35.6811775],[139.7769105,35.6812118],[139.7767274,35.6812702],[139.7765489,35.681329],[139.7763918,35.6813842],[139.7761796,35.6814634],[139.7748321,35.6820024],[139.7744404,35.6821743],[139.7738979,35.6824063],[139.7727123,35.6828667],[139.7717454,35.6832885],[139.7714856,35.6833928],[139.7712277,35.6834863],[139.7708832,35.6835972],[139.7706251,35.6836705],[139.770348,35.6837413],[139.7684609,35.6841479],[139.7675982,35.6842983],[139.7673521,35.6843455],[139.7663354,35.6845587],[139.7649395,35.6848543],[139.7634601,35.6851237],[139.7629353,35.6852224],[139.7627023,35.6852686],[139.7625302,35.6853191],[139.762365,35.685383],[139.7621986,35.6854591],[139.7620546,35.6855397],[139.7619065,35.685634],[139.7617173,35.6857784],[139.7615923,35.6859069],[139.7614673,35.686049],[139.7613601,35.6862077],[139.761281,35.6863594],[139.7612112,35.6865278],[139.7611651,35.6867027],[139.7608217,35.6884262],[139.7607733,35.6886026],[139.7607222,35.6887344],[139.7606328,35.6889142],[139.760541,35.68906],[139.7604276,35.6892057],[139.7602869,35.6893454],[139.7601605,35.6894539],[139.7600062,35.6895611],[139.7598633,35.6896524],[139.7596903,35.689742],[139.7594945,35.6898183],[139.7587123,35.6900879],[139.7570332,35.6906666],[139.7568075,35.690752],[139.756577,35.6908758],[139.7564137,35.6909771],[139.7562453,35.6911128],[139.7561117,35.6912399],[139.7559954,35.6913807],[139.755042,35.692629],[139.7549135,35.6927634],[139.7547753,35.6928902],[139.7546001,35.6930189],[139.7544207,35.6931296],[139.7541944,35.6932403],[139.7530428,35.6937056],[139.7527747,35.6938147],[139.7525323,35.6939205],[139.752318,35.6940406],[139.7521175,35.6941902],[139.7519622,35.6943323],[139.7518569,35.6944546],[139.7517431,35.6946034],[139.7516611,35.6947524],[139.751578,35.6949422],[139.7512386,35.6959766],[139.7508871,35.6970403],[139.7508234,35.6971931],[139.7507499,35.6973222],[139.7505534,35.6976033],[139.7502407,35.6979324],[139.7499141,35.6982762],[139.7498051,35.698391],[139.7480049,35.7002859],[139.7478647,35.7004199],[139.7476934,35.7005698]]}},{"type":"Feature","id":210358354,"properties":{"electrified":"contact_line","frequency":"0","gauge":"1067","layer":"-5","maxspeed":"100","name":"東海道本線（横須賀線）","name:de":"Tōkaidō-Hauptlinie (Yokosuka-Linie)","name:en":"Tokaido Main Line (Yokosuka Line)","name:es":"Línea Tokaido (Línea Yokosuka)","name:fr":"Ligne principale Tōkaidō (Ligne Yokosuka)","name:it":"Linea principale Tōkaidō (Linea Yokosuka)","name:ja":"東海道本線（横須賀線）","name:ja-Hira":"とうかいどうほんせん（よこすかせん）","name:ja-Latn":"Tokaido-honsen (Yokosuka-sen)","name:ja_rm":"Tōkaidō-honsen (Yokosuka-sen)","name:ko":"도카이도 본선 (요코스카선)","name:ru":"Главная линия Токайдо (Линия Йокосука)","name:vi":"Tuyến Tōkaidō chính (Tuyến Yokosuka)","name:zh":"东海道本线（横须贺线）","name:zh-Hans":"东海道本线（横须贺线）","name:zh-Hant":"東海道本線（横須賀線）","note":"東京トンネル","oneway":"yes","operator":"東日本旅客鉄道","operator:en":"East Japan Railway","operator:ja":"東日本旅客鉄道","operator:ja_rm":"Higashi-Nihon Ryokaku Tetsudō","railway":"rail","railway:traffic_mode":"passenger","tunnel":"yes","usage":"main","voltage":"1500","wikidata":"Q1332317","wikipedia":"ja:橫須賀線"},"geometry":{"type":"LineString","coordinates":[[139.7588449,35.656567],[139.7589846,35.6570958],[139.7590695,35.6573976],[139.7591444,35.6578887],[139.7591641,35.6593187],[139.759218,35.6604844],[139.7592607,35.6614968],[139.7591779,35.662237],[139.7587967,35.6648071],[139.7587575,35.6653811],[139.7587534,35.6656734],[139.7587407,35.6659509],[139.7586654,35.6666457],[139.7585891,35.6673317],[139.758582,35.6676495],[139.7585935,35.6679214],[139.7586348,35.668206],[139.7587351,35.6685526],[139.7588699,35.6688706],[139.7590676,35.6692206],[139.7595906,35.6699856],[139.7605876,35.6719836],[139.7607037,35.6721994],[139.7611765,35.6727629],[139.7616076,35.6732758],[139.7617981,35.6735503],[139.7619323,35.6737749],[139.7620349,35.6740232],[139.7624323,35.6750377],[139.7627297,35.6759827],[139.7637669,35.6790955],[139.7640016,35.6798342],[139.7641135,35.6800718],[139.7642382,35.6802932],[139.7644113,35.6805389]]}},{"type":"Feature","id":759433007,"properties":{"electrified":"contact_line","frequency":"0","gauge":"1067","layer":"-5","maxspeed":"100","name":"東海道本線（横須賀線）","name:de":"Tōkaidō-Hauptlinie (Yokosuka-Linie)","name:en":"Tokaido Main Line (Yokosuka Line)","name:es":"Línea Tokaido (Línea Yokosuka)","name:fr":"Ligne principale Tōkaidō (Ligne Yokosuka)","name:it":"Linea principale Tōkaidō (Linea Yokosuka)","name:ja":"東海道本線（横須賀線）","name:ja-Hira":"とうかいどうほんせん（よこすかせん）","name:ja-Latn":"Tokaido-honsen (Yokosuka-sen)","name:ja_rm":"Tōkaidō-honsen (Yokosuka-sen)","name:ko":"도카이도 본선 (요코스카선)","name:ru":"Главная линия Токайдо (Линия Йокосука)","name:vi":"Tuyến Tōkaidō chính (Tuyến Yokosuka)","name:zh":"东海道本线（横须贺线）","name:zh-Hans":"东海道本线（横须贺线）","name:zh-Hant":"東海道本線（横須賀線）","note":"東京トンネル","oneway":"yes","operator":"東日本旅客鉄道","operator:en":"East Japan Railway","operator:ja":"東日本旅客鉄道","operator:ja_rm":"Higashi-Nihon Ryokaku Tetsudō","railway":"rail","railway:traffic_mode":"passenger","tunnel":"yes","usage":"main","voltage":"1500","wikidata":"Q1332317","wikipedia":"ja:橫須賀線"},"geometry":{"type":"LineString","coordinates":[[139.7644715,35.6804968],[139.7642942,35.6802695],[139.7641668,35.6800519],[139.7640566,35.6798287],[139.7638135,35.6790878],[139.7624773,35.6750276],[139.7623563,35.674673],[139.7620893,35.6740173],[139.7619786,35.6737607],[139.761855,35.6735278],[139.7616613,35.6732475],[139.7612226,35.6727359],[139.7607386,35.6721754],[139.760634,35.6719538],[139.7596389,35.6699638],[139.7591503,35.6692499],[139.7589513,35.6688485],[139.758814,35.6685168],[139.7587327,35.6682016],[139.7586919,35.6679307],[139.758676,35.6676431],[139.7586948,35.6673325],[139.7587689,35.666653],[139.7588449,35.6659563],[139.7588604,35.6656734],[139.7588574,35.6653803],[139.7588896,35.6645453],[139.759233,35.662241],[139.7593184,35.6614772],[139.7592675,35.6605172],[139.7592116,35.6593646],[139.7592231,35.6585806],[139.7592041,35.6578659],[139.7591423,35.6573647],[139.7590551,35.6570661],[139.7588947,35.6565647]]}},{"type":"Feature","id":661604130,"properties":{"colour":"#F62E36","electrified":"rail","frequency":"0","gauge":"1435","layer":"-2","maxspeed":"75","name":"東京メトロ丸ノ内線","name:en":"Tokyo Metro Marunouchi Line","name:es":"Línea Marunouchi de Tokyo Metro","name:ja":"東京メトロ丸ノ内線","name:ja-Hira":"とうきょうめとろまるのうちせん","name:ja_rm":"Tōkyō Metoro Marunouchi Sen","name:ko":"도쿄 메트로 마루노우치선","name:ru":"Линия метро Маруноути","name:zh":"東京地下鉄丸之內線","note":"National-Land Numerical Information (Railway) 2007, MLIT Japan","oneway":"yes","operator":"東京地下鉄","operator:en":"Tokyo Metro","operator:ja":"東京地下鉄","operator:ja_rm":"Tōkyō Chikatetsu","railway":"subway","railway:ato":"sto","railway:cbtc":"yes","source":"GSI/KIBAN 2500;NARO;BIng","tunnel":"yes","voltage":"600"},"geometry":{"type":"LineString","coordinates":[[139.7655026,35.6798344],[139.7653295,35.680118],[139.7651501,35.6803909],[139.7649814,35.6806458],[139.7648588,35.6809133],[139.7648163,35.6811352],[139.7648159,35.6814305],[139.7648786,35.6819623],[139.764889,35.6820503],[139.7649359,35.6823859],[139.7650495,35.6828227],[139.7651294,35.683041],[139.7652219,35.6833362],[139.765384,35.6837887],[139.7657624,35.6850563],[139.7660555,35.6861605],[139.7662001,35.6867945],[139.7664061,35.6876095],[139.7664276,35.6886007],[139.7664812,35.6889471],[139.7665,35.6890909],[139.7666234,35.689348],[139.7667564,35.6896332],[139.766964,35.6900647],[139.7670311,35.6902999],[139.7673866,35.6919892],[139.7674334,35.6925807],[139.7674374,35.694172],[139.767457,35.6951289],[139.7674455,35.6956446],[139.7675115,35.696207]]}},{"type":"Feature","id":900570016,"properties":{"colour":"#009BBF","electrified":"contact_line","frequency":"0","gauge":"1067","layer":"-3","maxspeed":"80","name":"東京メトロ東西線","name:en":"Tokyo Metro Tōzai Line","name:es":"Línea Tozai de Tokyo Metro","name:fr":"Ligne Tokyo Metro Tōzai","name:ja-Latn":"Tokyo Metro Tōzai sen","name:ko":"도쿄메트로 도자이선","name:ru":"Линия метро Тодзай","name:zh":"东京地铁东西线","oneway":"yes","operator":"東京地下鉄","operator:en":"Tokyo Metro","operator:ja-Latn":"Tōkyō Metoro","operator:wikidata":"Q682894","railway":"subway","railway:atc":"yes","railway:ato":"sto","source":"KSJ2","tunnel":"yes","usage":"main","voltage":"1500"},"geometry":{"type":"LineString","coordinates":[[139.7477326,35.7005958],[139.7479005,35.7004463],[139.7480178,35.7003304],[139.7499475,35.6982933],[139.7502764,35.6979482],[139.7505934,35.697618],[139.750692,35.6974905],[139.750781,35.6973577],[139.7508627,35.6972152],[139.7509493,35.6969988],[139.7512874,35.695961],[139.7516009,35.6950266],[139.7516468,35.694905],[139.7517089,35.6947702],[139.7517943,35.6946287],[139.7518766,35.6945136],[139.7519931,35.6943765],[139.7521441,35.6942345],[139.752329,35.6940891],[139.7524961,35.6939881],[139.7527402,35.6938659],[139.7543163,35.6932339],[139.7544809,35.6931499],[139.7546426,35.6930516],[139.7547902,35.6929421],[139.7549273,35.6928233],[139.7550557,35.6926937],[139.7560511,35.6913853],[139.7561852,35.6912366],[139.7563316,35.6911067],[139.7564907,35.6909929],[139.7566583,35.6908862],[139.7568494,35.6907885],[139.757062,35.6907031],[139.7587292,35.6901289],[139.7595761,35.6898377],[139.7597958,35.6897413],[139.7599657,35.6896486],[139.7600756,35.6895769],[139.7602241,35.6894728],[139.7603397,35.689369],[139.7604373,35.6892723],[139.7605967,35.6890729],[139.7606807,35.6889454],[139.7607583,35.6887969],[139.7608161,35.6886567],[139.7608602,35.6885004],[139.7612209,35.6867004],[139.761269,35.6865223],[139.7613447,35.6863421],[139.7614297,35.6861998],[139.761514,35.686073],[139.7616243,35.6859467],[139.7617347,35.6858343],[139.7618799,35.6857167],[139.7620112,35.6856242],[139.7621687,35.6855331],[139.7623346,35.685452],[139.7625239,35.6853785],[139.7627371,35.6853145],[139.763432,35.685171],[139.7641037,35.6850473],[139.7642557,35.685027],[139.7644059,35.6850113],[139.7647044,35.6849817],[139.7649451,35.6849525],[139.7652531,35.6849036],[139.7655078,35.6848564],[139.7663685,35.6846726],[139.7673907,35.6844545],[139.7677164,35.684376],[139.7684781,35.6841861],[139.7704343,35.6837659],[139.7707274,35.6836853],[139.7709772,35.6836098],[139.7712389,35.6835256],[139.7727001,35.6829931],[139.7735108,35.6826743],[139.7745258,35.6822751]]}},{"type":"Feature","id":145394375,"properties":{"building":"yes","height":"47","name":"岸本ビルディング","source":"Bing,2007-04"},"geometry":{"type":"LineString","coordinates":[[139.761855,35.6804444],[139.7619961,35.6804135],[139.7622413,35.6803562],[139.7622869,35.6803468],[139.7620951,35.6797869],[139.7616632,35.6798845],[139.761855,35.6804444]]}},{"type":"Feature","id":145394381,"properties":{"building":"yes","height":"47","name":"丸の内三井ビルディング","source":"Bing,2007-04"},"geometry":{"type":"LineString","coordinates":[[139.7619751,35.6807775],[139.7624106,35.6806791],[139.7623032,35.6803656],[139.7622771,35.6803715],[139.7620324,35.6804268],[139.7618677,35.680464],[139.7619751,35.6807775]]}},{"type":"Feature","id":145402288,"properties":{"area":"yes","highway":"pedestrian","lit":"yes","source":"Bing,2007-04"},"geometry":{"type":"LineString","coordinates":[[139.7595531,35.6820574],[139.7594336,35.6818771],[139.759337,35.6817313],[139.7593861,35.6817308],[139.7594233,35.6817238],[139.7597742,35.6816446],[139.7598127,35.6816359],[139.759842,35.6816295],[139.7600444,35.6815855],[139.7601398,35.681564],[139.7601691,35.6815544],[139.7601941,35.6815423],[139.7602166,35.6815289],[139.7602331,35.6815154],[139.7602539,35.6814954],[139.7602679,35.6814761],[139.7602812,35.6814486],[139.7602889,35.6814155],[139.7602906,35.6813866],[139.7602846,35.681359],[139.7602736,35.681319],[139.7601007,35.6808056],[139.7600908,35.6807973],[139.7600809,35.6807958],[139.7600677,35.6807983],[139.7600317,35.6808068],[139.76002,35.6808068],[139.7600035,35.6808027],[139.7599903,35.6807963],[139.7599825,35.6807878],[139.7599744,35.680769],[139.7598629,35.6804357],[139.759842,35.6803734],[139.75983,35.6803376],[139.7597178,35.6800022],[139.759711,35.6799843],[139.7597127,35.6799691],[139.7597195,35.679954],[139.7597331,35.6799423],[139.7597526,35.6799333],[139.7597764,35.6799257],[139.759795,35.6799188],[139.7598018,35.6799092],[139.7597925,35.6798816],[139.7596164,35.6793761],[139.7595526,35.6791927],[139.7596846,35.6791482],[139.7598166,35.6791038],[139.75983,35.6791332],[139.7607543,35.6818973],[139.7606169,35.681929],[139.7605727,35.6817891],[139.7605619,35.6817682],[139.7605511,35.681757],[139.7605391,35.6817482],[139.7605235,35.681739],[139.7605091,35.6817346],[139.7604917,35.6817307],[139.7604725,35.6817292],[139.7604479,35.6817316],[139.7604179,35.681738],[139.7599628,35.681837],[139.7598948,35.6818518],[139.7598426,35.6818631],[139.7597759,35.6818766],[139.7597386,35.6818897],[139.7596936,35.6819111],[139.7596656,35.6819276],[139.759641,35.6819476],[139.7596138,35.6819717],[139.7595977,35.6819896],[139.7595937,35.6819961],[139.7595841,35.6820117],[139.7595531,35.6820574]]}},{"type":"Feature","id":152413934,"properties":{"foot":"no","highway":"trunk","lanes":"3","lit":"yes","name":"日比谷通り","name:en":"Hibiya Street","name:es":"Calle Hibiya","name:fr":"Rue Hibiya","name:ja":"日比谷通り","name:ja-Hira":"ひびやどおり","name:ja-Latn":"Hibiya-dōri","nat_name":"国道1号","nat_name:en":"National Highway Route 1","nat_name:ja":"国道1号","oneway":"yes","ref":"1;20","source":"Bing 2010","surface":"asphalt","wikidata":"Q11086791"},"geometry":{"type":"LineString","coordinates":[[139.7627144,35.6835273],[139.7626743,35.6833951],[139.762423,35.6826195],[139.7624052,35.6825646],[139.762351,35.682392],[139.7622229,35.6819999],[139.762175,35.6818546],[139.7618555,35.6808881],[139.7615088,35.6798191],[139.7611254,35.6787297],[139.7611079,35.6786801],[139.761074,35.6785726],[139.7610353,35.6784502]]}},{"type":"Feature","id":254711100,"properties":{"foot":"no","highway":"trunk","lanes":"3","lit":"yes","name":"日比谷通り","name:en":"Hibiya Street","name:es":"Calle Hibiya","name:fr":"Rue Hibiya","name:ja":"日比谷通り","name:ja-Hira":"ひびやどおり","name:ja-Latn":"Hibiya-dōri","nat_name":"国道1号","nat_name:en":"National Highway Route 1","nat_name:ja":"国道1号","oneway":"yes","ref":"1;20","source":"Bing 2010","surface":"asphalt","wikidata":"Q11086791"},"geometry":{"type":"LineString","coordinates":[[139.76092,35.6786056],[139.760953,35.6787122],[139.7617084,35.6809294],[139.7620227,35.6818535],[139.7620342,35.6818872],[139.7620817,35.6820319],[139.7622107,35.6824239],[139.762269,35.6825943],[139.7625216,35.6833881],[139.7625332,35.6834245],[139.7625706,35.6835564]]}},{"type":"Feature","id":384911328,"properties":{"natural":"wood"},"geometry":{"type":"LineString","coordinates":[[139.760903,35.6821179],[139.7609799,35.6821164],[139.761103,35.6820736],[139.761223,35.6820488],[139.7601704,35.679039],[139.7599595,35.6790745],[139.7599577,35.6791719],[139.7599086,35.6792207],[139.7599577,35.6794185],[139.7600522,35.6794363],[139.7600904,35.6797789],[139.7602104,35.6801141],[139.7602995,35.6802204],[139.7603849,35.6802041],[139.7603013,35.6803946],[139.7603667,35.6805733],[139.7604504,35.680594],[139.7604522,35.6806974],[139.7605613,35.6807461],[139.7604595,35.6808303],[139.7604958,35.6809868],[139.7605867,35.6810001],[139.7605885,35.6810503],[139.7606467,35.6810665],[139.7606976,35.6811788],[139.7605722,35.6812378],[139.7607322,35.6817074],[139.7608031,35.6817428],[139.7608758,35.6817251],[139.7609212,35.6817827],[139.7608594,35.6818181],[139.7608885,35.6818624],[139.7608503,35.6819939],[139.7608594,35.6820869],[139.760903,35.6821179]]}},{"type":"Feature","id":409582698,"properties":{"highway":"service","lit":"yes","service":"parking_aisle","surface":"concrete"},"geometry":{"type":"LineString","coordinates":[[139.7592947,35.6819391],[139.7594078,35.6818889],[139.7594336,35.6818771],[139.7595056,35.6818557],[139.7598666,35.6817776],[139.760297,35.6816844],[139.760434,35.6816228],[139.7604765,35.6815402],[139.7604672,35.6814155],[139.760089,35.6803199],[139.7596846,35.6791482],[139.7596565,35.6790624],[139.7595863,35.6789011],[139.7595353,35.678784],[139.7594462,35.6785792],[139.7594371,35.6785584],[139.7591575,35.6777657],[139.7589817,35.6775508],[139.7587931,35.6774066],[139.7587488,35.677391],[139.7584989,35.6773029],[139.7583215,35.6772834],[139.758081,35.6773074],[139.7578443,35.6773705],[139.7568806,35.677674],[139.7567301,35.6777247],[139.7567,35.6777348],[139.75662,35.6777639]]}},{"type":"Feature","id":538982923,"properties":{"alt_name:fr":"Rue de la douve intérieure","cycleway:left":"shared_lane","foot":"no","highway":"primary","lanes":"3","lit":"yes","name":"内堀通り","name:en":"Uchibori Street","name:es":"Calle Uchibori","name:fr":"Rue Uchibori","name:ja":"内堀通り","name:ja-Hira":"うちぼりどおり","name:ja-Latn":"Uchibori-dōri","name:zh":"内堀路","oneway":"yes","ref":"301","sidewalk:left":"separate","sidewalk:right":"no","source":"Bing,2007-04","surface":"asphalt","wikidata":"Q11393904"},"geometry":{"type":"LineString","coordinates":[[139.7575499,35.6794774],[139.757616,35.6795834],[139.7578818,35.6800005],[139.7594504,35.6824363],[139.7594881,35.6824948],[139.7596552,35.6827474],[139.759751,35.6828884],[139.7599062,35.6831384],[139.7599263,35.6831836],[139.7599465,35.683238],[139.7604063,35.6845608],[139.7604434,35.6846507],[139.7604788,35.684727],[139.7605404,35.6848258],[139.7608324,35.6852068],[139.7609356,35.6853306],[139.7610467,35.6855057],[139.761078,35.685563],[139.7611087,35.685656]]}},{"type":"Feature","id":661051932,"properties":{"building":"roof"},"geometry":{"type":"LineString","coordinates":[[139.7620457,35.6809679],[139.762036,35.6809421],[139.762162,35.6809108],[139.7621717,35.6809366],[139.7620457,35.6809679]]}},{"type":"Feature","id":661299593,"properties":{"colour":"#0079C2","electrified":"contact_line","frequency":"0","gauge":"1067","layer":"-2","maxspeed":"75","name":"都営地下鉄三田線","name:en":"Toei Mita Line","name:es":"Línea Toei Mita","name:ja":"都営地下鉄三田線","name:ko":"도에이 미타선","name:ru":"Линия метро Мита (муниципальная)","network":"都営地下鉄","oneway":"yes","operator":"東京都交通局","operator:en":"Bureau of Transportation, Tokyo Metropolitan Government","operator:ja":"東京都交通局","operator:ja_rm":"Tōkyō-to Kōtsū-kyoku","railway":"subway","railway:atc":"yes","railway:ato":"sto","tunnel":"yes","voltage":"1500"},"geometry":{"type":"LineString","coordinates":[[139.7630462,35.6848054],[139.7628105,35.6839383],[139.762661,35.6834118],[139.7625812,35.6831672],[139.7624762,35.6828821],[139.7619787,35.6816248],[139.7618845,35.6813519],[139.7617936,35.6810514],[139.7614883,35.6801436],[139.761389,35.6798243],[139.7613001,35.6795428],[139.7612191,35.6792188],[139.7609464,35.6784149],[139.760878,35.6782132],[139.7607696,35.6778818],[139.7607067,35.6776741],[139.7606611,35.6775055],[139.7605976,35.6772757],[139.7605401,35.6770791],[139.7602621,35.6762604],[139.7601113,35.675907],[139.760046,35.6757798],[139.7599637,35.6756469],[139.7598543,35.6754944],[139.7597365,35.6753409],[139.759567,35.6751442],[139.7593265,35.6748781],[139.7590265,35.674559],[139.7587577,35.6742892],[139.7580664,35.6736156],[139.7578966,35.6734373],[139.7577492,35.6732728],[139.7576246,35.6731174],[139.7574712,35.6728987],[139.7573388,35.6726908],[139.75617,35.6706973]]}},{"type":"Feature","id":663031653,"properties":{"colour":"#00BB85","electrified":"contact_line","frequency":"0","gauge":"1067","layer":"-3","maxspeed":"80","name":"東京メトロ千代田線","name:en":"Tokyo Metro Chiyoda Line","name:es":"Línea Chiyoda de Tokyo Metro","name:ja":"東京メトロ千代田線","name:ja-Hira":"とうきょうめとろちよだせん","name:ja-Latn":"Tōkyō Metoro Chiyoda Sen","name:ko":"도쿄메트로 치요다선","name:ru":"Линия метро Тиёда","oneway":"yes","operator":"東京地下鉄","operator:en":"Tokyo Metro","operator:ja":"東京地下鉄","operator:ja_rm":"Tōkyō Chikatetsu","railway":"subway","railway:atc":"yes","railway:ato":"sto","source":"GSI/KIBAN 2500;NARO","subway":"yes","tunnel":"yes","voltage":"1500"},"geometry":{"type":"LineString","coordinates":[[139.761331,35.6794291],[139.7613915,35.6796447],[139.7616204,35.6803364],[139.7619387,35.6813136]]}},{"type":"Feature","id":663031654,"properties":{"colour":"#00BB85","electrified":"contact_line","frequency":"0","gauge":"1067","layer":"-3","maxspeed":"80","name":"東京メトロ千代田線","name:en":"Tokyo Metro Chiyoda Line","name:es":"Línea Chiyoda de Tokyo Metro","name:ja":"東京メトロ千代田線","name:ja-Hira":"とうきょうめとろちよだせん","name:ja-Latn":"Tōkyō Metoro Chiyoda Sen","name:ko":"도쿄메트로 치요다선","name:ru":"Линия метро Тиёда","oneway":"yes","operator":"東京地下鉄","operator:en":"Tokyo Metro","operator:ja":"東京地下鉄","operator:ja_rm":"Tōkyō Chikatetsu","railway":"subway","railway:atc":"yes","railway:ato":"sto","source":"GSI/KIBAN 2500;NARO","subway":"yes","tunnel":"yes","voltage":"1500"},"geometry":{"type":"LineString","coordinates":[[139.762069,35.681291],[139.7617535,35.6803109],[139.7614757,35.6794874],[139.7614508,35.6794141]]}},{"type":"Feature","id":663031655,"properties":{"bench":"yes","indoor":"yes","lit":"yes","public_transport":"platform","railway":"platform","ref":"1","subway":"yes","surface":"asphalt","tunnel":"yes"},"geometry":{"type":"LineString","coordinates":[[139.76139,35.6794158],[139.7613543,35.6794281],[139.7613729,35.6795084],[139.7619582,35.6812905],[139.7619661,35.6813169],[139.76201,35.6813102]]}},{"type":"Feature","id":663031656,"properties":{"bench":"yes","indoor":"yes","lit":"yes","public_transport":"platform","railway":"platform","ref":"2","subway":"yes","surface":"asphalt","tunnel":"yes"},"geometry":{"type":"LineString","coordinates":[[139.76139,35.6794158],[139.7614352,35.6794101],[139.7614553,35.6794921],[139.7620433,35.6812742],[139.7620526,35.6812975],[139.76201,35.6813102]]}},{"type":"Feature","id":675408602,"properties":{"contact:tripadvisor":"480627","contact:twitter":"KG_info_kyokai","contact:website":"https://fng.or.jp/koukyo/","leisure":"park","name":"皇居外苑","name:en":"Kokyo Gaien National Garden","name:es":"Parque nacional Kokyo Gaien","name:fr":"Jardin extérieur du Palais Impérial","name:ja-Hira":"こうきょがいえん","name:ja-Latn":"Kōkyo-Gaien","name:ru":"Кокё-Гайэн","operator":"宮内庁","start_date":"1949-06-01","wheelchair":"yes","wikidata":"Q844963","wikimedia_commons":"Category:Kōkyo-Gaien","wikipedia":"ja:皇居外苑"},"geometry":{"type":"LineString","coordinates":[[139.7564644,35.6772935],[139.7560894,35.6774682],[139.7553073,35.6777975],[139.7552788,35.6777569],[139.7539006,35.678313],[139.7538913,35.6783067],[139.7537405,35.6783693],[139.7537529,35.6783937],[139.7537057,35.6784141],[139.7535103,35.6781029],[139.7535021,35.6780489],[139.7535092,35.6780036],[139.7532489,35.6781002],[139.753296,35.6781438],[139.7533242,35.6781848],[139.7535368,35.6785181],[139.7532857,35.6786208],[139.7534026,35.6788021],[139.7534989,35.6787697],[139.7535655,35.6788487],[139.7540773,35.6786967],[139.7542731,35.6786215],[139.7547477,35.6784525],[139.7547972,35.6784534],[139.7549263,35.6787163],[139.7556133,35.679881],[139.754658,35.6802277],[139.7550805,35.6813046],[139.7552483,35.6819606],[139.756117,35.681821],[139.7563744,35.6826085],[139.7563874,35.6826526],[139.7563989,35.6826797],[139.7564184,35.682725],[139.7564297,35.6827514],[139.7578278,35.6824876],[139.7579711,35.6828749],[139.7582623,35.6835508],[139.7597985,35.6831794],[139.7594299,35.6826182],[139.7597625,35.6825155],[139.7598919,35.6824917],[139.7598709,35.6824278],[139.760098,35.6823757],[139.7612855,35.6821048],[139.7612729,35.682071],[139.7612722,35.6820575],[139.760693,35.6803395],[139.7606669,35.6803395],[139.7602355,35.6790227],[139.7600425,35.6784535],[139.7600191,35.6783863],[139.7598709,35.6778895],[139.7596812,35.6774199],[139.7596152,35.6774327],[139.7592666,35.6766131],[139.7593232,35.6765953],[139.7591585,35.6763776],[139.7577803,35.6769028],[139.7577573,35.6768703],[139.7567049,35.6772299],[139.7566857,35.6771961],[139.7564644,35.6772935]]}},{"type":"Feature","id":678481167,"properties":{"colour":"#0079C2","electrified":"contact_line","frequency":"0","gauge":"1067","layer":"-2","maxspeed":"75","name":"都営地下鉄三田線","name:en":"Toei Mita Line","name:es":"Línea Toei Mita","name:ja":"都営地下鉄三田線","name:ko":"도에이 미타선","name:ru":"Линия метро Мита (муниципальная)","network":"都営地下鉄","oneway":"yes","operator":"東京都交通局","operator:en":"Bureau of Transportation, Tokyo Metropolitan Government","operator:ja":"東京都交通局","operator:ja_rm":"Tōkyō-to Kōtsū-kyoku","railway":"subway","railway:atc":"yes","railway:ato":"sto","tunnel":"yes","voltage":"1500"},"geometry":{"type":"LineString","coordinates":[[139.7561162,35.6707113],[139.7562356,35.6709024],[139.7564117,35.6711993],[139.7570917,35.6723628],[139.7574083,35.6728904],[139.7575122,35.6730383],[139.7576376,35.6732058],[139.7577715,35.6733629],[139.7579154,35.6735259],[139.7580476,35.6736606],[139.7587149,35.6743108],[139.7589868,35.6745888],[139.7592634,35.6748958],[139.759419,35.6750777],[139.7595887,35.6752685],[139.7597069,35.6754199],[139.7598127,35.6755844],[139.7599116,35.6757539],[139.7599871,35.6759091],[139.7601265,35.6762873],[139.7604839,35.6772925],[139.7605542,35.6774802],[139.7606303,35.6776624],[139.7606858,35.6778039],[139.7607418,35.6779557],[139.760829,35.6782124],[139.7610423,35.6788306],[139.7611217,35.6790785],[139.761173,35.6792516],[139.7612739,35.679611],[139.7613447,35.6798417],[139.7614835,35.6802632],[139.7617454,35.6810571],[139.7618378,35.6813469],[139.761935,35.6816297],[139.7622844,35.6825367],[139.7623462,35.6827235],[139.762402,35.6829045],[139.7624725,35.6831839],[139.7625283,35.6834232],[139.7626682,35.6839724],[139.7629187,35.6848596]]}},{"type":"Feature","id":691006256,"properties":{"area":"yes","highway":"pedestrian"},"geometry":{"type":"LineString","coordinates":[[139.7618363,35.6820421],[139.7618825,35.6820253],[139.7619248,35.6819975],[139.7619765,35.6819359],[139.7619703,35.6819021],[139.7619604,35.681864],[139.7619443,35.6818085],[139.7617257,35.6811353],[139.7609264,35.6787572],[139.7609009,35.678723],[139.76087,35.6787033],[139.7608286,35.6787019],[139.7607889,35.678706],[139.7606635,35.678735],[139.7606786,35.678801],[139.7601744,35.6789062],[139.7601509,35.6788447],[139.7598877,35.678901],[139.7598528,35.6789081],[139.7598039,35.6789277],[139.759775,35.678956],[139.7597643,35.6789952],[139.7597798,35.6790239],[139.7598166,35.6791038],[139.7598339,35.6790975],[139.7599407,35.6790709],[139.7599507,35.6790437],[139.7601411,35.6790045],[139.7601841,35.6790257],[139.7602028,35.679029],[139.7602269,35.6790176],[139.7602478,35.6790077],[139.7607389,35.6789034],[139.7607671,35.6788993],[139.7608446,35.6789004],[139.7608798,35.6789127],[139.7609042,35.678935],[139.760925,35.6789573],[139.7609401,35.6789819],[139.7609508,35.6790105],[139.7618916,35.6817987],[139.7618477,35.6818104],[139.7618604,35.6818583],[139.7617914,35.6819599],[139.7612764,35.6820673],[139.7612871,35.6820983],[139.7612977,35.6821293],[139.7616854,35.6820438],[139.7616935,35.6820748],[139.7618363,35.6820421]]}},{"type":"Feature","id":691015446,"properties":{"alt_name:fr":"Rue de la douve intérieure","cycleway:left":"no","foot":"no","highway":"primary","lanes":"3","lit":"yes","name":"内堀通り","name:en":"Uchibori Street","name:es":"Calle Uchibori","name:fr":"Rue Uchibori","name:ja":"内堀通り","name:ja-Hira":"うちぼりどおり","name:ja-Latn":"Uchibori-dōri","name:zh":"内堀路","oneway":"yes","ref":"301","sidewalk:left":"separate","sidewalk:left:bicycle":"yes","sidewalk:left:bicycle:signed":"yes","sidewalk:right":"no","source":"Bing,2007-04","surface":"asphalt","wikidata":"Q11393904"},"geometry":{"type":"LineString","coordinates":[[139.7599628,35.6829337],[139.7597088,35.6825659],[139.7596268,35.6824417],[139.7592947,35.6819391],[139.7590875,35.6816254],[139.7578051,35.6796294],[139.757742,35.6795312],[139.7576795,35.6794319]]}},{"type":"Feature","id":1419637162,"properties":{"cycleway":"shared_lane","highway":"tertiary","lanes":"2","name":"丸の内 2nd","name:en":"Marunouchi 2nd Street","name:fr":"Marunouchi 2","source":"Bing,2007-04","surface":"asphalt"},"geometry":{"type":"LineString","coordinates":[[139.7618555,35.6808881],[139.7619676,35.6808633],[139.7628499,35.6806679]]}},{"type":"Feature","id":1419637400,"properties":{"highway":"tertiary","lanes":"2","name":"丸の内 3rd","name:en":"Marunouchi 3rd Street","name:fr":"Marunouchi 3","source":"Bing,2007-04","surface":"asphalt"},"geometry":{"type":"LineString","coordinates":[[139.7615088,35.6798191],[139.7616056,35.6797982],[139.7625198,35.6796011]]}},{"type":"Feature","id":145402273,"properties":{"highway":"pedestrian","source":"Bing,2007-04"},"geometry":{"type":"LineString","coordinates":[[139.759464,35.680457],[139.759842,35.6803734],[139.760089,35.6803199]]}},{"type":"Feature","id":23840805,"properties":{"access":"destination","leisure":"common","name":"丸の内駅前広場","name:en":"Marunouchi Station front Plaza","name:es":"Plaza frontal de la estación Marunouchi","name:ko":"마루노우치 역전 광장","name:zh":"丸之內站前廣場","start_date":"2017-12-07"},"geometry":{"type":"LineString","coordinates":[[139.7656857,35.6812614],[139.7657983,35.6812344],[139.7657289,35.6810608],[139.7656452,35.6808513],[139.7655485,35.6808098],[139.7654031,35.6807499],[139.7653701,35.6806578],[139.7652444,35.6806896],[139.7652149,35.6806151],[139.765342,35.6805813],[139.765305,35.680489],[139.7653723,35.6803816],[139.7649346,35.6804528],[139.7649158,35.6804435],[139.7648977,35.6804411],[139.7648833,35.6804419],[139.7648638,35.6804479],[139.7648498,35.6804397],[139.7647646,35.6804778],[139.7645728,35.6805209],[139.764552,35.6805192],[139.7645306,35.6805149],[139.7645064,35.6805138],[139.7644743,35.6805198],[139.7644494,35.6805279],[139.7644347,35.6805388],[139.764426,35.6805503],[139.7644206,35.6805617],[139.7644201,35.6805796],[139.7646436,35.6812909],[139.7651414,35.6827636],[139.766201,35.6825207],[139.7660563,35.6824558],[139.7659553,35.682198],[139.7660682,35.6820167],[139.7660865,35.6819873],[139.7659619,35.681624],[139.7658202,35.6816564],[139.7658007,35.6815992],[139.7656857,35.6812614]]}},{"type":"Feature","id":145394373,"properties":{"addr:block_number":"3","addr:housenumber":"1","addr:neighbourhood":"二丁目","building":"yes","building:height":"35","building:levels":"18","height":"12","name":"三菱商事ビル","name:en":"Mitsubishi Shōji Building","name:es":"Edificio Mitsubishi Shōji","name:ko":"미쓰비시상사 빌딩","source":"Bing,2007-04"},"geometry":{"type":"LineString","coordinates":[[139.7622088,35.6812993],[139.7622743,35.6812848],[139.7629912,35.6811256],[139.7630708,35.6811079],[139.7629644,35.6807916],[139.7628848,35.6808093],[139.7621679,35.6809684],[139.7621024,35.680983],[139.7622088,35.6812993]]}},{"type":"Feature","id":145394394,"properties":{"addr:block_number":"4","addr:city":"千代田区","addr:country":"JP","addr:housenumber":"1","addr:neighbourhood":"丸の内二丁目","addr:postcode":"100-6390","addr:province":"東京都","alt_name":"東洋一のビル","alt_name:zh":"丸之內大樓","building":"commercial","building:colour":"#B28E6B","building:levels":"37","building:levels:underground":"4","height":"18 m","name":"丸の内ビルディング","name:en":"Marunouchi Building","name:ja":"丸ビル","name:ko":"마루노우치 빌딩","name:zh":"丸之內大廈","old_name":"丸ノ内ビルヂング","operator":"三菱地所プロパティマネジメント","short_name":"丸ビル","short_name:en":"Marubiru","source":"Bing,2007-04","start_date":"2002-08-20","wikidata":"Q1049122","wikimedia_commons":"Category:Marunouchi Building (2002)","wikipedia":"ja:丸の内ビルディング"},"geometry":{"type":"LineString","coordinates":[[139.7635227,35.6815571],[139.764347,35.6813739],[139.7643673,35.6813382],[139.7642717,35.6810511],[139.7641726,35.6807539],[139.764113,35.6805749],[139.7640631,35.6805514],[139.7632483,35.6807332],[139.7635227,35.6815571]]}},{"type":"Feature","id":342271473,"properties":{"highway":"service","oneway":"yes","surface":"asphalt"},"geometry":{"type":"LineString","coordinates":[[139.7651179,35.6811258],[139.7651877,35.6811314],[139.765522,35.6810571],[139.765548,35.6810336],[139.7655535,35.6810022],[139.765516,35.6809073],[139.7654814,35.6808257],[139.7654364,35.6807907],[139.7654003,35.6807736],[139.7653546,35.68076],[139.7652901,35.6807551],[139.7652332,35.6807765],[139.765184,35.68078],[139.7651262,35.6807729],[139.7650582,35.6807481]]}},{"type":"Feature","id":389357542,"properties":{"highway":"secondary","lane_markings":"yes","lanes":"8","lanes:backward":"1","lanes:forward":"7","lit":"yes","name":"錦町有楽町線","name:en":"Nishikichō-Yūrakuchō Line","name:fr":"Route Nishikichō-Yūrakuchō","name:ja":"錦町有楽町線","name:ja-Hira":"にしきまち ゆうらくちょうせん","name:ja-Latn":"Nishikichō Yūrakuchō sen","official_name":"特例都道錦町有楽町線","ref":"402","surface":"asphalt"},"geometry":{"type":"LineString","coordinates":[[139.7646024,35.6815023],[139.7645602,35.6813744],[139.7645483,35.6813383],[139.7643313,35.6806805],[139.7643168,35.6806368],[139.7642437,35.6804259]]}},{"type":"Feature","id":477949437,"properties":{"highway":"service","oneway":"yes","surface":"asphalt"},"geometry":{"type":"LineString","coordinates":[[139.7651179,35.6811258],[139.7651274,35.6811077],[139.7651311,35.6810892],[139.7651289,35.6810683],[139.76509,35.6809669]]}},{"type":"Feature","id":759432999,"properties":{"area":"yes","bench":"yes","covered":"yes","departures_board":"realtime","indoor":"area","level":"-5","note":"東京駅総武地下3・4番線ホーム","note:en":"Tokyo Station Sobu Underground Platforms 3 & 4 (B5)","public_transport":"platform","railway":"platform","ref":"総武3;総武4","train":"yes"},"geometry":{"type":"LineString","coordinates":[[139.7646807,35.6809109],[139.7646871,35.6809066],[139.7647095,35.6808915],[139.7647163,35.6808869],[139.7653495,35.6816008],[139.7655877,35.6818574],[139.7667014,35.6829909],[139.7666951,35.682994],[139.7666725,35.6830051],[139.7666663,35.6830081],[139.7654722,35.6818182],[139.7654004,35.6817363],[139.7652519,35.6815631],[139.7650889,35.6813765],[139.7648325,35.6810847],[139.7646807,35.6809109]]}},{"type":"Feature","id":759433000,"properties":{"area":"yes","bench":"yes","bin":"no","covered":"yes","indoor":"area","level":"-5","note":"東京駅総武地下1・2番線ホーム","note:en":"Tokyo Station Sobu Underground Platforms 1 & 2 (B5)","public_transport":"platform","railway":"platform","ref":"総武1;総武2","train":"yes"},"geometry":{"type":"LineString","coordinates":[[139.76476,35.6808503],[139.7647649,35.680847],[139.7647821,35.6808352],[139.7647879,35.6808313],[139.7657658,35.6818925],[139.7667702,35.6829402],[139.7667666,35.6829427],[139.7667403,35.6829604],[139.7667364,35.6829631],[139.7658167,35.6820273],[139.7655905,35.6817918],[139.76476,35.6808503]]}},{"type":"Feature","id":759433005,"properties":{"electrified":"contact_line","frequency":"0","gauge":"1067","layer":"-5","maxspeed":"100","name":"東海道本線（横須賀線）","name:de":"Tōkaidō-Hauptlinie (Yokosuka-Linie)","name:en":"Tokaido Main Line (Yokosuka Line)","name:es":"Línea Tokaido (Línea Yokosuka)","name:fr":"Ligne principale Tōkaidō (Ligne Yokosuka)","name:it":"Linea principale Tōkaidō (Linea Yokosuka)","name:ja":"東海道本線（横須賀線）","name:ja-Hira":"とうかいどうほんせん（よこすかせん）","name:ja-Latn":"Tokaido-honsen (Yokosuka-sen)","name:ja_rm":"Tōkaidō-honsen (Yokosuka-sen)","name:ko":"도카이도 본선 (요코스카선)","name:ru":"Главная линия Токайдо (Линия Йокосука)","name:vi":"Tuyến Tōkaidō chính (Tuyến Yokosuka)","name:zh":"东海道本线（横须贺线）","name:zh-Hans":"东海道本线（横须贺线）","name:zh-Hant":"東海道本線（横須賀線）","operator":"東日本旅客鉄道","operator:en":"East Japan Railway","railway":"rail","tunnel":"yes","usage":"main","voltage":"1500","wikidata":"Q1332317","wikipedia":"ja:横須賀線"},"geometry":{"type":"LineString","coordinates":[[139.7644113,35.6805389],[139.7645439,35.6807329],[139.7646713,35.6809175],[139.7654809,35.6818453]]}},{"type":"Feature","id":759433006,"properties":{"electrified":"contact_line","frequency":"0","gauge":"1067","layer":"-5","maxspeed":"100","name":"東海道本線（横須賀線）","name:de":"Tōkaidō-Hauptlinie (Yokosuka-Linie)","name:en":"Tokaido Main Line (Yokosuka Line)","name:es":"Línea Tokaido (Línea Yokosuka)","name:fr":"Ligne principale Tōkaidō (Ligne Yokosuka)","name:it":"Linea principale Tōkaidō (Linea Yokosuka)","name:ja":"東海道本線（横須賀線）","name:ja-Hira":"とうかいどうほんせん（よこすかせん）","name:ja-Latn":"Tokaido-honsen (Yokosuka-sen)","name:ja_rm":"Tōkaidō-honsen (Yokosuka-sen)","name:ko":"도카이도 본선 (요코스카선)","name:ru":"Главная линия Токайдо (Линия Йокосука)","name:vi":"Tuyến Tōkaidō chính (Tuyến Yokosuka)","name:zh":"东海道本线（横须贺线）","name:zh-Hans":"东海道本线（横须贺线）","name:zh-Hant":"東海道本線（横須賀線）","note":"東京トンネル","operator":"東日本旅客鉄道","operator:en":"East Japan Railway","operator:ja":"東日本旅客鉄道","operator:ja_rm":"Higashi-Nihon Ryokaku Tetsudō","railway":"rail","railway:traffic_mode":"passenger","tunnel":"yes","usage":"main","voltage":"1500","wikidata":"Q1332317","wikipedia":"ja:橫須賀線"},"geometry":{"type":"LineString","coordinates":[[139.7656838,35.6817904],[139.7647963,35.6808255],[139.7644715,35.6804968]]}},{"type":"Feature","id":1105290311,"properties":{"highway":"residential","lanes":"2","lit":"yes","maxspeed":"30","motor_vehicle:conditional":"no @ (Mo-Fr 11:00-15:00; Sa-Su,PH 11:00-17:00)","name":"丸の内仲通り","name:en":"Marunouchi-Naka Street","name:es":"Avenida Marunouchi-Nakadori","name:fr":"Rue Naka de Marunouchi","name:ja-Hira":"まるのうち なかどおり","name:ja-Latn":"Marunouchi-naka-dōri","oneway":"yes","source":"Bing,2007-04","surface":"paving_stones"},"geometry":{"type":"LineString","coordinates":[[139.7622796,35.6783055],[139.7623145,35.6784093],[139.7626572,35.679449],[139.7626949,35.6795633],[139.7627226,35.6796468],[139.7630467,35.6806244],[139.7630765,35.680716],[139.7633653,35.6815993],[139.7633783,35.6816368],[139.7633918,35.6816804],[139.7634149,35.6817502]]}},{"type":"Feature","id":1304672766,"properties":{"area":"yes","highway":"pedestrian","lit":"yes"},"geometry":{"type":"LineString","coordinates":[[139.7648389,35.6812505],[139.7647933,35.681241],[139.7647531,35.6812162],[139.7647331,35.6811842],[139.764715,35.6811879],[139.7646821,35.6810858],[139.7646992,35.6810827],[139.7646704,35.6809809],[139.7646732,35.6809589],[139.7646989,35.6809143],[139.7646821,35.6809083],[139.7647455,35.680812],[139.7647622,35.6808213],[139.7648136,35.6807387],[139.7647984,35.6807339],[139.7648621,35.6806402],[139.7648761,35.6806465],[139.7649277,35.6805778],[139.7649434,35.6805459],[139.7649411,35.6805219],[139.7649212,35.6804681],[139.7649143,35.6804647],[139.7648976,35.6804581],[139.7648697,35.6804653],[139.7648909,35.6805459],[139.764885,35.6805605],[139.764825,35.680645],[139.7648223,35.6806603],[139.7647351,35.6807867],[139.7647271,35.6807976],[139.7647203,35.6807997],[139.7647096,35.6808008],[139.7645614,35.6806314],[139.7645594,35.6806238],[139.7645675,35.6806151],[139.7645573,35.6805656],[139.7645114,35.6805192],[139.7644793,35.6805268],[139.7644583,35.6805369],[139.7644425,35.6805539],[139.7644331,35.6805812],[139.7644388,35.6806129],[139.7646483,35.6812931],[139.7647224,35.6812762],[139.7648389,35.6812505]]}},{"type":"Feature","id":1304672773,"properties":{"building":"roof","layer":"2"},"geometry":{"type":"LineString","coordinates":[[139.7655702,35.6808175],[139.7656592,35.6810764],[139.7654243,35.6811293],[139.7654332,35.6811539],[139.7656343,35.6811104],[139.7656909,35.6810983],[139.7656987,35.6810966],[139.765681,35.6810473],[139.7656034,35.6808317],[139.7655856,35.6808241],[139.7655702,35.6808175]]}},{"type":"Feature","id":1304672779,"properties":{"building":"roof","layer":"1","ref":"3"},"geometry":{"type":"LineString","coordinates":[[139.7646821,35.6810858],[139.7646992,35.6810827],[139.7647331,35.6811842],[139.764715,35.6811879],[139.7646821,35.6810858]]}},{"type":"Feature","id":1352284904,"properties":{"electrified":"contact_line","frequency":"0","gauge":"1067","layer":"-5","maxspeed":"100","name":"東海道本線（横須賀線）","name:de":"Tōkaidō-Hauptlinie (Yokosuka-Linie)","name:en":"Tokaido Main Line (Yokosuka Line)","name:es":"Línea Tokaido (Línea Yokosuka)","name:fr":"Ligne principale Tōkaidō (Ligne Yokosuka)","name:it":"Linea principale Tōkaidō (Linea Yokosuka)","name:ja":"東海道本線（横須賀線）","name:ja-Hira":"とうかいどうほんせん（よこすかせん）","name:ja-Latn":"Tokaido-honsen (Yokosuka-sen)","name:ja_rm":"Tōkaidō-honsen (Yokosuka-sen)","name:ko":"도카이도 본선 (요코스카선)","name:ru":"Главная линия Токайдо (Линия Йокосука)","name:vi":"Tuyến Tōkaidō chính (Tuyến Yokosuka)","name:zh":"东海道本线（横须贺线）","name:zh-Hans":"东海道本线（横须贺线）","name:zh-Hant":"東海道本線（横須賀線）","note":"東京トンネル","operator":"東日本旅客鉄道","operator:en":"East Japan Railway","operator:ja":"東日本旅客鉄道","operator:ja_rm":"Higashi-Nihon Ryokaku Tetsudō","railway":"rail","railway:traffic_mode":"passenger","service":"siding","tunnel":"yes","voltage":"1500","wikidata":"Q1332317","wikipedia":"ja:橫須賀線"},"geometry":{"type":"LineString","coordinates":[[139.7655998,35.6818131],[139.76475,35.6808577],[139.7644715,35.6804968]]}},{"type":"Feature","id":1352284905,"properties":{"electrified":"contact_line","frequency":"0","gauge":"1067","layer":"-5","maxspeed":"100","name":"東海道本線（横須賀線）","name:de":"Tōkaidō-Hauptlinie (Yokosuka-Linie)","name:en":"Tokaido Main Line (Yokosuka Line)","name:es":"Línea Tokaido (Línea Yokosuka)","name:fr":"Ligne principale Tōkaidō (Ligne Yokosuka)","name:it":"Linea principale Tōkaidō (Linea Yokosuka)","name:ja":"東海道本線（横須賀線）","name:ja-Hira":"とうかいどうほんせん（よこすかせん）","name:ja-Latn":"Tokaido-honsen (Yokosuka-sen)","name:ja_rm":"Tōkaidō-honsen (Yokosuka-sen)","name:ko":"도카이도 본선 (요코스카선)","name:ru":"Главная линия Токайдо (Линия Йокосука)","name:vi":"Tuyến Tōkaidō chính (Tuyến Yokosuka)","name:zh":"东海道本线（横须贺线）","name:zh-Hans":"东海道本线（横须贺线）","name:zh-Hant":"東海道本線（横須賀線）","note":"東京トンネル","operator":"東日本旅客鉄道","operator:en":"East Japan Railway","operator:ja":"東日本旅客鉄道","operator:ja_rm":"Higashi-Nihon Ryokaku Tetsudō","railway":"rail","railway:traffic_mode":"passenger","service":"siding","tunnel":"yes","voltage":"1500","wikidata":"Q1332317","wikipedia":"ja:橫須賀線"},"geometry":{"type":"LineString","coordinates":[[139.7644113,35.6805389],[139.7647312,35.6808798],[139.7655658,35.6818223]]}},{"type":"Feature","id":1360102105,"properties":{"colour":"#F62E36","electrified":"rail","frequency":"0","gauge":"1435","layer":"-2","maxspeed":"75","name":"東京メトロ丸ノ内線","name:en":"Tokyo Metro Marunouchi Line","name:es":"Línea Marunouchi de Tokyo Metro","name:ja":"東京メトロ丸ノ内線","name:ja-Hira":"とうきょうめとろまるのうちせん","name:ja_rm":"Tōkyō Metoro Marunouchi Sen","name:ko":"도쿄메트로 마루노우치선","name:ru":"Линия метро Маруноути","name:zh":"東京地下鉄丸之內線","oneway":"yes","operator":"東京地下鉄","operator:en":"Tokyo Metro","operator:ja":"東京地下鉄","operator:ja_rm":"Tōkyō Chikatetsu","railway":"subway","railway:ato":"sto","railway:cbtc":"yes","source":"GSI/KIBAN 2500;NARO","tunnel":"yes","voltage":"600"},"geometry":{"type":"LineString","coordinates":[[139.7649464,35.6814243],[139.7649411,35.6811334],[139.76497,35.6809093],[139.7650571,35.6806613],[139.765192,35.6804143],[139.7653824,35.6801446],[139.7655514,35.6798513]]}},{"type":"Feature","id":1412408981,"properties":{"highway":"service","motor_vehicle":"no","oneway":"yes","taxi":"yes"},"geometry":{"type":"LineString","coordinates":[[139.764865,35.6807425],[139.7649252,35.6809367],[139.7648387,35.6810965],[139.764877,35.6812079]]}},{"type":"Feature","id":1461815546,"properties":{"highway":"service","oneway":"yes"},"geometry":{"type":"LineString","coordinates":[[139.7647445,35.6809212],[139.7647284,35.6809539],[139.764719,35.6809825],[139.7647199,35.6810116],[139.7647629,35.6811529]]}},{"type":"Feature","id":145394369,"properties":{"building":"office","building:levels":"9","height":"38","name":"丸の内仲通りビル","name:en":"Marunouchi Naka Building","name:es":"Edificio Marunouchi Naka","name:ko":"마루노우치 나카도리 빌딩","name:zh":"丸之内仲通大厦","source":"Bing,2007-04","wikidata":"Q24870601","wikipedia":"ja:丸の内仲通りビル"},"geometry":{"type":"LineString","coordinates":[[139.7628909,35.6805484],[139.7625954,35.6796689],[139.7622243,35.6797512],[139.7622834,35.679927],[139.7623024,35.6799228],[139.7623104,35.6799468],[139.7623255,35.6799435],[139.7624824,35.6804091],[139.7624609,35.6804139],[139.7624707,35.680443],[139.7624506,35.6804475],[139.7625127,35.6806322],[139.7628909,35.6805484]]}},{"type":"Feature","id":145394372,"properties":{"building":"commercial","building:levels":"15","building:levels:underground":"4","name":"三菱ビル","name:en":"Mitsubishi Building","name:es":"Edificio Mitsubishi","name:ko":"미츠비시 빌딩","source":"Bing,2007-04","wikidata":"Q23808372","wikipedia":"ja:三菱ビルヂング"},"geometry":{"type":"LineString","coordinates":[[139.7635298,35.6803865],[139.7639891,35.6802858],[139.7639201,35.6800782],[139.7637041,35.6794285],[139.7632449,35.6795292],[139.7632756,35.6796215],[139.763511,35.6803298],[139.7635298,35.6803865]]}},{"type":"Feature","id":145394389,"properties":{"building":"office","building:levels":"9","height":"35","name":"丸の内二丁目ビル","name:en":"Marunouchi 2-chome building","name:es":"Edificio Marunouchi 2-chome","name:ko":"마루노우치2초메 빌딩","source":"Bing,2007-04","wikidata":"Q24870618"},"geometry":{"type":"LineString","coordinates":[[139.7631145,35.6804906],[139.7634868,35.6804089],[139.7631935,35.6795262],[139.7628212,35.6796078],[139.7631145,35.6804906]]}},{"type":"Feature","id":145394391,"properties":{"building":"commercial","building:levels":"38","building:levels:underground":"4","height":"200.0","name":"JPタワー","name:en":"JP Tower","name:ja":"JPタワー","name:zh":"JP塔","source":"Bing,2007-04","website":"http://jptower.jp/","wikidata":"Q11226072","wikimedia_commons":"Category:JP Tower","wikipedia":"ja:JPタワー"},"geometry":{"type":"LineString","coordinates":[[139.7643394,35.6801418],[139.7642798,35.6801554],[139.7643183,35.6802711],[139.7650268,35.6801172],[139.765066,35.6801061],[139.7651052,35.6800878],[139.7651357,35.6800655],[139.7651623,35.6800377],[139.7655292,35.6794967],[139.7654683,35.6793163],[139.7648871,35.6794442],[139.7648444,35.6794536],[139.7648088,35.6793435],[139.7641281,35.6794889],[139.7642279,35.6797973],[139.7643066,35.6800404],[139.7643124,35.6800582],[139.7643394,35.6801418]]}},{"type":"Feature","id":147801987,"properties":{"cycleway":"shared_lane","highway":"tertiary","lanes":"2","name":"丸の内 2nd","name:en":"Marunouchi 2nd Street","name:fr":"Marunouchi 2","source":"Bing,2007-04","surface":"asphalt"},"geometry":{"type":"LineString","coordinates":[[139.7631814,35.6805949],[139.7640177,35.6804127],[139.7640741,35.6804004],[139.7641103,35.6803928],[139.7641567,35.6803951],[139.7642437,35.6804259]]}},{"type":"Feature","id":257228938,"properties":{"highway":"secondary","lit":"yes","name":"丸の内室町線","name:en":"Marunouchi-Muromachi Line","name:es":"Ruta Marunouchi-Muromachi","name:fr":"Route Marunouchi-Muromachi","name:ja":"丸の内室町線","name:ja-Hira":"まるのうちむろまちせん","name:ja-Latn":"Marunouchi Muromachi sen","oneway":"yes","psv":"yes","ref":"407","sidewalk:left":"separate","sidewalk:right":"no","surface":"asphalt"},"geometry":{"type":"LineString","coordinates":[[139.7642437,35.6804259],[139.7644602,35.6804823],[139.7644879,35.6804816],[139.7647151,35.6804347]]}},{"type":"Feature","id":257233098,"properties":{"cycleway":"shared_lane","highway":"secondary","lit":"yes","name":"大名小路","name:en":"Daimyō Kōji","name:es":"Daimyō Kōji","name:fr":"Daimyō Kōji","name:ja-Hira":"だいみょうこうじ","name:ja-Latn":"Daimyō Kōji","ref":"402","surface":"asphalt"},"geometry":{"type":"LineString","coordinates":[[139.7642437,35.6804259],[139.7641856,35.6802563],[139.7641694,35.680208],[139.7641275,35.680083],[139.764045,35.6798373],[139.7639015,35.6794098],[139.7638706,35.6793143],[139.7638272,35.6791846],[139.7634986,35.6782021],[139.7634784,35.6781416],[139.7634467,35.6780469]]}},{"type":"Feature","id":342271465,"properties":{"access":"no","highway":"service","oneway":"yes"},"geometry":{"type":"LineString","coordinates":[[139.7651783,35.6809256],[139.7651795,35.6809468],[139.7651907,35.6809736],[139.7652118,35.6809998],[139.7652479,35.6810215],[139.7652852,35.6810337],[139.7653231,35.6810332],[139.7653747,35.681019],[139.7654978,35.6809332],[139.765516,35.6809073]]}},{"type":"Feature","id":342271467,"properties":{"highway":"service","oneway":"yes","surface":"asphalt"},"geometry":{"type":"LineString","coordinates":[[139.76509,35.6809669],[139.7651448,35.680914],[139.7652266,35.6808497],[139.765296,35.6808283],[139.76534,35.680829],[139.7653901,35.6808504],[139.7654209,35.6808861],[139.7654288,35.6809097],[139.7654297,35.6809504]]}},{"type":"Feature","id":477949433,"properties":{"access":"no","highway":"service","oneway":"yes"},"geometry":{"type":"LineString","coordinates":[[139.7650582,35.6807481],[139.7650191,35.6807221],[139.7649982,35.6807104],[139.7649762,35.6807027],[139.7649443,35.6806986],[139.7648795,35.6807195]]}},{"type":"Feature","id":477949435,"properties":{"highway":"service","oneway":"yes","surface":"asphalt"},"geometry":{"type":"LineString","coordinates":[[139.7650582,35.6807481],[139.7650686,35.6806655],[139.7650961,35.6805821],[139.7651071,35.6805292],[139.7651068,35.6804737],[139.7650995,35.6804344],[139.7650753,35.6803555]]}},{"type":"Feature","id":477949438,"properties":{"highway":"service","oneway":"yes","surface":"asphalt"},"geometry":{"type":"LineString","coordinates":[[139.76509,35.6809669],[139.7650724,35.6809201],[139.7650551,35.6808557],[139.7650551,35.6808018],[139.7650582,35.6807481]]}},{"type":"Feature","id":561609376,"properties":{"building":"yes"},"geometry":{"type":"LineString","coordinates":[[139.7647096,35.6808008],[139.7645614,35.6806314],[139.7645594,35.6806238],[139.7645675,35.6806151],[139.7646055,35.6805954],[139.7646734,35.6805633],[139.7647083,35.680547],[139.7647217,35.6805454],[139.7647344,35.680547],[139.7648196,35.6806243],[139.764825,35.6806336],[139.764825,35.680645],[139.7648223,35.6806603],[139.7647351,35.6807867],[139.7647271,35.6807976],[139.7647203,35.6807997],[139.7647096,35.6808008]]}},{"type":"Feature","id":661051933,"properties":{"building":"roof","layer":"1"},"geometry":{"type":"LineString","coordinates":[[139.7627842,35.6808],[139.7627745,35.6807742],[139.7629005,35.6807429],[139.7629102,35.6807687],[139.7627842,35.6808]]}},{"type":"Feature","id":662875871,"properties":{"building":"roof"},"geometry":{"type":"LineString","coordinates":[[139.7621461,35.6807766],[139.7621384,35.6807571],[139.7622241,35.6807348],[139.7622318,35.6807543],[139.7621461,35.6807766]]}},{"type":"Feature","id":1016494084,"properties":{"highway":"service","oneway":"yes"},"geometry":{"type":"LineString","coordinates":[[139.7649649,35.6803805],[139.7649861,35.6804529],[139.7650061,35.6805195],[139.7648795,35.6807195],[139.764865,35.6807425]]}},{"type":"Feature","id":1024216111,"properties":{"highway":"service","oneway":"yes"},"geometry":{"type":"LineString","coordinates":[[139.764865,35.6807425],[139.7647445,35.6809212]]}},{"type":"Feature","id":1104965189,"properties":{"highway":"secondary","lanes":"3","lit":"yes","name":"丸の内室町線","name:en":"Marunouchi-Muromachi Line","name:es":"Ruta Marunouchi-Muromachi","name:fr":"Route Marunouchi-Muromachi","name:ja":"丸の内室町線","name:ja-Hira":"まるのうちむろまちせん","name:ja-Latn":"Marunouchi Muromachi sen","oneway":"yes","ref":"407","sidewalk:left":"separate","sidewalk:right":"no","surface":"asphalt","turn:lanes":"left;through|right|right"},"geometry":{"type":"LineString","coordinates":[[139.7649804,35.6802609],[139.7644707,35.680378],[139.7644251,35.6803885],[139.7642437,35.6804259]]}},{"type":"Feature","id":1189281016,"properties":{"highway":"pedestrian","surface":"concrete:plates"},"geometry":{"type":"LineString","coordinates":[[139.7625023,35.6806692],[139.7621916,35.6797301]]}},{"type":"Feature","id":1304672770,"properties":{"building":"yes"},"geometry":{"type":"LineString","coordinates":[[139.7653474,35.6809856],[139.7653694,35.6809718],[139.7653845,35.6809529],[139.7653909,35.680931],[139.7653879,35.6809086],[139.7653757,35.6808883],[139.765356,35.6808725],[139.7653308,35.680863],[139.7653049,35.6808608],[139.7652795,35.6808654],[139.7652571,35.6808762],[139.7652401,35.6808922],[139.7652302,35.6809117],[139.7652283,35.6809328],[139.7652347,35.6809533],[139.7652487,35.6809711],[139.765269,35.6809844],[139.7652933,35.6809918],[139.765321,35.6809925],[139.7653474,35.6809856]]}},{"type":"Feature","id":1304672771,"properties":{"leisure":"garden"},"geometry":{"type":"LineString","coordinates":[[139.7650962,35.6807837],[139.7651043,35.6808727],[139.7651211,35.6808854],[139.7651438,35.6808754],[139.7652093,35.680825],[139.7652526,35.680803],[139.7653102,35.6807948],[139.765372,35.6808047],[139.765425,35.680829],[139.7654541,35.6808647],[139.7654744,35.6809183],[139.7654803,35.6809091],[139.7654656,35.6808594],[139.7654279,35.6808151],[139.7653775,35.680794],[139.7653143,35.6807835],[139.765252,35.6807918],[139.765202,35.6807994],[139.7651447,35.6807937],[139.7650962,35.6807837]]}},{"type":"Feature","id":1304672778,"properties":{"leisure":"garden"},"geometry":{"type":"LineString","coordinates":[[139.7650587,35.6804664],[139.7650446,35.6804709],[139.7650512,35.6805124],[139.7650475,35.680535],[139.7650252,35.6805941],[139.7649912,35.680641],[139.7649782,35.68067],[139.7650223,35.6806818],[139.7650425,35.6805999],[139.7650653,35.6805519],[139.7650716,35.6805223],[139.7650587,35.6804664]]}},{"type":"Feature","id":1304672780,"properties":{"building":"roof","layer":"1","ref":"2"},"geometry":{"type":"LineString","coordinates":[[139.7646821,35.6809083],[139.7646989,35.6809143],[139.7647622,35.6808213],[139.7647455,35.680812],[139.7646821,35.6809083]]}},{"type":"Feature","id":1304672781,"properties":{"area":"yes","highway":"pedestrian"},"geometry":{"type":"LineString","coordinates":[[139.7645675,35.6806151],[139.7646055,35.6805954],[139.7646734,35.6805633],[139.7647083,35.680547],[139.7647217,35.6805454],[139.7647344,35.680547],[139.764835,35.6805274],[139.7648558,35.6805274],[139.7648712,35.6805323],[139.7648793,35.6805399],[139.7648833,35.6805465],[139.7648833,35.6805535],[139.7648909,35.6805459],[139.7648697,35.6804653],[139.7648458,35.6804558],[139.7647733,35.6804833],[139.7645696,35.6805288],[139.7645114,35.6805192],[139.7645573,35.6805656],[139.7645675,35.6806151]]}},{"type":"Feature","id":1419637163,"properties":{"cycleway":"shared_lane","highway":"tertiary","lanes":"2","name":"丸の内 2nd","name:en":"Marunouchi 2nd Street","name:fr":"Marunouchi 2","source":"Bing,2007-04","surface":"paving_stones"},"geometry":{"type":"LineString","coordinates":[[139.7628499,35.6806679],[139.7629314,35.6806499],[139.7630467,35.6806244],[139.7631445,35.680603],[139.7631814,35.6805949]]}},{"type":"Feature","id":1466650634,"properties":{"building":"yes","layer":"-2","name":"STATION DESK グランスタ丸の内","office":"coworking"},"geometry":{"type":"LineString","coordinates":[[139.7648949,35.6807559],[139.7648423,35.6808361],[139.7648372,35.6808339],[139.7648276,35.6808485],[139.7648552,35.6808627],[139.7649155,35.6807644],[139.7648949,35.6807559]]}},{"type":"Feature","id":1466650636,"properties":{"building":"yes","layer":"-1","name":"STATION DESK グランスタ丸の内","office":"coworking"},"geometry":{"type":"LineString","coordinates":[[139.7645477,35.680773],[139.7645641,35.6807899],[139.7645457,35.6808004],[139.7645516,35.680807],[139.7645347,35.6808164],[139.7644911,35.6807643],[139.7645214,35.6807461],[139.7645477,35.680773]]}},{"type":"Feature","id":1502802891,"properties":{"building":"yes"},"geometry":{"type":"LineString","coordinates":[[139.7646279,35.6810813],[139.7646465,35.6810683],[139.7646327,35.6810537],[139.7646193,35.6810077],[139.7646142,35.6810087],[139.7646256,35.6810436],[139.7646103,35.6810467],[139.7646003,35.6810114],[139.7645952,35.6810126],[139.7646113,35.6810637],[139.7646279,35.6810813]]}},{"type":"Feature","id":23261468,"properties":{"admin_level":"6","cycleway:left":"shared_lane","highway":"primary","lanes":"3","lit":"yes","name":"内堀通り","name:en":"Uchibori Street","name:es":"Calle Uchibori","name:fr":"Rue Uchibori","name:ja":"内堀通り","name:ja-Hira":"うちぼりどおり","name:ja-Latn":"Uchibori-dōri","name:zh":"内堀路","oneway":"yes","ref":"301","source":"Bing 2010","surface":"asphalt","wikidata":"Q11393904"},"geometry":{"type":"LineString","coordinates":[[139.7617049,35.687237],[139.7617001,35.6871856],[139.7616888,35.6871289],[139.7616717,35.6870752],[139.7615499,35.6865931],[139.7613515,35.6858327]]}},{"type":"Feature","id":43900450,"properties":{"highway":"pedestrian","source":"NRPB of MLIT Japan","source:ja":"国土画像情報（オルソ化空中写真）国土計画局","surface":"asphalt"},"geometry":{"type":"LineString","coordinates":[[139.7580271,35.6860094],[139.7580376,35.6860737],[139.7580629,35.6861331],[139.7581185,35.6861786],[139.7581597,35.6861984],[139.7582035,35.6862123],[139.7582743,35.6862263],[139.7584064,35.6862251],[139.7588459,35.6861801],[139.7590279,35.6861647],[139.759229,35.686148],[139.7593975,35.6861927],[139.7596149,35.6862675],[139.7597134,35.6863172],[139.7602778,35.6862393]]}},{"type":"Feature","id":43933140,"properties":{"access":"no","highway":"service","source":"NRPB of MLIT Japan","source:ja":"国土画像情報（オルソ化空中写真）国土計画局"},"geometry":{"type":"LineString","coordinates":[[139.759229,35.686148],[139.7592207,35.6861174],[139.7591832,35.6859784],[139.7588982,35.6849226],[139.7588479,35.6847364],[139.7587951,35.6845407],[139.7587743,35.6844635],[139.7587031,35.6841999],[139.758748,35.6841354],[139.7587136,35.6840122],[139.7586018,35.6840351]]}},{"type":"Feature","id":43933141,"properties":{"access":"no","highway":"service","source":"NRPB of MLIT Japan","source:ja":"国土画像情報（オルソ化空中写真）国土計画局"},"geometry":{"type":"LineString","coordinates":[[139.7587031,35.6841999],[139.757543,35.6844288]]}},{"type":"Feature","id":43933142,"properties":{"access":"no","bridge":"yes","highway":"service","source":"NRPB of MLIT Japan","source:ja":"国土画像情報（オルソ化空中写真）国土計画局"},"geometry":{"type":"LineString","coordinates":[[139.7583291,35.6839018],[139.7583159,35.6838676],[139.7582173,35.6836064]]}},{"type":"Feature","id":145397105,"properties":{"building":"retail","nohousenumber":"yes","source":"Bing,2007-04"},"geometry":{"type":"LineString","coordinates":[[139.7611314,35.683118],[139.7611897,35.6831053],[139.7612239,35.6832092],[139.761227,35.6832187],[139.7612632,35.6832108],[139.7613048,35.6833373],[139.7614481,35.6833062],[139.7614031,35.6831694],[139.7613753,35.6831754],[139.7612688,35.6828515],[139.7610588,35.6828971],[139.7611314,35.683118]]}},{"type":"Feature","id":145397118,"properties":{"access":"no","natural":"water","source":"Bing,2007-04"},"geometry":{"type":"LineString","coordinates":[[139.7605483,35.6832983],[139.7606588,35.683275],[139.7607663,35.6832523],[139.7608546,35.6832337],[139.7609761,35.6832081],[139.7609163,35.6830291],[139.7604867,35.6831194],[139.7605483,35.6832983]]}},{"type":"Feature","id":145402308,"properties":{"amenity":"toilets","building":"toilets","check_date":"2023-09-23","fee":"no","source":"Bing,2007-04","wheelchair":"yes"},"geometry":{"type":"LineString","coordinates":[[139.7584957,35.6832637],[139.7586065,35.6832364],[139.7585671,35.6831309],[139.7584562,35.6831583],[139.7584957,35.6832637]]}},{"type":"Feature","id":145402341,"properties":{"building":"guardhouse","name":"桔梗門警備派出所","source":"Bing,2007-04"},"geometry":{"type":"LineString","coordinates":[[139.7596961,35.6832615],[139.7598097,35.6832343],[139.7597986,35.683204],[139.7596851,35.6832311],[139.7596961,35.6832615]]}},{"type":"Feature","id":145405910,"properties":{"admin_level":"6","alt_name:fr":"Rue de la douve intérieure","cycleway:left":"shared_lane","highway":"primary","lanes":"3","lit":"yes","name":"内堀通り","name:en":"Uchibori Street","name:es":"Calle Uchibori","name:fr":"Rue Uchibori","name:ja":"内堀通り","name:ja-Hira":"うちぼりどおり","name:ja-Latn":"Uchibori-dōri","name:zh":"内堀路","oneway":"yes","ref":"301","source":"Bing 2010","surface":"asphalt","wikidata":"Q11393904"},"geometry":{"type":"LineString","coordinates":[[139.7611087,35.685656],[139.7611447,35.6857704],[139.761484,35.6870563],[139.7615025,35.6871109],[139.7615158,35.6871656],[139.7615239,35.687231]]}},{"type":"Feature","id":145405915,"properties":{"highway":"primary","lit":"yes","name":"内堀通り","name:en":"Uchibori Street","name:es":"Calle Uchibori","name:fr":"Rue Uchibori","name:ja":"内堀通り","name:ja-Hira":"うちぼりどおり","name:ja-Latn":"Uchibori-dōri","name:zh":"内堀路","oneway":"yes","ref":"301","source":"Bing,2007-04","surface":"asphalt","wikidata":"Q11393904"},"geometry":{"type":"LineString","coordinates":[[139.7613515,35.6858327],[139.7613147,35.685735]]}},{"type":"Feature","id":145405918,"properties":{"highway":"secondary","lanes":"3","lit":"yes","name":"永代通り","name:en":"Eitai Street","name:es":"Calle Eitai","name:fr":"Rue Etai","name:ja":"永代通り","name:ja-Hira":"えいたいどおり","name:ja-Latn":"Eitai-dōri","official_name":"特例都道大手町湯島線","oneway":"yes","ref":"403","source":"Bing,2007-04","surface":"asphalt","wikidata":"Q11549878","wikimedia_commons":"Category:Eitai-dōri","wikipedia":"ja:永代通り"},"geometry":{"type":"LineString","coordinates":[[139.7611447,35.6857704],[139.7613147,35.685735]]}},{"type":"Feature","id":145501856,"properties":{"alt_name:es":"Museo de las Colecciones Imperiales del Tercer Recinto","building":"public","check_date":"2026-02-21","contact:instagram":"https://www.instagram.com/shozokan_pr/","contact:youtube":"https://www.youtube.com/@shozokan_pr","fee":"yes","landuse":"construction","museum":"art","name":"皇居三の丸尚蔵館","name:en":"Sannomaru Shozokan","name:es":"Museo de las Colecciones Imperiales Sannomaru","name:fr":"Musée des collections impériales","name:ja":"皇居三の丸尚蔵館","name:ja-Hira":"こうきょさんのまるしょうぞうかん","name:ja-Latn":"Kōkyo Sannomaru Shōzōkan","name:ko":"궁내청 산노마루 상장관","note":"Museum will open at the end of 2026","official_name:en":"The Museum of the Imperial Collections, Sannomaru Shozokan","opening_hours":"Tu-Th, Su 09:30-16:30; Fr-Sa 09:30-19:30","source":"Bing","tourism":"museum","website":"https://shozokan.nich.go.jp/","wheelchair":"yes","wikidata":"Q3076188","wikimedia_commons":"Category:Museum of the Imperial Collections","wikipedia":"ja:皇居三の丸尚蔵館"},"geometry":{"type":"LineString","coordinates":[[139.7589006,35.6868023],[139.7588996,35.686795],[139.7594586,35.6867278],[139.7594904,35.6867246],[139.759449,35.6865073],[139.7594318,35.686407],[139.7595521,35.68639],[139.7595269,35.6862454],[139.7589989,35.686311],[139.7589857,35.6862137],[139.7584878,35.6862747],[139.7585109,35.6863667],[139.7584543,35.6863742],[139.7584724,35.6864954],[139.7583638,35.6865092],[139.7583654,35.6865396],[139.7583401,35.6865406],[139.7583986,35.6868608],[139.7589006,35.6868023]]}},{"type":"Feature","id":145501860,"properties":{"building":"yes","name":"済寧館","name:en":"Saineikan Martial Art Gym","name:es":"Gimnasio de artes marciales Saineikan","name:ko":"제영관","source":"Bing,2007-04"},"geometry":{"type":"LineString","coordinates":[[139.7587386,35.6859308],[139.7588625,35.6859089],[139.7588061,35.6856983],[139.7584158,35.6857671],[139.7584237,35.6857965],[139.7584332,35.685832],[139.7584737,35.6859833],[139.7586008,35.6859609],[139.7586144,35.6860118],[139.7586502,35.6860055],[139.758664,35.686057],[139.7587401,35.6860436],[139.7587253,35.6859885],[139.7587528,35.6859837],[139.7587386,35.6859308]]}},{"type":"Feature","id":145501892,"properties":{"building":"yes","source":"Bing,2007-04"},"geometry":{"type":"LineString","coordinates":[[139.7582369,35.6845079],[139.7584895,35.6844639],[139.7584553,35.6843416],[139.7582037,35.6843884],[139.7582369,35.6845079]]}},{"type":"Feature","id":145501906,"properties":{"leisure":"pitch","source":"Bing,2007-04","sport":"tennis"},"geometry":{"type":"LineString","coordinates":[[139.7592313,35.6852914],[139.7596401,35.6852159],[139.7595502,35.6848948],[139.7591414,35.6849703],[139.7592313,35.6852914]]}},{"type":"Feature","id":145501913,"properties":{"addr:block_number":"1","addr:city":"千代田区","addr:housenumber":"3","addr:postcode":"100-0001","addr:province":"東京都","addr:quarter":"千代田","building":"yes","name":"皇宮警察本部","name:en":"Imperial Guard Headquarters","name:es":"Cuartel General de la Guardia Imperial","name:fr":"Quartiers généraux de la garde impériale","name:ja":"皇宮警察本部","name:ja-Hira":"こうぐうけいさつほんぶ","name:ja-Latn":"Kōgū Keisatsu Honbu","name:ko":"황궁경찰본부","name:zh":"皇宮警察本部","office":"government","source":"Bing,2007-04","wikidata":"Q11581048","wikipedia":"ja:皇宮警察本部"},"geometry":{"type":"LineString","coordinates":[[139.7585704,35.6856462],[139.7588156,35.6856015],[139.7587504,35.6853577],[139.7587348,35.6852992],[139.75867,35.685057],[139.7584247,35.6851001],[139.7585704,35.6856462]]}},{"type":"Feature","id":145501920,"properties":{"building":"yes","source":"Bing,2007-04"},"geometry":{"type":"LineString","coordinates":[[139.7589378,35.6858862],[139.7590544,35.6858663],[139.7590185,35.6857275],[139.7589019,35.6857474],[139.7589378,35.6858862]]}},{"type":"Feature","id":145501948,"properties":{"building":"yes","source":"Bing,2007-04"},"geometry":{"type":"LineString","coordinates":[[139.7592624,35.6848783],[139.7595006,35.6848356],[139.7594995,35.6848315],[139.7595224,35.6848274],[139.7595115,35.6847875],[139.7594883,35.6847916],[139.759387,35.6844199],[139.7591495,35.6844625],[139.7592624,35.6848783]]}},{"type":"Feature","id":176109781,"properties":{"building":"yes","man_made":"tower","name":"巽櫓","name:en":"Tatsumi-yagura","name:es":"Torreta Tatsumi","name:fr":"Tour Tatsumi","name:ja":"巽櫓","name:ja-Hira":"たつみやぐら","name:ja-Latn":"Tatsumi Yagura","name:ko":"다츠미야구라","source":"Bing","tower:type":"defensive"},"geometry":{"type":"LineString","coordinates":[[139.7592903,35.683901],[139.7595206,35.683846],[139.7594575,35.6836718],[139.7592272,35.6837267],[139.7592394,35.6837602],[139.7592903,35.683901]]}},{"type":"Feature","id":176721231,"properties":{"building":"yes","source":"Bing"},"geometry":{"type":"LineString","coordinates":[[139.7585472,35.6845818],[139.7585318,35.6845268],[139.75852,35.6844845],[139.7584978,35.6844886],[139.7583475,35.6845163],[139.7583783,35.6846201],[139.7584196,35.6847716],[139.7584402,35.6848481],[139.7586122,35.6848164],[139.758585,35.6847189],[139.7585472,35.6845818]]}},{"type":"Feature","id":176721245,"properties":{"building":"yes","source":"Bing"},"geometry":{"type":"LineString","coordinates":[[139.7582759,35.6851584],[139.7581406,35.6851833],[139.7582584,35.6856095],[139.7583081,35.6856012],[139.7583421,35.6855956],[139.7583949,35.6855867],[139.7582759,35.6851584]]}},{"type":"Feature","id":176721249,"properties":{"building":"yes","source":"Bing"},"geometry":{"type":"LineString","coordinates":[[139.7594868,35.6845657],[139.7595008,35.6846113],[139.7595386,35.6846037],[139.7595247,35.6845581],[139.7594868,35.6845657]]}},{"type":"Feature","id":176721251,"properties":{"building":"yes","source":"Bing"},"geometry":{"type":"LineString","coordinates":[[139.759365,35.6843989],[139.7594655,35.6843802],[139.7594368,35.6842784],[139.7594251,35.6842806],[139.7594219,35.6842691],[139.7594131,35.6842707],[139.7593331,35.6842856],[139.7593364,35.6842975],[139.7593616,35.6843867],[139.759365,35.6843989]]}},{"type":"Feature","id":176721252,"properties":{"building":"yes","source":"Bing"},"geometry":{"type":"LineString","coordinates":[[139.760326,35.6862741],[139.7603454,35.6863472],[139.76044,35.6863306],[139.7604206,35.6862575],[139.760326,35.6862741]]}},{"type":"Feature","id":176721264,"properties":{"building":"yes","source":"Bing"},"geometry":{"type":"LineString","coordinates":[[139.7581355,35.6851681],[139.7582687,35.6851457],[139.7582467,35.685059],[139.7581134,35.6850814],[139.7581355,35.6851681]]}},{"type":"Feature","id":176721266,"properties":{"building":"yes","source":"Bing"},"geometry":{"type":"LineString","coordinates":[[139.7595158,35.6846604],[139.7595516,35.6846535],[139.7595382,35.6846079],[139.7595025,35.6846148],[139.7595158,35.6846604]]}},{"type":"Feature","id":176721271,"properties":{"building":"yes","source":"Bing"},"geometry":{"type":"LineString","coordinates":[[139.7581453,35.6849686],[139.7580766,35.6849789],[139.75809,35.6850381],[139.7581588,35.6850277],[139.7581453,35.6849686]]}},{"type":"Feature","id":176721280,"properties":{"building":"yes","source":"Bing"},"geometry":{"type":"LineString","coordinates":[[139.758219,35.6850417],[139.7585784,35.6849766],[139.7585491,35.6848697],[139.7581846,35.6849357],[139.7581915,35.6849605],[139.7581607,35.684966],[139.7581769,35.6850252],[139.7582127,35.6850187],[139.758219,35.6850417]]}},{"type":"Feature","id":177521813,"properties":{"building":"yes","name":"皇宮警察本部坂下護衛署 大手門警備派出所","source":"Bing"},"geometry":{"type":"LineString","coordinates":[[139.7604153,35.6858329],[139.760421,35.6858559],[139.760448,35.6858514],[139.7604466,35.6858455],[139.7604461,35.6858437],[139.7604416,35.6858257],[139.7604146,35.6858301],[139.7604153,35.6858329]]}},{"type":"Feature","id":264293072,"properties":{"highway":"pedestrian","lit":"yes","surface":"asphalt"},"geometry":{"type":"LineString","coordinates":[[139.7581589,35.6830477],[139.7582606,35.6832569],[139.7582657,35.6832696],[139.7582797,35.6832865],[139.7582911,35.6832955],[139.7583077,35.6833079],[139.7583268,35.6833186],[139.7583553,35.6833297],[139.7583907,35.683338],[139.7584225,35.6833409],[139.7584585,35.683336],[139.7584875,35.6833296],[139.758657,35.6832899],[139.7587435,35.6832727],[139.7587657,35.6832634],[139.7588083,35.6832503],[139.7588467,35.6832283],[139.7588749,35.6831996],[139.7588947,35.6831554],[139.7588959,35.6831066],[139.7587171,35.6827265],[139.7585541,35.6823888],[139.7585193,35.6823566],[139.7584725,35.6823293],[139.7584379,35.6823189],[139.7584043,35.6823126],[139.7583743,35.6823106],[139.7583311,35.6823135],[139.7580593,35.6823735],[139.7580227,35.6823925],[139.7580024,35.6824085],[139.7579844,35.6824292],[139.7579706,35.682456],[139.7579637,35.6824806],[139.7579643,35.6825104],[139.7579698,35.682531],[139.7581589,35.6830477]]}},{"type":"Feature","id":384911329,"properties":{"leaf_type":"mixed","natural":"wood"},"geometry":{"type":"LineString","coordinates":[[139.7615266,35.6832894],[139.761555,35.6834024],[139.761547,35.6834144],[139.761419,35.6834358],[139.7614343,35.683486],[139.7615899,35.683458],[139.7616221,35.6835655],[139.7616462,35.6835593],[139.7616308,35.6834958],[139.7616692,35.6834534],[139.7614857,35.6827554],[139.7613747,35.6829324],[139.7613565,35.6829863],[139.7614575,35.6833059],[139.7615266,35.6832894]]}},{"type":"Feature","id":384911330,"properties":{"leaf_type":"broadleaved","natural":"wood"},"geometry":{"type":"LineString","coordinates":[[139.7612349,35.6834772],[139.761333,35.683457],[139.7613543,35.6835001],[139.7613391,35.6835044],[139.7614062,35.6837339],[139.7614152,35.6837389],[139.7616463,35.683692],[139.7616546,35.6836846],[139.7616437,35.6836465],[139.7616721,35.6836433],[139.7616781,35.6837202],[139.7616928,35.6837349],[139.7617103,35.6838077],[139.7616914,35.6838351],[139.7605477,35.6840006],[139.7604933,35.6839482],[139.7604003,35.6836429],[139.7604227,35.6836074],[139.7605088,35.6835784],[139.7605808,35.6837887],[139.760697,35.6838187],[139.7611166,35.6837302],[139.7611408,35.6836614],[139.7612255,35.6836352],[139.7612713,35.6836083],[139.7612349,35.6834772]]}},{"type":"Feature","id":384911331,"properties":{"leaf_type":"broadleaved","natural":"wood"},"geometry":{"type":"LineString","coordinates":[[139.7604742,35.6835055],[139.760499,35.6834231],[139.7604018,35.6831661],[139.7603915,35.6830569],[139.7605321,35.6830233],[139.7605011,35.6829561],[139.7604934,35.6829514],[139.7602043,35.6830033],[139.7601777,35.6830721],[139.7603318,35.6835263],[139.7604742,35.6835055]]}},{"type":"Feature","id":384911332,"properties":{"leaf_type":"broadleaved","natural":"wood"},"geometry":{"type":"LineString","coordinates":[[139.7607803,35.682899],[139.7611589,35.6828125],[139.7611609,35.6828419],[139.761039,35.6828918],[139.7610037,35.6829494],[139.7607803,35.6829662],[139.7607803,35.682899]]}},{"type":"Feature","id":553268082,"properties":{"waterway":"stream"},"geometry":{"type":"LineString","coordinates":[[139.7619432,35.6870019],[139.7618742,35.6867821],[139.7618663,35.6866779],[139.7619072,35.6866251]]}},{"type":"Feature","id":553268085,"properties":{"waterway":"stream"},"geometry":{"type":"LineString","coordinates":[[139.7615566,35.6859174],[139.7616556,35.686226]]}},{"type":"Feature","id":572505025,"properties":{"waterway":"stream"},"geometry":{"type":"LineString","coordinates":[[139.7606588,35.683275],[139.7607061,35.6834207],[139.7607488,35.6835523],[139.7607795,35.6836468],[139.7607952,35.6836952]]}},{"type":"Feature","id":572510202,"properties":{"bridge":"yes","highway":"pedestrian","layer":"1","source":"Bing","surface":"paving_stones"},"geometry":{"type":"LineString","coordinates":[[139.7609155,35.6834524],[139.7609402,35.6834471]]}},{"type":"Feature","id":572510203,"properties":{"highway":"pedestrian","source":"Bing","surface":"paving_stones"},"geometry":{"type":"LineString","coordinates":[[139.7608997,35.6834558],[139.7609155,35.6834524]]}},{"type":"Feature","id":572510204,"properties":{"waterway":"stream"},"geometry":{"type":"LineString","coordinates":[[139.7608546,35.6832337],[139.7608996,35.6833736],[139.7609434,35.6835095],[139.7609585,35.6835564],[139.7609746,35.6836066],[139.7609897,35.6836535]]}},{"type":"Feature","id":572510205,"properties":{"bridge":"yes","highway":"pedestrian","incline":"down","layer":"1","source":"Bing","surface":"paving_stones"},"geometry":{"type":"LineString","coordinates":[[139.7608001,35.6834773],[139.7608385,35.683469]]}},{"type":"Feature","id":572510206,"properties":{"bridge":"yes","highway":"pedestrian","layer":"1","source":"Bing","surface":"paving_stones"},"geometry":{"type":"LineString","coordinates":[[139.7607244,35.6834936],[139.7608001,35.6834773]]}},{"type":"Feature","id":572510207,"properties":{"bridge":"yes","highway":"pedestrian","layer":"1","source":"Bing","surface":"paving_stones"},"geometry":{"type":"LineString","coordinates":[[139.7608727,35.6834616],[139.7608997,35.6834558]]}},{"type":"Feature","id":572510208,"properties":{"highway":"pedestrian","source":"Bing","surface":"paving_stones"},"geometry":{"type":"LineString","coordinates":[[139.7608385,35.683469],[139.7608727,35.6834616]]}},{"type":"Feature","id":572510210,"properties":{"bridge":"yes","highway":"pedestrian","incline":"up","layer":"1","source":"Bing","surface":"paving_stones"},"geometry":{"type":"LineString","coordinates":[[139.7607017,35.6834984],[139.7607244,35.6834936]]}},{"type":"Feature","id":572510211,"properties":{"waterway":"stream"},"geometry":{"type":"LineString","coordinates":[[139.7607663,35.6832523],[139.7608291,35.6833287],[139.7608595,35.6833822],[139.7608845,35.6834403],[139.7608909,35.6834913],[139.7608922,35.6835205],[139.7608919,35.6835405],[139.7608866,35.6835812],[139.7608813,35.6836106],[139.7608717,35.6836374]]}},{"type":"Feature","id":572510212,"properties":{"waterway":"stream"},"geometry":{"type":"LineString","coordinates":[[139.7607663,35.6832523],[139.7607621,35.6833183],[139.7607631,35.6833797],[139.7607717,35.683429],[139.7607802,35.6834636],[139.7607993,35.6835198],[139.7608281,35.6835769],[139.7608504,35.683608],[139.7608588,35.6836196],[139.7608717,35.6836374],[139.7608875,35.683659]]}},{"type":"Feature","id":572510213,"properties":{"access":"no","natural":"water"},"geometry":{"type":"LineString","coordinates":[[139.7611156,35.6837043],[139.7610818,35.6837153],[139.7607743,35.6837825],[139.7607067,35.6837956],[139.7607303,35.6837523],[139.7607582,35.6837235],[139.7607952,35.6836952],[139.7608238,35.6836785],[139.7608545,35.6836672],[139.7608875,35.683659],[139.7609424,35.6836521],[139.7609897,35.6836535],[139.7610404,35.6836631],[139.7610826,35.6836796],[139.7611156,35.6837043]]}},{"type":"Feature","id":572531416,"properties":{"building":"roof"},"geometry":{"type":"LineString","coordinates":[[139.7610818,35.6837153],[139.761008,35.6837014],[139.7609271,35.683704],[139.7608696,35.6837161],[139.7608046,35.6837472],[139.7607743,35.6837825],[139.7610818,35.6837153]]}},{"type":"Feature","id":576310492,"properties":{"genus":"Salix","leaf_cycle":"deciduous","leaf_type":"broadleaved","natural":"tree_row","species:en":"Willow","species:ja":"ヤナギ"},"geometry":{"type":"LineString","coordinates":[[139.7602592,35.6844691],[139.7601291,35.6840792]]}},{"type":"Feature","id":576310493,"properties":{"genus":"Salix","leaf_cycle":"deciduous","leaf_type":"broadleaved","natural":"tree_row","species:en":"Willow","species:ja":"ヤナギ"},"geometry":{"type":"LineString","coordinates":[[139.7606179,35.6844114],[139.7604878,35.6840214]]}},{"type":"Feature","id":576322619,"properties":{"natural":"water"},"geometry":{"type":"LineString","coordinates":[[139.7611934,35.6833562],[139.7612735,35.683339],[139.7612684,35.6833234],[139.7612141,35.683335],[139.7610671,35.6828817],[139.7610413,35.6828872],[139.7611934,35.6833562]]}},{"type":"Feature","id":617118919,"properties":{"building":"yes","historic":"city_gate","source":"Bing"},"geometry":{"type":"LineString","coordinates":[[139.7604107,35.6858376],[139.7603607,35.6858473],[139.7603711,35.6858827],[139.7603852,35.6859304],[139.7604353,35.6859207],[139.7604212,35.6858732],[139.7604107,35.6858376]]}},{"type":"Feature","id":617118934,"properties":{"leisure":"garden","source":"Bing","wheelchair":"yes"},"geometry":{"type":"LineString","coordinates":[[139.7600668,35.6860749],[139.7601186,35.6860647],[139.7600844,35.68594],[139.7600852,35.6859233],[139.7600929,35.6859116],[139.760109,35.6859005],[139.7601264,35.6858915],[139.760351,35.6858465],[139.7603365,35.6857993],[139.760003,35.6858597],[139.7600668,35.6860749]]}},{"type":"Feature","id":617118937,"properties":{"building":"yes","historic":"city_gate","name":"大手門","name:en":"Otemon Gate","name:es":"Gran Puerta Principal","name:fr":"Porte Ote","name:ja":"大手門","name:ja-Hira":"おおてもん","name:ja-Latn":"Ōtemon","source":"Bing"},"geometry":{"type":"LineString","coordinates":[[139.7600204,35.6861909],[139.7602222,35.6861512],[139.7605296,35.6860908],[139.7605012,35.6859953],[139.7601925,35.6860559],[139.7599919,35.6860953],[139.7600204,35.6861909]]}},{"type":"Feature","id":617118942,"properties":{"amenity":"shelter","building":"yes","shelter_type":"picnic_shelter","source":"Bing","wheelchair":"no"},"geometry":{"type":"LineString","coordinates":[[139.7620086,35.6826053],[139.7620137,35.6826279],[139.7620432,35.6826235],[139.7620381,35.682601],[139.7620086,35.6826053]]}},{"type":"Feature","id":647930456,"properties":{"alt_name:fr":"Rue de la douve intérieure","foot":"no","highway":"primary","lanes":"3","lit":"yes","name":"内堀通り","name:en":"Uchibori Street","name:es":"Calle Uchibori","name:fr":"Rue Uchibori","name:ja":"内堀通り","name:ja-Hira":"うちぼりどおり","name:ja-Latn":"Uchibori-dōri","name:zh":"内堀路","oneway":"yes","ref":"301","source":"Bing,2007-04","surface":"asphalt","wikidata":"Q11393904"},"geometry":{"type":"LineString","coordinates":[[139.7613147,35.685735],[139.7612832,35.6856208],[139.7612495,35.6855399],[139.761242,35.6855227],[139.7611772,35.6854237],[139.7610913,35.6853024],[139.7610726,35.685276],[139.7607603,35.6848934],[139.7607562,35.6848877],[139.7606232,35.6847045],[139.7605678,35.6845882],[139.7604371,35.6842112],[139.760223,35.6835844],[139.7600868,35.6832034],[139.7600611,35.6831411],[139.7600065,35.6830105],[139.7599628,35.6829337]]}},{"type":"Feature","id":691006252,"properties":{"area":"yes","highway":"pedestrian","lit":"yes","surface":"paving_stones"},"geometry":{"type":"LineString","coordinates":[[139.7596282,35.6820568],[139.7596081,35.6821053],[139.7596014,35.6821527],[139.759606,35.6822017],[139.7596228,35.6822524],[139.7596476,35.68229],[139.7596966,35.682352],[139.7597294,35.6823766],[139.7597723,35.6823907],[139.7598025,35.6823956],[139.7598287,35.6823918],[139.7598376,35.6824204],[139.7598543,35.6824696],[139.7598018,35.6824751],[139.7597482,35.6824724],[139.7597086,35.6824599],[139.7596905,35.6824528],[139.7596647,35.6824272],[139.7596463,35.6824022],[139.7595843,35.6823019],[139.7595537,35.68223],[139.759542,35.682153],[139.759541,35.6821097],[139.7595443,35.6820803],[139.7595531,35.6820574],[139.7595841,35.6820117],[139.7595937,35.6819961],[139.7596282,35.6820568]]}},{"type":"Feature","id":691006255,"properties":{"area":"yes","highway":"pedestrian","surface":"paving_stones"},"geometry":{"type":"LineString","coordinates":[[139.7612977,35.6821293],[139.7612094,35.6821491],[139.7612186,35.6821766],[139.7611426,35.6821929],[139.7611326,35.682163],[139.7605449,35.6822946],[139.7605532,35.6823193],[139.7604996,35.6823308],[139.7604902,35.6823028],[139.7598891,35.6824374],[139.7598968,35.6824601],[139.7598543,35.6824696],[139.7598376,35.6824204],[139.7598287,35.6823918],[139.7600403,35.6823443],[139.7600807,35.6823353],[139.7601094,35.6823289],[139.760862,35.6821602],[139.7612683,35.6820691],[139.7612764,35.6820673],[139.7612871,35.6820983],[139.7612977,35.6821293]]}},{"type":"Feature","id":691006259,"properties":{"area":"yes","highway":"pedestrian"},"geometry":{"type":"LineString","coordinates":[[139.7616748,35.683633],[139.7616251,35.6836423],[139.7616378,35.6836829],[139.7614253,35.6837254],[139.7613609,35.6835108],[139.7613719,35.6835092],[139.7613505,35.6834376],[139.7612073,35.6834658],[139.7611848,35.6833943],[139.7611759,35.683366],[139.7612902,35.6833439],[139.7615175,35.6832949],[139.7615443,35.6833997],[139.7614004,35.6834291],[139.7614243,35.683501],[139.7615741,35.6834738],[139.7616073,35.6835794],[139.7616571,35.6835695],[139.7616553,35.6835617],[139.7616601,35.683561],[139.7616668,35.6835945],[139.7616748,35.683633]]}},{"type":"Feature","id":691006260,"properties":{"area":"yes","highway":"pedestrian","lit":"yes"},"geometry":{"type":"LineString","coordinates":[[139.7601565,35.6828159],[139.760058,35.6828373],[139.7599923,35.6827214],[139.7599333,35.6826157],[139.7600446,35.6825908],[139.7605601,35.6824756],[139.7605799,35.6824421],[139.7605376,35.6824266],[139.7607161,35.6823881],[139.7607005,35.682423],[139.7607359,35.6824364],[139.7612062,35.6823313],[139.7612344,35.6822999],[139.7611862,35.6822867],[139.7613641,35.6822483],[139.7613565,35.6822784],[139.7613831,35.6822918],[139.7618493,35.6821876],[139.7618743,35.6821589],[139.7619148,35.682279],[139.7619552,35.6823991],[139.7619243,35.6823871],[139.7614397,35.6824912],[139.7614271,35.6825209],[139.7614602,35.6825316],[139.7612865,35.6825695],[139.761308,35.6825401],[139.7612673,35.6825283],[139.7608046,35.6826277],[139.760777,35.682656],[139.7608182,35.6826716],[139.7606359,35.6827113],[139.7606564,35.6826822],[139.7606167,35.6826681],[139.7601504,35.6827683],[139.7601195,35.6828029],[139.7601565,35.6828159]]}},{"type":"Feature","id":691015447,"properties":{"foot":"no","highway":"secondary","lit":"yes","name":"行幸通り","name:en":"Gyōkō Street","name:es":"Calle Gyōkō","name:fr":"Rue Gyōkō","name:ja":"行幸通り","name:ja-Hira":"ぎょうこうどおり","name:ja-Latn":"Gyōkō-dōri","name:zh":"行幸通","oneway":"yes","ref":"404","source":"Bing,2007-04","surface":"asphalt","wikidata":"Q11103006","wikipedia":"ja:東京都道404号皇居前東京停車場線"},"geometry":{"type":"LineString","coordinates":[[139.759751,35.6828884],[139.7598307,35.682919],[139.7598823,35.6829294],[139.7599628,35.6829337],[139.7600687,35.6829065]]}},{"type":"Feature","id":1071262133,"properties":{"access":"no","highway":"service","intermittent":"yes"},"geometry":{"type":"LineString","coordinates":[[139.7564262,35.6826648],[139.7564941,35.6826258],[139.757589,35.6823833],[139.7577513,35.682348],[139.7582748,35.6822328],[139.7583739,35.6822154],[139.7584573,35.6822141],[139.758534,35.6822302],[139.7585811,35.6822516],[139.7586538,35.6822972],[139.758695,35.6823502],[139.7587305,35.6824105],[139.7587652,35.682481],[139.7588453,35.6826472],[139.7588824,35.6827317],[139.7589113,35.6828055],[139.7589683,35.6828947],[139.759154,35.6830335],[139.7592836,35.6830905],[139.759438,35.6831079],[139.7595173,35.6830979],[139.759656,35.6830496],[139.7596864,35.6830356],[139.7597139,35.6830235],[139.7597439,35.6830113],[139.759751,35.6828884]]}},{"type":"Feature","id":1071262138,"properties":{"access":"no","highway":"service","intermittent":"yes"},"geometry":{"type":"LineString","coordinates":[[139.7582173,35.6836064],[139.7581755,35.6834935],[139.7577513,35.682348]]}},{"type":"Feature","id":1071262139,"properties":{"access":"no","highway":"service","intermittent":"yes"},"geometry":{"type":"LineString","coordinates":[[139.7581755,35.6834935],[139.7590505,35.6832696],[139.7595173,35.6830979]]}},{"type":"Feature","id":1212102377,"properties":{"building":"guardhouse"},"geometry":{"type":"LineString","coordinates":[[139.7581373,35.6836142],[139.7581253,35.6835916],[139.758154,35.6835816],[139.758166,35.6836042],[139.7581373,35.6836142]]}},{"type":"Feature","id":1212102381,"properties":{"building":"yes"},"geometry":{"type":"LineString","coordinates":[[139.7583093,35.6850853],[139.7582994,35.6850496],[139.7583618,35.6850382],[139.7583717,35.685074],[139.7583093,35.6850853]]}},{"type":"Feature","id":1212102382,"properties":{"building":"yes"},"geometry":{"type":"LineString","coordinates":[[139.7584468,35.6850447],[139.7584428,35.6850309],[139.7586457,35.6849918],[139.7586498,35.6850056],[139.7584468,35.6850447]]}},{"type":"Feature","id":1212102383,"properties":{"building":"yes"},"geometry":{"type":"LineString","coordinates":[[139.7584538,35.6850814],[139.7584488,35.6850637],[139.7586557,35.6850252],[139.7586607,35.6850428],[139.7584538,35.6850814]]}},{"type":"Feature","id":1212102384,"properties":{"building":"yes"},"geometry":{"type":"LineString","coordinates":[[139.7583581,35.684852],[139.7583525,35.6848309],[139.7583966,35.6848232],[139.7584022,35.6848444],[139.7583581,35.684852]]}},{"type":"Feature","id":1212102385,"properties":{"building":"yes"},"geometry":{"type":"LineString","coordinates":[[139.7582855,35.6846367],[139.7583783,35.6846201],[139.7584196,35.6847716],[139.758397,35.6847756],[139.7583953,35.6847692],[139.7583389,35.6847793],[139.7583333,35.6847589],[139.7583223,35.684762],[139.7582855,35.6846367]]}},{"type":"Feature","id":1212102386,"properties":{"building":"yes"},"geometry":{"type":"LineString","coordinates":[[139.7587504,35.6853577],[139.7587961,35.6853501],[139.7587801,35.6852915],[139.7587348,35.6852992],[139.7587504,35.6853577]]}},{"type":"Feature","id":1212161638,"properties":{"highway":"service"},"geometry":{"type":"LineString","coordinates":[[139.7587031,35.6841999],[139.7588611,35.6841665],[139.758954,35.6844928],[139.7589601,35.6845141],[139.7587951,35.6845407]]}},{"type":"Feature","id":1212161639,"properties":{"highway":"service"},"geometry":{"type":"LineString","coordinates":[[139.7588982,35.6849226],[139.7592214,35.6848652],[139.7591716,35.6846803],[139.7591135,35.6844645],[139.758954,35.6844928]]}},{"type":"Feature","id":1212161640,"properties":{"highway":"service"},"geometry":{"type":"LineString","coordinates":[[139.7588479,35.6847364],[139.7591716,35.6846803]]}},{"type":"Feature","id":1271443794,"properties":{"access":"no","highway":"service","source":"NRPB of MLIT Japan","source:ja":"国土画像情報（オルソ化空中写真）国土計画局","tunnel":"building_passage"},"geometry":{"type":"LineString","coordinates":[[139.7583441,35.6839428],[139.7583291,35.6839018]]}},{"type":"Feature","id":1271443795,"properties":{"access":"no","highway":"service","source":"NRPB of MLIT Japan","source:ja":"国土画像情報（オルソ化空中写真）国土計画局"},"geometry":{"type":"LineString","coordinates":[[139.7584714,35.6840637],[139.7584547,35.6840638],[139.758426,35.6840596],[139.758391,35.6840395],[139.7583697,35.6840114],[139.7583441,35.6839428]]}},{"type":"Feature","id":1271443796,"properties":{"access":"no","highway":"service","source":"NRPB of MLIT Japan","source:ja":"国土画像情報（オルソ化空中写真）国土計画局","tunnel":"building_passage"},"geometry":{"type":"LineString","coordinates":[[139.7586018,35.6840351],[139.7584714,35.6840637]]}},{"type":"Feature","id":1443075778,"properties":{"highway":"service"},"geometry":{"type":"LineString","coordinates":[[139.7585671,35.6845677],[139.7585657,35.6845546],[139.7585698,35.6845392],[139.7585769,35.6845251],[139.7585869,35.6845125],[139.758601,35.684503],[139.7586171,35.6844962],[139.7586416,35.6844897],[139.7587743,35.6844635]]}},{"type":"Feature","id":1443075779,"properties":{"highway":"service"},"geometry":{"type":"LineString","coordinates":[[139.7588479,35.6847364],[139.7587137,35.6847634],[139.7586973,35.6847656],[139.7586778,35.6847669],[139.7586602,35.6847633],[139.7586391,35.6847563],[139.758623,35.6847461],[139.7586171,35.6847368],[139.758613,35.6847225]]}},{"type":"Feature","id":1443075780,"properties":{"highway":"service","layer":"-1","tunnel":"covered"},"geometry":{"type":"LineString","coordinates":[[139.758613,35.6847225],[139.7585671,35.6845677]]}},{"type":"Feature","id":1443075781,"properties":{"building":"roof"},"geometry":{"type":"LineString","coordinates":[[139.7585472,35.6845818],[139.758585,35.6847189],[139.7586299,35.6847106],[139.7585916,35.6845736],[139.7585472,35.6845818]]}},{"type":"Feature","id":1493977117,"properties":{"highway":"service"},"geometry":{"type":"LineString","coordinates":[[139.7607562,35.6848877],[139.7608064,35.6848609],[139.7608382,35.6848401],[139.7608935,35.6848116],[139.7611778,35.6851262],[139.7611952,35.6851216],[139.7611811,35.6850774],[139.7611727,35.68502],[139.7610285,35.6848448]]}},{"type":"Feature","id":1493977118,"properties":{"highway":"service"},"geometry":{"type":"LineString","coordinates":[[139.7610913,35.6853024],[139.7611553,35.6852765],[139.7611962,35.6852584],[139.7612337,35.685239],[139.7611952,35.6851216]]}},{"type":"Feature","id":43900452,"properties":{"access":"no","highway":"service","source":"NRPB of MLIT Japan","source:ja":"国土画像情報（オルソ化空中写真）国土計画局"},"geometry":{"type":"LineString","coordinates":[[139.7591697,35.6887143],[139.7592407,35.6887089],[139.7595437,35.6886585],[139.7596321,35.6886419],[139.7597388,35.6886187],[139.7598367,35.6885937],[139.7599681,35.6885468],[139.760056,35.6885],[139.7601251,35.6884504],[139.760166,35.6884112],[139.7602095,35.6883513],[139.7602401,35.6882753],[139.7603166,35.6880402],[139.7604268,35.6877017],[139.760466,35.6875703],[139.7605066,35.6873956],[139.76052,35.6872533],[139.760509,35.6871129],[139.7604733,35.6869361],[139.7602864,35.6862728],[139.7602778,35.6862393]]}},{"type":"Feature","id":92403812,"properties":{"admin_level":"2","highway":"secondary","lanes":"3","lit":"yes","name":"永代通り","name:en":"Eitai Street","name:es":"Calle Eitai","name:fr":"Rue Etai","name:ja-Hira":"えいたいどおり","name:ja-Latn":"Eitai-dōri","official_name":"特例都道大手町湯島線","oneway":"yes","ref":"403","source":"photograph;Bing 2010","surface":"asphalt","wikidata":"Q11549878","wikimedia_commons":"Category:Eitai-dōri","wikipedia":"ja:永代通り"},"geometry":{"type":"LineString","coordinates":[[139.7630531,35.6852637],[139.7629169,35.6852912],[139.7618745,35.6855015],[139.7615026,35.6855766],[139.7614539,35.6855864],[139.7612832,35.6856208],[139.7611087,35.685656]]}},{"type":"Feature","id":203133458,"properties":{"bridge":"yes","highway":"pedestrian","layer":"1","name":"和田倉橋","name:en":"Wadakura Bridge","name:es":"Puente Wadakura","name:ja":"和田倉橋","name:ja-Hira":"わだくらばし","name:ja-Latn":"Wadakura-bashi","source":"survey;Bing","surface":"fine_gravel","wikidata":"Q65252239","wikipedia":"ja:和田倉橋"},"geometry":{"type":"LineString","coordinates":[[139.7621324,35.6835133],[139.7616668,35.6835945]]}},{"type":"Feature","id":239796983,"properties":{"foot":"no","highway":"secondary","lanes":"3","lit":"yes","name":"行幸通り","name:en":"Gyōkō Street","name:es":"Calle Gyōkō","name:fr":"Rue Gyōkō","name:ja":"行幸通り","name:ja-Hira":"ぎょうこうどおり","name:ja-Latn":"Gyōkō-dōri","name:zh":"行幸通","oneway":"yes","ref":"404","source":"Bing,2007-04","surface":"asphalt","wikidata":"Q11103006","wikipedia":"ja:東京都道404号皇居前東京停車場線"},"geometry":{"type":"LineString","coordinates":[[139.7620817,35.6820319],[139.761899,35.6820754],[139.7599272,35.682517],[139.7598449,35.6825354],[139.7597088,35.6825659],[139.7596577,35.6826565],[139.7596563,35.6827099],[139.7596552,35.6827474]]}},{"type":"Feature","id":342446073,"properties":{"addr:block_number":"1","addr:city":"千代田区","addr:country":"JP","addr:housenumber":"3","addr:neighbourhood":"丸の内一丁目","addr:postcode":"100-0005","addr:province":"東京都","building":"yes","height":"115","name":"日本生命大手町ビル","name:en":"Nippon Life Insurance Otemachi Building","name:es":"Nippon Life Insurance Otemachi Building","name:ja":"日本生命大手町ビル","name:ko":"일본생명 오테마치빌딩","roof:shape":"flat"},"geometry":{"type":"LineString","coordinates":[[139.7618635,35.6843887],[139.7625596,35.684259],[139.7626497,35.6845778],[139.7619536,35.6847076],[139.7618635,35.6843887]]}},{"type":"Feature","id":342448077,"properties":{"foot":"no","highway":"secondary","lanes":"4","name":"行幸通り","name:en":"Gyōkō Street","name:es":"Calle Gyōkō","name:fr":"Rue Gyōkō","name:ja":"行幸通り","name:ja-Hira":"ぎょうこうどおり","name:ja-Latn":"Gyōkō-dōri","name:zh":"行幸通","oneway":"yes","ref":"404","source":"Bing,2007-04","surface":"asphalt","wikidata":"Q11103006","wikipedia":"ja:東京都道404号皇居前東京停車場線"},"geometry":{"type":"LineString","coordinates":[[139.7600687,35.6829065],[139.7619699,35.6824783],[139.7620273,35.6824657],[139.7622107,35.6824239],[139.762351,35.682392],[139.7625702,35.6823461],[139.763399,35.6821634],[139.763442,35.6821539],[139.7635414,35.682132],[139.763623,35.6821149],[139.7644585,35.6819299],[139.7645197,35.6819164],[139.7647284,35.6818702]]}},{"type":"Feature","id":342448142,"properties":{"highway":"service","service":"driveway"},"geometry":{"type":"LineString","coordinates":[[139.7619022,35.6848287],[139.7626936,35.6846773],[139.7627831,35.6846601],[139.7628215,35.6846529],[139.7628757,35.6846427]]}},{"type":"Feature","id":342448187,"properties":{"highway":"service","service":"driveway"},"geometry":{"type":"LineString","coordinates":[[139.7619706,35.6847274],[139.7625853,35.6846124],[139.7626125,35.684614],[139.76265,35.6846077],[139.7626675,35.6845987],[139.7626723,35.6845943],[139.7626926,35.6845741],[139.762712,35.6845641],[139.7627535,35.6845543],[139.7627914,35.684547],[139.7628457,35.6845366]]}},{"type":"Feature","id":576315885,"properties":{"leisure":"park","name":"和田倉噴水公園","name:en":"Wadakura Fountain Park","name:es":"Parque de la Fuente Wadakura","name:ja":"和田倉噴水公園","name:ja-Hira":"わだくらふんすいこうえん","name:ja-Latn":"Wadakura Funsui Kōen","operator":"環境省","wheelchair":"yes"},"geometry":{"type":"LineString","coordinates":[[139.76172,35.6834773],[139.7614982,35.6827385],[139.7605123,35.6829361],[139.7601955,35.6829996],[139.760168,35.6830661],[139.7603361,35.683562],[139.7603625,35.6836398],[139.7604965,35.684035],[139.7617351,35.6838509],[139.7617049,35.6837104],[139.7616868,35.683711],[139.7616748,35.683633],[139.7621317,35.6835507],[139.7621409,35.6835898],[139.7623823,35.6835409],[139.7623774,35.6835198],[139.7624371,35.6835084],[139.7624027,35.6834],[139.7621085,35.6834519],[139.7621154,35.6834813],[139.7616601,35.683561],[139.7616467,35.6835],[139.76172,35.6834773]]}},{"type":"Feature","id":647930457,"properties":{"highway":"secondary","lanes":"3","lit":"yes","name":"永代通り","name:en":"Eitai Street","name:es":"Calle Eitai","name:fr":"Rue Etai","name:ja":"永代通り","name:ja-Hira":"えいたいどおり","name:ja-Latn":"Eitai-dōri","official_name":"特例都道大手町湯島線","oneway":"yes","ref":"403","source":"Bing 2007-04","surface":"asphalt","wikidata":"Q11549878","wikimedia_commons":"Category:Eitai-dōri","wikipedia":"ja:永代通り"},"geometry":{"type":"LineString","coordinates":[[139.7613147,35.685735],[139.7614909,35.6856983],[139.7628965,35.6854058],[139.762946,35.6853955],[139.7630829,35.685367]]}},{"type":"Feature","id":661299592,"properties":{"colour":"#0079C2","electrified":"contact_line","frequency":"0","gauge":"1067","layer":"-2","maxspeed":"75","name":"都営地下鉄三田線","name:en":"Toei Mita Line","name:es":"Línea Toei Mita","name:ja":"都営地下鉄三田線","name:ko":"도에이 미타선","name:ru":"Линия метро Мита (муниципальная)","network":"都営地下鉄","oneway":"yes","operator":"東京都交通局","operator:en":"Bureau of Transportation, Tokyo Metropolitan Government","operator:ja":"東京都交通局","operator:ja_rm":"Tōkyō-to Kōtsū-kyoku","railway":"subway","railway:atc":"yes","railway:ato":"sto","tunnel":"yes","voltage":"1500"},"geometry":{"type":"LineString","coordinates":[[139.7629187,35.6848596],[139.7631242,35.6855913],[139.7635419,35.6870415],[139.763913,35.6882226],[139.7640954,35.6887873],[139.7641205,35.68893],[139.7641328,35.6890616],[139.7641301,35.6891914],[139.7641076,35.6893395],[139.7640723,35.689484],[139.764022,35.6896076],[139.7639457,35.6897567],[139.7638586,35.6898989],[139.7637587,35.6900166],[139.7636501,35.6901256],[139.7635088,35.6902409],[139.7633675,35.6903353],[139.7632078,35.6904189],[139.7630416,35.6904938],[139.7627003,35.6906336],[139.7623736,35.6907704],[139.7620349,35.6909136],[139.76172,35.6910725],[139.7614204,35.6912474],[139.7611012,35.6914422],[139.7605287,35.6917847],[139.7602156,35.6919741],[139.7599192,35.6921538],[139.7593077,35.6925165],[139.7591655,35.6926156],[139.7590247,35.6927267],[139.7588007,35.6929587],[139.7586438,35.6932451],[139.7585902,35.6933748],[139.7585365,35.6935926],[139.758476,35.6938658]]}},{"type":"Feature","id":663031652,"properties":{"colour":"#00BB85","electrified":"contact_line","frequency":"0","gauge":"1067","layer":"-2","maxspeed":"65","name":"東京メトロ千代田線","name:en":"Tokyo Metro Chiyoda Line","name:es":"Línea Chiyoda de Tokyo Metro","name:ja":"東京メトロ千代田線","name:ja-Hira":"とうきょうめとろちよだせん","name:ja-Latn":"Tōkyō Metoro Chiyoda Sen","name:ko":"도쿄메트로 치요다선","name:ru":"Линия метро Тиёда","oneway":"yes","operator":"東京地下鉄","operator:en":"Tokyo Metro","operator:ja":"東京地下鉄","operator:ja_rm":"Tōkyō Chikatetsu","railway":"subway","railway:atc":"yes","railway:ato":"sto","source":"GSI/KIBAN 2500;NARO","subway":"yes","tunnel":"yes","voltage":"1500"},"geometry":{"type":"LineString","coordinates":[[139.7619387,35.6813136],[139.762036,35.6815929],[139.7622812,35.6822128],[139.7624968,35.6827918],[139.76261,35.6830822],[139.7627104,35.6833827],[139.7630175,35.6844808],[139.7630961,35.6848264],[139.76319,35.6853484],[139.7632202,35.6855057]]}},{"type":"Feature","id":691006258,"properties":{"area":"yes","highway":"pedestrian"},"geometry":{"type":"LineString","coordinates":[[139.7624085,35.6834241],[139.7624147,35.6834495],[139.7624371,35.6835084],[139.7623774,35.6835198],[139.7623823,35.6835409],[139.7621409,35.6835898],[139.7621317,35.6835507],[139.7616748,35.683633],[139.7616668,35.6835945],[139.7616601,35.683561],[139.7621154,35.6834813],[139.7621085,35.6834519],[139.7624027,35.6834],[139.7624085,35.6834241]]}},{"type":"Feature","id":847193642,"properties":{"colour":"#00BB85","electrified":"contact_line","frequency":"0","gauge":"1067","layer":"-2","maxspeed":"65","name":"東京メトロ千代田線","name:en":"Tokyo Metro Chiyoda Line","name:es":"Línea Chiyoda de Tokyo Metro","name:ja":"東京メトロ千代田線","name:ja-Hira":"とうきょうめとろちよだせん","name:ja-Latn":"Tōkyō Metoro Chiyoda Sen","name:ko":"도쿄메트로 치요다선","name:ru":"Линия метро Тиёда","oneway":"yes","operator":"東京地下鉄","operator:en":"Tokyo Metro","operator:ja":"東京地下鉄","operator:ja_rm":"Tōkyō Chikatetsu","railway":"subway","railway:atc":"yes","railway:ato":"sto","source":"GSI/KIBAN 2500;NARO","subway":"yes","tunnel":"yes","voltage":"1500"},"geometry":{"type":"LineString","coordinates":[[139.7633422,35.6854771],[139.7629661,35.6841251],[139.7627457,35.6833292],[139.7626719,35.6831116],[139.7623285,35.6822086],[139.7621473,35.6815702],[139.762069,35.681291]]}},{"type":"Feature","id":862542327,"properties":{"colour":"#0079C2","electrified":"contact_line","frequency":"0","gauge":"1067","layer":"-2","maxspeed":"75","name":"都営地下鉄三田線","name:en":"Toei Mita Line","name:es":"Línea Toei Mita","name:ja":"都営地下鉄三田線","name:ko":"도에이 미타선","name:ru":"Линия метро Мита (муниципальная)","network":"都営地下鉄","oneway":"yes","operator":"東京都交通局","operator:en":"Bureau of Transportation, Tokyo Metropolitan Government","operator:ja":"東京都交通局","operator:ja_rm":"Tōkyō-to Kōtsū-kyoku","railway":"subway","railway:atc":"yes","railway:ato":"sto","tunnel":"yes","voltage":"1500"},"geometry":{"type":"LineString","coordinates":[[139.7585584,35.6938892],[139.7585969,35.6935828],[139.7586371,35.6933922],[139.7586854,35.6932528],[139.7588517,35.6929739],[139.7590609,35.6927583],[139.759195,35.692645],[139.7593465,35.6925415],[139.7599407,35.6921875],[139.7602558,35.6919958],[139.7605582,35.6918173],[139.7611309,35.6914746],[139.7614499,35.69128],[139.7617477,35.6911061],[139.7620596,35.6909488],[139.7623965,35.6908063],[139.7627229,35.6906696],[139.7630653,35.6905294],[139.7633818,35.6903805],[139.7636804,35.6901654],[139.7638948,35.689934],[139.7639874,35.6897906],[139.7640604,35.689655],[139.7640999,35.6895521],[139.7641377,35.6894321],[139.764163,35.6893028],[139.764178,35.6891668],[139.7641817,35.6890413],[139.7641687,35.6889209],[139.7641395,35.6887912],[139.7640008,35.6883486],[139.7639287,35.6881252],[139.7637913,35.6877035],[139.763704,35.6874253],[139.7633358,35.6861443],[139.7632762,35.6859188],[139.7632062,35.6856563],[139.7631603,35.685432],[139.7630959,35.6850816],[139.7630462,35.6848054]]}},{"type":"Feature","id":21957625,"properties":{"access":"yes","highway":"trunk","lanes":"3","lit":"yes","name":"永代通り","name:en":"Eitai Street","name:es":"Calle Eitai","name:fr":"Rue Etai","name:ja":"永代通り","name:ja-Hira":"えいたいどおり","name:ja-Latn":"Eitai-dōri","nat_name":"国道1号","nat_name:en":"National Highway Route 1","nat_name:ja":"国道1号","oneway":"yes","ref":"1;20","source":"Bing 2010","surface":"asphalt","wikidata":"Q11549878"},"geometry":{"type":"LineString","coordinates":[[139.7657432,35.6848263],[139.7659144,35.6847877],[139.7662817,35.6847024],[139.767337,35.6844689],[139.7673977,35.6844554],[139.767679,35.684397]]}},{"type":"Feature","id":23578870,"properties":{"highway":"secondary","lanes":"4","lit":"yes","maxspeed":"40","maxspeed:type":"sign","name":"錦町有楽町線","name:en":"Nishikicho-Yurakucho Line","name:fr":"Route Nishikichō-Yūrakuchō","name:ja":"錦町有楽町線","name:ja-Hira":"にしきちょうゆうらくちょうせん","name:ja-Latn":"Nishikichō Yūrakuchō sen","official_name":"特例都道錦町有楽町線","official_name:fr":"Route préfectorale 402 de Tokyo","ref":"402","surface":"asphalt","wikidata":"Q11103003"},"geometry":{"type":"LineString","coordinates":[[139.7661882,35.6865425],[139.766174,35.6864799],[139.7661514,35.6863856],[139.7660682,35.6859969],[139.7660547,35.6859352],[139.7658998,35.685298],[139.7658503,35.6851135],[139.7658009,35.6849726],[139.7657833,35.6849224],[139.7657432,35.6848263]]}},{"type":"Feature","id":23874669,"properties":{"building":"commercial","building:levels":"25","name":"大手町野村ビル","name:en":"Otemachi Nomura Building","name:es":"Otemachi Nomura","name:yue":"大手町野村大廈","name:zh":"大手町野村大厦","wikidata":"Q11435569","wikimedia_commons":"Category:Ōtemachi Nomura Building"},"geometry":{"type":"LineString","coordinates":[[139.7659339,35.6849108],[139.7663469,35.6848484],[139.7664548,35.6856137],[139.7661193,35.6856601],[139.7659339,35.6849108]]}},{"type":"Feature","id":59262030,"properties":{"foot":"no","highway":"secondary","lanes":"7","name":"丸の内室町線","name:en":"Marunouchi-Muromachi Line","name:fr":"Route Marunouchi-Muromachi","name:ja":"丸の内室町線","name:ja-Hira":"まるのうちむろまちせん","name:ja-Latn":"Marunouchi Muromachi sen","official_name":"特例都道丸の内室町線","ref":"407","surface":"asphalt"},"geometry":{"type":"LineString","coordinates":[[139.765084,35.6829592],[139.7652513,35.6828041],[139.7656197,35.6827188],[139.7657144,35.6826989]]}},{"type":"Feature","id":59262032,"properties":{"highway":"secondary","lanes":"4","lit":"yes","name":"錦町有楽町線","name:en":"Nishikicho-Yurakucho Line","name:fr":"Route Nishikichō-Yūrakuchō","name:ja":"錦町有楽町線","name:ja-Hira":"にしきちょうゆうらくちょうせん","name:ja-Latn":"Nishikichō Yūrakuchō sen","official_name":"特例都道錦町有楽町線","official_name:fr":"Route préfectorale 402 de Tokyo","ref":"402","surface":"asphalt","wikidata":"Q11103003"},"geometry":{"type":"LineString","coordinates":[[139.7657169,35.6847633],[139.7656902,35.6846992]]}},{"type":"Feature","id":59262033,"properties":{"highway":"secondary","lanes":"4","lit":"yes","name":"錦町有楽町線","name:en":"Nishikicho-Yurakucho Line","name:fr":"Route Nishikichō-Yūrakuchō","name:ja":"錦町有楽町線","name:ja-Hira":"にしきちょうゆうらくちょうせん","name:ja-Latn":"Nishikichō Yūrakuchō sen","official_name":"特例都道錦町有楽町線","official_name:fr":"Route préfectorale 402 de Tokyo","ref":"402","surface":"asphalt","wikidata":"Q11103003"},"geometry":{"type":"LineString","coordinates":[[139.7657432,35.6848263],[139.7657169,35.6847633]]}},{"type":"Feature","id":92403739,"properties":{"highway":"unclassified","oneway":"yes","source":"GSImaps/ort","surface":"asphalt"},"geometry":{"type":"LineString","coordinates":[[139.7635173,35.6862592],[139.7636333,35.6862475],[139.7647918,35.6861224],[139.7659474,35.6860031],[139.7660682,35.6859969]]}},{"type":"Feature","id":92403864,"properties":{"highway":"trunk","lit":"yes","name":"永代通り","name:en":"Eitai Street","name:es":"Calle Eitai","name:fr":"Rue Etai","name:ja":"永代通り","name:ja-Hira":"えいたいどおり","name:ja-Latn":"Eitai-dōri","nat_name":"国道1号","nat_name:en":"National Highway Route 1","nat_name:ja":"国道1号","oneway":"yes","ref":"1;20","source":"Bing 2010","source:name":"photograph","surface":"paved","wikidata":"Q11549878"},"geometry":{"type":"LineString","coordinates":[[139.7630829,35.685367],[139.7632332,35.6853402]]}},{"type":"Feature","id":145394395,"properties":{"addr:city":"千代田区","addr:postcode":"100-0005","building":"commercial","building:height":"14","building:levels":"15","height":"6","name":"郵船ビル","name:en":"Yusen Building","name:es":"Yusen Building","name:ko":"유센빌딩","name:zh":"郵船大樓","source":"Bing,2007-04","wikidata":"Q11643367","wikimedia_commons":"Category:Yusen Building (Marunouchi)"},"geometry":{"type":"LineString","coordinates":[[139.7622162,35.681419],[139.7622401,35.6814926],[139.762315,35.6817226],[139.7623312,35.6817725],[139.7623865,35.6817976],[139.7631932,35.681622],[139.763224,35.681581],[139.7632053,35.6815235],[139.7631341,35.6813044],[139.7631091,35.6812274],[139.7622162,35.681419]]}},{"type":"Feature","id":145397129,"properties":{"building":"commercial","building:levels":"38","height":"185","name":"大手町タワー","name:en":"Otemachi Tower","name:es":"Otemachi Tower","name:ko":"오테마치 타워","source":"Bing,2007-04","wikidata":"Q11524377","wikimedia_commons":"Category:Ōtemachi Tower","wikipedia":"ja:大手町タワー"},"geometry":{"type":"LineString","coordinates":[[139.7652623,35.6860148],[139.7658572,35.6858999],[139.7655948,35.6850063],[139.7653364,35.6850549],[139.7650187,35.6851147],[139.765175,35.6856162],[139.7651401,35.6856216],[139.7652623,35.6860148]]}},{"type":"Feature","id":145397141,"properties":{"building":"yes","height":"19","source":"Bing,2007-04"},"geometry":{"type":"LineString","coordinates":[[139.7645435,35.6855313],[139.7646932,35.6855017],[139.7646076,35.6852165],[139.7644579,35.6852461],[139.7645435,35.6855313]]}},{"type":"Feature","id":145397144,"properties":{"building":"office","height":"100","name":"大手センタービル","name:en":"Ote Center Building","name:es":"Ote Center Building","name:ko":"오테마치 센터빌딩","roof:shape":"flat","source":"Bing,2007-04","wikidata":"Q11435538","wikipedia":"ja:大手センタービル"},"geometry":{"type":"LineString","coordinates":[[139.762626,35.6862483],[139.7629607,35.6861772],[139.7627721,35.6855913],[139.7624374,35.6856624],[139.762626,35.6862483]]}},{"type":"Feature","id":145397151,"properties":{"addr:postcode":"100-0004","building":"commercial","building:levels":"9","height":"32","name":"大手町ビルヂング","name:en":"Otemachi Building","name:es":"Edificio Otemachi","name:ja":"大手町ビルヂング","source":"Bing,2007-04","wikidata":"Q11435565","wikimedia_commons":"Category:Ōtemachi Building","wikipedia":"ja:大手町ビル"},"geometry":{"type":"LineString","coordinates":[[139.7639169,35.6867842],[139.7659456,35.6864526],[139.7659778,35.6864114],[139.7658858,35.6860592],[139.7655658,35.6860952],[139.7655913,35.6861936],[139.7640775,35.6864364],[139.7640329,35.6862677],[139.7637491,35.6862996],[139.76386,35.6867546],[139.7639169,35.6867842]]}},{"type":"Feature","id":145405913,"properties":{"highway":"residential","lit":"yes","name":"丸の内仲通り","name:en":"Marunouchi-Naka Street","name:fr":"Avenue Naka de Marunouchi","name:ja-Hira":"まるのうち なかどおり","name:ja-Latn":"Marunouchi-naka-dōri","source":"Bing,2007-04","surface":"asphalt"},"geometry":{"type":"LineString","coordinates":[[139.7644658,35.6849555],[139.7644441,35.6848901],[139.7639436,35.6833624],[139.7639159,35.6832763],[139.7638898,35.6831954],[139.7635907,35.6822814],[139.7635777,35.6822416],[139.7635414,35.682132]]}},{"type":"Feature","id":145405917,"properties":{"cycleway":"shared_lane","highway":"tertiary","lanes":"2","lit":"yes","name":"丸の内 1st","name:en":"Marunouchi 1st Street","name:fr":"Marunouchi 1","source":"Bing,2007-04","surface":"asphalt"},"geometry":{"type":"LineString","coordinates":[[139.7627144,35.6835273],[139.7628261,35.6835041],[139.7628859,35.6834915],[139.7638336,35.6832925],[139.7639159,35.6832763],[139.7639963,35.6832593],[139.7643712,35.6831773],[139.7646863,35.6831083],[139.764965,35.6830473],[139.765084,35.6829592]]}},{"type":"Feature","id":145405919,"properties":{"foot":"no","highway":"secondary","lanes":"4","name":"行幸通り","name:en":"Gyōkō Street","name:es":"Calle Gyōkō","name:fr":"Rue Gyōkō","name:ja":"行幸通り","name:ja-Hira":"ぎょうこうどおり","name:ja-Latn":"Gyōkō-dōri","name:zh":"行幸通","oneway":"yes","ref":"404","source":"Bing,2007-04","surface":"asphalt","wikidata":"Q11103006","wikipedia":"ja:東京都道404号皇居前東京停車場線"},"geometry":{"type":"LineString","coordinates":[[139.7646024,35.6815023],[139.7643972,35.6815451],[139.7635633,35.6817186],[139.763497,35.6817324],[139.7634149,35.6817502],[139.7633184,35.6817709],[139.7625091,35.6819406],[139.7624407,35.6819547],[139.7622229,35.6819999],[139.7620817,35.6820319]]}},{"type":"Feature","id":286703470,"properties":{"foot":"no","highway":"secondary","lanes":"3","name":"丸の内室町線","name:en":"Marunouchi-Muromachi Line","name:fr":"Route Marunouchi-Muromachi","name:ja":"丸の内室町線","name:ja-Hira":"まるのうちむろまちせん","name:ja-Latn":"Marunouchi Muromachi sen","official_name":"特例都道丸の内室町線","oneway":"yes","ref":"407","sidewalk:left":"separate","sidewalk:right":"no","surface":"asphalt"},"geometry":{"type":"LineString","coordinates":[[139.7676845,35.6842658],[139.767634,35.6841456],[139.7671364,35.6831899],[139.7670764,35.6830934],[139.7670408,35.6830484],[139.7669988,35.6830142],[139.7668836,35.6829463],[139.7662535,35.6826538],[139.7662075,35.6826326],[139.7661203,35.6826068],[139.7660528,35.6825992],[139.7659829,35.6826015],[139.7659099,35.6826132]]}},{"type":"Feature","id":286703474,"properties":{"foot":"no","highway":"secondary","lit":"yes","name":"錦町有楽町線","name:en":"Nishikichō-Yūrakuchō Line","name:fr":"Route Nishikichō-Yūrakuchō","name:ja":"錦町有楽町線","name:ja-Hira":"にしきまち ゆうらくちょうせん","name:ja-Latn":"Nishikichō Yūrakuchō sen","official_name":"特例都道錦町有楽町線","ref":"402","surface":"asphalt"},"geometry":{"type":"LineString","coordinates":[[139.765084,35.6829592],[139.7650042,35.682705],[139.7647779,35.6820203],[139.7647663,35.6819851],[139.7647284,35.6818702],[139.7646644,35.6816857],[139.7646024,35.6815023]]}},{"type":"Feature","id":286703486,"properties":{"access":"yes","cycleway:left":"shared_lane","highway":"trunk","lit":"yes","name":"永代通り","name:en":"Eitai Street","name:es":"Calle Eitai","name:fr":"Rue Etai","name:ja":"永代通り","name:ja-Hira":"えいたいどおり","name:ja-Latn":"Eitai-dōri","nat_name":"国道1号","nat_name:en":"National Highway Route 1","nat_name:ja":"国道1号","oneway":"yes","ref":"1;20","source":"Bing 2010","surface":"asphalt","wikidata":"Q11549878"},"geometry":{"type":"LineString","coordinates":[[139.7656902,35.6846992],[139.7655343,35.6847339],[139.7647256,35.6849017],[139.7645914,35.6849296],[139.7644658,35.6849555],[139.7634061,35.6851868],[139.7633335,35.6852026],[139.7632034,35.685231]]}},{"type":"Feature","id":287006577,"properties":{"cycleway":"shared_lane","highway":"secondary","lanes":"4","lit":"yes","maxspeed":"40","maxspeed:type":"sign","name":"錦町有楽町線","name:en":"Nishikicho-Yurakucho Line","name:fr":"Route Nishikichō-Yūrakuchō","name:ja":"錦町有楽町線","name:ja-Hira":"にしきちょうゆうらくちょうせん","name:ja-Latn":"Nishikichō Yūrakuchō sen","official_name":"特例都道錦町有楽町線","official_name:fr":"Route préfectorale 402 de Tokyo","ref":"402","surface":"asphalt","wikidata":"Q11103003"},"geometry":{"type":"LineString","coordinates":[[139.7656902,35.6846992],[139.765644,35.6845883],[139.765625,35.6845367],[139.7655176,35.6842481],[139.7652216,35.6833647]]}},{"type":"Feature","id":287006578,"properties":{"foot":"no","highway":"secondary","lanes":"3","name":"丸の内室町線","name:en":"Marunouchi-Muromachi Line","name:fr":"Route Marunouchi-Muromachi","name:ja":"丸の内室町線","name:ja-Hira":"まるのうちむろまちせん","name:ja-Latn":"Marunouchi Muromachi sen","official_name":"特例都道丸の内室町線","oneway":"yes","ref":"407","sidewalk:left":"separate","sidewalk:right":"no","surface":"asphalt"},"geometry":{"type":"LineString","coordinates":[[139.766198,35.6827706],[139.7668158,35.6830465],[139.766892,35.6830891],[139.7669628,35.6831528],[139.7669949,35.6831923],[139.7670301,35.6832401],[139.76705,35.683267],[139.7674759,35.6841324],[139.7675004,35.6841823],[139.7675572,35.6842978]]}},{"type":"Feature","id":287723219,"properties":{"addr:block_number":"4","addr:city":"千代田区","addr:country":"JP","addr:housenumber":"1","addr:neighbourhood":"丸の内一丁目","addr:postcode":"100-0005","addr:province":"東京都","building":"commercial","building:levels":"27","building:levels:underground":"4","height":"150","name":"丸の内永楽ビルディング","name:en":"Marunochi Eiraku Building","name:ko":"마루노우치 에이라쿠 빌딩","roof:shape":"flat","wikidata":"Q21019611","wikipedia":"ja:丸の内永楽ビルディング"},"geometry":{"type":"LineString","coordinates":[[139.7646414,35.6847549],[139.7644241,35.6841017],[139.7651769,35.6839365],[139.7653942,35.6845897],[139.7646414,35.6847549]]}},{"type":"Feature","id":287835293,"properties":{"building":"office","height":"123"},"geometry":{"type":"LineString","coordinates":[[139.7661635,35.6838788],[139.7664806,35.6838066],[139.7666596,35.6843356],[139.7663466,35.68441],[139.7661635,35.6838788]]}},{"type":"Feature","id":342448186,"properties":{"highway":"service","service":"driveway"},"geometry":{"type":"LineString","coordinates":[[139.7627798,35.684304],[139.762726,35.6843168],[139.7626895,35.6843255],[139.7626739,35.684333],[139.7626494,35.6843448],[139.7626339,35.68437],[139.7626339,35.6843938],[139.7626761,35.6845666],[139.7626787,35.6845772],[139.7626723,35.6845943]]}},{"type":"Feature","id":345027512,"properties":{"building":"commercial","building:levels":"23","name":"大手町ファーストスクエアウェストタワー","name:en":"Otemachi 1st Square West Tower","name:es":"Otemachi First Square Torre Oeste","name:ko":"오테마치 퍼스트스퀘어웨스트 타워"},"geometry":{"type":"LineString","coordinates":[[139.7640722,35.6855027],[139.7640216,35.6853374],[139.7635315,35.6854391],[139.7634719,35.685514],[139.7636028,35.6859116],[139.7638159,35.6858627],[139.7640722,35.6855027]]}},{"type":"Feature","id":345027603,"properties":{"building":"commercial","building:levels":"23","name":"大手町ファーストスクエアイーストタワー","name:en":"Otemachi 1st Square East Tower","name:es":"Otemachi First Square Torre Este","name:ko":"오테마치 퍼스트스퀘어웨스트 타워"},"geometry":{"type":"LineString","coordinates":[[139.7642364,35.6855876],[139.7639817,35.6859454],[139.7640346,35.6861197],[139.764504,35.6860198],[139.7645655,35.6859264],[139.764443,35.6855438],[139.7642364,35.6855876]]}},{"type":"Feature","id":363563583,"properties":{"addr:block_number":"8","addr:city":"千代田区","addr:housenumber":"6,19","addr:neighbourhood":"一丁目","addr:province":"東京都","addr:quarter":"丸の内","building":"commercial","building:levels":"29","height":"150","name":"三井住友銀行東館"},"geometry":{"type":"LineString","coordinates":[[139.7631807,35.6844275],[139.7633294,35.684949],[139.7634138,35.6849331],[139.7634256,35.6849745],[139.7639853,35.6848691],[139.7639174,35.684631],[139.7638652,35.6846408],[139.7638192,35.6844793],[139.7635942,35.6845216],[139.7635496,35.684365],[139.7634721,35.6843795],[139.7634658,35.6843573],[139.7632546,35.684397],[139.7632591,35.6844127],[139.7631807,35.6844275]]}},{"type":"Feature","id":477949436,"properties":{"highway":"service","oneway":"yes"},"geometry":{"type":"LineString","coordinates":[[139.7647629,35.6811529],[139.7647712,35.6811755],[139.7647849,35.6811939],[139.7647974,35.6812059],[139.7648146,35.6812135],[139.7648395,35.6812162],[139.764877,35.6812079],[139.7650677,35.6811658],[139.7650892,35.6811557],[139.7651063,35.681141],[139.7651179,35.6811258]]}},{"type":"Feature","id":550672442,"properties":{"area":"yes","highway":"pedestrian","lit":"yes","surface":"paving_stones"},"geometry":{"type":"LineString","coordinates":[[139.7661815,35.6820242],[139.7661497,35.6820305],[139.7660882,35.682008],[139.7660468,35.6818863],[139.7661167,35.6818712],[139.7660722,35.6817532],[139.7660056,35.6817689],[139.7659591,35.6816452],[139.7660239,35.6816313],[139.7660124,35.6815994],[139.7659647,35.6816092],[139.765961,35.6815987],[139.7659573,35.6815882],[139.7660051,35.6815777],[139.7659837,35.6815133],[139.7659754,35.6815211],[139.7658834,35.6816034],[139.7658723,35.6816207],[139.7658732,35.6818158],[139.7656982,35.6818572],[139.7657385,35.6818829],[139.7657699,35.6819333],[139.7658105,35.6819258],[139.7658681,35.6821005],[139.7659311,35.6822913],[139.7658959,35.6823],[139.7659039,35.6823292],[139.7658923,35.6823489],[139.7658929,35.6823696],[139.7659215,35.682466],[139.7659495,35.6825033],[139.7660003,35.6825293],[139.7662103,35.6825649],[139.7663262,35.6826179],[139.7663407,35.6825965],[139.7663339,35.6825806],[139.7662141,35.6825245],[139.7660559,35.682456],[139.765956,35.6821981],[139.7660295,35.6820813],[139.7660682,35.6820167],[139.7661732,35.68206],[139.7661886,35.682043],[139.7661815,35.6820242]]}},{"type":"Feature","id":558521992,"properties":{"leisure":"park","name":"OOTEMORI","name:en":"Otemori","name:es":"Otemori","wheelchair":"yes","wikidata":"Q112255588"},"geometry":{"type":"LineString","coordinates":[[139.7657679,35.6859927],[139.7655685,35.6849814],[139.7646372,35.6851882],[139.7648361,35.6860821],[139.7657679,35.6859927]]}},{"type":"Feature","id":561609377,"properties":{"building":"yes","layer":"1","name":"東京駅M10出入口"},"geometry":{"type":"LineString","coordinates":[[139.7652577,35.6830422],[139.7653,35.6829814],[139.7653175,35.6829553],[139.7652651,35.6829315],[139.7652053,35.6830184],[139.7652324,35.6830306],[139.7652577,35.6830422]]}},{"type":"Feature","id":576323822,"properties":{"amenity":"police","building":"yes","name":"丸の内警察署和田倉門外交番","name:en":"Koban","note":"National-Land Numerical Information (Public Facility) 2006, MLIT Japan","note:ja":"国土数値情報（公共施設データ）平成19年　国土交通省","source":"KSJ2","source_ref":"http://nlftp.mlit.go.jp/ksj/jpgis/datalist/KsjTmplt-P02-v2_0.html","wheelchair":"limited"},"geometry":{"type":"LineString","coordinates":[[139.7623932,35.6835248],[139.7624263,35.6836383],[139.7624707,35.6836297],[139.7624376,35.6835162],[139.7623932,35.6835248]]}},{"type":"Feature","id":601267951,"properties":{"foot":"no","highway":"service","lanes":"2","oneway":"yes","psv":"yes","surface":"concrete"},"geometry":{"type":"LineString","coordinates":[[139.7655611,35.6824126],[139.7656617,35.6823935],[139.7657164,35.6823991],[139.765757,35.68243],[139.7657748,35.6824764],[139.7657824,35.6824972],[139.7658282,35.6826308]]}},{"type":"Feature","id":601267952,"properties":{"highway":"service","oneway":"yes","psv":"yes","surface":"concrete"},"geometry":{"type":"LineString","coordinates":[[139.7657865,35.682156],[139.7657195,35.6819594],[139.7656873,35.6819245],[139.7656377,35.6819032],[139.76557,35.6819016],[139.7655183,35.6819093],[139.7651441,35.6819903],[139.765111,35.6820067],[139.7650858,35.6820263],[139.7650677,35.6820486],[139.7650597,35.6820792],[139.7650637,35.6821129],[139.7650744,35.6821446],[139.7650972,35.6822132]]}},{"type":"Feature","id":612584708,"properties":{"leisure":"garden"},"geometry":{"type":"LineString","coordinates":[[139.7658394,35.6813544],[139.7658318,35.6813493],[139.7658225,35.6813454],[139.7658125,35.6813427],[139.7658022,35.6813414],[139.7657918,35.6813413],[139.7657815,35.6813426],[139.7657715,35.6813452],[139.7657621,35.6813489],[139.7657536,35.6813539],[139.7657461,35.6813598],[139.7657427,35.6813636],[139.7657417,35.6813684],[139.7657426,35.6813732],[139.7657455,35.6813775],[139.7657498,35.6813808],[139.7657552,35.6813818],[139.7657595,35.681381],[139.7657632,35.681379],[139.7657721,35.6813767],[139.7657813,35.681376],[139.7657906,35.681377],[139.7657993,35.6813798],[139.765807,35.681384],[139.765853,35.681493],[139.7658464,35.6814987],[139.7658385,35.6815033],[139.7658296,35.6815064],[139.7658202,35.681508],[139.7658105,35.681508],[139.7658033,35.6815093],[139.7658002,35.6815126],[139.7658013,35.6815187],[139.7658043,35.6815244],[139.7658089,35.6815292],[139.7658149,35.681533],[139.765822,35.6815353],[139.7658313,35.6815358],[139.7658406,35.681535],[139.7658496,35.6815329],[139.7658579,35.6815295],[139.765865,35.6815257],[139.7658715,35.6815214],[139.7658775,35.6815165],[139.7658828,35.6815112],[139.7658874,35.6815055],[139.7658913,35.6814994],[139.7658947,35.6814929],[139.7658852,35.6814691],[139.765871,35.6814729],[139.7658366,35.6813867],[139.7658508,35.681383],[139.7658394,35.6813544]]}},{"type":"Feature","id":657589859,"properties":{"highway":"secondary","lanes":"3","lit":"yes","name":"日比谷通り","name:en":"Hibiya Street","name:es":"Calle Hibiya","name:fr":"Rue Hibiya","name:ja-Hira":"ひびやどおり","name:ja-Latn":"Hibiya-dōri","official_name":"特例都道大手町湯島線","oneway":"yes","ref":"403","surface":"asphalt","wikidata":"Q11086791"},"geometry":{"type":"LineString","coordinates":[[139.7632332,35.6853402],[139.7632034,35.685231]]}},{"type":"Feature","id":657589863,"properties":{"access":"yes","highway":"trunk","lit":"yes","name":"永代通り","name:en":"Eitai Street","name:es":"Calle Eitai","name:fr":"Rue Etai","name:ja":"永代通り","name:ja-Hira":"えいたいどおり","name:ja-Latn":"Eitai-dōri","nat_name":"国道1号","nat_name:en":"National Highway Route 1","nat_name:ja":"国道1号","oneway":"yes","ref":"1;20","source":"Bing 2010","source:name":"photograph","surface":"asphalt","wikidata":"Q11549878"},"geometry":{"type":"LineString","coordinates":[[139.7632332,35.6853402],[139.7633692,35.685313],[139.764456,35.6850927],[139.7645319,35.6850773],[139.7646317,35.6850567],[139.7655121,35.6848746],[139.7655851,35.6848595],[139.7657432,35.6848263]]}},{"type":"Feature","id":661041768,"properties":{"building":"roof"},"geometry":{"type":"LineString","coordinates":[[139.7643937,35.6820464],[139.7643907,35.6820371],[139.7644597,35.6820221],[139.7644627,35.6820314],[139.7643937,35.6820464]]}},{"type":"Feature","id":661041769,"properties":{"building":"roof","layer":"1"},"geometry":{"type":"LineString","coordinates":[[139.7642009,35.6814884],[139.7641978,35.6814791],[139.7642668,35.6814641],[139.7642698,35.6814734],[139.7642009,35.6814884]]}},{"type":"Feature","id":661299594,"properties":{"area":"yes","bench":"yes","layer":"-2","level":"-2","lit":"yes","network":"都営地下鉄","operator":"東京都交通局","operator:en":"Bureau of Transportation, Tokyo Metropolitan Government","public_transport":"platform","railway":"platform","ref":"1","subway":"yes","surface":"asphalt","tunnel":"yes"},"geometry":{"type":"LineString","coordinates":[[139.7625971,35.6834126],[139.7625466,35.6834271],[139.7626413,35.6837632],[139.7627133,35.6840208],[139.7627493,35.6841472],[139.7629226,35.6848226],[139.7629332,35.6848611],[139.7629889,35.6848526],[139.7625971,35.6834126]]}},{"type":"Feature","id":661299595,"properties":{"area":"yes","bench":"yes","layer":"-2","level":"-2","lit":"yes","network":"都営地下鉄","operator":"東京都交通局","operator:en":"Bureau of Transportation, Tokyo Metropolitan Government","public_transport":"platform","railway":"platform","ref":"2","subway":"yes","surface":"asphalt","tunnel":"yes","wheelchair":"limited"},"geometry":{"type":"LineString","coordinates":[[139.7629889,35.6848526],[139.7625971,35.6834126],[139.7626452,35.683406],[139.7627385,35.6837454],[139.7628075,35.6840082],[139.7628456,35.6841316],[139.763019,35.6848024],[139.7630287,35.6848437],[139.7629889,35.6848526]]}},{"type":"Feature","id":661300620,"properties":{"bench":"no","layer":"-3","level":"-2","lit":"yes","network":"東京メトロ","operator":"東京地下鉄","operator:en":"Bureau of Transportation, Tokyo Metropolitan Government","public_transport":"platform","railway":"platform","ref":"3","subway":"yes","surface":"asphalt","tunnel":"yes"},"geometry":{"type":"LineString","coordinates":[[139.7648485,35.6849554],[139.7648756,35.6849633],[139.7648958,35.6849598],[139.7654421,35.6848406],[139.7669597,35.6845094],[139.7673785,35.684418],[139.7675255,35.6843854],[139.7675438,35.6843649]]}},{"type":"Feature","id":661300621,"properties":{"bench":"no","layer":"-3","level":"-2","lit":"yes","network":"東京メトロ","operator":"東京地下鉄","operator:en":"Bureau of Transportation, Tokyo Metropolitan Government","public_transport":"platform","railway":"platform","ref":"4","subway":"yes","surface":"asphalt","tunnel":"yes"},"geometry":{"type":"LineString","coordinates":[[139.7648485,35.6849554],[139.7648659,35.6849328],[139.7648852,35.6849271],[139.765432,35.6848106],[139.7669489,35.6844822],[139.7673706,35.6843888],[139.7675167,35.6843564],[139.7675438,35.6843649]]}},{"type":"Feature","id":661610697,"properties":{"bench":"yes","layer":"-2","level":"-2","lit":"yes","name":"東京","name:en":"Tokyo","name:es":"Tokio","network":"東京メトロ丸ノ内線","operator":"東京地下鉄","public_transport":"platform","railway":"platform_edge","ref":"2","subway":"yes","surface":"asphalt","tunnel":"yes"},"geometry":{"type":"LineString","coordinates":[[139.764889,35.6814482],[139.7648631,35.6814526],[139.7648521,35.6814545],[139.7649681,35.6823794],[139.7650039,35.6823784]]}},{"type":"Feature","id":661610698,"properties":{"bench":"yes","layer":"-2","level":"-2","lit":"yes","name":"東京","name:en":"Tokyo","name:es":"Tokio","network":"東京メトロ丸ノ内線","operator":"東京地下鉄","public_transport":"platform","railway":"platform_edge","ref":"1","subway":"yes","surface":"asphalt","tunnel":"yes"},"geometry":{"type":"LineString","coordinates":[[139.764889,35.6814482],[139.7649202,35.6814528],[139.7649268,35.6814538],[139.7650428,35.6823764],[139.7650039,35.6823784]]}},{"type":"Feature","id":671121860,"properties":{"bench":"yes","layer":"-2","level":"-2","lit":"yes","network":"東京メトロ","operator":"東京地下鉄","operator:en":"Bureau of Transportation, Tokyo Metropolitan Government","public_transport":"platform","railway":"platform","ref":"5","subway":"yes","surface":"asphalt","tunnel":"yes"},"geometry":{"type":"LineString","coordinates":[[139.7632765,35.6854594],[139.7633174,35.6854518],[139.7634627,35.6859771],[139.7635414,35.6862485],[139.7636654,35.6866899],[139.7637559,35.6870502],[139.7638353,35.6873595],[139.7638101,35.6873698]]}},{"type":"Feature","id":671121861,"properties":{"bench":"yes","layer":"-2","level":"-2","lit":"yes","network":"東京メトロ","operator":"東京地下鉄","operator:en":"Bureau of Transportation, Tokyo Metropolitan Government","public_transport":"platform","railway":"platform","ref":"6","subway":"yes","surface":"asphalt","tunnel":"yes"},"geometry":{"type":"LineString","coordinates":[[139.7632765,35.6854594],[139.7632441,35.6854683],[139.7633818,35.6859915],[139.7634485,35.6862686],[139.7635772,35.6867104],[139.7636707,35.6870657],[139.7637808,35.6873746],[139.7638101,35.6873698]]}},{"type":"Feature","id":671121865,"properties":{"colour":"#00BB85","electrified":"contact_line","frequency":"0","gauge":"1067","layer":"-2","maxspeed":"80","name":"東京メトロ千代田線","name:en":"Tokyo Metro Chiyoda Line","name:es":"Línea Chiyoda de Tokyo Metro","name:ja":"東京メトロ千代田線","name:ja-Hira":"とうきょうめとろちよだせん","name:ja-Latn":"Tōkyō Metoro Chiyoda Sen","name:ko":"도쿄메트로 치요다선","name:ru":"Линия метро Тиёда","oneway":"yes","operator":"東京地下鉄","operator:en":"Tokyo Metro","operator:ja":"東京地下鉄","operator:ja_rm":"Tōkyō Chikatetsu","railway":"subway","railway:atc":"yes","railway:ato":"sto","source":"GSI/KIBAN 2500;NARO","subway":"yes","tunnel":"yes","voltage":"1500"},"geometry":{"type":"LineString","coordinates":[[139.763862,35.6873679],[139.7638281,35.6872194],[139.7637092,35.6867502],[139.7633422,35.6854771]]}},{"type":"Feature","id":671122283,"properties":{"colour":"#00BB85","electrified":"contact_line","frequency":"0","gauge":"1067","layer":"-2","maxspeed":"80","name":"東京メトロ千代田線","name:en":"Tokyo Metro Chiyoda Line","name:es":"Línea Chiyoda de Tokyo Metro","name:ja":"東京メトロ千代田線","name:ja-Hira":"とうきょうめとろちよだせん","name:ja-Latn":"Tōkyō Metoro Chiyoda Sen","name:ko":"도쿄메트로 치요다선","name:ru":"Линия метро Тиёда","oneway":"yes","operator":"東京地下鉄","operator:en":"Tokyo Metro","operator:ja":"東京地下鉄","operator:ja_rm":"Tōkyō Chikatetsu","railway":"subway","railway:atc":"yes","railway:ato":"sto","source":"GSI/KIBAN 2500;NARO","subway":"yes","tunnel":"yes","voltage":"1500"},"geometry":{"type":"LineString","coordinates":[[139.7632202,35.6855057],[139.7632728,35.6857114],[139.7633178,35.6858893],[139.7633699,35.6860778],[139.7634239,35.6862612],[139.763575,35.6867813],[139.7637529,35.6873943]]}},{"type":"Feature","id":671124468,"properties":{"leaf_type":"broadleaved","natural":"tree_row"},"geometry":{"type":"LineString","coordinates":[[139.7630132,35.685691],[139.7631523,35.6861524]]}},{"type":"Feature","id":759433002,"properties":{"electrified":"contact_line","frequency":"0","gauge":"1067","layer":"-5","maxspeed":"100","name":"総武本線","name:de":"Sōbu-Hauptlinie","name:en":"Sōbu Main Line","name:es":"Línea Sōbu","name:fr":"Ligne principale Sōbu","name:it":"Linea principale Sōbu","name:ja":"総武本線","name:ja-Hira":"そうぶほんせん","name:ja-Latn":"Sōbu-honsen","name:ko":"소부 본선","name:ru":"Линия Собу (Скорая)","name:zh":"总武本线","name:zh-Hans":"总武本线","name:zh-Hant":"總武本線","operator":"東日本旅客鉄道","operator:en":"East Japan Railway Company","operator:ja":"東日本旅客鉄道","operator:ja-Latn":"Higashi-Nihon Ryokaku Tetsudō","railway":"rail","tunnel":"yes","usage":"main","voltage":"1500"},"geometry":{"type":"LineString","coordinates":[[139.7654809,35.6818453],[139.7668911,35.6832467],[139.7670033,35.6833725]]}},{"type":"Feature","id":851527408,"properties":{"electrified":"contact_line","frequency":"0","gauge":"1067","layer":"-5","maxspeed":"100","name":"総武本線","name:de":"Sōbu-Hauptlinie","name:en":"Sōbu Main Line","name:es":"Línea Sōbu","name:fr":"Ligne principale Sōbu","name:it":"Linea principale Sōbu","name:ja":"総武本線","name:ja-Hira":"そうぶほんせん","name:ja-Latn":"Sōbu-honsen","name:ko":"소부 본선","name:ru":"Линия Собу (Скорая)","name:zh":"总武本线","name:zh-Hans":"总武本线","name:zh-Hant":"總武本線","operator":"東日本旅客鉄道","operator:en":"East Japan Railway Company","operator:ja":"東日本旅客鉄道","operator:ja-Latn":"Higashi-Nihon Ryokaku Tetsudō","railway":"rail","tunnel":"yes","tunnel:name":"総武トンネル","tunnel:name:en":"Soba Tunnel","tunnel:name:es":"Túnel Sobu","usage":"main","voltage":"1500"},"geometry":{"type":"LineString","coordinates":[[139.7671573,35.6834857],[139.7670699,35.6833381],[139.7669792,35.6832003],[139.7668858,35.6830681],[139.7667769,35.6829348],[139.7656838,35.6817904]]}},{"type":"Feature","id":878611927,"properties":{"building":"commercial","building:levels":"7","height":"36","name":"銀行会館","name:en":"Tokyo Ginko Kyokai Building","name:es":"Tokyo Ginko Kyokai Building","name:ko":"도쿄은행협회 빌딩","name:yue":"東京銀行協會大廈","name:zh":"东京银行协会大厦","source":"Bing,2007-04","wikidata":"Q7813885","wikimedia_commons":"Category:Tokyo Bankers Association Building","wikipedia":"en:Tokyo Ginko Kyokai Building"},"geometry":{"type":"LineString","coordinates":[[139.7634131,35.6841992],[139.763416,35.6842084],[139.7630902,35.6842764],[139.7629212,35.6837417],[139.7630263,35.6837198],[139.7629943,35.6836186],[139.7632149,35.6835725],[139.7634131,35.6841992]]}},{"type":"Feature","id":878611928,"properties":{"addr:block_number":"3","addr:city":"千代田区","addr:housenumber":"1","addr:neighbourhood":"1丁目","addr:province":"東京都","addr:quarter":"丸の内","building":"commercial","building:levels":"29","height":"149.7","name":"みずほ丸の内タワー","name:ko":"미즈호 마루노우치 타워","wikidata":"Q166621","wikipedia":"en:Mizuho Financial Group"},"geometry":{"type":"LineString","coordinates":[[139.7638534,35.6834374],[139.7632149,35.6835725],[139.7634131,35.6841992],[139.7640537,35.6840642],[139.7638534,35.6834374]]}},{"type":"Feature","id":878611929,"properties":{"building":"commercial","building:levels":"10","height":"57","name":"丸の内テラス"},"geometry":{"type":"LineString","coordinates":[[139.7636142,35.6842579],[139.7640756,35.6841538],[139.7642512,35.6846671],[139.7641159,35.6846976],[139.7640724,35.6845705],[139.7640213,35.684582],[139.7639402,35.6843449],[139.7636652,35.684407],[139.7636142,35.6842579]]}},{"type":"Feature","id":958537532,"properties":{"highway":"service","oneway":"yes","psv":"yes","surface":"concrete"},"geometry":{"type":"LineString","coordinates":[[139.7651629,35.6823995],[139.7651871,35.6824648],[139.7652126,35.6824877],[139.7652539,35.6824957],[139.7652909,35.682492],[139.7654961,35.6824449]]}},{"type":"Feature","id":958539571,"properties":{"cycleway":"shared_lane","highway":"tertiary","lanes":"2","lit":"yes","name":"丸の内 1st","name:en":"Marunouchi 1st Street","name:fr":"Marunouchi 1","source":"Bing,2007-04","surface":"paved"},"geometry":{"type":"LineString","coordinates":[[139.7625706,35.6835564],[139.7627144,35.6835273]]}},{"type":"Feature","id":958539572,"properties":{"access":"yes","highway":"trunk","lanes":"3","lit":"yes","name":"日比谷通り","name:en":"Hibiya Street","name:es":"Calle Hibiya","name:fr":"Rue Hibiya","name:ja-Hira":"ひびやどおり","name:ja-Latn":"Hibiya-dōri","nat_name":"国道1号","nat_name:en":"National Highway Route 1","nat_name:ja":"国道1号","oneway":"yes","ref":"1;20","source":"Bing 2010","surface":"paved","wikidata":"Q11086791"},"geometry":{"type":"LineString","coordinates":[[139.7625706,35.6835564],[139.7626111,35.6836863],[139.7627798,35.684304],[139.7628457,35.6845366],[139.7628757,35.6846427],[139.7630058,35.6851023],[139.7630164,35.6851396],[139.7630531,35.6852637]]}},{"type":"Feature","id":958539573,"properties":{"access":"yes","highway":"trunk","lanes":"3","lit":"yes","name":"日比谷通り","name:en":"Hibiya Street","name:es":"Calle Hibiya","name:fr":"Rue Hibiya","name:ja-Hira":"ひびやどおり","name:ja-Latn":"Hibiya-dōri","nat_name":"国道1号","nat_name:en":"National Highway Route 1","nat_name:ja":"国道1号","oneway":"yes","ref":"1;20","source":"Bing 2010","surface":"paved","wikidata":"Q11086791"},"geometry":{"type":"LineString","coordinates":[[139.7632034,35.685231],[139.763171,35.6851112],[139.7627663,35.6836985],[139.7627544,35.6836569],[139.7627144,35.6835273]]}},{"type":"Feature","id":958539574,"properties":{"foot":"no","highway":"secondary","lanes":"4","name":"丸の内室町線","name:en":"Marunouchi-Muromachi Line","name:fr":"Route Marunouchi-Muromachi","name:ja":"丸の内室町線","name:ja-Hira":"まるのうちむろまちせん","name:ja-Latn":"Marunouchi Muromachi sen","official_name":"特例都道丸の内室町線","oneway":"yes","ref":"407","surface":"asphalt"},"geometry":{"type":"LineString","coordinates":[[139.7657144,35.6826989],[139.7658371,35.6827572],[139.7659894,35.682728]]}},{"type":"Feature","id":958539575,"properties":{"foot":"no","highway":"secondary","lanes":"3","name":"丸の内室町線","name:en":"Marunouchi-Muromachi Line","name:fr":"Route Marunouchi-Muromachi","name:ja":"丸の内室町線","name:ja-Hira":"まるのうちむろまちせん","name:ja-Latn":"Marunouchi Muromachi sen","official_name":"特例都道丸の内室町線","oneway":"yes","ref":"407","surface":"asphalt"},"geometry":{"type":"LineString","coordinates":[[139.7658282,35.6826308],[139.7657144,35.6826989]]}},{"type":"Feature","id":958539576,"properties":{"foot":"no","highway":"service","oneway":"yes","surface":"concrete"},"geometry":{"type":"LineString","coordinates":[[139.7658282,35.6826308],[139.7659894,35.682728]]}},{"type":"Feature","id":958539577,"properties":{"foot":"no","highway":"service","oneway":"yes","psv":"yes","surface":"concrete"},"geometry":{"type":"LineString","coordinates":[[139.7659099,35.6826132],[139.7658663,35.6824784],[139.7658125,35.6822572],[139.7657865,35.682156]]}},{"type":"Feature","id":958539578,"properties":{"highway":"service","oneway":"yes","surface":"paving_stones"},"geometry":{"type":"LineString","coordinates":[[139.7651502,35.6823636],[139.7657261,35.6822335],[139.7657865,35.682156]]}},{"type":"Feature","id":958705066,"properties":{"foot":"no","highway":"service","lanes":"2","oneway":"yes","psv":"yes","surface":"concrete"},"geometry":{"type":"LineString","coordinates":[[139.7659894,35.682728],[139.7659099,35.6826132]]}},{"type":"Feature","id":958705067,"properties":{"foot":"no","highway":"secondary","lanes":"3","name":"丸の内室町線","name:en":"Marunouchi-Muromachi Line","name:fr":"Route Marunouchi-Muromachi","name:ja":"丸の内室町線","name:ja-Hira":"まるのうちむろまちせん","name:ja-Latn":"Marunouchi Muromachi sen","official_name":"特例都道丸の内室町線","oneway":"yes","ref":"407","surface":"asphalt"},"geometry":{"type":"LineString","coordinates":[[139.7659099,35.6826132],[139.7658282,35.6826308]]}},{"type":"Feature","id":974064479,"properties":{"access":"yes","highway":"trunk","lanes":"3","lit":"yes","name":"永代通り","name:en":"Eitai Street","name:es":"Calle Eitai","name:fr":"Rue Etai","name:ja":"永代通り","name:ja-Hira":"えいたいどおり","name:ja-Latn":"Eitai-dōri","nat_name":"国道1号","nat_name:en":"National Highway Route 1","nat_name:ja":"国道1号","oneway":"yes","ref":"1;20","source":"Bing 2010","surface":"asphalt","wikidata":"Q11549878"},"geometry":{"type":"LineString","coordinates":[[139.7675572,35.6842978],[139.7673611,35.6843463],[139.7659368,35.6846488],[139.7658664,35.6846638],[139.7656902,35.6846992]]}},{"type":"Feature","id":1015163334,"properties":{"highway":"service","oneway":"yes","psv":"yes","surface":"concrete"},"geometry":{"type":"LineString","coordinates":[[139.7650972,35.6822132],[139.7651016,35.6822256],[139.7651502,35.6823636],[139.7651629,35.6823995]]}},{"type":"Feature","id":1063070441,"properties":{"admin_level":"2","highway":"secondary","lit":"yes","name":"永代通り","name:en":"Eitai Street","name:es":"Calle Eitai","name:fr":"Rue Etai","name:ja":"永代通り","name:ja-Hira":"えいたいどおり","name:ja-Latn":"Eitai-dōri","official_name":"特例都道大手町湯島線","oneway":"yes","ref":"403","source":"photograph;Bing 2010","surface":"asphalt","wikidata":"Q11549878"},"geometry":{"type":"LineString","coordinates":[[139.7632034,35.685231],[139.7630531,35.6852637]]}},{"type":"Feature","id":1063070442,"properties":{"access":"yes","highway":"trunk","lanes":"3","lit":"yes","name":"日比谷通り","name:en":"Hibiya Street","name:es":"Calle Hibiya","name:fr":"Rue Hibiya","name:ja-Hira":"ひびやどおり","name:ja-Latn":"Hibiya-dōri","nat_name":"国道1号","nat_name:en":"National Highway Route 1","nat_name:ja":"国道1号","oneway":"yes","ref":"1;20","source":"Bing 2010","surface":"paved","wikidata":"Q11086791"},"geometry":{"type":"LineString","coordinates":[[139.7630531,35.6852637],[139.7630829,35.685367]]}},{"type":"Feature","id":1158744675,"properties":{"building":"roof","layer":"1"},"geometry":{"type":"LineString","coordinates":[[139.7625173,35.6824902],[139.7625257,35.6824782],[139.7625346,35.682469],[139.7625451,35.6824607],[139.7625606,35.6824538],[139.7625536,35.6824369],[139.7625395,35.6824427],[139.7625268,35.6824512],[139.7625159,35.682461],[139.762505,35.6824741],[139.7624993,35.6824833],[139.7625086,35.6824868],[139.7625173,35.6824902]]}},{"type":"Feature","id":1158744676,"properties":{"building":"roof","layer":"1"},"geometry":{"type":"LineString","coordinates":[[139.7626731,35.6824322],[139.7626655,35.6824109],[139.7627399,35.6823935],[139.7627475,35.6824148],[139.7626731,35.6824322]]}},{"type":"Feature","id":1158744680,"properties":{"building":"roof","layer":"1"},"geometry":{"type":"LineString","coordinates":[[139.7628141,35.6833659],[139.7627949,35.6833034],[139.7627814,35.6833061],[139.76277,35.6833084],[139.7627892,35.6833709],[139.7628141,35.6833659]]}},{"type":"Feature","id":1189281015,"properties":{"highway":"pedestrian"},"geometry":{"type":"LineString","coordinates":[[139.7621325,35.6813539],[139.7621772,35.681344],[139.7630838,35.6811422],[139.7631274,35.6811325]]}},{"type":"Feature","id":1245149970,"properties":{"highway":"service","oneway":"yes"},"geometry":{"type":"LineString","coordinates":[[139.7655611,35.6824126],[139.7656818,35.682349],[139.7657537,35.6823329],[139.7658125,35.6822572]]}},{"type":"Feature","id":1304672755,"properties":{"area":"yes","highway":"pedestrian"},"geometry":{"type":"LineString","coordinates":[[139.7657542,35.6825403],[139.7657403,35.6825066],[139.7657305,35.6824938],[139.7656953,35.6824664],[139.7656451,35.682461],[139.7655365,35.6824817],[139.7655402,35.6824952],[139.7654159,35.6825238],[139.7654114,35.6825108],[139.7652841,35.6825362],[139.7652299,35.6825334],[139.7651863,35.6825149],[139.7651528,35.6824884],[139.7651339,35.6824597],[139.7651237,35.6824255],[139.7651056,35.6824283],[139.7650703,35.6823294],[139.7650886,35.6823258],[139.7650578,35.6822347],[139.7650423,35.6822375],[139.7650055,35.6821372],[139.765021,35.6821338],[139.7650011,35.6820722],[139.765,35.6820477],[139.7650091,35.6820216],[139.7650297,35.6819935],[139.764927,35.6820112],[139.7651392,35.6826478],[139.7651107,35.6826538],[139.7651179,35.6826768],[139.7651331,35.6826963],[139.7651546,35.6827102],[139.7651846,35.6827203],[139.7652152,35.682721],[139.7652329,35.6827185],[139.765224,35.6826926],[139.7656994,35.6825869],[139.7657211,35.6825998],[139.7657395,35.68258],[139.7657501,35.6825633],[139.7657542,35.6825403]]}},{"type":"Feature","id":1304672756,"properties":{"leisure":"garden"},"geometry":{"type":"LineString","coordinates":[[139.7653139,35.6819843],[139.7652126,35.6820086],[139.7651704,35.6820237],[139.7651371,35.6820496],[139.7651207,35.682084],[139.7651173,35.6821186],[139.7651268,35.6821503],[139.7651458,35.6821679],[139.7651748,35.6821708],[139.7652189,35.6821592],[139.7652393,35.6821362],[139.7652421,35.682107],[139.7652465,35.6820702],[139.76526,35.682027],[139.7652856,35.682001],[139.7653139,35.6819843]]}},{"type":"Feature","id":1304672757,"properties":{"leisure":"garden"},"geometry":{"type":"LineString","coordinates":[[139.7653684,35.6819723],[139.7654902,35.6819447],[139.7655177,35.6820354],[139.7655,35.6820387],[139.7654844,35.6820126],[139.7654494,35.6819861],[139.7654187,35.6819753],[139.7653684,35.6819723]]}},{"type":"Feature","id":1304672758,"properties":{"highway":"service"},"geometry":{"type":"LineString","coordinates":[[139.7651016,35.6822256],[139.7652498,35.6821885],[139.7652695,35.6821617],[139.7652753,35.6821417],[139.7652675,35.6820921],[139.7652776,35.6820507],[139.7652884,35.6820282],[139.7653099,35.6820126],[139.7653332,35.6820043],[139.7653823,35.6819946],[139.7654164,35.6819962],[139.7654516,35.682011],[139.7654832,35.6820379],[139.7654943,35.6820678],[139.7654885,35.6821063],[139.7654714,35.6821318],[139.7654522,35.6821516],[139.7654194,35.682168],[139.7653767,35.6821722]]}},{"type":"Feature","id":1304672759,"properties":{"leisure":"garden"},"geometry":{"type":"LineString","coordinates":[[139.765257,35.6824224],[139.7657317,35.6823149],[139.7657321,35.6823213],[139.7655268,35.6823684],[139.7654354,35.6824127],[139.7654092,35.6824205],[139.7653059,35.6824435],[139.7652786,35.6824398],[139.7652638,35.6824332],[139.765257,35.6824224]]}},{"type":"Feature","id":1304672760,"properties":{"leisure":"garden"},"geometry":{"type":"LineString","coordinates":[[139.7657777,35.6823498],[139.7657316,35.6823565],[139.7657453,35.6823665],[139.765764,35.6823782],[139.7657824,35.6823994],[139.7658144,35.6824869],[139.7658229,35.682485],[139.7657777,35.6823498]]}},{"type":"Feature","id":1304672761,"properties":{"natural":"grassland"},"geometry":{"type":"LineString","coordinates":[[139.7657211,35.6825998],[139.7656994,35.6825869],[139.765224,35.6826926],[139.7652329,35.6827185],[139.7656989,35.6826121],[139.7657211,35.6825998]]}},{"type":"Feature","id":1304672762,"properties":{"building":"roof"},"geometry":{"type":"LineString","coordinates":[[139.7657699,35.6819333],[139.7658105,35.6819258],[139.7658681,35.6821005],[139.7659311,35.6822913],[139.7658959,35.6823],[139.7657699,35.6819333]]}},{"type":"Feature","id":1304672763,"properties":{"building":"roof","layer":"1","ref":"6"},"geometry":{"type":"LineString","coordinates":[[139.7655365,35.6824817],[139.7655402,35.6824952],[139.7654159,35.6825238],[139.7654114,35.6825108],[139.7655365,35.6824817]]}},{"type":"Feature","id":1304672764,"properties":{"building":"roof","layer":"1","ref":"5"},"geometry":{"type":"LineString","coordinates":[[139.7650703,35.6823294],[139.7650886,35.6823258],[139.7651237,35.6824255],[139.7651056,35.6824283],[139.7650703,35.6823294]]}},{"type":"Feature","id":1304672765,"properties":{"building":"roof","layer":"1","ref":"4"},"geometry":{"type":"LineString","coordinates":[[139.765021,35.6821338],[139.7650055,35.6821372],[139.7650423,35.6822375],[139.7650578,35.6822347],[139.765021,35.6821338]]}},{"type":"Feature","id":1304672769,"properties":{"building":"yes"},"geometry":{"type":"LineString","coordinates":[[139.7654158,35.6821436],[139.7654378,35.6821298],[139.7654529,35.6821109],[139.7654593,35.682089],[139.7654562,35.6820666],[139.7654441,35.6820463],[139.7654244,35.6820305],[139.7653992,35.682021],[139.7653733,35.6820188],[139.7653479,35.6820234],[139.7653255,35.6820342],[139.7653085,35.6820502],[139.7652986,35.6820697],[139.7652967,35.6820908],[139.7653031,35.6821113],[139.7653171,35.6821291],[139.7653374,35.6821424],[139.7653617,35.6821498],[139.7653894,35.6821505],[139.7654158,35.6821436]]}},{"type":"Feature","id":1304672772,"properties":{"building":"yes"},"geometry":{"type":"LineString","coordinates":[[139.7652179,35.6811644],[139.7652857,35.6811497],[139.7652771,35.6811318],[139.7652122,35.6811471],[139.7652179,35.6811644]]}},{"type":"Feature","id":1304672775,"properties":{"area":"yes","highway":"pedestrian","lit":"yes","surface":"paving_stones"},"geometry":{"type":"LineString","coordinates":[[139.7644537,35.6818602],[139.7645327,35.6818456],[139.7645186,35.6817992],[139.7645573,35.6817888],[139.7645043,35.6816239],[139.7644663,35.6816317],[139.7644497,35.6815886],[139.7644427,35.6815871],[139.7644125,35.6815937],[139.7643764,35.6816017],[139.7643874,35.6816508],[139.7635735,35.6818301],[139.7635603,35.6817905],[139.7633138,35.6818427],[139.7633266,35.6818841],[139.7625126,35.6820658],[139.7624985,35.6820233],[139.7624348,35.6820364],[139.7624473,35.6820739],[139.7624044,35.682083],[139.7624573,35.6822487],[139.7625004,35.6822416],[139.7625136,35.6822794],[139.7625839,35.682272],[139.76257,35.6822294],[139.7633825,35.6820534],[139.7633964,35.6820959],[139.7636432,35.6820379],[139.7636304,35.6819995],[139.7644409,35.6818217],[139.7644537,35.6818602]]}},{"type":"Feature","id":1308390743,"properties":{"area":"yes","highway":"pedestrian"},"geometry":{"type":"LineString","coordinates":[[139.7659975,35.6826489],[139.7660172,35.6826437],[139.7660595,35.6826451],[139.7661224,35.6826523],[139.7662047,35.6826819],[139.7662029,35.6827098],[139.7661408,35.6826979],[139.7660653,35.6826913],[139.7660298,35.6826875],[139.7660002,35.6826695],[139.7659916,35.682659],[139.7659975,35.6826489]]}},{"type":"Feature","id":1337245159,"properties":{"building":"yes","name":"東京駅M8出入口"},"geometry":{"type":"LineString","coordinates":[[139.7652527,35.6826374],[139.7652409,35.6825584],[139.7652841,35.6825541],[139.7652959,35.6826331],[139.7652705,35.6826356],[139.7652527,35.6826374]]}},{"type":"Feature","id":1340493087,"properties":{"highway":"service","service":"parking_aisle"},"geometry":{"type":"LineString","coordinates":[[139.7646863,35.6831083],[139.7646564,35.683037],[139.7645996,35.6828863],[139.7643681,35.6829362]]}},{"type":"Feature","id":1340493090,"properties":{"highway":"service","service":"parking_aisle"},"geometry":{"type":"LineString","coordinates":[[139.7643712,35.6831773],[139.7643915,35.683232],[139.7643972,35.6832476],[139.7644655,35.6834317]]}},{"type":"Feature","id":1340584964,"properties":{"highway":"service","oneway":"yes","psv":"yes","surface":"concrete"},"geometry":{"type":"LineString","coordinates":[[139.7654961,35.6824449],[139.7655611,35.6824126]]}},{"type":"Feature","id":1340584965,"properties":{"foot":"no","highway":"secondary","lanes":"2","name":"丸の内室町線","name:en":"Marunouchi-Muromachi Line","name:fr":"Route Marunouchi-Muromachi","name:ja":"丸の内室町線","name:ja-Hira":"まるのうちむろまちせん","name:ja-Latn":"Marunouchi Muromachi sen","official_name":"特例都道丸の内室町線","oneway":"yes","ref":"407","surface":"asphalt"},"geometry":{"type":"LineString","coordinates":[[139.7659894,35.682728],[139.7660424,35.6827253],[139.7660935,35.6827315],[139.7661455,35.682748],[139.766198,35.6827706]]}},{"type":"Feature","id":1352284906,"properties":{"colour":"#007AC0","electrified":"contact_line","frequency":"0","gauge":"1067","layer":"-5","maxspeed":"100","name":"総武本線","name:de":"Sōbu-Hauptlinie","name:en":"Sōbu Main Line","name:es":"Línea Sōbu","name:fr":"Ligne principale Sōbu","name:it":"Linea principale Sōbu","name:ja":"総武本線","name:ja-Hira":"そうぶほんせん","name:ja-Latn":"Sōbu-honsen","name:ko":"소부 본선","name:ru":"Линия Собу (Скорая)","name:zh":"总武本线","name:zh-Hans":"总武本线","name:zh-Hant":"總武本線","operator":"東日本旅客鉄道","operator:en":"East Japan Railway Company","operator:ja":"東日本旅客鉄道","operator:ja-Latn":"Higashi-Nihon Ryokaku Tetsudō","railway":"rail","service":"yard","tunnel":"yes","tunnel:name":"総武トンネル","tunnel:name:en":"Soba Tunnel","tunnel:name:es":"Túnel Sobu","voltage":"1500"},"geometry":{"type":"LineString","coordinates":[[139.7655658,35.6818223],[139.7667108,35.6829838],[139.7667546,35.6830307]]}},{"type":"Feature","id":1354198578,"properties":{"building":"yes","name":"東京駅M11出入口"},"geometry":{"type":"LineString","coordinates":[[139.7656049,35.6825277],[139.7656105,35.6825518],[139.7656738,35.6825375],[139.7656701,35.6825259],[139.7656666,35.6825147],[139.7656049,35.6825277]]}},{"type":"Feature","id":1367180788,"properties":{"colour":"#007AC0","electrified":"contact_line","frequency":"0","gauge":"1067","layer":"-5","maxspeed":"100","name":"総武本線","name:de":"Sōbu-Hauptlinie","name:en":"Sōbu Main Line","name:es":"Línea Sōbu","name:fr":"Ligne principale Sōbu","name:it":"Linea principale Sōbu","name:ja":"総武本線","name:ja-Hira":"そうぶほんせん","name:ja-Latn":"Sōbu-honsen","name:ko":"소부 본선","name:ru":"Линия Собу (Скорая)","name:zh":"总武本线","name:zh-Hans":"总武本线","name:zh-Hant":"總武本線","operator":"東日本旅客鉄道","operator:en":"East Japan Railway Company","operator:ja":"東日本旅客鉄道","operator:ja-Latn":"Higashi-Nihon Ryokaku Tetsudō","railway":"rail","service":"yard","tunnel":"yes","tunnel:name":"総武トンネル","tunnel:name:en":"Soba Tunnel","tunnel:name:es":"Túnel Sobu","voltage":"1500"},"geometry":{"type":"LineString","coordinates":[[139.7667745,35.6830184],[139.7667336,35.6829712],[139.7655998,35.6818131]]}},{"type":"Feature","id":1419636448,"properties":{"cycleway":"shared_lane","highway":"secondary","lane_markings":"yes","lit":"yes","maxspeed":"40","maxspeed:type":"sign","name":"錦町有楽町線","name:en":"Nishikichō-Yūrakuchō Line","name:fr":"Rue Nishikichō-Yūrakuchō","name:ja":"錦町有楽町線","name:ja-Hira":"にしきまち ゆうらくちょうせん","name:ja-Latn":"Nishikichō Yūrakuchō sen","official_name":"特例都道錦町有楽町線","ref":"402","surface":"asphalt"},"geometry":{"type":"LineString","coordinates":[[139.7652216,35.6833647],[139.7651372,35.6831127],[139.765084,35.6829592]]}},{"type":"Feature","id":1513898276,"properties":{"access:conditional":"no @ 08:00-20:00","highway":"residential","lit":"yes","name":"丸の内仲通り","name:en":"Marunouchi-Naka Street","name:fr":"Avenue Naka de Marunouchi","name:ja-Hira":"まるのうち なかどおり","name:ja-Latn":"Marunouchi-naka-dōri","source":"Bing,2007-04","surface":"asphalt"},"geometry":{"type":"LineString","coordinates":[[139.7645319,35.6850773],[139.7644658,35.6849555]]}},{"type":"Feature","id":23579065,"properties":{"cycleway:left":"shared_lane","highway":"secondary","lanes":"3","lit":"yes","maxspeed":"50","name":"日比谷通り","name:en":"Hibiya Street","name:es":"Calle Hibiya","name:fr":"Rue Hibiya","name:ja-Hira":"ひびやどおり","name:ja-Latn":"Hibiya-dōri","official_name":"特例都道大手町湯島線","oneway":"yes","ref":"403","surface":"asphalt","wikidata":"Q11086791"},"geometry":{"type":"LineString","coordinates":[[139.7642912,35.6891661],[139.764253,35.6890213],[139.7641889,35.6887789],[139.7640859,35.688385],[139.7640666,35.6883114],[139.7640365,35.6881966],[139.7640192,35.6881306],[139.7638833,35.6875548],[139.7637586,35.6870681],[139.7637489,35.6870303],[139.7637258,35.6869395],[139.7637085,35.6868799],[139.763682,35.6867941],[139.7635557,35.6863839],[139.7635173,35.6862592],[139.7632941,35.6855344],[139.7632815,35.6854936],[139.7632332,35.6853402]]}},{"type":"Feature","id":27085151,"properties":{"cycleway:left":"shared_lane","highway":"secondary","lanes":"3","lit":"yes","maxspeed":"50","name":"日比谷通り","name:en":"Hibiya Street","name:es":"Calle Hibiya","name:fr":"Rue Hibiya","name:ja-Hira":"ひびやどおり","name:ja-Latn":"Hibiya-dōri","official_name":"特例都道大手町湯島線","oneway":"yes","ref":"403","surface":"asphalt","wikidata":"Q11086791"},"geometry":{"type":"LineString","coordinates":[[139.7630829,35.685367],[139.7631264,35.6855187],[139.7633812,35.6862813],[139.7634451,35.6864515],[139.7634902,35.686621],[139.7635351,35.6867894],[139.763543,35.686819],[139.7635656,35.6869041],[139.763586,35.6869662],[139.7636072,35.6870538],[139.7637323,35.6875701],[139.7638702,35.6881488],[139.7638855,35.6882131],[139.7639187,35.6883368],[139.7640827,35.6889536],[139.7641326,35.689137],[139.7641463,35.6891953]]}},{"type":"Feature","id":661604131,"properties":{"colour":"#F62E36","electrified":"rail","frequency":"0","gauge":"1435","layer":"-2","maxspeed":"75","name":"東京メトロ丸ノ内線","name:en":"Tokyo Metro Marunouchi Line","name:es":"Línea Marunouchi de Tokyo Metro","name:ja":"東京メトロ丸ノ内線","name:ja-Hira":"とうきょうめとろまるのうちせん","name:ja_rm":"Tōkyō Metoro Marunouchi Sen","name:ko":"도쿄 메트로 마루노우치선","name:ru":"Линия метро Маруноути","name:zh":"東京地下鉄丸之內線","note":"National-Land Numerical Information (Railway) 2007, MLIT Japan","oneway":"yes","operator":"東京地下鉄","operator:en":"Tokyo Metro","operator:ja":"東京地下鉄","operator:ja_rm":"Tōkyō Chikatetsu","railway":"subway","railway:ato":"sto","railway:cbtc":"yes","source":"GSI/KIBAN 2500;NARO;BIng","tunnel":"yes","voltage":"600"},"geometry":{"type":"LineString","coordinates":[[139.7675589,35.6962001],[139.7674964,35.6956544],[139.7674957,35.6951281],[139.7674817,35.6941666],[139.7674721,35.6925796],[139.7674251,35.6919855],[139.7670691,35.6902937],[139.7670011,35.6900554],[139.7667925,35.6896219],[139.7666595,35.6893367],[139.7665379,35.6890834],[139.7665197,35.6889435],[139.7664663,35.6885985],[139.7664447,35.687606],[139.7662381,35.6867885],[139.7660884,35.6861197],[139.7658001,35.6850492],[139.7654215,35.6837808],[139.7652662,35.6833319],[139.765175,35.6830236],[139.7650708,35.6823744],[139.7650253,35.6820169],[139.7649464,35.6814243]]}}]}