{
 "type": "FeatureCollection",
 "features": [
  {
   "type": "Feature",
   "id": 1,
   "properties": {
    "highway": "primary",
    "name": "Mission St",
    "layer": "road"
   },
   "geometry": {
    "type": "LineString",
    "coordinates": [
     [
      -122.4294,
      37.764900000000004
     ],
     [
      -122.42849090909091,
      37.764900000000004
     ],
     [
      -122.42758181818182,
      37.764900000000004
     ],
     [
      -122.42667272727272,
      37.764900000000004
     ],
     [
      -122.42576363636363,
      37.764900000000004
     ],
     [
      -122.42485454545454,
      37.764900000000004
     ],
     [
      -122.42394545454545,
      37.764900000000004
     ],
     [
      -122.42303636363636,
      37.764900000000004
     ],
     [
      -122.42212727272727,
      37.764900000000004
     ],
     [
      -122.42121818181818,
      37.764900000000004
     ],
     [
      -122.42030909090909,
      37.764900000000004
     ],
     [
      -122.4194,
      37.764900000000004
     ],
     [
      -122.4184909090909,
      37.764900000000004
     ],
     [
      -122.41758181818182,
      37.764900000000004
     ],
     [
      -122.41667272727273,
      37.764900000000004
     ],
     [
      -122.41576363636364,
      37.764900000000004
     ],
     [
      -122.41485454545455,
      37.764900000000004
     ],
     [
      -122.41394545454546,
      37.764900000000004
     ],
     [
      -122.41303636363637,
      37.764900000000004
     ],
     [
      -122.41212727272728,
      37.764900000000004
     ],
     [
      -122.41121818181817,
      37.764900000000004
     ],
     [
      -122.41030909090908,
      37.764900000000004
     ],
     [
      -122.40939999999999,
      37.764900000000004
     ]
    ]
   }
  },
  {
   "type": "Feature",
   "id": 2,
   "properties": {
    "highway": "secondary",
    "name": "5th St",
    "layer": "road"
   },
   "geometry": {
    "type": "LineString",
    "coordinates": [
     [
      -122.4294,
      37.765809090909094
     ],
     [
      -122.42849090909091,
      37.765809090909094
     ],
     [
      -122.42758181818182,
      37.765809090909094
     ],
     [
      -122.42667272727272,
      37.765809090909094
     ],
     [
      -122.42576363636363,
      37.765809090909094
     ],
     [
      -122.42485454545454,
      37.765809090909094
     ],
     [
      -122.42394545454545,
      37.765809090909094
     ],
     [
      -122.42303636363636,
      37.765809090909094
     ],
     [
      -122.42212727272727,
      37.765809090909094
     ],
     [
      -122.42121818181818,
      37.765809090909094
     ],
     [
      -122.42030909090909,
      37.765809090909094
     ],
     [
      -122.4194,
      37.765809090909094
     ],
     [
      -122.4184909090909,
      37.765809090909094
     ],
     [
      -122.41758181818182,
      37.765809090909094
     ],
     [
      -122.41667272727273,
      37.765809090909094
     ],
     [
      -122.41576363636364,
      37.765809090909094
     ],
     [
      -122.41485454545455,
      37.765809090909094
     ],
     [
      -122.41394545454546,
      37.765809090909094
     ],
     [
      -122.41303636363637,
      37.765809090909094
     ],
     [
      -122.41212727272728,
      37.765809090909094
     ],
     [
      -122.41121818181817,
      37.765809090909094
     ],
     [
      -122.41030909090908,
      37.765809090909094
     ],
     [
      -122.40939999999999,
      37.765809090909094
     ]
    ]
   }
  },
  {
   "type": "Feature",
   "id": 3,
   "properties": {
    "highway": "secondary",
    "name": "Oak St",
    "layer": "road"
   },
   "geometry": {
    "type": "LineString",
    "coordinates": [
     [
      -122.4294,
      37.766718181818185
     ],
     [
      -122.42849090909091,
      37.766718181818185
     ],
     [
      -122.42758181818182,
      37.766718181818185
     ],
     [
      -122.42667272727272,
      37.766718181818185
     ],
     [
      -122.42576363636363,
      37.766718181818185
     ],
     [
      -122.42485454545454,
      37.766718181818185
     ],
     [
      -122.42394545454545,
      37.766718181818185
     ],
     [
      -122.42303636363636,
      37.766718181818185
     ],
     [
      -122.42212727272727,
      37.766718181818185
     ],
     [
      -122.42121818181818,
      37.766718181818185
     ],
     [
      -122.42030909090909,
      37.766718181818185
     ],
     [
      -122.4194,
      37.766718181818185
     ],
     [
      -122.4184909090909,
      37.766718181818185
     ],
     [
      -122.41758181818182,
      37.766718181818185
     ],
     [
      -122.41667272727273,
      37.766718181818185
     ],
     [
      -122.41576363636364,
      37.766718181818185
     ],
     [
      -122.41485454545455,
      37.766718181818185
     ],
     [
      -122.41394545454546,
      37.766718181818185
     ],
     [
      -122.41303636363637,
      37.766718181818185
     ],
     [
      -122.41212727272728,
      37.766718181818185
     ],
     [
      -122.41121818181817,
      37.766718181818185
     ],
     [
      -122.41030909090908,
      37.766718181818185
     ],
     [
      -122.40939999999999,
      37.766718181818185
     ]
    ]
   }
  },
  {
   "type": "Feature",
   "id": 4,
   "properties": {
    "highway": "secondary",
    "name": "Folsom St",
    "layer": "road"
   },
   "geometry": {
    "type": "LineString",
    "coordinates": [
     [
      -122.4294,
      37.767627272727275
     ],
     [
      -122.42849090909091,
      37.767627272727275
     ],
     [
      -122.42758181818182,
      37.767627272727275
     ],
     [
      -122.42667272727272,
      37.767627272727275
     ],
     [
      -122.42576363636363,
      37.767627272727275
     ],
     [
      -122.42485454545454,
      37.767627272727275
     ],
     [
      -122.42394545454545,
      37.767627272727275
     ],
     [
      -122.42303636363636,
      37.767627272727275
     ],
     [
      -122.42212727272727,
      37.767627272727275
     ],
     [
      -122.42121818181818,
      37.767627272727275
     ],
     [
      -122.42030909090909,
      37.767627272727275
     ],
     [
      -122.4194,
      37.767627272727275
     ],
     [
      -122.4184909090909,
      37.767627272727275
     ],
     [
      -122.41758181818182,
      37.767627272727275
     ],
     [
      -122.41667272727273,
      37.767627272727275
     ],
     [
      -122.41576363636364,
      37.767627272727275
     ],
     [
      -122.41485454545455,
      37.767627272727275
     ],
     [
      -122.41394545454546,
      37.767627272727275
     ],
     [
      -122.41303636363637,
      37.767627272727275
     ],
     [
      -122.41212727272728,
      37.767627272727275
     ],
     [
      -122.41121818181817,
      37.767627272727275
     ],
     [
      -122.41030909090908,
      37.767627272727275
     ],
     [
      -122.40939999999999,
      37.767627272727275
     ]
    ]
   }
  },
  {
   "type": "Feature",
   "id": 5,
   "properties": {
    "highway": "primary",
    "name": "Harrison St",
    "layer": "road"
   },
   "geometry": {
    "type": "LineString",
    "coordinates": [
     [
      -122.4294,
      37.768536363636365
     ],
     [
      -122.42849090909091,
      37.768536363636365
     ],
     [
      -122.42758181818182,
      37.768536363636365
     ],
     [
      -122.42667272727272,
      37.768536363636365
     ],
     [
      -122.42576363636363,
      37.768536363636365
     ],
     [
      -122.42485454545454,
      37.768536363636365
     ],
     [
      -122.42394545454545,
      37.768536363636365
     ],
     [
      -122.42303636363636,
      37.768536363636365
     ],
     [
      -122.42212727272727,
      37.768536363636365
     ],
     [
      -122.42121818181818,
      37.768536363636365
     ],
     [
      -122.42030909090909,
      37.768536363636365
     ],
     [
      -122.4194,
      37.768536363636365
     ],
     [
      -122.4184909090909,
      37.768536363636365
     ],
     [
      -122.41758181818182,
      37.768536363636365
     ],
     [
      -122.41667272727273,
      37.768536363636365
     ],
     [
      -122.41576363636364,
      37.768536363636365
     ],
     [
      -122.41485454545455,
      37.768536363636365
     ],
     [
      -122.41394545454546,
      37.768536363636365
     ],
     [
      -122.41303636363637,
      37.768536363636365
     ],
     [
      -122.41212727272728,
      37.768536363636365
     ],
     [
      -122.41121818181817,
      37.768536363636365
     ],
     [
      -122.41030909090908,
      37.768536363636365
     ],
     [
      -122.40939999999999,
      37.768536363636365
     ]
    ]
   }
  },
  {
   "type": "Feature",
   "id": 6,
   "properties": {
    "highway": "secondary",
    "name": "Bryant St",
    "layer": "road"
   },
   "geometry": {
    "type": "LineString",
    "coordinates": [
     [
      -122.4294,
      37.769445454545455
     ],
     [
      -122.42849090909091,
      37.769445454545455
     ],
     [
      -122.42758181818182,
      37.769445454545455
     ],
     [
      -122.42667272727272,
      37.769445454545455
     ],
     [
      -122.42576363636363,
      37.769445454545455
     ],
     [
      -122.42485454545454,
      37.769445454545455
     ],
     [
      -122.42394545454545,
      37.769445454545455
     ],
     [
      -122.42303636363636,
      37.769445454545455
     ],
     [
      -122.42212727272727,
      37.769445454545455
     ],
     [
      -122.42121818181818,
      37.769445454545455
     ],
     [
      -122.42030909090909,
      37.769445454545455
     ],
     [
      -122.4194,
      37.769445454545455
     ],
     [
      -122.4184909090909,
      37.769445454545455
     ],
     [
      -122.41758181818182,
      37.769445454545455
     ],
     [
      -122.41667272727273,
      37.769445454545455
     ],
     [
      -122.41576363636364,
      37.769445454545455
     ],
     [
      -122.41485454545455,
      37.769445454545455
     ],
     [
      -122.41394545454546,
      37.769445454545455
     ],
     [
      -122.41303636363637,
      37.769445454545455
     ],
     [
      -122.41212727272728,
      37.769445454545455
     ],
     [
      -122.41121818181817,
      37.769445454545455
     ],
     [
      -122.41030909090908,
      37.769445454545455
     ],
     [
      -122.40939999999999,
      37.769445454545455
     ]
    ]
   }
  },
  {
   "type": "Feature",
   "id": 7,
   "properties": {
    "highway": "secondary",
    "name": "Natoma St",
    "layer": "road"
   },
   "geometry": {
    "type": "LineString",
    "coordinates": [
     [
      -122.4294,
      37.770354545454545
     ],
     [
      -122.42849090909091,
      37.770354545454545
     ],
     [
      -122.42758181818182,
      37.770354545454545
     ],
     [
      -122.42667272727272,
      37.770354545454545
     ],
     [
      -122.42576363636363,
      37.770354545454545
     ],
     [
      -122.42485454545454,
      37.770354545454545
     ],
     [
      -122.42394545454545,
      37.770354545454545
     ],
     [
      -122.42303636363636,
      37.770354545454545
     ],
     [
      -122.42212727272727,
      37.770354545454545
     ],
     [
      -122.42121818181818,
      37.770354545454545
     ],
     [
      -122.42030909090909,
      37.770354545454545
     ],
     [
      -122.4194,
      37.770354545454545
     ],
     [
      -122.4184909090909,
      37.770354545454545
     ],
     [
      -122.41758181818182,
      37.770354545454545
     ],
     [
      -122.41667272727273,
      37.770354545454545
     ],
     [
      -122.41576363636364,
      37.770354545454545
     ],
     [
      -122.41485454545455,
      37.770354545454545
     ],
     [
      -122.41394545454546,
      37.770354545454545
     ],
     [
      -122.41303636363637,
      37.770354545454545
     ],
     [
      -122.41212727272728,
      37.770354545454545
     ],
     [
      -122.41121818181817,
      37.770354545454545
     ],
     [
      -122.41030909090908,
      37.770354545454545
     ],
     [
      -122.40939999999999,
      37.770354545454545
     ]
    ]
   }
  },
  {
   "type": "Feature",
   "id": 8,
   "properties": {
    "highway": "secondary",
    "name": "Townsend St",
    "layer": "road"
   },
   "geometry": {
    "type": "LineString",
    "coordinates": [
     [
      -122.4294,
      37.77126363636364
     ],
     [
      -122.42849090909091,
      37.77126363636364
     ],
     [
      -122.42758181818182,
      37.77126363636364
     ],
     [
      -122.42667272727272,
      37.77126363636364
     ],
     [
      -122.42576363636363,
      37.77126363636364
     ],
     [
      -122.42485454545454,
      37.77126363636364
     ],
     [
      -122.42394545454545,
      37.77126363636364
     ],
     [
      -122.42303636363636,
      37.77126363636364
     ],
     [
      -122.42212727272727,
      37.77126363636364
     ],
     [
      -122.42121818181818,
      37.77126363636364
     ],
     [
      -122.42030909090909,
      37.77126363636364
     ],
     [
      -122.4194,
      37.77126363636364
     ],
     [
      -122.4184909090909,
      37.77126363636364
     ],
     [
      -122.41758181818182,
      37.77126363636364
     ],
     [
      -122.41667272727273,
      37.77126363636364
     ],
     [
      -122.41576363636364,
      37.77126363636364
     ],
     [
      -122.41485454545455,
      37.77126363636364
     ],
     [
      -122.41394545454546,
      37.77126363636364
     ],
     [
      -122.41303636363637,
      37.77126363636364
     ],
     [
      -122.41212727272728,
      37.77126363636364
     ],
     [
      -122.41121818181817,
      37.77126363636364
     ],
     [
      -122.41030909090908,
      37.77126363636364
     ],
     [
      -122.40939999999999,
      37.77126363636364
     ]
    ]
   }
  },
  {
   "type": "Feature",
   "id": 9,
   "properties": {
    "highway": "primary",
    "name": "Mission St",
    "layer": "road"
   },
   "geometry": {
    "type": "LineString",
    "coordinates": [
     [
      -122.4294,
      37.77217272727273
     ],
     [
      -122.42849090909091,
      37.77217272727273
     ],
     [
      -122.42758181818182,
      37.77217272727273
     ],
     [
      -122.42667272727272,
      37.77217272727273
     ],
     [
      -122.42576363636363,
      37.77217272727273
     ],
     [
      -122.42485454545454,
      37.77217272727273
     ],
     [
      -122.42394545454545,
      37.77217272727273
     ],
     [
      -122.42303636363636,
      37.77217272727273
     ],
     [
      -122.42212727272727,
      37.77217272727273
     ],
     [
      -122.42121818181818,
      37.77217272727273
     ],
     [
      -122.42030909090909,
      37.77217272727273
     ],
     [
      -122.4194,
      37.77217272727273
     ],
     [
      -122.4184909090909,
      37.77217272727273
     ],
     [
      -122.41758181818182,
      37.77217272727273
     ],
     [
      -122.41667272727273,
      37.77217272727273
     ],
     [
      -122.41576363636364,
      37.77217272727273
     ],
     [
      -122.41485454545455,
      37.77217272727273
     ],
     [
      -122.41394545454546,
      37.77217272727273
     ],
     [
      -122.41303636363637,
      37.77217272727273
     ],
     [
      -122.41212727272728,
      37.77217272727273
     ],
     [
      -122.41121818181817,
      37.77217272727273
     ],
     [
      -122.41030909090908,
      37.77217272727273
     ],
     [
      -122.40939999999999,
      37.77217272727273
     ]
    ]
   }
  },
  {
   "type": "Feature",
   "id": 10,
   "properties": {
    "highway": "secondary",
    "name": "5th St",
    "layer": "road"
   },
   "geometry": {
    "type": "LineString",
    "coordinates": [
     [
      -122.4294,
      37.77308181818182
     ],
     [
      -122.42849090909091,
      37.77308181818182
     ],
     [
      -122.42758181818182,
      37.77308181818182
     ],
     [
      -122.42667272727272,
      37.77308181818182
     ],
     [
      -122.42576363636363,
      37.77308181818182
     ],
     [
      -122.42485454545454,
      37.77308181818182
     ],
     [
      -122.42394545454545,
      37.77308181818182
     ],
     [
      -122.42303636363636,
      37.77308181818182
     ],
     [
      -122.42212727272727,
      37.77308181818182
     ],
     [
      -122.42121818181818,
      37.77308181818182
     ],
     [
      -122.42030909090909,
      37.77308181818182
     ],
     [
      -122.4194,
      37.77308181818182
     ],
     [
      -122.4184909090909,
      37.77308181818182
     ],
     [
      -122.41758181818182,
      37.77308181818182
     ],
     [
      -122.41667272727273,
      37.77308181818182
     ],
     [
      -122.41576363636364,
      37.77308181818182
     ],
     [
      -122.41485454545455,
      37.77308181818182
     ],
     [
      -122.41394545454546,
      37.77308181818182
     ],
     [
      -122.41303636363637,
      37.77308181818182
     ],
     [
      -122.41212727272728,
      37.77308181818182
     ],
     [
      -122.41121818181817,
      37.77308181818182
     ],
     [
      -122.41030909090908,
      37.77308181818182
     ],
     [
      -122.40939999999999,
      37.77308181818182
     ]
    ]
   }
  },
  {
   "type": "Feature",
   "id": 11,
   "properties": {
    "highway": "secondary",
    "name": "Oak St",
    "layer": "road"
   },
   "geometry": {
    "type": "LineString",
    "coordinates": [
     [
      -122.4294,
      37.77399090909091
     ],
     [
      -122.42849090909091,
      37.77399090909091
     ],
     [
      -122.42758181818182,
      37.77399090909091
     ],
     [
      -122.42667272727272,
      37.77399090909091
     ],
     [
      -122.42576363636363,
      37.77399090909091
     ],
     [
      -122.42485454545454,
      37.77399090909091
     ],
     [
      -122.42394545454545,
      37.77399090909091
     ],
     [
      -122.42303636363636,
      37.77399090909091
     ],
     [
      -122.42212727272727,
      37.77399090909091
     ],
     [
      -122.42121818181818,
      37.77399090909091
     ],
     [
      -122.42030909090909,
      37.77399090909091
     ],
     [
      -122.4194,
      37.77399090909091
     ],
     [
      -122.4184909090909,
      37.77399090909091
     ],
     [
      -122.41758181818182,
      37.77399090909091
     ],
     [
      -122.41667272727273,
      37.77399090909091
     ],
     [
      -122.41576363636364,
      37.77399090909091
     ],
     [
      -122.41485454545455,
      37.77399090909091
     ],
     [
      -122.41394545454546,
      37.77399090909091
     ],
     [
      -122.41303636363637,
      37.77399090909091
     ],
     [
      -122.41212727272728,
      37.77399090909091
     ],
     [
      -122.41121818181817,
      37.77399090909091
     ],
     [
      -122.41030909090908,
      37.77399090909091
     ],
     [
      -122.40939999999999,
      37.77399090909091
     ]
    ]
   }
  },
  {
   "type": "Feature",
   "id": 12,
   "properties": {
    "highway": "secondary",
    "name": "Folsom St",
    "layer": "road"
   },
   "geometry": {
    "type": "LineString",
    "coordinates": [
     [
      -122.4294,
      37.7749
     ],
     [
      -122.42849090909091,
      37.7749
     ],
     [
      -122.42758181818182,
      37.7749
     ],
     [
      -122.42667272727272,
      37.7749
     ],
     [
      -122.42576363636363,
      37.7749
     ],
     [
      -122.42485454545454,
      37.7749
     ],
     [
      -122.42394545454545,
      37.7749
     ],
     [
      -122.42303636363636,
      37.7749
     ],
     [
      -122.42212727272727,
      37.7749
     ],
     [
      -122.42121818181818,
      37.7749
     ],
     [
      -122.42030909090909,
      37.7749
     ],
     [
      -122.4194,
      37.7749
     ],
     [
      -122.4184909090909,
      37.7749
     ],
     [
      -122.41758181818182,
      37.7749
     ],
     [
      -122.41667272727273,
      37.7749
     ],
     [
      -122.41576363636364,
      37.7749
     ],
     [
      -122.41485454545455,
      37.7749
     ],
     [
      -122.41394545454546,
      37.7749
     ],
     [
      -122.41303636363637,
      37.7749
     ],
     [
      -122.41212727272728,
      37.7749
     ],
     [
      -122.41121818181817,
      37.7749
     ],
     [
      -122.41030909090908,
      37.7749
     ],
     [
      -122.40939999999999,
      37.7749
     ]
    ]
   }
  },
  {
   "type": "Feature",
   "id": 13,
   "properties": {
    "highway": "primary",
    "name": "Harrison St",
    "layer": "road"
   },
   "geometry": {
    "type": "LineString",
    "coordinates": [
     [
      -122.4294,
      37.77580909090909
     ],
     [
      -122.42849090909091,
      37.77580909090909
     ],
     [
      -122.42758181818182,
      37.77580909090909
     ],
     [
      -122.42667272727272,
      37.77580909090909
     ],
     [
      -122.42576363636363,
      37.77580909090909
     ],
     [
      -122.42485454545454,
      37.77580909090909
     ],
     [
      -122.42394545454545,
      37.77580909090909
     ],
     [
      -122.42303636363636,
      37.77580909090909
     ],
     [
      -122.42212727272727,
      37.77580909090909
     ],
     [
      -122.42121818181818,
      37.77580909090909
     ],
     [
      -122.42030909090909,
      37.77580909090909
     ],
     [
      -122.4194,
      37.77580909090909
     ],
     [
      -122.4184909090909,
      37.77580909090909
     ],
     [
      -122.41758181818182,
      37.77580909090909
     ],
     [
      -122.41667272727273,
      37.77580909090909
     ],
     [
      -122.41576363636364,
      37.77580909090909
     ],
     [
      -122.41485454545455,
      37.77580909090909
     ],
     [
      -122.41394545454546,
      37.77580909090909
     ],
     [
      -122.41303636363637,
      37.77580909090909
     ],
     [
      -122.41212727272728,
      37.77580909090909
     ],
     [
      -122.41121818181817,
      37.77580909090909
     ],
     [
      -122.41030909090908,
      37.77580909090909
     ],
     [
      -122.40939999999999,
      37.77580909090909
     ]
    ]
   }
  },
  {
   "type": "Feature",
   "id": 14,
   "properties": {
    "highway": "secondary",
    "name": "Bryant St",
    "layer": "road"
   },
   "geometry": {
    "type": "LineString",
    "coordinates": [
     [
      -122.4294,
      37.77671818181818
     ],
     [
      -122.42849090909091,
      37.77671818181818
     ],
     [
      -122.42758181818182,
      37.77671818181818
     ],
     [
      -122.42667272727272,
      37.77671818181818
     ],
     [
      -122.42576363636363,
      37.77671818181818
     ],
     [
      -122.42485454545454,
      37.77671818181818
     ],
     [
      -122.42394545454545,
      37.77671818181818
     ],
     [
      -122.42303636363636,
      37.77671818181818
     ],
     [
      -122.42212727272727,
      37.77671818181818
     ],
     [
      -122.42121818181818,
      37.77671818181818
     ],
     [
      -122.42030909090909,
      37.77671818181818
     ],
     [
      -122.4194,
      37.77671818181818
     ],
     [
      -122.4184909090909,
      37.77671818181818
     ],
     [
      -122.41758181818182,
      37.77671818181818
     ],
     [
      -122.41667272727273,
      37.77671818181818
     ],
     [
      -122.41576363636364,
      37.77671818181818
     ],
     [
      -122.41485454545455,
      37.77671818181818
     ],
     [
      -122.41394545454546,
      37.77671818181818
     ],
     [
      -122.41303636363637,
      37.77671818181818
     ],
     [
      -122.41212727272728,
      37.77671818181818
     ],
     [
      -122.41121818181817,
      37.77671818181818
     ],
     [
      -122.41030909090908,
      37.77671818181818
     ],
     [
      -122.40939999999999,
      37.77671818181818
     ]
    ]
   }
  },
  {
   "type": "Feature",
   "id": 15,
   "properties": {
    "highway": "secondary",
    "name": "Natoma St",
    "layer": "road"
   },
   "geometry": {
    "type": "LineString",
    "coordinates": [
     [
      -122.4294,
      37.77762727272727
     ],
     [
      -122.42849090909091,
      37.77762727272727
     ],
     [
      -122.42758181818182,
      37.77762727272727
     ],
     [
      -122.42667272727272,
      37.77762727272727
     ],
     [
      -122.42576363636363,
      37.77762727272727
     ],
     [
      -122.42485454545454,
      37.77762727272727
     ],
     [
      -122.42394545454545,
      37.77762727272727
     ],
     [
      -122.42303636363636,
      37.77762727272727
     ],
     [
      -122.42212727272727,
      37.77762727272727
     ],
     [
      -122.42121818181818,
      37.77762727272727
     ],
     [
      -122.42030909090909,
      37.77762727272727
     ],
     [
      -122.4194,
      37.77762727272727
     ],
     [
      -122.4184909090909,
      37.77762727272727
     ],
     [
      -122.41758181818182,
      37.77762727272727
     ],
     [
      -122.41667272727273,
      37.77762727272727
     ],
     [
      -122.41576363636364,
      37.77762727272727
     ],
     [
      -122.41485454545455,
      37.77762727272727
     ],
     [
      -122.41394545454546,
      37.77762727272727
     ],
     [
      -122.41303636363637,
      37.77762727272727
     ],
     [
      -122.41212727272728,
      37.77762727272727
     ],
     [
      -122.41121818181817,
      37.77762727272727
     ],
     [
      -122.41030909090908,
      37.77762727272727
     ],
     [
      -122.40939999999999,
      37.77762727272727
     ]
    ]
   }
  },
  {
   "type": "Feature",
   "id": 16,
   "properties": {
    "highway": "secondary",
    "name": "Townsend St",
    "layer": "road"
   },
   "geometry": {
    "type": "LineString",
    "coordinates": [
     [
      -122.4294,
      37.77853636363636
     ],
     [
      -122.42849090909091,
      37.77853636363636
     ],
     [
      -122.42758181818182,
      37.77853636363636
     ],
     [
      -122.42667272727272,
      37.77853636363636
     ],
     [
      -122.42576363636363,
      37.77853636363636
     ],
     [
      -122.42485454545454,
      37.77853636363636
     ],
     [
      -122.42394545454545,
      37.77853636363636
     ],
     [
      -122.42303636363636,
      37.77853636363636
     ],
     [
      -122.42212727272727,
      37.77853636363636
     ],
     [
      -122.42121818181818,
      37.77853636363636
     ],
     [
      -122.42030909090909,
      37.77853636363636
     ],
     [
      -122.4194,
      37.77853636363636
     ],
     [
      -122.4184909090909,
      37.77853636363636
     ],
     [
      -122.41758181818182,
      37.77853636363636
     ],
     [
      -122.41667272727273,
      37.77853636363636
     ],
     [
      -122.41576363636364,
      37.77853636363636
     ],
     [
      -122.41485454545455,
      37.77853636363636
     ],
     [
      -122.41394545454546,
      37.77853636363636
     ],
     [
      -122.41303636363637,
      37.77853636363636
     ],
     [
      -122.41212727272728,
      37.77853636363636
     ],
     [
      -122.41121818181817,
      37.77853636363636
     ],
     [
      -122.41030909090908,
      37.77853636363636
     ],
     [
      -122.40939999999999,
      37.77853636363636
     ]
    ]
   }
  },
  {
   "type": "Feature",
   "id": 17,
   "properties": {
    "highway": "primary",
    "name": "Mission St",
    "layer": "road"
   },
   "geometry": {
    "type": "LineString",
    "coordinates": [
     [
      -122.4294,
      37.77944545454546
     ],
     [
      -122.42849090909091,
      37.77944545454546
     ],
     [
      -122.42758181818182,
      37.77944545454546
     ],
     [
      -122.42667272727272,
      37.77944545454546
     ],
     [
      -122.42576363636363,
      37.77944545454546
     ],
     [
      -122.42485454545454,
      37.77944545454546
     ],
     [
      -122.42394545454545,
      37.77944545454546
     ],
     [
      -122.42303636363636,
      37.77944545454546
     ],
     [
      -122.42212727272727,
      37.77944545454546
     ],
     [
      -122.42121818181818,
      37.77944545454546
     ],
     [
      -122.42030909090909,
      37.77944545454546
     ],
     [
      -122.4194,
      37.77944545454546
     ],
     [
      -122.4184909090909,
      37.77944545454546
     ],
     [
      -122.41758181818182,
      37.77944545454546
     ],
     [
      -122.41667272727273,
      37.77944545454546
     ],
     [
      -122.41576363636364,
      37.77944545454546
     ],
     [
      -122.41485454545455,
      37.77944545454546
     ],
     [
      -122.41394545454546,
      37.77944545454546
     ],
     [
      -122.41303636363637,
      37.77944545454546
     ],
     [
      -122.41212727272728,
      37.77944545454546
     ],
     [
      -122.41121818181817,
      37.77944545454546
     ],
     [
      -122.41030909090908,
      37.77944545454546
     ],
     [
      -122.40939999999999,
      37.77944545454546
     ]
    ]
   }
  },
  {
   "type": "Feature",
   "id": 18,
   "properties": {
    "highway": "secondary",
    "name": "5th St",
    "layer": "road"
   },
   "geometry": {
    "type": "LineString",
    "coordinates": [
     [
      -122.4294,
      37.78035454545455
     ],
     [
      -122.42849090909091,
      37.78035454545455
     ],
     [
      -122.42758181818182,
      37.78035454545455
     ],
     [
      -122.42667272727272,
      37.78035454545455
     ],
     [
      -122.42576363636363,
      37.78035454545455
     ],
     [
      -122.42485454545454,
      37.78035454545455
     ],
     [
      -122.42394545454545,
      37.78035454545455
     ],
     [
      -122.42303636363636,
      37.78035454545455
     ],
     [
      -122.42212727272727,
      37.78035454545455
     ],
     [
      -122.42121818181818,
      37.78035454545455
     ],
     [
      -122.42030909090909,
      37.78035454545455
     ],
     [
      -122.4194,
      37.78035454545455
     ],
     [
      -122.4184909090909,
      37.78035454545455
     ],
     [
      -122.41758181818182,
      37.78035454545455
     ],
     [
      -122.41667272727273,
      37.78035454545455
     ],
     [
      -122.41576363636364,
      37.78035454545455
     ],
     [
      -122.41485454545455,
      37.78035454545455
     ],
     [
      -122.41394545454546,
      37.78035454545455
     ],
     [
      -122.41303636363637,
      37.78035454545455
     ],
     [
      -122.41212727272728,
      37.78035454545455
     ],
     [
      -122.41121818181817,
      37.78035454545455
     ],
     [
      -122.41030909090908,
      37.78035454545455
     ],
     [
      -122.40939999999999,
      37.78035454545455
     ]
    ]
   }
  },
  {
   "type": "Feature",
   "id": 19,
   "properties": {
    "highway": "secondary",
    "name": "Oak St",
    "layer": "road"
   },
   "geometry": {
    "type": "LineString",
    "coordinates": [
     [
      -122.4294,
      37.78126363636364
     ],
     [
      -122.42849090909091,
      37.78126363636364
     ],
     [
      -122.42758181818182,
      37.78126363636364
     ],
     [
      -122.42667272727272,
      37.78126363636364
     ],
     [
      -122.42576363636363,
      37.78126363636364
     ],
     [
      -122.42485454545454,
      37.78126363636364
     ],
     [
      -122.42394545454545,
      37.78126363636364
     ],
     [
      -122.42303636363636,
      37.78126363636364
     ],
     [
      -122.42212727272727,
      37.78126363636364
     ],
     [
      -122.42121818181818,
      37.78126363636364
     ],
     [
      -122.42030909090909,
      37.78126363636364
     ],
     [
      -122.4194,
      37.78126363636364
     ],
     [
      -122.4184909090909,
      37.78126363636364
     ],
     [
      -122.41758181818182,
      37.78126363636364
     ],
     [
      -122.41667272727273,
      37.78126363636364
     ],
     [
      -122.41576363636364,
      37.78126363636364
     ],
     [
      -122.41485454545455,
      37.78126363636364
     ],
     [
      -122.41394545454546,
      37.78126363636364
     ],
     [
      -122.41303636363637,
      37.78126363636364
     ],
     [
      -122.41212727272728,
      37.78126363636364
     ],
     [
      -122.41121818181817,
      37.78126363636364
     ],
     [
      -122.41030909090908,
      37.78126363636364
     ],
     [
      -122.40939999999999,
      37.78126363636364
     ]
    ]
   }
  },
  {
   "type": "Feature",
   "id": 20,
   "properties": {
    "highway": "secondary",
    "name": "Folsom St",
    "layer": "road"
   },
   "geometry": {
    "type": "LineString",
    "coordinates": [
     [
      -122.4294,
      37.78217272727273
     ],
     [
      -122.42849090909091,
      37.78217272727273
     ],
     [
      -122.42758181818182,
      37.78217272727273
     ],
     [
      -122.42667272727272,
      37.78217272727273
     ],
     [
      -122.42576363636363,
      37.78217272727273
     ],
     [
      -122.42485454545454,
      37.78217272727273
     ],
     [
      -122.42394545454545,
      37.78217272727273
     ],
     [
      -122.42303636363636,
      37.78217272727273
     ],
     [
      -122.42212727272727,
      37.78217272727273
     ],
     [
      -122.42121818181818,
      37.78217272727273
     ],
     [
      -122.42030909090909,
      37.78217272727273
     ],
     [
      -122.4194,
      37.78217272727273
     ],
     [
      -122.4184909090909,
      37.78217272727273
     ],
     [
      -122.41758181818182,
      37.78217272727273
     ],
     [
      -122.41667272727273,
      37.78217272727273
     ],
     [
      -122.41576363636364,
      37.78217272727273
     ],
     [
      -122.41485454545455,
      37.78217272727273
     ],
     [
      -122.41394545454546,
      37.78217272727273
     ],
     [
      -122.41303636363637,
      37.78217272727273
     ],
     [
      -122.41212727272728,
      37.78217272727273
     ],
     [
      -122.41121818181817,
      37.78217272727273
     ],
     [
      -122.41030909090908,
      37.78217272727273
     ],
     [
      -122.40939999999999,
      37.78217272727273
     ]
    ]
   }
  },
  {
   "type": "Feature",
   "id": 21,
   "properties": {
    "highway": "primary",
    "name": "Harrison St",
    "layer": "road"
   },
   "geometry": {
    "type": "LineString",
    "coordinates": [
     [
      -122.4294,
      37.78308181818182
     ],
     [
      -122.42849090909091,
      37.78308181818182
     ],
     [
      -122.42758181818182,
      37.78308181818182
     ],
     [
      -122.42667272727272,
      37.78308181818182
     ],
     [
      -122.42576363636363,
      37.78308181818182
     ],
     [
      -122.42485454545454,
      37.78308181818182
     ],
     [
      -122.42394545454545,
      37.78308181818182
     ],
     [
      -122.42303636363636,
      37.78308181818182
     ],
     [
      -122.42212727272727,
      37.78308181818182
     ],
     [
      -122.42121818181818,
      37.78308181818182
     ],
     [
      -122.42030909090909,
      37.78308181818182
     ],
     [
      -122.4194,
      37.78308181818182
     ],
     [
      -122.4184909090909,
      37.78308181818182
     ],
     [
      -122.41758181818182,
      37.78308181818182
     ],
     [
      -122.41667272727273,
      37.78308181818182
     ],
     [
      -122.41576363636364,
      37.78308181818182
     ],
     [
      -122.41485454545455,
      37.78308181818182
     ],
     [
      -122.41394545454546,
      37.78308181818182
     ],
     [
      -122.41303636363637,
      37.78308181818182
     ],
     [
      -122.41212727272728,
      37.78308181818182
     ],
     [
      -122.41121818181817,
      37.78308181818182
     ],
     [
      -122.41030909090908,
      37.78308181818182
     ],
     [
      -122.40939999999999,
      37.78308181818182
     ]
    ]
   }
  },
  {
   "type": "Feature",
   "id": 22,
   "properties": {
    "highway": "secondary",
    "name": "Bryant St",
    "layer": "road"
   },
   "geometry": {
    "type": "LineString",
    "coordinates": [
     [
      -122.4294,
      37.78399090909091
     ],
     [
      -122.42849090909091,
      37.78399090909091
     ],
     [
      -122.42758181818182,
      37.78399090909091
     ],
     [
      -122.42667272727272,
      37.78399090909091
     ],
     [
      -122.42576363636363,
      37.78399090909091
     ],
     [
      -122.42485454545454,
      37.78399090909091
     ],
     [
      -122.42394545454545,
      37.78399090909091
     ],
     [
      -122.42303636363636,
      37.78399090909091
     ],
     [
      -122.42212727272727,
      37.78399090909091
     ],
     [
      -122.42121818181818,
      37.78399090909091
     ],
     [
      -122.42030909090909,
      37.78399090909091
     ],
     [
      -122.4194,
      37.78399090909091
     ],
     [
      -122.4184909090909,
      37.78399090909091
     ],
     [
      -122.41758181818182,
      37.78399090909091
     ],
     [
      -122.41667272727273,
      37.78399090909091
     ],
     [
      -122.41576363636364,
      37.78399090909091
     ],
     [
      -122.41485454545455,
      37.78399090909091
     ],
     [
      -122.41394545454546,
      37.78399090909091
     ],
     [
      -122.41303636363637,
      37.78399090909091
     ],
     [
      -122.41212727272728,
      37.78399090909091
     ],
     [
      -122.41121818181817,
      37.78399090909091
     ],
     [
      -122.41030909090908,
      37.78399090909091
     ],
     [
      -122.40939999999999,
      37.78399090909091
     ]
    ]
   }
  },
  {
   "type": "Feature",
   "id": 23,
   "properties": {
    "highway": "secondary",
    "name": "Natoma St",
    "layer": "road"
   },
   "geometry": {
    "type": "LineString",
    "coordinates": [
     [
      -122.4294,
      37.7849
     ],
     [
      -122.42849090909091,
      37.7849
     ],
     [
      -122.42758181818182,
      37.7849
     ],
     [
      -122.42667272727272,
      37.7849
     ],
     [
      -122.42576363636363,
      37.7849
     ],
     [
      -122.42485454545454,
      37.7849
     ],
     [
      -122.42394545454545,
      37.7849
     ],
     [
      -122.42303636363636,
      37.7849
     ],
     [
      -122.42212727272727,
      37.7849
     ],
     [
      -122.42121818181818,
      37.7849
     ],
     [
      -122.42030909090909,
      37.7849
     ],
     [
      -122.4194,
      37.7849
     ],
     [
      -122.4184909090909,
      37.7849
     ],
     [
      -122.41758181818182,
      37.7849
     ],
     [
      -122.41667272727273,
      37.7849
     ],
     [
      -122.41576363636364,
      37.7849
     ],
     [
      -122.41485454545455,
      37.7849
     ],
     [
      -122.41394545454546,
      37.7849
     ],
     [
      -122.41303636363637,
      37.7849
     ],
     [
      -122.41212727272728,
      37.7849
     ],
     [
      -122.41121818181817,
      37.7849
     ],
     [
      -122.41030909090908,
      37.7849
     ],
     [
      -122.40939999999999,
      37.7849
     ]
    ]
   }
  },
  {
   "type": "Feature",
   "id": 24,
   "properties": {
    "highway": "primary",
    "name": "5th St",
    "layer": "road"
   },
   "geometry": {
    "type": "LineString",
    "coordinates": [
     [
      -122.4294,
      37.764900000000004
     ],
     [
      -122.4294,
      37.765809090909094
     ],
     [
      -122.4294,
      37.766718181818185
     ],
     [
      -122.4294,
      37.767627272727275
     ],
     [
      -122.4294,
      37.768536363636365
     ],
     [
      -122.4294,
      37.769445454545455
     ],
     [
      -122.4294,
      37.770354545454545
     ],
     [
      -122.4294,
      37.77126363636364
     ],
     [
      -122.4294,
      37.77217272727273
     ],
     [
      -122.4294,
      37.77308181818182
     ],
     [
      -122.4294,
      37.77399090909091
     ],
     [
      -122.4294,
      37.7749
     ],
     [
      -122.4294,
      37.77580909090909
     ],
     [
      -122.4294,
      37.77671818181818
     ],
     [
      -122.4294,
      37.77762727272727
     ],
     [
      -122.4294,
      37.77853636363636
     ],
     [
      -122.4294,
      37.77944545454546
     ],
     [
      -122.4294,
      37.78035454545455
     ],
     [
      -122.4294,
      37.78126363636364
     ],
     [
      -122.4294,
      37.78217272727273
     ],
     [
      -122.4294,
      37.78308181818182
     ],
     [
      -122.4294,
      37.78399090909091
     ],
     [
      -122.4294,
      37.7849
     ]
    ]
   }
  },
  {
   "type": "Feature",
   "id": 25,
   "properties": {
    "highway": "secondary",
    "name": "6th St",
    "layer": "road"
   },
   "geometry": {
    "type": "LineString",
    "coordinates": [
     [
      -122.42849090909091,
      37.764900000000004
     ],
     [
      -122.42849090909091,
      37.765809090909094
     ],
     [
      -122.42849090909091,
      37.766718181818185
     ],
     [
      -122.42849090909091,
      37.767627272727275
     ],
     [
      -122.42849090909091,
      37.768536363636365
     ],
     [
      -122.42849090909091,
      37.769445454545455
     ],
     [
      -122.42849090909091,
      37.770354545454545
     ],
     [
      -122.42849090909091,
      37.77126363636364
     ],
     [
      -122.42849090909091,
      37.77217272727273
     ],
     [
      -122.42849090909091,
      37.77308181818182
     ],
     [
      -122.42849090909091,
      37.77399090909091
     ],
     [
      -122.42849090909091,
      37.7749
     ],
     [
      -122.42849090909091,
      37.77580909090909
     ],
     [
      -122.42849090909091,
      37.77671818181818
     ],
     [
      -122.42849090909091,
      37.77762727272727
     ],
     [
      -122.42849090909091,
      37.77853636363636
     ],
     [
      -122.42849090909091,
      37.77944545454546
     ],
     [
      -122.42849090909091,
      37.78035454545455
     ],
     [
      -122.42849090909091,
      37.78126363636364
     ],
     [
      -122.42849090909091,
      37.78217272727273
     ],
     [
      -122.42849090909091,
      37.78308181818182
     ],
     [
      -122.42849090909091,
      37.78399090909091
     ],
     [
      -122.42849090909091,
      37.7849
     ]
    ]
   }
  },
  {
   "type": "Feature",
   "id": 26,
   "properties": {
    "highway": "secondary",
    "name": "7th St",
    "layer": "road"
   },
   "geometry": {
    "type": "LineString",
    "coordinates": [
     [
      -122.42758181818182,
      37.764900000000004
     ],
     [
      -122.42758181818182,
      37.765809090909094
     ],
     [
      -122.42758181818182,
      37.766718181818185
     ],
     [
      -122.42758181818182,
      37.767627272727275
     ],
     [
      -122.42758181818182,
      37.768536363636365
     ],
     [
      -122.42758181818182,
      37.769445454545455
     ],
     [
      -122.42758181818182,
      37.770354545454545
     ],
     [
      -122.42758181818182,
      37.77126363636364
     ],
     [
      -122.42758181818182,
      37.77217272727273
     ],
     [
      -122.42758181818182,
      37.77308181818182
     ],
     [
      -122.42758181818182,
      37.77399090909091
     ],
     [
      -122.42758181818182,
      37.7749
     ],
     [
      -122.42758181818182,
      37.77580909090909
     ],
     [
      -122.42758181818182,
      37.77671818181818
     ],
     [
      -122.42758181818182,
      37.77762727272727
     ],
     [
      -122.42758181818182,
      37.77853636363636
     ],
     [
      -122.42758181818182,
      37.77944545454546
     ],
     [
      -122.42758181818182,
      37.78035454545455
     ],
     [
      -122.42758181818182,
      37.78126363636364
     ],
     [
      -122.42758181818182,
      37.78217272727273
     ],
     [
      -122.42758181818182,
      37.78308181818182
     ],
     [
      -122.42758181818182,
      37.78399090909091
     ],
     [
      -122.42758181818182,
      37.7849
     ]
    ]
   }
  },
  {
   "type": "Feature",
   "id": 27,
   "properties": {
    "highway": "secondary",
    "name": "8th St",
    "layer": "road"
   },
   "geometry": {
    "type": "LineString",
    "coordinates": [
     [
      -122.42667272727272,
      37.764900000000004
     ],
     [
      -122.42667272727272,
      37.765809090909094
     ],
     [
      -122.42667272727272,
      37.766718181818185
     ],
     [
      -122.42667272727272,
      37.767627272727275
     ],
     [
      -122.42667272727272,
      37.768536363636365
     ],
     [
      -122.42667272727272,
      37.769445454545455
     ],
     [
      -122.42667272727272,
      37.770354545454545
     ],
     [
      -122.42667272727272,
      37.77126363636364
     ],
     [
      -122.42667272727272,
      37.77217272727273
     ],
     [
      -122.42667272727272,
      37.77308181818182
     ],
     [
      -122.42667272727272,
      37.77399090909091
     ],
     [
      -122.42667272727272,
      37.7749
     ],
     [
      -122.42667272727272,
      37.77580909090909
     ],
     [
      -122.42667272727272,
      37.77671818181818
     ],
     [
      -122.42667272727272,
      37.77762727272727
     ],
     [
      -122.42667272727272,
      37.77853636363636
     ],
     [
      -122.42667272727272,
      37.77944545454546
     ],
     [
      -122.42667272727272,
      37.78035454545455
     ],
     [
      -122.42667272727272,
      37.78126363636364
     ],
     [
      -122.42667272727272,
      37.78217272727273
     ],
     [
      -122.42667272727272,
      37.78308181818182
     ],
     [
      -122.42667272727272,
      37.78399090909091
     ],
     [
      -122.42667272727272,
      37.7849
     ]
    ]
   }
  },
  {
   "type": "Feature",
   "id": 28,
   "properties": {
    "highway": "secondary",
    "name": "9th St",
    "layer": "road"
   },
   "geometry": {
    "type": "LineString",
    "coordinates": [
     [
      -122.42576363636363,
      37.764900000000004
     ],
     [
      -122.42576363636363,
      37.765809090909094
     ],
     [
      -122.42576363636363,
      37.766718181818185
     ],
     [
      -122.42576363636363,
      37.767627272727275
     ],
     [
      -122.42576363636363,
      37.768536363636365
     ],
     [
      -122.42576363636363,
      37.769445454545455
     ],
     [
      -122.42576363636363,
      37.770354545454545
     ],
     [
      -122.42576363636363,
      37.77126363636364
     ],
     [
      -122.42576363636363,
      37.77217272727273
     ],
     [
      -122.42576363636363,
      37.77308181818182
     ],
     [
      -122.42576363636363,
      37.77399090909091
     ],
     [
      -122.42576363636363,
      37.7749
     ],
     [
      -122.42576363636363,
      37.77580909090909
     ],
     [
      -122.42576363636363,
      37.77671818181818
     ],
     [
      -122.42576363636363,
      37.77762727272727
     ],
     [
      -122.42576363636363,
      37.77853636363636
     ],
     [
      -122.42576363636363,
      37.77944545454546
     ],
     [
      -122.42576363636363,
      37.78035454545455
     ],
     [
      -122.42576363636363,
      37.78126363636364
     ],
     [
      -122.42576363636363,
      37.78217272727273
     ],
     [
      -122.42576363636363,
      37.78308181818182
     ],
     [
      -122.42576363636363,
      37.78399090909091
     ],
     [
      -122.42576363636363,
      37.7849
     ]
    ]
   }
  },
  {
   "type": "Feature",
   "id": 29,
   "properties": {
    "highway": "primary",
    "name": "5th St",
    "layer": "road"
   },
   "geometry": {
    "type": "LineString",
    "coordinates": [
     [
      -122.42485454545454,
      37.764900000000004
     ],
     [
      -122.42485454545454,
      37.765809090909094
     ],
     [
      -122.42485454545454,
      37.766718181818185
     ],
     [
      -122.42485454545454,
      37.767627272727275
     ],
     [
      -122.42485454545454,
      37.768536363636365
     ],
     [
      -122.42485454545454,
      37.769445454545455
     ],
     [
      -122.42485454545454,
      37.770354545454545
     ],
     [
      -122.42485454545454,
      37.77126363636364
     ],
     [
      -122.42485454545454,
      37.77217272727273
     ],
     [
      -122.42485454545454,
      37.77308181818182
     ],
     [
      -122.42485454545454,
      37.77399090909091
     ],
     [
      -122.42485454545454,
      37.7749
     ],
     [
      -122.42485454545454,
      37.77580909090909
     ],
     [
      -122.42485454545454,
      37.77671818181818
     ],
     [
      -122.42485454545454,
      37.77762727272727
     ],
     [
      -122.42485454545454,
      37.77853636363636
     ],
     [
      -122.42485454545454,
      37.77944545454546
     ],
     [
      -122.42485454545454,
      37.78035454545455
     ],
     [
      -122.42485454545454,
      37.78126363636364
     ],
     [
      -122.42485454545454,
      37.78217272727273
     ],
     [
      -122.42485454545454,
      37.78308181818182
     ],
     [
      -122.42485454545454,
      37.78399090909091
     ],
     [
      -122.42485454545454,
      37.7849
     ]
    ]
   }
  },
  {
   "type": "Feature",
   "id": 30,
   "properties": {
    "highway": "secondary",
    "name": "6th St",
    "layer": "road"
   },
   "geometry": {
    "type": "LineString",
    "coordinates": [
     [
      -122.42394545454545,
      37.764900000000004
     ],
     [
      -122.42394545454545,
      37.765809090909094
     ],
     [
      -122.42394545454545,
      37.766718181818185
     ],
     [
      -122.42394545454545,
      37.767627272727275
     ],
     [
      -122.42394545454545,
      37.768536363636365
     ],
     [
      -122.42394545454545,
      37.769445454545455
     ],
     [
      -122.42394545454545,
      37.770354545454545
     ],
     [
      -122.42394545454545,
      37.77126363636364
     ],
     [
      -122.42394545454545,
      37.77217272727273
     ],
     [
      -122.42394545454545,
      37.77308181818182
     ],
     [
      -122.42394545454545,
      37.77399090909091
     ],
     [
      -122.42394545454545,
      37.7749
     ],
     [
      -122.42394545454545,
      37.77580909090909
     ],
     [
      -122.42394545454545,
      37.77671818181818
     ],
     [
      -122.42394545454545,
      37.77762727272727
     ],
     [
      -122.42394545454545,
      37.77853636363636
     ],
     [
      -122.42394545454545,
      37.77944545454546
     ],
     [
      -122.42394545454545,
      37.78035454545455
     ],
     [
      -122.42394545454545,
      37.78126363636364
     ],
     [
      -122.42394545454545,
      37.78217272727273
     ],
     [
      -122.42394545454545,
      37.78308181818182
     ],
     [
      -122.42394545454545,
      37.78399090909091
     ],
     [
      -122.42394545454545,
      37.7849
     ]
    ]
   }
  },
  {
   "type": "Feature",
   "id": 31,
   "properties": {
    "highway": "secondary",
    "name": "7th St",
    "layer": "road"
   },
   "geometry": {
    "type": "LineString",
    "coordinates": [
     [
      -122.42303636363636,
      37.764900000000004
     ],
     [
      -122.42303636363636,
      37.765809090909094
     ],
     [
      -122.42303636363636,
      37.766718181818185
     ],
     [
      -122.42303636363636,
      37.767627272727275
     ],
     [
      -122.42303636363636,
      37.768536363636365
     ],
     [
      -122.42303636363636,
      37.769445454545455
     ],
     [
      -122.42303636363636,
      37.770354545454545
     ],
     [
      -122.42303636363636,
      37.77126363636364
     ],
     [
      -122.42303636363636,
      37.77217272727273
     ],
     [
      -122.42303636363636,
      37.77308181818182
     ],
     [
      -122.42303636363636,
      37.77399090909091
     ],
     [
      -122.42303636363636,
      37.7749
     ],
     [
      -122.42303636363636,
      37.77580909090909
     ],
     [
      -122.42303636363636,
      37.77671818181818
     ],
     [
      -122.42303636363636,
      37.77762727272727
     ],
     [
      -122.42303636363636,
      37.77853636363636
     ],
     [
      -122.42303636363636,
      37.77944545454546
     ],
     [
      -122.42303636363636,
      37.78035454545455
     ],
     [
      -122.42303636363636,
      37.78126363636364
     ],
     [
      -122.42303636363636,
      37.78217272727273
     ],
     [
      -122.42303636363636,
      37.78308181818182
     ],
     [
      -122.42303636363636,
      37.78399090909091
     ],
     [
      -122.42303636363636,
      37.7849
     ]
    ]
   }
  },
  {
   "type": "Feature",
   "id": 32,
   "properties": {
    "highway": "secondary",
    "name": "8th St",
    "layer": "road"
   },
   "geometry": {
    "type": "LineString",
    "coordinates": [
     [
      -122.42212727272727,
      37.764900000000004
     ],
     [
      -122.42212727272727,
      37.765809090909094
     ],
     [
      -122.42212727272727,
      37.766718181818185
     ],
     [
      -122.42212727272727,
      37.767627272727275
     ],
     [
      -122.42212727272727,
      37.768536363636365
     ],
     [
      -122.42212727272727,
      37.769445454545455
     ],
     [
      -122.42212727272727,
      37.770354545454545
     ],
     [
      -122.42212727272727,
      37.77126363636364
     ],
     [
      -122.42212727272727,
      37.77217272727273
     ],
     [
      -122.42212727272727,
      37.77308181818182
     ],
     [
      -122.42212727272727,
      37.77399090909091
     ],
     [
      -122.42212727272727,
      37.7749
     ],
     [
      -122.42212727272727,
      37.77580909090909
     ],
     [
      -122.42212727272727,
      37.77671818181818
     ],
     [
      -122.42212727272727,
      37.77762727272727
     ],
     [
      -122.42212727272727,
      37.77853636363636
     ],
     [
      -122.42212727272727,
      37.77944545454546
     ],
     [
      -122.42212727272727,
      37.78035454545455
     ],
     [
      -122.42212727272727,
      37.78126363636364
     ],
     [
      -122.42212727272727,
      37.78217272727273
     ],
     [
      -122.42212727272727,
      37.78308181818182
     ],
     [
      -122.42212727272727,
      37.78399090909091
     ],
     [
      -122.42212727272727,
      37.7849
     ]
    ]
   }
  },
  {
   "type": "Feature",
   "id": 33,
   "properties": {
    "highway": "secondary",
    "name": "9th St",
    "layer": "road"
   },
   "geometry": {
    "type": "LineString",
    "coordinates": [
     [
      -122.42121818181818,
      37.764900000000004
     ],
     [
      -122.42121818181818,
      37.765809090909094
     ],
     [
      -122.42121818181818,
      37.766718181818185
     ],
     [
      -122.42121818181818,
      37.767627272727275
     ],
     [
      -122.42121818181818,
      37.768536363636365
     ],
     [
      -122.42121818181818,
      37.769445454545455
     ],
     [
      -122.42121818181818,
      37.770354545454545
     ],
     [
      -122.42121818181818,
      37.77126363636364
     ],
     [
      -122.42121818181818,
      37.77217272727273
     ],
     [
      -122.42121818181818,
      37.77308181818182
     ],
     [
      -122.42121818181818,
      37.77399090909091
     ],
     [
      -122.42121818181818,
      37.7749
     ],
     [
      -122.42121818181818,
      37.77580909090909
     ],
     [
      -122.42121818181818,
      37.77671818181818
     ],
     [
      -122.42121818181818,
      37.77762727272727
     ],
     [
      -122.42121818181818,
      37.77853636363636
     ],
     [
      -122.42121818181818,
      37.77944545454546
     ],
     [
      -122.42121818181818,
      37.78035454545455
     ],
     [
      -122.42121818181818,
      37.78126363636364
     ],
     [
      -122.42121818181818,
      37.78217272727273
     ],
     [
      -122.42121818181818,
      37.78308181818182
     ],
     [
      -122.42121818181818,
      37.78399090909091
     ],
     [
      -122.42121818181818,
      37.7849
     ]
    ]
   }
  },
  {
   "type": "Feature",
   "id": 34,
   "properties": {
    "highway": "primary",
    "name": "5th St",
    "layer": "road"
   },
   "geometry": {
    "type": "LineString",
    "coordinates": [
     [
      -122.42030909090909,
      37.764900000000004
     ],
     [
      -122.42030909090909,
      37.765809090909094
     ],
     [
      -122.42030909090909,
      37.766718181818185
     ],
     [
      -122.42030909090909,
      37.767627272727275
     ],
     [
      -122.42030909090909,
      37.768536363636365
     ],
     [
      -122.42030909090909,
      37.769445454545455
     ],
     [
      -122.42030909090909,
      37.770354545454545
     ],
     [
      -122.42030909090909,
      37.77126363636364
     ],
     [
      -122.42030909090909,
      37.77217272727273
     ],
     [
      -122.42030909090909,
      37.77308181818182
     ],
     [
      -122.42030909090909,
      37.77399090909091
     ],
     [
      -122.42030909090909,
      37.7749
     ],
     [
      -122.42030909090909,
      37.77580909090909
     ],
     [
      -122.42030909090909,
      37.77671818181818
     ],
     [
      -122.42030909090909,
      37.77762727272727
     ],
     [
      -122.42030909090909,
      37.77853636363636
     ],
     [
      -122.42030909090909,
      37.77944545454546
     ],
     [
      -122.42030909090909,
      37.78035454545455
     ],
     [
      -122.42030909090909,
      37.78126363636364
     ],
     [
      -122.42030909090909,
      37.78217272727273
     ],
     [
      -122.42030909090909,
      37.78308181818182
     ],
     [
      -122.42030909090909,
      37.78399090909091
     ],
     [
      -122.42030909090909,
      37.7849
     ]
    ]
   }
  },
  {
   "type": "Feature",
   "id": 35,
   "properties": {
    "highway": "secondary",
    "name": "6th St",
    "layer": "road"
   },
   "geometry": {
    "type": "LineString",
    "coordinates": [
     [
      -122.4194,
      37.764900000000004
     ],
     [
      -122.4194,
      37.765809090909094
     ],
     [
      -122.4194,
      37.766718181818185
     ],
     [
      -122.4194,
      37.767627272727275
     ],
     [
      -122.4194,
      37.768536363636365
     ],
     [
      -122.4194,
      37.769445454545455
     ],
     [
      -122.4194,
      37.770354545454545
     ],
     [
      -122.4194,
      37.77126363636364
     ],
     [
      -122.4194,
      37.77217272727273
     ],
     [
      -122.4194,
      37.77308181818182
     ],
     [
      -122.4194,
      37.77399090909091
     ],
     [
      -122.4194,
      37.7749
     ],
     [
      -122.4194,
      37.77580909090909
     ],
     [
      -122.4194,
      37.77671818181818
     ],
     [
      -122.4194,
      37.77762727272727
     ],
     [
      -122.4194,
      37.77853636363636
     ],
     [
      -122.4194,
      37.77944545454546
     ],
     [
      -122.4194,
      37.78035454545455
     ],
     [
      -122.4194,
      37.78126363636364
     ],
     [
      -122.4194,
      37.78217272727273
     ],
     [
      -122.4194,
      37.78308181818182
     ],
     [
      -122.4194,
      37.78399090909091
     ],
     [
      -122.4194,
      37.7849
     ]
    ]
   }
  },
  {
   "type": "Feature",
   "id": 36,
   "properties": {
    "highway": "secondary",
    "name": "7th St",
    "layer": "road"
   },
   "geometry": {
    "type": "LineString",
    "coordinates": [
     [
      -122.4184909090909,
      37.764900000000004
     ],
     [
      -122.4184909090909,
      37.765809090909094
     ],
     [
      -122.4184909090909,
      37.766718181818185
     ],
     [
      -122.4184909090909,
      37.767627272727275
     ],
     [
      -122.4184909090909,
      37.768536363636365
     ],
     [
      -122.4184909090909,
      37.769445454545455
     ],
     [
      -122.4184909090909,
      37.770354545454545
     ],
     [
      -122.4184909090909,
      37.77126363636364
     ],
     [
      -122.4184909090909,
      37.77217272727273
     ],
     [
      -122.4184909090909,
      37.77308181818182
     ],
     [
      -122.4184909090909,
      37.77399090909091
     ],
     [
      -122.4184909090909,
      37.7749
     ],
     [
      -122.4184909090909,
      37.77580909090909
     ],
     [
      -122.4184909090909,
      37.77671818181818
     ],
     [
      -122.4184909090909,
      37.77762727272727
     ],
     [
      -122.4184909090909,
      37.77853636363636
     ],
     [
      -122.4184909090909,
      37.77944545454546
     ],
     [
      -122.4184909090909,
      37.78035454545455
     ],
     [
      -122.4184909090909,
      37.78126363636364
     ],
     [
      -122.4184909090909,
      37.78217272727273
     ],
     [
      -122.4184909090909,
      37.78308181818182
     ],
     [
      -122.4184909090909,
      37.78399090909091
     ],
     [
      -122.4184909090909,
      37.7849
     ]
    ]
   }
  },
  {
   "type": "Feature",
   "id": 37,
   "properties": {
    "highway": "secondary",
    "name": "8th St",
    "layer": "road"
   },
   "geometry": {
    "type": "LineString",
    "coordinates": [
     [
      -122.41758181818182,
      37.764900000000004
     ],
     [
      -122.41758181818182,
      37.765809090909094
     ],
     [
      -122.41758181818182,
      37.766718181818185
     ],
     [
      -122.41758181818182,
      37.767627272727275
     ],
     [
      -122.41758181818182,
      37.768536363636365
     ],
     [
      -122.41758181818182,
      37.769445454545455
     ],
     [
      -122.41758181818182,
      37.770354545454545
     ],
     [
      -122.41758181818182,
      37.77126363636364
     ],
     [
      -122.41758181818182,
      37.77217272727273
     ],
     [
      -122.41758181818182,
      37.77308181818182
     ],
     [
      -122.41758181818182,
      37.77399090909091
     ],
     [
      -122.41758181818182,
      37.7749
     ],
     [
      -122.41758181818182,
      37.77580909090909
     ],
     [
      -122.41758181818182,
      37.77671818181818
     ],
     [
      -122.41758181818182,
      37.77762727272727
     ],
     [
      -122.41758181818182,
      37.77853636363636
     ],
     [
      -122.41758181818182,
      37.77944545454546
     ],
     [
      -122.41758181818182,
      37.78035454545455
     ],
     [
      -122.41758181818182,
      37.78126363636364
     ],
     [
      -122.41758181818182,
      37.78217272727273
     ],
     [
      -122.41758181818182,
      37.78308181818182
     ],
     [
      -122.41758181818182,
      37.78399090909091
     ],
     [
      -122.41758181818182,
      37.7849
     ]
    ]
   }
  },
  {
   "type": "Feature",
   "id": 38,
   "properties": {
    "highway": "secondary",
    "name": "9th St",
    "layer": "road"
   },
   "geometry": {
    "type": "LineString",
    "coordinates": [
     [
      -122.41667272727273,
      37.764900000000004
     ],
     [
      -122.41667272727273,
      37.765809090909094
     ],
     [
      -122.41667272727273,
      37.766718181818185
     ],
     [
      -122.41667272727273,
      37.767627272727275
     ],
     [
      -122.41667272727273,
      37.768536363636365
     ],
     [
      -122.41667272727273,
      37.769445454545455
     ],
     [
      -122.41667272727273,
      37.770354545454545
     ],
     [
      -122.41667272727273,
      37.77126363636364
     ],
     [
      -122.41667272727273,
      37.77217272727273
     ],
     [
      -122.41667272727273,
      37.77308181818182
     ],
     [
      -122.41667272727273,
      37.77399090909091
     ],
     [
      -122.41667272727273,
      37.7749
     ],
     [
      -122.41667272727273,
      37.77580909090909
     ],
     [
      -122.41667272727273,
      37.77671818181818
     ],
     [
      -122.41667272727273,
      37.77762727272727
     ],
     [
      -122.41667272727273,
      37.77853636363636
     ],
     [
      -122.41667272727273,
      37.77944545454546
     ],
     [
      -122.41667272727273,
      37.78035454545455
     ],
     [
      -122.41667272727273,
      37.78126363636364
     ],
     [
      -122.41667272727273,
      37.78217272727273
     ],
     [
      -122.41667272727273,
      37.78308181818182
     ],
     [
      -122.41667272727273,
      37.78399090909091
     ],
     [
      -122.41667272727273,
      37.7849
     ]
    ]
   }
  },
  {
   "type": "Feature",
   "id": 39,
   "properties": {
    "highway": "primary",
    "name": "5th St",
    "layer": "road"
   },
   "geometry": {
    "type": "LineString",
    "coordinates": [
     [
      -122.41576363636364,
      37.764900000000004
     ],
     [
      -122.41576363636364,
      37.765809090909094
     ],
     [
      -122.41576363636364,
      37.766718181818185
     ],
     [
      -122.41576363636364,
      37.767627272727275
     ],
     [
      -122.41576363636364,
      37.768536363636365
     ],
     [
      -122.41576363636364,
      37.769445454545455
     ],
     [
      -122.41576363636364,
      37.770354545454545
     ],
     [
      -122.41576363636364,
      37.77126363636364
     ],
     [
      -122.41576363636364,
      37.77217272727273
     ],
     [
      -122.41576363636364,
      37.77308181818182
     ],
     [
      -122.41576363636364,
      37.77399090909091
     ],
     [
      -122.41576363636364,
      37.7749
     ],
     [
      -122.41576363636364,
      37.77580909090909
     ],
     [
      -122.41576363636364,
      37.77671818181818
     ],
     [
      -122.41576363636364,
      37.77762727272727
     ],
     [
      -122.41576363636364,
      37.77853636363636
     ],
     [
      -122.41576363636364,
      37.77944545454546
     ],
     [
      -122.41576363636364,
      37.78035454545455
     ],
     [
      -122.41576363636364,
      37.78126363636364
     ],
     [
      -122.41576363636364,
      37.78217272727273
     ],
     [
      -122.41576363636364,
      37.78308181818182
     ],
     [
      -122.41576363636364,
      37.78399090909091
     ],
     [
      -122.41576363636364,
      37.7849
     ]
    ]
   }
  },
  {
   "type": "Feature",
   "id": 40,
   "properties": {
    "highway": "secondary",
    "name": "6th St",
    "layer": "road"
   },
   "geometry": {
    "type": "LineString",
    "coordinates": [
     [
      -122.41485454545455,
      37.764900000000004
     ],
     [
      -122.41485454545455,
      37.765809090909094
     ],
     [
      -122.41485454545455,
      37.766718181818185
     ],
     [
      -122.41485454545455,
      37.767627272727275
     ],
     [
      -122.41485454545455,
      37.768536363636365
     ],
     [
      -122.41485454545455,
      37.769445454545455
     ],
     [
      -122.41485454545455,
      37.770354545454545
     ],
     [
      -122.41485454545455,
      37.77126363636364
     ],
     [
      -122.41485454545455,
      37.77217272727273
     ],
     [
      -122.41485454545455,
      37.77308181818182
     ],
     [
      -122.41485454545455,
      37.77399090909091
     ],
     [
      -122.41485454545455,
      37.7749
     ],
     [
      -122.41485454545455,
      37.77580909090909
     ],
     [
      -122.41485454545455,
      37.77671818181818
     ],
     [
      -122.41485454545455,
      37.77762727272727
     ],
     [
      -122.41485454545455,
      37.77853636363636
     ],
     [
      -122.41485454545455,
      37.77944545454546
     ],
     [
      -122.41485454545455,
      37.78035454545455
     ],
     [
      -122.41485454545455,
      37.78126363636364
     ],
     [
      -122.41485454545455,
      37.78217272727273
     ],
     [
      -122.41485454545455,
      37.78308181818182
     ],
     [
      -122.41485454545455,
      37.78399090909091
     ],
     [
      -122.41485454545455,
      37.7849
     ]
    ]
   }
  },
  {
   "type": "Feature",
   "id": 41,
   "properties": {
    "highway": "secondary",
    "name": "7th St",
    "layer": "road"
   },
   "geometry": {
    "type": "LineString",
    "coordinates": [
     [
      -122.41394545454546,
      37.764900000000004
     ],
     [
      -122.41394545454546,
      37.765809090909094
     ],
     [
      -122.41394545454546,
      37.766718181818185
     ],
     [
      -122.41394545454546,
      37.767627272727275
     ],
     [
      -122.41394545454546,
      37.768536363636365
     ],
     [
      -122.41394545454546,
      37.769445454545455
     ],
     [
      -122.41394545454546,
      37.770354545454545
     ],
     [
      -122.41394545454546,
      37.77126363636364
     ],
     [
      -122.41394545454546,
      37.77217272727273
     ],
     [
      -122.41394545454546,
      37.77308181818182
     ],
     [
      -122.41394545454546,
      37.77399090909091
     ],
     [
      -122.41394545454546,
      37.7749
     ],
     [
      -122.41394545454546,
      37.77580909090909
     ],
     [
      -122.41394545454546,
      37.77671818181818
     ],
     [
      -122.41394545454546,
      37.77762727272727
     ],
     [
      -122.41394545454546,
      37.77853636363636
     ],
     [
      -122.41394545454546,
      37.77944545454546
     ],
     [
      -122.41394545454546,
      37.78035454545455
     ],
     [
      -122.41394545454546,
      37.78126363636364
     ],
     [
      -122.41394545454546,
      37.78217272727273
     ],
     [
      -122.41394545454546,
      37.78308181818182
     ],
     [
      -122.41394545454546,
      37.78399090909091
     ],
     [
      -122.41394545454546,
      37.7849
     ]
    ]
   }
  },
  {
   "type": "Feature",
   "id": 42,
   "properties": {
    "highway": "secondary",
    "name": "8th St",
    "layer": "road"
   },
   "geometry": {
    "type": "LineString",
    "coordinates": [
     [
      -122.41303636363637,
      37.764900000000004
     ],
     [
      -122.41303636363637,
      37.765809090909094
     ],
     [
      -122.41303636363637,
      37.766718181818185
     ],
     [
      -122.41303636363637,
      37.767627272727275
     ],
     [
      -122.41303636363637,
      37.768536363636365
     ],
     [
      -122.41303636363637,
      37.769445454545455
     ],
     [
      -122.41303636363637,
      37.770354545454545
     ],
     [
      -122.41303636363637,
      37.77126363636364
     ],
     [
      -122.41303636363637,
      37.77217272727273
     ],
     [
      -122.41303636363637,
      37.77308181818182
     ],
     [
      -122.41303636363637,
      37.77399090909091
     ],
     [
      -122.41303636363637,
      37.7749
     ],
     [
      -122.41303636363637,
      37.77580909090909
     ],
     [
      -122.41303636363637,
      37.77671818181818
     ],
     [
      -122.41303636363637,
      37.77762727272727
     ],
     [
      -122.41303636363637,
      37.77853636363636
     ],
     [
      -122.41303636363637,
      37.77944545454546
     ],
     [
      -122.41303636363637,
      37.78035454545455
     ],
     [
      -122.41303636363637,
      37.78126363636364
     ],
     [
      -122.41303636363637,
      37.78217272727273
     ],
     [
      -122.41303636363637,
      37.78308181818182
     ],
     [
      -122.41303636363637,
      37.78399090909091
     ],
     [
      -122.41303636363637,
      37.7849
     ]
    ]
   }
  },
  {
   "type": "Feature",
   "id": 43,
   "properties": {
    "highway": "secondary",
    "name": "9th St",
    "layer": "road"
   },
   "geometry": {
    "type": "LineString",
    "coordinates": [
     [
      -122.41212727272728,
      37.764900000000004
     ],
     [
      -122.41212727272728,
      37.765809090909094
     ],
     [
      -122.41212727272728,
      37.766718181818185
     ],
     [
      -122.41212727272728,
      37.767627272727275
     ],
     [
      -122.41212727272728,
      37.768536363636365
     ],
     [
      -122.41212727272728,
      37.769445454545455
     ],
     [
      -122.41212727272728,
      37.770354545454545
     ],
     [
      -122.41212727272728,
      37.77126363636364
     ],
     [
      -122.41212727272728,
      37.77217272727273
     ],
     [
      -122.41212727272728,
      37.77308181818182
     ],
     [
      -122.41212727272728,
      37.77399090909091
     ],
     [
      -122.41212727272728,
      37.7749
     ],
     [
      -122.41212727272728,
      37.77580909090909
     ],
     [
      -122.41212727272728,
      37.77671818181818
     ],
     [
      -122.41212727272728,
      37.77762727272727
     ],
     [
      -122.41212727272728,
      37.77853636363636
     ],
     [
      -122.41212727272728,
      37.77944545454546
     ],
     [
      -122.41212727272728,
      37.78035454545455
     ],
     [
      -122.41212727272728,
      37.78126363636364
     ],
     [
      -122.41212727272728,
      37.78217272727273
     ],
     [
      -122.41212727272728,
      37.78308181818182
     ],
     [
      -122.41212727272728,
      37.78399090909091
     ],
     [
      -122.41212727272728,
      37.7849
     ]
    ]
   }
  },
  {
   "type": "Feature",
   "id": 44,
   "properties": {
    "highway": "primary",
    "name": "5th St",
    "layer": "road"
   },
   "geometry": {
    "type": "LineString",
    "coordinates": [
     [
      -122.41121818181817,
      37.764900000000004
     ],
     [
      -122.41121818181817,
      37.765809090909094
     ],
     [
      -122.41121818181817,
      37.766718181818185
     ],
     [
      -122.41121818181817,
      37.767627272727275
     ],
     [
      -122.41121818181817,
      37.768536363636365
     ],
     [
      -122.41121818181817,
      37.769445454545455
     ],
     [
      -122.41121818181817,
      37.770354545454545
     ],
     [
      -122.41121818181817,
      37.77126363636364
     ],
     [
      -122.41121818181817,
      37.77217272727273
     ],
     [
      -122.41121818181817,
      37.77308181818182
     ],
     [
      -122.41121818181817,
      37.77399090909091
     ],
     [
      -122.41121818181817,
      37.7749
     ],
     [
      -122.41121818181817,
      37.77580909090909
     ],
     [
      -122.41121818181817,
      37.77671818181818
     ],
     [
      -122.41121818181817,
      37.77762727272727
     ],
     [
      -122.41121818181817,
      37.77853636363636
     ],
     [
      -122.41121818181817,
      37.77944545454546
     ],
     [
      -122.41121818181817,
      37.78035454545455
     ],
     [
      -122.41121818181817,
      37.78126363636364
     ],
     [
      -122.41121818181817,
      37.78217272727273
     ],
     [
      -122.41121818181817,
      37.78308181818182
     ],
     [
      -122.41121818181817,
      37.78399090909091
     ],
     [
      -122.41121818181817,
      37.7849
     ]
    ]
   }
  },
  {
   "type": "Feature",
   "id": 45,
   "properties": {
    "highway": "secondary",
    "name": "6th St",
    "layer": "road"
   },
   "geometry": {
    "type": "LineString",
    "coordinates": [
     [
      -122.41030909090908,
      37.764900000000004
     ],
     [
      -122.41030909090908,
      37.765809090909094
     ],
     [
      -122.41030909090908,
      37.766718181818185
     ],
     [
      -122.41030909090908,
      37.767627272727275
     ],
     [
      -122.41030909090908,
      37.768536363636365
     ],
     [
      -122.41030909090908,
      37.769445454545455
     ],
     [
      -122.41030909090908,
      37.770354545454545
     ],
     [
      -122.41030909090908,
      37.77126363636364
     ],
     [
      -122.41030909090908,
      37.77217272727273
     ],
     [
      -122.41030909090908,
      37.77308181818182
     ],
     [
      -122.41030909090908,
      37.77399090909091
     ],
     [
      -122.41030909090908,
      37.7749
     ],
     [
      -122.41030909090908,
      37.77580909090909
     ],
     [
      -122.41030909090908,
      37.77671818181818
     ],
     [
      -122.41030909090908,
      37.77762727272727
     ],
     [
      -122.41030909090908,
      37.77853636363636
     ],
     [
      -122.41030909090908,
      37.77944545454546
     ],
     [
      -122.41030909090908,
      37.78035454545455
     ],
     [
      -122.41030909090908,
      37.78126363636364
     ],
     [
      -122.41030909090908,
      37.78217272727273
     ],
     [
      -122.41030909090908,
      37.78308181818182
     ],
     [
      -122.41030909090908,
      37.78399090909091
     ],
     [
      -122.41030909090908,
      37.7849
     ]
    ]
   }
  },
  {
   "type": "Feature",
   "id": 46,
   "properties": {
    "highway": "secondary",
    "name": "7th St",
    "layer": "road"
   },
   "geometry": {
    "type": "LineString",
    "coordinates": [
     [
      -122.40939999999999,
      37.764900000000004
     ],
     [
      -122.40939999999999,
      37.765809090909094
     ],
     [
      -122.40939999999999,
      37.766718181818185
     ],
     [
      -122.40939999999999,
      37.767627272727275
     ],
     [
      -122.40939999999999,
      37.768536363636365
     ],
     [
      -122.40939999999999,
      37.769445454545455
     ],
     [
      -122.40939999999999,
      37.770354545454545
     ],
     [
      -122.40939999999999,
      37.77126363636364
     ],
     [
      -122.40939999999999,
      37.77217272727273
     ],
     [
      -122.40939999999999,
      37.77308181818182
     ],
     [
      -122.40939999999999,
      37.77399090909091
     ],
     [
      -122.40939999999999,
      37.7749
     ],
     [
      -122.40939999999999,
      37.77580909090909
     ],
     [
      -122.40939999999999,
      37.77671818181818
     ],
     [
      -122.40939999999999,
      37.77762727272727
     ],
     [
      -122.40939999999999,
      37.77853636363636
     ],
     [
      -122.40939999999999,
      37.77944545454546
     ],
     [
      -122.40939999999999,
      37.78035454545455
     ],
     [
      -122.40939999999999,
      37.78126363636364
     ],
     [
      -122.40939999999999,
      37.78217272727273
     ],
     [
      -122.40939999999999,
      37.78308181818182
     ],
     [
      -122.40939999999999,
      37.78399090909091
     ],
     [
      -122.40939999999999,
      37.7849
     ]
    ]
   }
  },
  {
   "type": "Feature",
   "id": 47,
   "properties": {
    "building": "yes",
    "height": 90,
    "layer": "building"
   },
   "geometry": {
    "type": "Polygon",
    "coordinates": [
     [
      [
       -122.42929090909091,
       37.765918181818186
      ],
      [
       -122.4286,
       37.765918181818186
      ],
      [
       -122.4286,
       37.76660909090909
      ],
      [
       -122.42929090909091,
       37.76660909090909
      ],
      [
       -122.42929090909091,
       37.765918181818186
      ]
     ]
    ]
   }
  },
  {
   "type": "Feature",
   "id": 48,
   "properties": {
    "building": "yes",
    "height": 22,
    "layer": "building"
   },
   "geometry": {
    "type": "Polygon",
    "coordinates": [
     [
      [
       -122.42929090909091,
       37.76864545454546
      ],
      [
       -122.4286,
       37.76864545454546
      ],
      [
       -122.4286,
       37.76933636363636
      ],
      [
       -122.42929090909091,
       37.76933636363636
      ],
      [
       -122.42929090909091,
       37.76864545454546
      ]
     ]
    ]
   }
  },
  {
   "type": "Feature",
   "id": 49,
   "properties": {
    "building": "yes",
    "height": 34,
    "name": "Building 0-5",
    "layer": "building"
   },
   "geometry": {
    "type": "Polygon",
    "coordinates": [
     [
      [
       -122.42929090909091,
       37.76955454545455
      ],
      [
       -122.4286,
       37.76955454545455
      ],
      [
       -122.4286,
       37.77024545454545
      ],
      [
       -122.42929090909091,
       37.77024545454545
      ],
      [
       -122.42929090909091,
       37.76955454545455
      ]
     ]
    ]
   }
  },
  {
   "type": "Feature",
   "id": 50,
   "properties": {
    "building": "yes",
    "height": 31,
    "layer": "building"
   },
   "geometry": {
    "type": "Polygon",
    "coordinates": [
     [
      [
       -122.42929090909091,
       37.772281818181824
      ],
      [
       -122.4286,
       37.772281818181824
      ],
      [
       -122.4286,
       37.77297272727273
      ],
      [
       -122.42929090909091,
       37.77297272727273
      ],
      [
       -122.42929090909091,
       37.772281818181824
      ]
     ]
    ]
   }
  },
  {
   "type": "Feature",
   "id": 51,
   "properties": {
    "building": "yes",
    "height": 33,
    "name": "Building 0-12",
    "layer": "building"
   },
   "geometry": {
    "type": "Polygon",
    "coordinates": [
     [
      [
       -122.42929090909091,
       37.775918181818184
      ],
      [
       -122.4286,
       37.775918181818184
      ],
      [
       -122.4286,
       37.77660909090909
      ],
      [
       -122.42929090909091,
       37.77660909090909
      ],
      [
       -122.42929090909091,
       37.775918181818184
      ]
     ]
    ]
   }
  },
  {
   "type": "Feature",
   "id": 52,
   "properties": {
    "building": "yes",
    "height": 77,
    "name": "Building 0-13",
    "layer": "building"
   },
   "geometry": {
    "type": "Polygon",
    "coordinates": [
     [
      [
       -122.42929090909091,
       37.776827272727274
      ],
      [
       -122.4286,
       37.776827272727274
      ],
      [
       -122.4286,
       37.77751818181818
      ],
      [
       -122.42929090909091,
       37.77751818181818
      ],
      [
       -122.42929090909091,
       37.776827272727274
      ]
     ]
    ]
   }
  },
  {
   "type": "Feature",
   "id": 53,
   "properties": {
    "building": "yes",
    "height": 38,
    "layer": "building"
   },
   "geometry": {
    "type": "Polygon",
    "coordinates": [
     [
      [
       -122.42929090909091,
       37.778645454545455
      ],
      [
       -122.4286,
       37.778645454545455
      ],
      [
       -122.4286,
       37.77933636363637
      ],
      [
       -122.42929090909091,
       37.77933636363637
      ],
      [
       -122.42929090909091,
       37.778645454545455
      ]
     ]
    ]
   }
  },
  {
   "type": "Feature",
   "id": 54,
   "properties": {
    "building": "yes",
    "height": 32,
    "layer": "building"
   },
   "geometry": {
    "type": "Polygon",
    "coordinates": [
     [
      [
       -122.42929090909091,
       37.77955454545455
      ],
      [
       -122.4286,
       37.77955454545455
      ],
      [
       -122.4286,
       37.78024545454546
      ],
      [
       -122.42929090909091,
       37.78024545454546
      ],
      [
       -122.42929090909091,
       37.77955454545455
      ]
     ]
    ]
   }
  },
  {
   "type": "Feature",
   "id": 55,
   "properties": {
    "building": "yes",
    "height": 54,
    "layer": "building"
   },
   "geometry": {
    "type": "Polygon",
    "coordinates": [
     [
      [
       -122.42929090909091,
       37.78137272727273
      ],
      [
       -122.4286,
       37.78137272727273
      ],
      [
       -122.4286,
       37.78206363636364
      ],
      [
       -122.42929090909091,
       37.78206363636364
      ],
      [
       -122.42929090909091,
       37.78137272727273
      ]
     ]
    ]
   }
  },
  {
   "type": "Feature",
   "id": 56,
   "properties": {
    "building": "yes",
    "height": 83,
    "layer": "building"
   },
   "geometry": {
    "type": "Polygon",
    "coordinates": [
     [
      [
       -122.42838181818182,
       37.76773636363637
      ],
      [
       -122.42769090909091,
       37.76773636363637
      ],
      [
       -122.42769090909091,
       37.76842727272727
      ],
      [
       -122.42838181818182,
       37.76842727272727
      ],
      [
       -122.42838181818182,
       37.76773636363637
      ]
     ]
    ]
   }
  },
  {
   "type": "Feature",
   "id": 57,
   "properties": {
    "building": "yes",
    "height": 84,
    "layer": "building"
   },
   "geometry": {
    "type": "Polygon",
    "coordinates": [
     [
      [
       -122.42838181818182,
       37.76955454545455
      ],
      [
       -122.42769090909091,
       37.76955454545455
      ],
      [
       -122.42769090909091,
       37.77024545454545
      ],
      [
       -122.42838181818182,
       37.77024545454545
      ],
      [
       -122.42838181818182,
       37.76955454545455
      ]
     ]
    ]
   }
  },
  {
   "type": "Feature",
   "id": 58,
   "properties": {
    "building": "yes",
    "height": 52,
    "layer": "building"
   },
   "geometry": {
    "type": "Polygon",
    "coordinates": [
     [
      [
       -122.42838181818182,
       37.77046363636364
      ],
      [
       -122.42769090909091,
       37.77046363636364
      ],
      [
       -122.42769090909091,
       37.77115454545455
      ],
      [
       -122.42838181818182,
       37.77115454545455
      ],
      [
       -122.42838181818182,
       37.77046363636364
      ]
     ]
    ]
   }
  },
  {
   "type": "Feature",
   "id": 59,
   "properties": {
    "building": "yes",
    "height": 92,
    "layer": "building"
   },
   "geometry": {
    "type": "Polygon",
    "coordinates": [
     [
      [
       -122.42838181818182,
       37.771372727272734
      ],
      [
       -122.42769090909091,
       37.771372727272734
      ],
      [
       -122.42769090909091,
       37.77206363636364
      ],
      [
       -122.42838181818182,
       37.77206363636364
      ],
      [
       -122.42838181818182,
       37.771372727272734
      ]
     ]
    ]
   }
  },
  {
   "type": "Feature",
   "id": 60,
   "properties": {
    "building": "yes",
    "height": 63,
    "name": "Building 1-8",
    "layer": "building"
   },
   "geometry": {
    "type": "Polygon",
    "coordinates": [
     [
      [
       -122.42838181818182,
       37.772281818181824
      ],
      [
       -122.42769090909091,
       37.772281818181824
      ],
      [
       -122.42769090909091,
       37.77297272727273
      ],
      [
       -122.42838181818182,
       37.77297272727273
      ],
      [
       -122.42838181818182,
       37.772281818181824
      ]
     ]
    ]
   }
  },
  {
   "type": "Feature",
   "id": 61,
   "properties": {
    "building": "yes",
    "height": 32,
    "layer": "building"
   },
   "geometry": {
    "type": "Polygon",
    "coordinates": [
     [
      [
       -122.42838181818182,
       37.776827272727274
      ],
      [
       -122.42769090909091,
       37.776827272727274
      ],
      [
       -122.42769090909091,
       37.77751818181818
      ],
      [
       -122.42838181818182,
       37.77751818181818
      ],
      [
       -122.42838181818182,
       37.776827272727274
      ]
     ]
    ]
   }
  },
  {
   "type": "Feature",
   "id": 62,
   "properties": {
    "building": "yes",
    "height": 81,
    "layer": "building"
   },
   "geometry": {
    "type": "Polygon",
    "coordinates": [
     [
      [
       -122.42838181818182,
       37.77955454545455
      ],
      [
       -122.42769090909091,
       37.77955454545455
      ],
      [
       -122.42769090909091,
       37.78024545454546
      ],
      [
       -122.42838181818182,
       37.78024545454546
      ],
      [
       -122.42838181818182,
       37.77955454545455
      ]
     ]
    ]
   }
  },
  {
   "type": "Feature",
   "id": 63,
   "properties": {
    "building": "yes",
    "height": 14,
    "layer": "building"
   },
   "geometry": {
    "type": "Polygon",
    "coordinates": [
     [
      [
       -122.42838181818182,
       37.78046363636364
      ],
      [
       -122.42769090909091,
       37.78046363636364
      ],
      [
       -122.42769090909091,
       37.78115454545455
      ],
      [
       -122.42838181818182,
       37.78115454545455
      ],
      [
       -122.42838181818182,
       37.78046363636364
      ]
     ]
    ]
   }
  },
  {
   "type": "Feature",
   "id": 64,
   "properties": {
    "building": "yes",
    "height": 40,
    "layer": "building"
   },
   "geometry": {
    "type": "Polygon",
    "coordinates": [
     [
      [
       -122.42838181818182,
       37.78137272727273
      ],
      [
       -122.42769090909091,
       37.78137272727273
      ],
      [
       -122.42769090909091,
       37.78206363636364
      ],
      [
       -122.42838181818182,
       37.78206363636364
      ],
      [
       -122.42838181818182,
       37.78137272727273
      ]
     ]
    ]
   }
  },
  {
   "type": "Feature",
   "id": 65,
   "properties": {
    "building": "yes",
    "height": 42,
    "layer": "building"
   },
   "geometry": {
    "type": "Polygon",
    "coordinates": [
     [
      [
       -122.42838181818182,
       37.78319090909091
      ],
      [
       -122.42769090909091,
       37.78319090909091
      ],
      [
       -122.42769090909091,
       37.78388181818182
      ],
      [
       -122.42838181818182,
       37.78388181818182
      ],
      [
       -122.42838181818182,
       37.78319090909091
      ]
     ]
    ]
   }
  },
  {
   "type": "Feature",
   "id": 66,
   "properties": {
    "building": "yes",
    "height": 10,
    "name": "Building 2-0",
    "layer": "building"
   },
   "geometry": {
    "type": "Polygon",
    "coordinates": [
     [
      [
       -122.42747272727273,
       37.765009090909096
      ],
      [
       -122.42678181818181,
       37.765009090909096
      ],
      [
       -122.42678181818181,
       37.7657
      ],
      [
       -122.42747272727273,
       37.7657
      ],
      [
       -122.42747272727273,
       37.765009090909096
      ]
     ]
    ]
   }
  },
  {
   "type": "Feature",
   "id": 67,
   "properties": {
    "building": "yes",
    "height": 83,
    "layer": "building"
   },
   "geometry": {
    "type": "Polygon",
    "coordinates": [
     [
      [
       -122.42747272727273,
       37.765918181818186
      ],
      [
       -122.42678181818181,
       37.765918181818186
      ],
      [
       -122.42678181818181,
       37.76660909090909
      ],
      [
       -122.42747272727273,
       37.76660909090909
      ],
      [
       -122.42747272727273,
       37.765918181818186
      ]
     ]
    ]
   }
  },
  {
   "type": "Feature",
   "id": 68,
   "properties": {
    "building": "yes",
    "height": 77,
    "layer": "building"
   },
   "geometry": {
    "type": "Polygon",
    "coordinates": [
     [
      [
       -122.42747272727273,
       37.76773636363637
      ],
      [
       -122.42678181818181,
       37.76773636363637
      ],
      [
       -122.42678181818181,
       37.76842727272727
      ],
      [
       -122.42747272727273,
       37.76842727272727
      ],
      [
       -122.42747272727273,
       37.76773636363637
      ]
     ]
    ]
   }
  },
  {
   "type": "Feature",
   "id": 69,
   "properties": {
    "building": "yes",
    "height": 46,
    "layer": "building"
   },
   "geometry": {
    "type": "Polygon",
    "coordinates": [
     [
      [
       -122.42747272727273,
       37.76864545454546
      ],
      [
       -122.42678181818181,
       37.76864545454546
      ],
      [
       -122.42678181818181,
       37.76933636363636
      ],
      [
       -122.42747272727273,
       37.76933636363636
      ],
      [
       -122.42747272727273,
       37.76864545454546
      ]
     ]
    ]
   }
  },
  {
   "type": "Feature",
   "id": 70,
   "properties": {
    "building": "yes",
    "height": 38,
    "layer": "building"
   },
   "geometry": {
    "type": "Polygon",
    "coordinates": [
     [
      [
       -122.42747272727273,
       37.76955454545455
      ],
      [
       -122.42678181818181,
       37.76955454545455
      ],
      [
       -122.42678181818181,
       37.77024545454545
      ],
      [
       -122.42747272727273,
       37.77024545454545
      ],
      [
       -122.42747272727273,
       37.76955454545455
      ]
     ]
    ]
   }
  },
  {
   "type": "Feature",
   "id": 71,
   "properties": {
    "building": "yes",
    "height": 97,
    "name": "Building 2-6",
    "layer": "building"
   },
   "geometry": {
    "type": "Polygon",
    "coordinates": [
     [
      [
       -122.42747272727273,
       37.77046363636364
      ],
      [
       -122.42678181818181,
       37.77046363636364
      ],
      [
       -122.42678181818181,
       37.77115454545455
      ],
      [
       -122.42747272727273,
       37.77115454545455
      ],
      [
       -122.42747272727273,
       37.77046363636364
      ]
     ]
    ]
   }
  },
  {
   "type": "Feature",
   "id": 72,
   "properties": {
    "building": "yes",
    "height": 94,
    "layer": "building"
   },
   "geometry": {
    "type": "Polygon",
    "coordinates": [
     [
      [
       -122.42747272727273,
       37.772281818181824
      ],
      [
       -122.42678181818181,
       37.772281818181824
      ],
      [
       -122.42678181818181,
       37.77297272727273
      ],
      [
       -122.42747272727273,
       37.77297272727273
      ],
      [
       -122.42747272727273,
       37.772281818181824
      ]
     ]
    ]
   }
  },
  {
   "type": "Feature",
   "id": 73,
   "properties": {
    "building": "yes",
    "height": 17,
    "name": "Building 2-10",
    "layer": "building"
   },
   "geometry": {
    "type": "Polygon",
    "coordinates": [
     [
      [
       -122.42747272727273,
       37.774100000000004
      ],
      [
       -122.42678181818181,
       37.774100000000004
      ],
      [
       -122.42678181818181,
       37.77479090909091
      ],
      [
       -122.42747272727273,
       37.77479090909091
      ],
      [
       -122.42747272727273,
       37.774100000000004
      ]
     ]
    ]
   }
  },
  {
   "type": "Feature",
   "id": 74,
   "properties": {
    "building": "yes",
    "height": 78,
    "layer": "building"
   },
   "geometry": {
    "type": "Polygon",
    "coordinates": [
     [
      [
       -122.42747272727273,
       37.775918181818184
      ],
      [
       -122.42678181818181,
       37.775918181818184
      ],
      [
       -122.42678181818181,
       37.77660909090909
      ],
      [
       -122.42747272727273,
       37.77660909090909
      ],
      [
       -122.42747272727273,
       37.775918181818184
      ]
     ]
    ]
   }
  },
  {
   "type": "Feature",
   "id": 75,
   "properties": {
    "building": "yes",
    "height": 20,
    "layer": "building"
   },
   "geometry": {
    "type": "Polygon",
    "coordinates": [
     [
      [
       -122.42747272727273,
       37.777736363636365
      ],
      [
       -122.42678181818181,
       37.777736363636365
      ],
      [
       -122.42678181818181,
       37.77842727272727
      ],
      [
       -122.42747272727273,
       37.77842727272727
      ],
      [
       -122.42747272727273,
       37.777736363636365
      ]
     ]
    ]
   }
  },
  {
   "type": "Feature",
   "id": 76,
   "properties": {
    "building": "yes",
    "height": 89,
    "layer": "building"
   },
   "geometry": {
    "type": "Polygon",
    "coordinates": [
     [
      [
       -122.42747272727273,
       37.778645454545455
      ],
      [
       -122.42678181818181,
       37.778645454545455
      ],
      [
       -122.42678181818181,
       37.77933636363637
      ],
      [
       -122.42747272727273,
       37.77933636363637
      ],
      [
       -122.42747272727273,
       37.778645454545455
      ]
     ]
    ]
   }
  },
  {
   "type": "Feature",
   "id": 77,
   "properties": {
    "building": "yes",
    "height": 14,
    "layer": "building"
   },
   "geometry": {
    "type": "Polygon",
    "coordinates": [
     [
      [
       -122.42747272727273,
       37.78046363636364
      ],
      [
       -122.42678181818181,
       37.78046363636364
      ],
      [
       -122.42678181818181,
       37.78115454545455
      ],
      [
       -122.42747272727273,
       37.78115454545455
      ],
      [
       -122.42747272727273,
       37.78046363636364
      ]
     ]
    ]
   }
  },
  {
   "type": "Feature",
   "id": 78,
   "properties": {
    "building": "yes",
    "height": 48,
    "name": "Building 2-18",
    "layer": "building"
   },
   "geometry": {
    "type": "Polygon",
    "coordinates": [
     [
      [
       -122.42747272727273,
       37.78137272727273
      ],
      [
       -122.42678181818181,
       37.78137272727273
      ],
      [
       -122.42678181818181,
       37.78206363636364
      ],
      [
       -122.42747272727273,
       37.78206363636364
      ],
      [
       -122.42747272727273,
       37.78137272727273
      ]
     ]
    ]
   }
  },
  {
   "type": "Feature",
   "id": 79,
   "properties": {
    "building": "yes",
    "height": 93,
    "name": "Building 2-19",
    "layer": "building"
   },
   "geometry": {
    "type": "Polygon",
    "coordinates": [
     [
      [
       -122.42747272727273,
       37.78228181818182
      ],
      [
       -122.42678181818181,
       37.78228181818182
      ],
      [
       -122.42678181818181,
       37.78297272727273
      ],
      [
       -122.42747272727273,
       37.78297272727273
      ],
      [
       -122.42747272727273,
       37.78228181818182
      ]
     ]
    ]
   }
  },
  {
   "type": "Feature",
   "id": 80,
   "properties": {
    "building": "yes",
    "height": 49,
    "layer": "building"
   },
   "geometry": {
    "type": "Polygon",
    "coordinates": [
     [
      [
       -122.42656363636362,
       37.765009090909096
      ],
      [
       -122.42587272727272,
       37.765009090909096
      ],
      [
       -122.42587272727272,
       37.7657
      ],
      [
       -122.42656363636362,
       37.7657
      ],
      [
       -122.42656363636362,
       37.765009090909096
      ]
     ]
    ]
   }
  },
  {
   "type": "Feature",
   "id": 81,
   "properties": {
    "building": "yes",
    "height": 28,
    "layer": "building"
   },
   "geometry": {
    "type": "Polygon",
    "coordinates": [
     [
      [
       -122.42656363636362,
       37.765918181818186
      ],
      [
       -122.42587272727272,
       37.765918181818186
      ],
      [
       -122.42587272727272,
       37.76660909090909
      ],
      [
       -122.42656363636362,
       37.76660909090909
      ],
      [
       -122.42656363636362,
       37.765918181818186
      ]
     ]
    ]
   }
  },
  {
   "type": "Feature",
   "id": 82,
   "properties": {
    "building": "yes",
    "height": 97,
    "layer": "building"
   },
   "geometry": {
    "type": "Polygon",
    "coordinates": [
     [
      [
       -122.42656363636362,
       37.76682727272728
      ],
      [
       -122.42587272727272,
       37.76682727272728
      ],
      [
       -122.42587272727272,
       37.76751818181818
      ],
      [
       -122.42656363636362,
       37.76751818181818
      ],
      [
       -122.42656363636362,
       37.76682727272728
      ]
     ]
    ]
   }
  },
  {
   "type": "Feature",
   "id": 83,
   "properties": {
    "building": "yes",
    "height": 71,
    "layer": "building"
   },
   "geometry": {
    "type": "Polygon",
    "coordinates": [
     [
      [
       -122.42656363636362,
       37.76773636363637
      ],
      [
       -122.42587272727272,
       37.76773636363637
      ],
      [
       -122.42587272727272,
       37.76842727272727
      ],
      [
       -122.42656363636362,
       37.76842727272727
      ],
      [
       -122.42656363636362,
       37.76773636363637
      ]
     ]
    ]
   }
  },
  {
   "type": "Feature",
   "id": 84,
   "properties": {
    "building": "yes",
    "height": 14,
    "layer": "building"
   },
   "geometry": {
    "type": "Polygon",
    "coordinates": [
     [
      [
       -122.42656363636362,
       37.77046363636364
      ],
      [
       -122.42587272727272,
       37.77046363636364
      ],
      [
       -122.42587272727272,
       37.77115454545455
      ],
      [
       -122.42656363636362,
       37.77115454545455
      ],
      [
       -122.42656363636362,
       37.77046363636364
      ]
     ]
    ]
   }
  },
  {
   "type": "Feature",
   "id": 85,
   "properties": {
    "building": "yes",
    "height": 77,
    "name": "Building 3-9",
    "layer": "building"
   },
   "geometry": {
    "type": "Polygon",
    "coordinates": [
     [
      [
       -122.42656363636362,
       37.773190909090914
      ],
      [
       -122.42587272727272,
       37.773190909090914
      ],
      [
       -122.42587272727272,
       37.77388181818182
      ],
      [
       -122.42656363636362,
       37.77388181818182
      ],
      [
       -122.42656363636362,
       37.773190909090914
      ]
     ]
    ]
   }
  },
  {
   "type": "Feature",
   "id": 86,
   "properties": {
    "building": "yes",
    "height": 11,
    "layer": "building"
   },
   "geometry": {
    "type": "Polygon",
    "coordinates": [
     [
      [
       -122.42656363636362,
       37.774100000000004
      ],
      [
       -122.42587272727272,
       37.774100000000004
      ],
      [
       -122.42587272727272,
       37.77479090909091
      ],
      [
       -122.42656363636362,
       37.77479090909091
      ],
      [
       -122.42656363636362,
       37.774100000000004
      ]
     ]
    ]
   }
  },
  {
   "type": "Feature",
   "id": 87,
   "properties": {
    "building": "yes",
    "height": 49,
    "layer": "building"
   },
   "geometry": {
    "type": "Polygon",
    "coordinates": [
     [
      [
       -122.42656363636362,
       37.775009090909094
      ],
      [
       -122.42587272727272,
       37.775009090909094
      ],
      [
       -122.42587272727272,
       37.7757
      ],
      [
       -122.42656363636362,
       37.7757
      ],
      [
       -122.42656363636362,
       37.775009090909094
      ]
     ]
    ]
   }
  },
  {
   "type": "Feature",
   "id": 88,
   "properties": {
    "building": "yes",
    "height": 13,
    "layer": "building"
   },
   "geometry": {
    "type": "Polygon",
    "coordinates": [
     [
      [
       -122.42656363636362,
       37.776827272727274
      ],
      [
       -122.42587272727272,
       37.776827272727274
      ],
      [
       -122.42587272727272,
       37.77751818181818
      ],
      [
       -122.42656363636362,
       37.77751818181818
      ],
      [
       -122.42656363636362,
       37.776827272727274
      ]
     ]
    ]
   }
  },
  {
   "type": "Feature",
   "id": 89,
   "properties": {
    "building": "yes",
    "height": 12,
    "name": "Building 3-14",
    "layer": "building"
   },
   "geometry": {
    "type": "Polygon",
    "coordinates": [
     [
      [
       -122.42656363636362,
       37.777736363636365
      ],
      [
       -122.42587272727272,
       37.777736363636365
      ],
      [
       -122.42587272727272,
       37.77842727272727
      ],
      [
       -122.42656363636362,
       37.77842727272727
      ],
      [
       -122.42656363636362,
       37.777736363636365
      ]
     ]
    ]
   }
  },
  {
   "type": "Feature",
   "id": 90,
   "properties": {
    "building": "yes",
    "height": 87,
    "layer": "building"
   },
   "geometry": {
    "type": "Polygon",
    "coordinates": [
     [
      [
       -122.42656363636362,
       37.778645454545455
      ],
      [
       -122.42587272727272,
       37.778645454545455
      ],
      [
       -122.42587272727272,
       37.77933636363637
      ],
      [
       -122.42656363636362,
       37.77933636363637
      ],
      [
       -122.42656363636362,
       37.778645454545455
      ]
     ]
    ]
   }
  },
  {
   "type": "Feature",
   "id": 91,
   "properties": {
    "building": "yes",
    "height": 78,
    "layer": "building"
   },
   "geometry": {
    "type": "Polygon",
    "coordinates": [
     [
      [
       -122.42656363636362,
       37.78046363636364
      ],
      [
       -122.42587272727272,
       37.78046363636364
      ],
      [
       -122.42587272727272,
       37.78115454545455
      ],
      [
       -122.42656363636362,
       37.78115454545455
      ],
      [
       -122.42656363636362,
       37.78046363636364
      ]
     ]
    ]
   }
  },
  {
   "type": "Feature",
   "id": 92,
   "properties": {
    "building": "yes",
    "height": 57,
    "layer": "building"
   },
   "geometry": {
    "type": "Polygon",
    "coordinates": [
     [
      [
       -122.42656363636362,
       37.78137272727273
      ],
      [
       -122.42587272727272,
       37.78137272727273
      ],
      [
       -122.42587272727272,
       37.78206363636364
      ],
      [
       -122.42656363636362,
       37.78206363636364
      ],
      [
       -122.42656363636362,
       37.78137272727273
      ]
     ]
    ]
   }
  },
  {
   "type": "Feature",
   "id": 93,
   "properties": {
    "building": "yes",
    "height": 36,
    "layer": "building"
   },
   "geometry": {
    "type": "Polygon",
    "coordinates": [
     [
      [
       -122.42565454545453,
       37.765009090909096
      ],
      [
       -122.42496363636363,
       37.765009090909096
      ],
      [
       -122.42496363636363,
       37.7657
      ],
      [
       -122.42565454545453,
       37.7657
      ],
      [
       -122.42565454545453,
       37.765009090909096
      ]
     ]
    ]
   }
  },
  {
   "type": "Feature",
   "id": 94,
   "properties": {
    "building": "yes",
    "height": 13,
    "layer": "building"
   },
   "geometry": {
    "type": "Polygon",
    "coordinates": [
     [
      [
       -122.42565454545453,
       37.76773636363637
      ],
      [
       -122.42496363636363,
       37.76773636363637
      ],
      [
       -122.42496363636363,
       37.76842727272727
      ],
      [
       -122.42565454545453,
       37.76842727272727
      ],
      [
       -122.42565454545453,
       37.76773636363637
      ]
     ]
    ]
   }
  },
  {
   "type": "Feature",
   "id": 95,
   "properties": {
    "building": "yes",
    "height": 43,
    "layer": "building"
   },
   "geometry": {
    "type": "Polygon",
    "coordinates": [
     [
      [
       -122.42565454545453,
       37.775009090909094
      ],
      [
       -122.42496363636363,
       37.775009090909094
      ],
      [
       -122.42496363636363,
       37.7757
      ],
      [
       -122.42565454545453,
       37.7757
      ],
      [
       -122.42565454545453,
       37.775009090909094
      ]
     ]
    ]
   }
  },
  {
   "type": "Feature",
   "id": 96,
   "properties": {
    "building": "yes",
    "height": 51,
    "layer": "building"
   },
   "geometry": {
    "type": "Polygon",
    "coordinates": [
     [
      [
       -122.42565454545453,
       37.775918181818184
      ],
      [
       -122.42496363636363,
       37.775918181818184
      ],
      [
       -122.42496363636363,
       37.77660909090909
      ],
      [
       -122.42565454545453,
       37.77660909090909
      ],
      [
       -122.42565454545453,
       37.775918181818184
      ]
     ]
    ]
   }
  },
  {
   "type": "Feature",
   "id": 97,
   "properties": {
    "building": "yes",
    "height": 82,
    "layer": "building"
   },
   "geometry": {
    "type": "Polygon",
    "coordinates": [
     [
      [
       -122.42565454545453,
       37.78046363636364
      ],
      [
       -122.42496363636363,
       37.78046363636364
      ],
      [
       -122.42496363636363,
       37.78115454545455
      ],
      [
       -122.42565454545453,
       37.78115454545455
      ],
      [
       -122.42565454545453,
       37.78046363636364
      ]
     ]
    ]
   }
  },
  {
   "type": "Feature",
   "id": 98,
   "properties": {
    "building": "yes",
    "height": 23,
    "layer": "building"
   },
   "geometry": {
    "type": "Polygon",
    "coordinates": [
     [
      [
       -122.42565454545453,
       37.78137272727273
      ],
      [
       -122.42496363636363,
       37.78137272727273
      ],
      [
       -122.42496363636363,
       37.78206363636364
      ],
      [
       -122.42565454545453,
       37.78206363636364
      ],
      [
       -122.42565454545453,
       37.78137272727273
      ]
     ]
    ]
   }
  },
  {
   "type": "Feature",
   "id": 99,
   "properties": {
    "building": "yes",
    "height": 25,
    "name": "Building 4-19",
    "layer": "building"
   },
   "geometry": {
    "type": "Polygon",
    "coordinates": [
     [
      [
       -122.42565454545453,
       37.78228181818182
      ],
      [
       -122.42496363636363,
       37.78228181818182
      ],
      [
       -122.42496363636363,
       37.78297272727273
      ],
      [
       -122.42565454545453,
       37.78297272727273
      ],
      [
       -122.42565454545453,
       37.78228181818182
      ]
     ]
    ]
   }
  },
  {
   "type": "Feature",
   "id": 100,
   "properties": {
    "building": "yes",
    "height": 23,
    "layer": "building"
   },
   "geometry": {
    "type": "Polygon",
    "coordinates": [
     [
      [
       -122.42565454545453,
       37.78319090909091
      ],
      [
       -122.42496363636363,
       37.78319090909091
      ],
      [
       -122.42496363636363,
       37.78388181818182
      ],
      [
       -122.42565454545453,
       37.78388181818182
      ],
      [
       -122.42565454545453,
       37.78319090909091
      ]
     ]
    ]
   }
  },
  {
   "type": "Feature",
   "id": 101,
   "properties": {
    "building": "yes",
    "height": 24,
    "layer": "building"
   },
   "geometry": {
    "type": "Polygon",
    "coordinates": [
     [
      [
       -122.42565454545453,
       37.7841
      ],
      [
       -122.42496363636363,
       37.7841
      ],
      [
       -122.42496363636363,
       37.78479090909091
      ],
      [
       -122.42565454545453,
       37.78479090909091
      ],
      [
       -122.42565454545453,
       37.7841
      ]
     ]
    ]
   }
  },
  {
   "type": "Feature",
   "id": 102,
   "properties": {
    "building": "yes",
    "height": 84,
    "name": "Building 5-0",
    "layer": "building"
   },
   "geometry": {
    "type": "Polygon",
    "coordinates": [
     [
      [
       -122.42474545454544,
       37.765009090909096
      ],
      [
       -122.42405454545454,
       37.765009090909096
      ],
      [
       -122.42405454545454,
       37.7657
      ],
      [
       -122.42474545454544,
       37.7657
      ],
      [
       -122.42474545454544,
       37.765009090909096
      ]
     ]
    ]
   }
  },
  {
   "type": "Feature",
   "id": 103,
   "properties": {
    "building": "yes",
    "height": 42,
    "layer": "building"
   },
   "geometry": {
    "type": "Polygon",
    "coordinates": [
     [
      [
       -122.42474545454544,
       37.765918181818186
      ],
      [
       -122.42405454545454,
       37.765918181818186
      ],
      [
       -122.42405454545454,
       37.76660909090909
      ],
      [
       -122.42474545454544,
       37.76660909090909
      ],
      [
       -122.42474545454544,
       37.765918181818186
      ]
     ]
    ]
   }
  },
  {
   "type": "Feature",
   "id": 104,
   "properties": {
    "building": "yes",
    "height": 64,
    "name": "Building 5-2",
    "layer": "building"
   },
   "geometry": {
    "type": "Polygon",
    "coordinates": [
     [
      [
       -122.42474545454544,
       37.76682727272728
      ],
      [
       -122.42405454545454,
       37.76682727272728
      ],
      [
       -122.42405454545454,
       37.76751818181818
      ],
      [
       -122.42474545454544,
       37.76751818181818
      ],
      [
       -122.42474545454544,
       37.76682727272728
      ]
     ]
    ]
   }
  },
  {
   "type": "Feature",
   "id": 105,
   "properties": {
    "building": "yes",
    "height": 8,
    "layer": "building"
   },
   "geometry": {
    "type": "Polygon",
    "coordinates": [
     [
      [
       -122.42474545454544,
       37.76864545454546
      ],
      [
       -122.42405454545454,
       37.76864545454546
      ],
      [
       -122.42405454545454,
       37.76933636363636
      ],
      [
       -122.42474545454544,
       37.76933636363636
      ],
      [
       -122.42474545454544,
       37.76864545454546
      ]
     ]
    ]
   }
  },
  {
   "type": "Feature",
   "id": 106,
   "properties": {
    "building": "yes",
    "height": 40,
    "layer": "building"
   },
   "geometry": {
    "type": "Polygon",
    "coordinates": [
     [
      [
       -122.42474545454544,
       37.76955454545455
      ],
      [
       -122.42405454545454,
       37.76955454545455
      ],
      [
       -122.42405454545454,
       37.77024545454545
      ],
      [
       -122.42474545454544,
       37.77024545454545
      ],
      [
       -122.42474545454544,
       37.76955454545455
      ]
     ]
    ]
   }
  },
  {
   "type": "Feature",
   "id": 107,
   "properties": {
    "building": "yes",
    "height": 75,
    "layer": "building"
   },
   "geometry": {
    "type": "Polygon",
    "coordinates": [
     [
      [
       -122.42474545454544,
       37.77046363636364
      ],
      [
       -122.42405454545454,
       37.77046363636364
      ],
      [
       -122.42405454545454,
       37.77115454545455
      ],
      [
       -122.42474545454544,
       37.77115454545455
      ],
      [
       -122.42474545454544,
       37.77046363636364
      ]
     ]
    ]
   }
  },
  {
   "type": "Feature",
   "id": 108,
   "properties": {
    "building": "yes",
    "height": 16,
    "layer": "building"
   },
   "geometry": {
    "type": "Polygon",
    "coordinates": [
     [
      [
       -122.42474545454544,
       37.771372727272734
      ],
      [
       -122.42405454545454,
       37.771372727272734
      ],
      [
       -122.42405454545454,
       37.77206363636364
      ],
      [
       -122.42474545454544,
       37.77206363636364
      ],
      [
       -122.42474545454544,
       37.771372727272734
      ]
     ]
    ]
   }
  },
  {
   "type": "Feature",
   "id": 109,
   "properties": {
    "building": "yes",
    "height": 73,
    "layer": "building"
   },
   "geometry": {
    "type": "Polygon",
    "coordinates": [
     [
      [
       -122.42474545454544,
       37.772281818181824
      ],
      [
       -122.42405454545454,
       37.772281818181824
      ],
      [
       -122.42405454545454,
       37.77297272727273
      ],
      [
       -122.42474545454544,
       37.77297272727273
      ],
      [
       -122.42474545454544,
       37.772281818181824
      ]
     ]
    ]
   }
  },
  {
   "type": "Feature",
   "id": 110,
   "properties": {
    "building": "yes",
    "height": 87,
    "layer": "building"
   },
   "geometry": {
    "type": "Polygon",
    "coordinates": [
     [
      [
       -122.42474545454544,
       37.775009090909094
      ],
      [
       -122.42405454545454,
       37.775009090909094
      ],
      [
       -122.42405454545454,
       37.7757
      ],
      [
       -122.42474545454544,
       37.7757
      ],
      [
       -122.42474545454544,
       37.775009090909094
      ]
     ]
    ]
   }
  },
  {
   "type": "Feature",
   "id": 111,
   "properties": {
    "building": "yes",
    "height": 96,
    "layer": "building"
   },
   "geometry": {
    "type": "Polygon",
    "coordinates": [
     [
      [
       -122.42474545454544,
       37.776827272727274
      ],
      [
       -122.42405454545454,
       37.776827272727274
      ],
      [
       -122.42405454545454,
       37.77751818181818
      ],
      [
       -122.42474545454544,
       37.77751818181818
      ],
      [
       -122.42474545454544,
       37.776827272727274
      ]
     ]
    ]
   }
  },
  {
   "type": "Feature",
   "id": 112,
   "properties": {
    "building": "yes",
    "height": 60,
    "name": "Building 5-15",
    "layer": "building"
   },
   "geometry": {
    "type": "Polygon",
    "coordinates": [
     [
      [
       -122.42474545454544,
       37.778645454545455
      ],
      [
       -122.42405454545454,
       37.778645454545455
      ],
      [
       -122.42405454545454,
       37.77933636363637
      ],
      [
       -122.42474545454544,
       37.77933636363637
      ],
      [
       -122.42474545454544,
       37.778645454545455
      ]
     ]
    ]
   }
  },
  {
   "type": "Feature",
   "id": 113,
   "properties": {
    "building": "yes",
    "height": 14,
    "layer": "building"
   },
   "geometry": {
    "type": "Polygon",
    "coordinates": [
     [
      [
       -122.42474545454544,
       37.78046363636364
      ],
      [
       -122.42405454545454,
       37.78046363636364
      ],
      [
       -122.42405454545454,
       37.78115454545455
      ],
      [
       -122.42474545454544,
       37.78115454545455
      ],
      [
       -122.42474545454544,
       37.78046363636364
      ]
     ]
    ]
   }
  },
  {
   "type": "Feature",
   "id": 114,
   "properties": {
    "building": "yes",
    "height": 39,
    "layer": "building"
   },
   "geometry": {
    "type": "Polygon",
    "coordinates": [
     [
      [
       -122.42474545454544,
       37.78137272727273
      ],
      [
       -122.42405454545454,
       37.78137272727273
      ],
      [
       -122.42405454545454,
       37.78206363636364
      ],
      [
       -122.42474545454544,
       37.78206363636364
      ],
      [
       -122.42474545454544,
       37.78137272727273
      ]
     ]
    ]
   }
  },
  {
   "type": "Feature",
   "id": 115,
   "properties": {
    "building": "yes",
    "height": 32,
    "layer": "building"
   },
   "geometry": {
    "type": "Polygon",
    "coordinates": [
     [
      [
       -122.42474545454544,
       37.78319090909091
      ],
      [
       -122.42405454545454,
       37.78319090909091
      ],
      [
       -122.42405454545454,
       37.78388181818182
      ],
      [
       -122.42474545454544,
       37.78388181818182
      ],
      [
       -122.42474545454544,
       37.78319090909091
      ]
     ]
    ]
   }
  },
  {
   "type": "Feature",
   "id": 116,
   "properties": {
    "building": "yes",
    "height": 29,
    "layer": "building"
   },
   "geometry": {
    "type": "Polygon",
    "coordinates": [
     [
      [
       -122.42474545454544,
       37.7841
      ],
      [
       -122.42405454545454,
       37.7841
      ],
      [
       -122.42405454545454,
       37.78479090909091
      ],
      [
       -122.42474545454544,
       37.78479090909091
      ],
      [
       -122.42474545454544,
       37.7841
      ]
     ]
    ]
   }
  },
  {
   "type": "Feature",
   "id": 117,
   "properties": {
    "building": "yes",
    "height": 18,
    "layer": "building"
   },
   "geometry": {
    "type": "Polygon",
    "coordinates": [
     [
      [
       -122.42383636363635,
       37.765009090909096
      ],
      [
       -122.42314545454545,
       37.765009090909096
      ],
      [
       -122.42314545454545,
       37.7657
      ],
      [
       -122.42383636363635,
       37.7657
      ],
      [
       -122.42383636363635,
       37.765009090909096
      ]
     ]
    ]
   }
  },
  {
   "type": "Feature",
   "id": 118,
   "properties": {
    "building": "yes",
    "height": 85,
    "name": "Building 6-3",
    "layer": "building"
   },
   "geometry": {
    "type": "Polygon",
    "coordinates": [
     [
      [
       -122.42383636363635,
       37.76773636363637
      ],
      [
       -122.42314545454545,
       37.76773636363637
      ],
      [
       -122.42314545454545,
       37.76842727272727
      ],
      [
       -122.42383636363635,
       37.76842727272727
      ],
      [
       -122.42383636363635,
       37.76773636363637
      ]
     ]
    ]
   }
  },
  {
   "type": "Feature",
   "id": 119,
   "properties": {
    "building": "yes",
    "height": 17,
    "name": "Building 6-6",
    "layer": "building"
   },
   "geometry": {
    "type": "Polygon",
    "coordinates": [
     [
      [
       -122.42383636363635,
       37.77046363636364
      ],
      [
       -122.42314545454545,
       37.77046363636364
      ],
      [
       -122.42314545454545,
       37.77115454545455
      ],
      [
       -122.42383636363635,
       37.77115454545455
      ],
      [
       -122.42383636363635,
       37.77046363636364
      ]
     ]
    ]
   }
  },
  {
   "type": "Feature",
   "id": 120,
   "properties": {
    "building": "yes",
    "height": 68,
    "layer": "building"
   },
   "geometry": {
    "type": "Polygon",
    "coordinates": [
     [
      [
       -122.42383636363635,
       37.773190909090914
      ],
      [
       -122.42314545454545,
       37.773190909090914
      ],
      [
       -122.42314545454545,
       37.77388181818182
      ],
      [
       -122.42383636363635,
       37.77388181818182
      ],
      [
       -122.42383636363635,
       37.773190909090914
      ]
     ]
    ]
   }
  },
  {
   "type": "Feature",
   "id": 121,
   "properties": {
    "building": "yes",
    "height": 66,
    "name": "Building 6-13",
    "layer": "building"
   },
   "geometry": {
    "type": "Polygon",
    "coordinates": [
     [
      [
       -122.42383636363635,
       37.776827272727274
      ],
      [
       -122.42314545454545,
       37.776827272727274
      ],
      [
       -122.42314545454545,
       37.77751818181818
      ],
      [
       -122.42383636363635,
       37.77751818181818
      ],
      [
       -122.42383636363635,
       37.776827272727274
      ]
     ]
    ]
   }
  },
  {
   "type": "Feature",
   "id": 122,
   "properties": {
    "building": "yes",
    "height": 22,
    "layer": "building"
   },
   "geometry": {
    "type": "Polygon",
    "coordinates": [
     [
      [
       -122.42383636363635,
       37.777736363636365
      ],
      [
       -122.42314545454545,
       37.777736363636365
      ],
      [
       -122.42314545454545,
       37.77842727272727
      ],
      [
       -122.42383636363635,
       37.77842727272727
      ],
      [
       -122.42383636363635,
       37.777736363636365
      ]
     ]
    ]
   }
  },
  {
   "type": "Feature",
   "id": 123,
   "properties": {
    "building": "yes",
    "height": 91,
    "layer": "building"
   },
   "geometry": {
    "type": "Polygon",
    "coordinates": [
     [
      [
       -122.42383636363635,
       37.778645454545455
      ],
      [
       -122.42314545454545,
       37.778645454545455
      ],
      [
       -122.42314545454545,
       37.77933636363637
      ],
      [
       -122.42383636363635,
       37.77933636363637
      ],
      [
       -122.42383636363635,
       37.778645454545455
      ]
     ]
    ]
   }
  },
  {
   "type": "Feature",
   "id": 124,
   "properties": {
    "building": "yes",
    "height": 69,
    "layer": "building"
   },
   "geometry": {
    "type": "Polygon",
    "coordinates": [
     [
      [
       -122.42383636363635,
       37.78046363636364
      ],
      [
       -122.42314545454545,
       37.78046363636364
      ],
      [
       -122.42314545454545,
       37.78115454545455
      ],
      [
       -122.42383636363635,
       37.78115454545455
      ],
      [
       -122.42383636363635,
       37.78046363636364
      ]
     ]
    ]
   }
  },
  {
   "type": "Feature",
   "id": 125,
   "properties": {
    "building": "yes",
    "height": 25,
    "layer": "building"
   },
   "geometry": {
    "type": "Polygon",
    "coordinates": [
     [
      [
       -122.42383636363635,
       37.78137272727273
      ],
      [
       -122.42314545454545,
       37.78137272727273
      ],
      [
       -122.42314545454545,
       37.78206363636364
      ],
      [
       -122.42383636363635,
       37.78206363636364
      ],
      [
       -122.42383636363635,
       37.78137272727273
      ]
     ]
    ]
   }
  },
  {
   "type": "Feature",
   "id": 126,
   "properties": {
    "building": "yes",
    "height": 92,
    "layer": "building"
   },
   "geometry": {
    "type": "Polygon",
    "coordinates": [
     [
      [
       -122.42292727272726,
       37.76773636363637
      ],
      [
       -122.42223636363636,
       37.76773636363637
      ],
      [
       -122.42223636363636,
       37.76842727272727
      ],
      [
       -122.42292727272726,
       37.76842727272727
      ],
      [
       -122.42292727272726,
       37.76773636363637
      ]
     ]
    ]
   }
  },
  {
   "type": "Feature",
   "id": 127,
   "properties": {
    "building": "yes",
    "height": 85,
    "layer": "building"
   },
   "geometry": {
    "type": "Polygon",
    "coordinates": [
     [
      [
       -122.42292727272726,
       37.76955454545455
      ],
      [
       -122.42223636363636,
       37.76955454545455
      ],
      [
       -122.42223636363636,
       37.77024545454545
      ],
      [
       -122.42292727272726,
       37.77024545454545
      ],
      [
       -122.42292727272726,
       37.76955454545455
      ]
     ]
    ]
   }
  },
  {
   "type": "Feature",
   "id": 128,
   "properties": {
    "building": "yes",
    "height": 10,
    "layer": "building"
   },
   "geometry": {
    "type": "Polygon",
    "coordinates": [
     [
      [
       -122.42292727272726,
       37.77046363636364
      ],
      [
       -122.42223636363636,
       37.77046363636364
      ],
      [
       -122.42223636363636,
       37.77115454545455
      ],
      [
       -122.42292727272726,
       37.77115454545455
      ],
      [
       -122.42292727272726,
       37.77046363636364
      ]
     ]
    ]
   }
  },
  {
   "type": "Feature",
   "id": 129,
   "properties": {
    "building": "yes",
    "height": 92,
    "layer": "building"
   },
   "geometry": {
    "type": "Polygon",
    "coordinates": [
     [
      [
       -122.42292727272726,
       37.771372727272734
      ],
      [
       -122.42223636363636,
       37.771372727272734
      ],
      [
       -122.42223636363636,
       37.77206363636364
      ],
      [
       -122.42292727272726,
       37.77206363636364
      ],
      [
       -122.42292727272726,
       37.771372727272734
      ]
     ]
    ]
   }
  },
  {
   "type": "Feature",
   "id": 130,
   "properties": {
    "building": "yes",
    "height": 36,
    "layer": "building"
   },
   "geometry": {
    "type": "Polygon",
    "coordinates": [
     [
      [
       -122.42292727272726,
       37.772281818181824
      ],
      [
       -122.42223636363636,
       37.772281818181824
      ],
      [
       -122.42223636363636,
       37.77297272727273
      ],
      [
       -122.42292727272726,
       37.77297272727273
      ],
      [
       -122.42292727272726,
       37.772281818181824
      ]
     ]
    ]
   }
  },
  {
   "type": "Feature",
   "id": 131,
   "properties": {
    "building": "yes",
    "height": 13,
    "layer": "building"
   },
   "geometry": {
    "type": "Polygon",
    "coordinates": [
     [
      [
       -122.42292727272726,
       37.773190909090914
      ],
      [
       -122.42223636363636,
       37.773190909090914
      ],
      [
       -122.42223636363636,
       37.77388181818182
      ],
      [
       -122.42292727272726,
       37.77388181818182
      ],
      [
       -122.42292727272726,
       37.773190909090914
      ]
     ]
    ]
   }
  },
  {
   "type": "Feature",
   "id": 132,
   "properties": {
    "building": "yes",
    "height": 74,
    "name": "Building 7-10",
    "layer": "building"
   },
   "geometry": {
    "type": "Polygon",
    "coordinates": [
     [
      [
       -122.42292727272726,
       37.774100000000004
      ],
      [
       -122.42223636363636,
       37.774100000000004
      ],
      [
       -122.42223636363636,
       37.77479090909091
      ],
      [
       -122.42292727272726,
       37.77479090909091
      ],
      [
       -122.42292727272726,
       37.774100000000004
      ]
     ]
    ]
   }
  },
  {
   "type": "Feature",
   "id": 133,
   "properties": {
    "building": "yes",
    "height": 35,
    "layer": "building"
   },
   "geometry": {
    "type": "Polygon",
    "coordinates": [
     [
      [
       -122.42292727272726,
       37.775918181818184
      ],
      [
       -122.42223636363636,
       37.775918181818184
      ],
      [
       -122.42223636363636,
       37.77660909090909
      ],
      [
       -122.42292727272726,
       37.77660909090909
      ],
      [
       -122.42292727272726,
       37.775918181818184
      ]
     ]
    ]
   }
  },
  {
   "type": "Feature",
   "id": 134,
   "properties": {
    "building": "yes",
    "height": 84,
    "layer": "building"
   },
   "geometry": {
    "type": "Polygon",
    "coordinates": [
     [
      [
       -122.42292727272726,
       37.776827272727274
      ],
      [
       -122.42223636363636,
       37.776827272727274
      ],
      [
       -122.42223636363636,
       37.77751818181818
      ],
      [
       -122.42292727272726,
       37.77751818181818
      ],
      [
       -122.42292727272726,
       37.776827272727274
      ]
     ]
    ]
   }
  },
  {
   "type": "Feature",
   "id": 135,
   "properties": {
    "building": "yes",
    "height": 95,
    "layer": "building"
   },
   "geometry": {
    "type": "Polygon",
    "coordinates": [
     [
      [
       -122.42292727272726,
       37.777736363636365
      ],
      [
       -122.42223636363636,
       37.777736363636365
      ],
      [
       -122.42223636363636,
       37.77842727272727
      ],
      [
       -122.42292727272726,
       37.77842727272727
      ],
      [
       -122.42292727272726,
       37.777736363636365
      ]
     ]
    ]
   }
  },
  {
   "type": "Feature",
   "id": 136,
   "properties": {
    "building": "yes",
    "height": 86,
    "layer": "building"
   },
   "geometry": {
    "type": "Polygon",
    "coordinates": [
     [
      [
       -122.42292727272726,
       37.778645454545455
      ],
      [
       -122.42223636363636,
       37.778645454545455
      ],
      [
       -122.42223636363636,
       37.77933636363637
      ],
      [
       -122.42292727272726,
       37.77933636363637
      ],
      [
       -122.42292727272726,
       37.778645454545455
      ]
     ]
    ]
   }
  },
  {
   "type": "Feature",
   "id": 137,
   "properties": {
    "building": "yes",
    "height": 61,
    "name": "Building 7-16",
    "layer": "building"
   },
   "geometry": {
    "type": "Polygon",
    "coordinates": [
     [
      [
       -122.42292727272726,
       37.77955454545455
      ],
      [
       -122.42223636363636,
       37.77955454545455
      ],
      [
       -122.42223636363636,
       37.78024545454546
      ],
      [
       -122.42292727272726,
       37.78024545454546
      ],
      [
       -122.42292727272726,
       37.77955454545455
      ]
     ]
    ]
   }
  },
  {
   "type": "Feature",
   "id": 138,
   "properties": {
    "building": "yes",
    "height": 69,
    "layer": "building"
   },
   "geometry": {
    "type": "Polygon",
    "coordinates": [
     [
      [
       -122.42292727272726,
       37.78046363636364
      ],
      [
       -122.42223636363636,
       37.78046363636364
      ],
      [
       -122.42223636363636,
       37.78115454545455
      ],
      [
       -122.42292727272726,
       37.78115454545455
      ],
      [
       -122.42292727272726,
       37.78046363636364
      ]
     ]
    ]
   }
  },
  {
   "type": "Feature",
   "id": 139,
   "properties": {
    "building": "yes",
    "height": 81,
    "layer": "building"
   },
   "geometry": {
    "type": "Polygon",
    "coordinates": [
     [
      [
       -122.42292727272726,
       37.78319090909091
      ],
      [
       -122.42223636363636,
       37.78319090909091
      ],
      [
       -122.42223636363636,
       37.78388181818182
      ],
      [
       -122.42292727272726,
       37.78388181818182
      ],
      [
       -122.42292727272726,
       37.78319090909091
      ]
     ]
    ]
   }
  },
  {
   "type": "Feature",
   "id": 140,
   "properties": {
    "building": "yes",
    "height": 82,
    "name": "Building 7-21",
    "layer": "building"
   },
   "geometry": {
    "type": "Polygon",
    "coordinates": [
     [
      [
       -122.42292727272726,
       37.7841
      ],
      [
       -122.42223636363636,
       37.7841
      ],
      [
       -122.42223636363636,
       37.78479090909091
      ],
      [
       -122.42292727272726,
       37.78479090909091
      ],
      [
       -122.42292727272726,
       37.7841
      ]
     ]
    ]
   }
  },
  {
   "type": "Feature",
   "id": 141,
   "properties": {
    "building": "yes",
    "height": 96,
    "layer": "building"
   },
   "geometry": {
    "type": "Polygon",
    "coordinates": [
     [
      [
       -122.42201818181817,
       37.765009090909096
      ],
      [
       -122.42132727272727,
       37.765009090909096
      ],
      [
       -122.42132727272727,
       37.7657
      ],
      [
       -122.42201818181817,
       37.7657
      ],
      [
       -122.42201818181817,
       37.765009090909096
      ]
     ]
    ]
   }
  },
  {
   "type": "Feature",
   "id": 142,
   "properties": {
    "building": "yes",
    "height": 40,
    "layer": "building"
   },
   "geometry": {
    "type": "Polygon",
    "coordinates": [
     [
      [
       -122.42201818181817,
       37.76773636363637
      ],
      [
       -122.42132727272727,
       37.76773636363637
      ],
      [
       -122.42132727272727,
       37.76842727272727
      ],
      [
       -122.42201818181817,
       37.76842727272727
      ],
      [
       -122.42201818181817,
       37.76773636363637
      ]
     ]
    ]
   }
  },
  {
   "type": "Feature",
   "id": 143,
   "properties": {
    "building": "yes",
    "height": 92,
    "name": "Building 8-4",
    "layer": "building"
   },
   "geometry": {
    "type": "Polygon",
    "coordinates": [
     [
      [
       -122.42201818181817,
       37.76864545454546
      ],
      [
       -122.42132727272727,
       37.76864545454546
      ],
      [
       -122.42132727272727,
       37.76933636363636
      ],
      [
       -122.42201818181817,
       37.76933636363636
      ],
      [
       -122.42201818181817,
       37.76864545454546
      ]
     ]
    ]
   }
  },
  {
   "type": "Feature",
   "id": 144,
   "properties": {
    "building": "yes",
    "height": 60,
    "layer": "building"
   },
   "geometry": {
    "type": "Polygon",
    "coordinates": [
     [
      [
       -122.42201818181817,
       37.76955454545455
      ],
      [
       -122.42132727272727,
       37.76955454545455
      ],
      [
       -122.42132727272727,
       37.77024545454545
      ],
      [
       -122.42201818181817,
       37.77024545454545
      ],
      [
       -122.42201818181817,
       37.76955454545455
      ]
     ]
    ]
   }
  },
  {
   "type": "Feature",
   "id": 145,
   "properties": {
    "building": "yes",
    "height": 75,
    "layer": "building"
   },
   "geometry": {
    "type": "Polygon",
    "coordinates": [
     [
      [
       -122.42201818181817,
       37.77046363636364
      ],
      [
       -122.42132727272727,
       37.77046363636364
      ],
      [
       -122.42132727272727,
       37.77115454545455
      ],
      [
       -122.42201818181817,
       37.77115454545455
      ],
      [
       -122.42201818181817,
       37.77046363636364
      ]
     ]
    ]
   }
  },
  {
   "type": "Feature",
   "id": 146,
   "properties": {
    "building": "yes",
    "height": 88,
    "layer": "building"
   },
   "geometry": {
    "type": "Polygon",
    "coordinates": [
     [
      [
       -122.42201818181817,
       37.776827272727274
      ],
      [
       -122.42132727272727,
       37.776827272727274
      ],
      [
       -122.42132727272727,
       37.77751818181818
      ],
      [
       -122.42201818181817,
       37.77751818181818
      ],
      [
       -122.42201818181817,
       37.776827272727274
      ]
     ]
    ]
   }
  },
  {
   "type": "Feature",
   "id": 147,
   "properties": {
    "building": "yes",
    "height": 36,
    "layer": "building"
   },
   "geometry": {
    "type": "Polygon",
    "coordinates": [
     [
      [
       -122.42201818181817,
       37.777736363636365
      ],
      [
       -122.42132727272727,
       37.777736363636365
      ],
      [
       -122.42132727272727,
       37.77842727272727
      ],
      [
       -122.42201818181817,
       37.77842727272727
      ],
      [
       -122.42201818181817,
       37.777736363636365
      ]
     ]
    ]
   }
  },
  {
   "type": "Feature",
   "id": 148,
   "properties": {
    "building": "yes",
    "height": 15,
    "name": "Building 8-15",
    "layer": "building"
   },
   "geometry": {
    "type": "Polygon",
    "coordinates": [
     [
      [
       -122.42201818181817,
       37.778645454545455
      ],
      [
       -122.42132727272727,
       37.778645454545455
      ],
      [
       -122.42132727272727,
       37.77933636363637
      ],
      [
       -122.42201818181817,
       37.77933636363637
      ],
      [
       -122.42201818181817,
       37.778645454545455
      ]
     ]
    ]
   }
  },
  {
   "type": "Feature",
   "id": 149,
   "properties": {
    "building": "yes",
    "height": 85,
    "name": "Building 8-16",
    "layer": "building"
   },
   "geometry": {
    "type": "Polygon",
    "coordinates": [
     [
      [
       -122.42201818181817,
       37.77955454545455
      ],
      [
       -122.42132727272727,
       37.77955454545455
      ],
      [
       -122.42132727272727,
       37.78024545454546
      ],
      [
       -122.42201818181817,
       37.78024545454546
      ],
      [
       -122.42201818181817,
       37.77955454545455
      ]
     ]
    ]
   }
  },
  {
   "type": "Feature",
   "id": 150,
   "properties": {
    "building": "yes",
    "height": 38,
    "name": "Building 8-19",
    "layer": "building"
   },
   "geometry": {
    "type": "Polygon",
    "coordinates": [
     [
      [
       -122.42201818181817,
       37.78228181818182
      ],
      [
       -122.42132727272727,
       37.78228181818182
      ],
      [
       -122.42132727272727,
       37.78297272727273
      ],
      [
       -122.42201818181817,
       37.78297272727273
      ],
      [
       -122.42201818181817,
       37.78228181818182
      ]
     ]
    ]
   }
  },
  {
   "type": "Feature",
   "id": 151,
   "properties": {
    "building": "yes",
    "height": 88,
    "layer": "building"
   },
   "geometry": {
    "type": "Polygon",
    "coordinates": [
     [
      [
       -122.42201818181817,
       37.7841
      ],
      [
       -122.42132727272727,
       37.7841
      ],
      [
       -122.42132727272727,
       37.78479090909091
      ],
      [
       -122.42201818181817,
       37.78479090909091
      ],
      [
       -122.42201818181817,
       37.7841
      ]
     ]
    ]
   }
  },
  {
   "type": "Feature",
   "id": 152,
   "properties": {
    "building": "yes",
    "height": 46,
    "layer": "building"
   },
   "geometry": {
    "type": "Polygon",
    "coordinates": [
     [
      [
       -122.42110909090908,
       37.765009090909096
      ],
      [
       -122.42041818181818,
       37.765009090909096
      ],
      [
       -122.42041818181818,
       37.7657
      ],
      [
       -122.42110909090908,
       37.7657
      ],
      [
       -122.42110909090908,
       37.765009090909096
      ]
     ]
    ]
   }
  },
  {
   "type": "Feature",
   "id": 153,
   "properties": {
    "building": "yes",
    "height": 69,
    "name": "Building 9-3",
    "layer": "building"
   },
   "geometry": {
    "type": "Polygon",
    "coordinates": [
     [
      [
       -122.42110909090908,
       37.76773636363637
      ],
      [
       -122.42041818181818,
       37.76773636363637
      ],
      [
       -122.42041818181818,
       37.76842727272727
      ],
      [
       -122.42110909090908,
       37.76842727272727
      ],
      [
       -122.42110909090908,
       37.76773636363637
      ]
     ]
    ]
   }
  },
  {
   "type": "Feature",
   "id": 154,
   "properties": {
    "building": "yes",
    "height": 45,
    "layer": "building"
   },
   "geometry": {
    "type": "Polygon",
    "coordinates": [
     [
      [
       -122.42110909090908,
       37.76955454545455
      ],
      [
       -122.42041818181818,
       37.76955454545455
      ],
      [
       -122.42041818181818,
       37.77024545454545
      ],
      [
       -122.42110909090908,
       37.77024545454545
      ],
      [
       -122.42110909090908,
       37.76955454545455
      ]
     ]
    ]
   }
  },
  {
   "type": "Feature",
   "id": 155,
   "properties": {
    "building": "yes",
    "height": 16,
    "name": "Building 9-7",
    "layer": "building"
   },
   "geometry": {
    "type": "Polygon",
    "coordinates": [
     [
      [
       -122.42110909090908,
       37.771372727272734
      ],
      [
       -122.42041818181818,
       37.771372727272734
      ],
      [
       -122.42041818181818,
       37.77206363636364
      ],
      [
       -122.42110909090908,
       37.77206363636364
      ],
      [
       -122.42110909090908,
       37.771372727272734
      ]
     ]
    ]
   }
  },
  {
   "type": "Feature",
   "id": 156,
   "properties": {
    "building": "yes",
    "height": 41,
    "layer": "building"
   },
   "geometry": {
    "type": "Polygon",
    "coordinates": [
     [
      [
       -122.42110909090908,
       37.775009090909094
      ],
      [
       -122.42041818181818,
       37.775009090909094
      ],
      [
       -122.42041818181818,
       37.7757
      ],
      [
       -122.42110909090908,
       37.7757
      ],
      [
       -122.42110909090908,
       37.775009090909094
      ]
     ]
    ]
   }
  },
  {
   "type": "Feature",
   "id": 157,
   "properties": {
    "building": "yes",
    "height": 30,
    "layer": "building"
   },
   "geometry": {
    "type": "Polygon",
    "coordinates": [
     [
      [
       -122.42110909090908,
       37.77955454545455
      ],
      [
       -122.42041818181818,
       37.77955454545455
      ],
      [
       -122.42041818181818,
       37.78024545454546
      ],
      [
       -122.42110909090908,
       37.78024545454546
      ],
      [
       -122.42110909090908,
       37.77955454545455
      ]
     ]
    ]
   }
  },
  {
   "type": "Feature",
   "id": 158,
   "properties": {
    "building": "yes",
    "height": 62,
    "name": "Building 9-17",
    "layer": "building"
   },
   "geometry": {
    "type": "Polygon",
    "coordinates": [
     [
      [
       -122.42110909090908,
       37.78046363636364
      ],
      [
       -122.42041818181818,
       37.78046363636364
      ],
      [
       -122.42041818181818,
       37.78115454545455
      ],
      [
       -122.42110909090908,
       37.78115454545455
      ],
      [
       -122.42110909090908,
       37.78046363636364
      ]
     ]
    ]
   }
  },
  {
   "type": "Feature",
   "id": 159,
   "properties": {
    "building": "yes",
    "height": 13,
    "name": "Building 9-19",
    "layer": "building"
   },
   "geometry": {
    "type": "Polygon",
    "coordinates": [
     [
      [
       -122.42110909090908,
       37.78228181818182
      ],
      [
       -122.42041818181818,
       37.78228181818182
      ],
      [
       -122.42041818181818,
       37.78297272727273
      ],
      [
       -122.42110909090908,
       37.78297272727273
      ],
      [
       -122.42110909090908,
       37.78228181818182
      ]
     ]
    ]
   }
  },
  {
   "type": "Feature",
   "id": 160,
   "properties": {
    "building": "yes",
    "height": 97,
    "name": "Building 9-21",
    "layer": "building"
   },
   "geometry": {
    "type": "Polygon",
    "coordinates": [
     [
      [
       -122.42110909090908,
       37.7841
      ],
      [
       -122.42041818181818,
       37.7841
      ],
      [
       -122.42041818181818,
       37.78479090909091
      ],
      [
       -122.42110909090908,
       37.78479090909091
      ],
      [
       -122.42110909090908,
       37.7841
      ]
     ]
    ]
   }
  },
  {
   "type": "Feature",
   "id": 161,
   "properties": {
    "building": "yes",
    "height": 53,
    "layer": "building"
   },
   "geometry": {
    "type": "Polygon",
    "coordinates": [
     [
      [
       -122.4202,
       37.765918181818186
      ],
      [
       -122.41950909090909,
       37.765918181818186
      ],
      [
       -122.41950909090909,
       37.76660909090909
      ],
      [
       -122.4202,
       37.76660909090909
      ],
      [
       -122.4202,
       37.765918181818186
      ]
     ]
    ]
   }
  },
  {
   "type": "Feature",
   "id": 162,
   "properties": {
    "building": "yes",
    "height": 94,
    "layer": "building"
   },
   "geometry": {
    "type": "Polygon",
    "coordinates": [
     [
      [
       -122.4202,
       37.76682727272728
      ],
      [
       -122.41950909090909,
       37.76682727272728
      ],
      [
       -122.41950909090909,
       37.76751818181818
      ],
      [
       -122.4202,
       37.76751818181818
      ],
      [
       -122.4202,
       37.76682727272728
      ]
     ]
    ]
   }
  },
  {
   "type": "Feature",
   "id": 163,
   "properties": {
    "building": "yes",
    "height": 34,
    "name": "Building 10-3",
    "layer": "building"
   },
   "geometry": {
    "type": "Polygon",
    "coordinates": [
     [
      [
       -122.4202,
       37.76773636363637
      ],
      [
       -122.41950909090909,
       37.76773636363637
      ],
      [
       -122.41950909090909,
       37.76842727272727
      ],
      [
       -122.4202,
       37.76842727272727
      ],
      [
       -122.4202,
       37.76773636363637
      ]
     ]
    ]
   }
  },
  {
   "type": "Feature",
   "id": 164,
   "properties": {
    "building": "yes",
    "height": 55,
    "name": "Building 10-7",
    "layer": "building"
   },
   "geometry": {
    "type": "Polygon",
    "coordinates": [
     [
      [
       -122.4202,
       37.771372727272734
      ],
      [
       -122.41950909090909,
       37.771372727272734
      ],
      [
       -122.41950909090909,
       37.77206363636364
      ],
      [
       -122.4202,
       37.77206363636364
      ],
      [
       -122.4202,
       37.771372727272734
      ]
     ]
    ]
   }
  },
  {
   "type": "Feature",
   "id": 165,
   "properties": {
    "building": "yes",
    "height": 26,
    "layer": "building"
   },
   "geometry": {
    "type": "Polygon",
    "coordinates": [
     [
      [
       -122.4202,
       37.772281818181824
      ],
      [
       -122.41950909090909,
       37.772281818181824
      ],
      [
       -122.41950909090909,
       37.77297272727273
      ],
      [
       -122.4202,
       37.77297272727273
      ],
      [
       -122.4202,
       37.772281818181824
      ]
     ]
    ]
   }
  },
  {
   "type": "Feature",
   "id": 166,
   "properties": {
    "building": "yes",
    "height": 50,
    "layer": "building"
   },
   "geometry": {
    "type": "Polygon",
    "coordinates": [
     [
      [
       -122.4202,
       37.773190909090914
      ],
      [
       -122.41950909090909,
       37.773190909090914
      ],
      [
       -122.41950909090909,
       37.77388181818182
      ],
      [
       -122.4202,
       37.77388181818182
      ],
      [
       -122.4202,
       37.773190909090914
      ]
     ]
    ]
   }
  },
  {
   "type": "Feature",
   "id": 167,
   "properties": {
    "building": "yes",
    "height": 25,
    "layer": "building"
   },
   "geometry": {
    "type": "Polygon",
    "coordinates": [
     [
      [
       -122.4202,
       37.774100000000004
      ],
      [
       -122.41950909090909,
       37.774100000000004
      ],
      [
       -122.41950909090909,
       37.77479090909091
      ],
      [
       -122.4202,
       37.77479090909091
      ],
      [
       -122.4202,
       37.774100000000004
      ]
     ]
    ]
   }
  },
  {
   "type": "Feature",
   "id": 168,
   "properties": {
    "building": "yes",
    "height": 29,
    "layer": "building"
   },
   "geometry": {
    "type": "Polygon",
    "coordinates": [
     [
      [
       -122.4202,
       37.775009090909094
      ],
      [
       -122.41950909090909,
       37.775009090909094
      ],
      [
       -122.41950909090909,
       37.7757
      ],
      [
       -122.4202,
       37.7757
      ],
      [
       -122.4202,
       37.775009090909094
      ]
     ]
    ]
   }
  },
  {
   "type": "Feature",
   "id": 169,
   "properties": {
    "building": "yes",
    "height": 84,
    "layer": "building"
   },
   "geometry": {
    "type": "Polygon",
    "coordinates": [
     [
      [
       -122.4202,
       37.775918181818184
      ],
      [
       -122.41950909090909,
       37.775918181818184
      ],
      [
       -122.41950909090909,
       37.77660909090909
      ],
      [
       -122.4202,
       37.77660909090909
      ],
      [
       -122.4202,
       37.775918181818184
      ]
     ]
    ]
   }
  },
  {
   "type": "Feature",
   "id": 170,
   "properties": {
    "building": "yes",
    "height": 92,
    "layer": "building"
   },
   "geometry": {
    "type": "Polygon",
    "coordinates": [
     [
      [
       -122.4202,
       37.776827272727274
      ],
      [
       -122.41950909090909,
       37.776827272727274
      ],
      [
       -122.41950909090909,
       37.77751818181818
      ],
      [
       -122.4202,
       37.77751818181818
      ],
      [
       -122.4202,
       37.776827272727274
      ]
     ]
    ]
   }
  },
  {
   "type": "Feature",
   "id": 171,
   "properties": {
    "building": "yes",
    "height": 76,
    "name": "Building 10-15",
    "layer": "building"
   },
   "geometry": {
    "type": "Polygon",
    "coordinates": [
     [
      [
       -122.4202,
       37.778645454545455
      ],
      [
       -122.41950909090909,
       37.778645454545455
      ],
      [
       -122.41950909090909,
       37.77933636363637
      ],
      [
       -122.4202,
       37.77933636363637
      ],
      [
       -122.4202,
       37.778645454545455
      ]
     ]
    ]
   }
  },
  {
   "type": "Feature",
   "id": 172,
   "properties": {
    "building": "yes",
    "height": 90,
    "name": "Building 10-16",
    "layer": "building"
   },
   "geometry": {
    "type": "Polygon",
    "coordinates": [
     [
      [
       -122.4202,
       37.77955454545455
      ],
      [
       -122.41950909090909,
       37.77955454545455
      ],
      [
       -122.41950909090909,
       37.78024545454546
      ],
      [
       -122.4202,
       37.78024545454546
      ],
      [
       -122.4202,
       37.77955454545455
      ]
     ]
    ]
   }
  },
  {
   "type": "Feature",
   "id": 173,
   "properties": {
    "building": "yes",
    "height": 66,
    "layer": "building"
   },
   "geometry": {
    "type": "Polygon",
    "coordinates": [
     [
      [
       -122.4202,
       37.78137272727273
      ],
      [
       -122.41950909090909,
       37.78137272727273
      ],
      [
       -122.41950909090909,
       37.78206363636364
      ],
      [
       -122.4202,
       37.78206363636364
      ],
      [
       -122.4202,
       37.78137272727273
      ]
     ]
    ]
   }
  },
  {
   "type": "Feature",
   "id": 174,
   "properties": {
    "building": "yes",
    "height": 25,
    "layer": "building"
   },
   "geometry": {
    "type": "Polygon",
    "coordinates": [
     [
      [
       -122.4192909090909,
       37.765918181818186
      ],
      [
       -122.4186,
       37.765918181818186
      ],
      [
       -122.4186,
       37.76660909090909
      ],
      [
       -122.4192909090909,
       37.76660909090909
      ],
      [
       -122.4192909090909,
       37.765918181818186
      ]
     ]
    ]
   }
  },
  {
   "type": "Feature",
   "id": 175,
   "properties": {
    "building": "yes",
    "height": 91,
    "name": "Building 11-2",
    "layer": "building"
   },
   "geometry": {
    "type": "Polygon",
    "coordinates": [
     [
      [
       -122.4192909090909,
       37.76682727272728
      ],
      [
       -122.4186,
       37.76682727272728
      ],
      [
       -122.4186,
       37.76751818181818
      ],
      [
       -122.4192909090909,
       37.76751818181818
      ],
      [
       -122.4192909090909,
       37.76682727272728
      ]
     ]
    ]
   }
  },
  {
   "type": "Feature",
   "id": 176,
   "properties": {
    "building": "yes",
    "height": 57,
    "layer": "building"
   },
   "geometry": {
    "type": "Polygon",
    "coordinates": [
     [
      [
       -122.4192909090909,
       37.76773636363637
      ],
      [
       -122.4186,
       37.76773636363637
      ],
      [
       -122.4186,
       37.76842727272727
      ],
      [
       -122.4192909090909,
       37.76842727272727
      ],
      [
       -122.4192909090909,
       37.76773636363637
      ]
     ]
    ]
   }
  },
  {
   "type": "Feature",
   "id": 177,
   "properties": {
    "building": "yes",
    "height": 26,
    "layer": "building"
   },
   "geometry": {
    "type": "Polygon",
    "coordinates": [
     [
      [
       -122.4192909090909,
       37.76864545454546
      ],
      [
       -122.4186,
       37.76864545454546
      ],
      [
       -122.4186,
       37.76933636363636
      ],
      [
       -122.4192909090909,
       37.76933636363636
      ],
      [
       -122.4192909090909,
       37.76864545454546
      ]
     ]
    ]
   }
  },
  {
   "type": "Feature",
   "id": 178,
   "properties": {
    "building": "yes",
    "height": 23,
    "layer": "building"
   },
   "geometry": {
    "type": "Polygon",
    "coordinates": [
     [
      [
       -122.4192909090909,
       37.772281818181824
      ],
      [
       -122.4186,
       37.772281818181824
      ],
      [
       -122.4186,
       37.77297272727273
      ],
      [
       -122.4192909090909,
       37.77297272727273
      ],
      [
       -122.4192909090909,
       37.772281818181824
      ]
     ]
    ]
   }
  },
  {
   "type": "Feature",
   "id": 179,
   "properties": {
    "building": "yes",
    "height": 92,
    "name": "Building 11-11",
    "layer": "building"
   },
   "geometry": {
    "type": "Polygon",
    "coordinates": [
     [
      [
       -122.4192909090909,
       37.775009090909094
      ],
      [
       -122.4186,
       37.775009090909094
      ],
      [
       -122.4186,
       37.7757
      ],
      [
       -122.4192909090909,
       37.7757
      ],
      [
       -122.4192909090909,
       37.775009090909094
      ]
     ]
    ]
   }
  },
  {
   "type": "Feature",
   "id": 180,
   "properties": {
    "building": "yes",
    "height": 89,
    "layer": "building"
   },
   "geometry": {
    "type": "Polygon",
    "coordinates": [
     [
      [
       -122.4192909090909,
       37.776827272727274
      ],
      [
       -122.4186,
       37.776827272727274
      ],
      [
       -122.4186,
       37.77751818181818
      ],
      [
       -122.4192909090909,
       37.77751818181818
      ],
      [
       -122.4192909090909,
       37.776827272727274
      ]
     ]
    ]
   }
  },
  {
   "type": "Feature",
   "id": 181,
   "properties": {
    "building": "yes",
    "height": 51,
    "layer": "building"
   },
   "geometry": {
    "type": "Polygon",
    "coordinates": [
     [
      [
       -122.4192909090909,
       37.78137272727273
      ],
      [
       -122.4186,
       37.78137272727273
      ],
      [
       -122.4186,
       37.78206363636364
      ],
      [
       -122.4192909090909,
       37.78206363636364
      ],
      [
       -122.4192909090909,
       37.78137272727273
      ]
     ]
    ]
   }
  },
  {
   "type": "Feature",
   "id": 182,
   "properties": {
    "building": "yes",
    "height": 65,
    "layer": "building"
   },
   "geometry": {
    "type": "Polygon",
    "coordinates": [
     [
      [
       -122.41838181818181,
       37.76955454545455
      ],
      [
       -122.41769090909091,
       37.76955454545455
      ],
      [
       -122.41769090909091,
       37.77024545454545
      ],
      [
       -122.41838181818181,
       37.77024545454545
      ],
      [
       -122.41838181818181,
       37.76955454545455
      ]
     ]
    ]
   }
  },
  {
   "type": "Feature",
   "id": 183,
   "properties": {
    "building": "yes",
    "height": 40,
    "name": "Building 12-9",
    "layer": "building"
   },
   "geometry": {
    "type": "Polygon",
    "coordinates": [
     [
      [
       -122.41838181818181,
       37.773190909090914
      ],
      [
       -122.41769090909091,
       37.773190909090914
      ],
      [
       -122.41769090909091,
       37.77388181818182
      ],
      [
       -122.41838181818181,
       37.77388181818182
      ],
      [
       -122.41838181818181,
       37.773190909090914
      ]
     ]
    ]
   }
  },
  {
   "type": "Feature",
   "id": 184,
   "properties": {
    "building": "yes",
    "height": 66,
    "layer": "building"
   },
   "geometry": {
    "type": "Polygon",
    "coordinates": [
     [
      [
       -122.41838181818181,
       37.774100000000004
      ],
      [
       -122.41769090909091,
       37.774100000000004
      ],
      [
       -122.41769090909091,
       37.77479090909091
      ],
      [
       -122.41838181818181,
       37.77479090909091
      ],
      [
       -122.41838181818181,
       37.774100000000004
      ]
     ]
    ]
   }
  },
  {
   "type": "Feature",
   "id": 185,
   "properties": {
    "building": "yes",
    "height": 85,
    "layer": "building"
   },
   "geometry": {
    "type": "Polygon",
    "coordinates": [
     [
      [
       -122.41838181818181,
       37.775009090909094
      ],
      [
       -122.41769090909091,
       37.775009090909094
      ],
      [
       -122.41769090909091,
       37.7757
      ],
      [
       -122.41838181818181,
       37.7757
      ],
      [
       -122.41838181818181,
       37.775009090909094
      ]
     ]
    ]
   }
  },
  {
   "type": "Feature",
   "id": 186,
   "properties": {
    "building": "yes",
    "height": 48,
    "layer": "building"
   },
   "geometry": {
    "type": "Polygon",
    "coordinates": [
     [
      [
       -122.41838181818181,
       37.777736363636365
      ],
      [
       -122.41769090909091,
       37.777736363636365
      ],
      [
       -122.41769090909091,
       37.77842727272727
      ],
      [
       -122.41838181818181,
       37.77842727272727
      ],
      [
       -122.41838181818181,
       37.777736363636365
      ]
     ]
    ]
   }
  },
  {
   "type": "Feature",
   "id": 187,
   "properties": {
    "building": "yes",
    "height": 78,
    "layer": "building"
   },
   "geometry": {
    "type": "Polygon",
    "coordinates": [
     [
      [
       -122.41838181818181,
       37.778645454545455
      ],
      [
       -122.41769090909091,
       37.778645454545455
      ],
      [
       -122.41769090909091,
       37.77933636363637
      ],
      [
       -122.41838181818181,
       37.77933636363637
      ],
      [
       -122.41838181818181,
       37.778645454545455
      ]
     ]
    ]
   }
  },
  {
   "type": "Feature",
   "id": 188,
   "properties": {
    "building": "yes",
    "height": 28,
    "layer": "building"
   },
   "geometry": {
    "type": "Polygon",
    "coordinates": [
     [
      [
       -122.41838181818181,
       37.77955454545455
      ],
      [
       -122.41769090909091,
       37.77955454545455
      ],
      [
       -122.41769090909091,
       37.78024545454546
      ],
      [
       -122.41838181818181,
       37.78024545454546
      ],
      [
       -122.41838181818181,
       37.77955454545455
      ]
     ]
    ]
   }
  },
  {
   "type": "Feature",
   "id": 189,
   "properties": {
    "building": "yes",
    "height": 89,
    "layer": "building"
   },
   "geometry": {
    "type": "Polygon",
    "coordinates": [
     [
      [
       -122.41838181818181,
       37.7841
      ],
      [
       -122.41769090909091,
       37.7841
      ],
      [
       -122.41769090909091,
       37.78479090909091
      ],
      [
       -122.41838181818181,
       37.78479090909091
      ],
      [
       -122.41838181818181,
       37.7841
      ]
     ]
    ]
   }
  },
  {
   "type": "Feature",
   "id": 190,
   "properties": {
    "building": "yes",
    "height": 69,
    "name": "Building 13-0",
    "layer": "building"
   },
   "geometry": {
    "type": "Polygon",
    "coordinates": [
     [
      [
       -122.41747272727272,
       37.765009090909096
      ],
      [
       -122.41678181818182,
       37.765009090909096
      ],
      [
       -122.41678181818182,
       37.7657
      ],
      [
       -122.41747272727272,
       37.7657
      ],
      [
       -122.41747272727272,
       37.765009090909096
      ]
     ]
    ]
   }
  },
  {
   "type": "Feature",
   "id": 191,
   "properties": {
    "building": "yes",
    "height": 60,
    "layer": "building"
   },
   "geometry": {
    "type": "Polygon",
    "coordinates": [
     [
      [
       -122.41747272727272,
       37.76773636363637
      ],
      [
       -122.41678181818182,
       37.76773636363637
      ],
      [
       -122.41678181818182,
       37.76842727272727
      ],
      [
       -122.41747272727272,
       37.76842727272727
      ],
      [
       -122.41747272727272,
       37.76773636363637
      ]
     ]
    ]
   }
  },
  {
   "type": "Feature",
   "id": 192,
   "properties": {
    "building": "yes",
    "height": 64,
    "name": "Building 13-5",
    "layer": "building"
   },
   "geometry": {
    "type": "Polygon",
    "coordinates": [
     [
      [
       -122.41747272727272,
       37.76955454545455
      ],
      [
       -122.41678181818182,
       37.76955454545455
      ],
      [
       -122.41678181818182,
       37.77024545454545
      ],
      [
       -122.41747272727272,
       37.77024545454545
      ],
      [
       -122.41747272727272,
       37.76955454545455
      ]
     ]
    ]
   }
  },
  {
   "type": "Feature",
   "id": 193,
   "properties": {
    "building": "yes",
    "height": 41,
    "layer": "building"
   },
   "geometry": {
    "type": "Polygon",
    "coordinates": [
     [
      [
       -122.41747272727272,
       37.77046363636364
      ],
      [
       -122.41678181818182,
       37.77046363636364
      ],
      [
       -122.41678181818182,
       37.77115454545455
      ],
      [
       -122.41747272727272,
       37.77115454545455
      ],
      [
       -122.41747272727272,
       37.77046363636364
      ]
     ]
    ]
   }
  },
  {
   "type": "Feature",
   "id": 194,
   "properties": {
    "building": "yes",
    "height": 33,
    "layer": "building"
   },
   "geometry": {
    "type": "Polygon",
    "coordinates": [
     [
      [
       -122.41747272727272,
       37.772281818181824
      ],
      [
       -122.41678181818182,
       37.772281818181824
      ],
      [
       -122.41678181818182,
       37.77297272727273
      ],
      [
       -122.41747272727272,
       37.77297272727273
      ],
      [
       -122.41747272727272,
       37.772281818181824
      ]
     ]
    ]
   }
  },
  {
   "type": "Feature",
   "id": 195,
   "properties": {
    "building": "yes",
    "height": 15,
    "layer": "building"
   },
   "geometry": {
    "type": "Polygon",
    "coordinates": [
     [
      [
       -122.41747272727272,
       37.773190909090914
      ],
      [
       -122.41678181818182,
       37.773190909090914
      ],
      [
       -122.41678181818182,
       37.77388181818182
      ],
      [
       -122.41747272727272,
       37.77388181818182
      ],
      [
       -122.41747272727272,
       37.773190909090914
      ]
     ]
    ]
   }
  },
  {
   "type": "Feature",
   "id": 196,
   "properties": {
    "building": "yes",
    "height": 24,
    "name": "Building 13-10",
    "layer": "building"
   },
   "geometry": {
    "type": "Polygon",
    "coordinates": [
     [
      [
       -122.41747272727272,
       37.774100000000004
      ],
      [
       -122.41678181818182,
       37.774100000000004
      ],
      [
       -122.41678181818182,
       37.77479090909091
      ],
      [
       -122.41747272727272,
       37.77479090909091
      ],
      [
       -122.41747272727272,
       37.774100000000004
      ]
     ]
    ]
   }
  },
  {
   "type": "Feature",
   "id": 197,
   "properties": {
    "building": "yes",
    "height": 93,
    "layer": "building"
   },
   "geometry": {
    "type": "Polygon",
    "coordinates": [
     [
      [
       -122.41747272727272,
       37.775918181818184
      ],
      [
       -122.41678181818182,
       37.775918181818184
      ],
      [
       -122.41678181818182,
       37.77660909090909
      ],
      [
       -122.41747272727272,
       37.77660909090909
      ],
      [
       -122.41747272727272,
       37.775918181818184
      ]
     ]
    ]
   }
  },
  {
   "type": "Feature",
   "id": 198,
   "properties": {
    "building": "yes",
    "height": 45,
    "name": "Building 13-15",
    "layer": "building"
   },
   "geometry": {
    "type": "Polygon",
    "coordinates": [
     [
      [
       -122.41747272727272,
       37.778645454545455
      ],
      [
       -122.41678181818182,
       37.778645454545455
      ],
      [
       -122.41678181818182,
       37.77933636363637
      ],
      [
       -122.41747272727272,
       37.77933636363637
      ],
      [
       -122.41747272727272,
       37.778645454545455
      ]
     ]
    ]
   }
  },
  {
   "type": "Feature",
   "id": 199,
   "properties": {
    "building": "yes",
    "height": 53,
    "name": "Building 13-16",
    "layer": "building"
   },
   "geometry": {
    "type": "Polygon",
    "coordinates": [
     [
      [
       -122.41747272727272,
       37.77955454545455
      ],
      [
       -122.41678181818182,
       37.77955454545455
      ],
      [
       -122.41678181818182,
       37.78024545454546
      ],
      [
       -122.41747272727272,
       37.78024545454546
      ],
      [
       -122.41747272727272,
       37.77955454545455
      ]
     ]
    ]
   }
  },
  {
   "type": "Feature",
   "id": 200,
   "properties": {
    "building": "yes",
    "height": 54,
    "layer": "building"
   },
   "geometry": {
    "type": "Polygon",
    "coordinates": [
     [
      [
       -122.41747272727272,
       37.78046363636364
      ],
      [
       -122.41678181818182,
       37.78046363636364
      ],
      [
       -122.41678181818182,
       37.78115454545455
      ],
      [
       -122.41747272727272,
       37.78115454545455
      ],
      [
       -122.41747272727272,
       37.78046363636364
      ]
     ]
    ]
   }
  },
  {
   "type": "Feature",
   "id": 201,
   "properties": {
    "building": "yes",
    "height": 25,
    "layer": "building"
   },
   "geometry": {
    "type": "Polygon",
    "coordinates": [
     [
      [
       -122.41747272727272,
       37.78319090909091
      ],
      [
       -122.41678181818182,
       37.78319090909091
      ],
      [
       -122.41678181818182,
       37.78388181818182
      ],
      [
       -122.41747272727272,
       37.78388181818182
      ],
      [
       -122.41747272727272,
       37.78319090909091
      ]
     ]
    ]
   }
  },
  {
   "type": "Feature",
   "id": 202,
   "properties": {
    "building": "yes",
    "height": 71,
    "layer": "building"
   },
   "geometry": {
    "type": "Polygon",
    "coordinates": [
     [
      [
       -122.41656363636363,
       37.765009090909096
      ],
      [
       -122.41587272727273,
       37.765009090909096
      ],
      [
       -122.41587272727273,
       37.7657
      ],
      [
       -122.41656363636363,
       37.7657
      ],
      [
       -122.41656363636363,
       37.765009090909096
      ]
     ]
    ]
   }
  },
  {
   "type": "Feature",
   "id": 203,
   "properties": {
    "building": "yes",
    "height": 41,
    "layer": "building"
   },
   "geometry": {
    "type": "Polygon",
    "coordinates": [
     [
      [
       -122.41656363636363,
       37.76773636363637
      ],
      [
       -122.41587272727273,
       37.76773636363637
      ],
      [
       -122.41587272727273,
       37.76842727272727
      ],
      [
       -122.41656363636363,
       37.76842727272727
      ],
      [
       -122.41656363636363,
       37.76773636363637
      ]
     ]
    ]
   }
  },
  {
   "type": "Feature",
   "id": 204,
   "properties": {
    "building": "yes",
    "height": 56,
    "name": "Building 14-4",
    "layer": "building"
   },
   "geometry": {
    "type": "Polygon",
    "coordinates": [
     [
      [
       -122.41656363636363,
       37.76864545454546
      ],
      [
       -122.41587272727273,
       37.76864545454546
      ],
      [
       -122.41587272727273,
       37.76933636363636
      ],
      [
       -122.41656363636363,
       37.76933636363636
      ],
      [
       -122.41656363636363,
       37.76864545454546
      ]
     ]
    ]
   }
  },
  {
   "type": "Feature",
   "id": 205,
   "properties": {
    "building": "yes",
    "height": 32,
    "layer": "building"
   },
   "geometry": {
    "type": "Polygon",
    "coordinates": [
     [
      [
       -122.41656363636363,
       37.76955454545455
      ],
      [
       -122.41587272727273,
       37.76955454545455
      ],
      [
       -122.41587272727273,
       37.77024545454545
      ],
      [
       -122.41656363636363,
       37.77024545454545
      ],
      [
       -122.41656363636363,
       37.76955454545455
      ]
     ]
    ]
   }
  },
  {
   "type": "Feature",
   "id": 206,
   "properties": {
    "building": "yes",
    "height": 66,
    "name": "Building 14-6",
    "layer": "building"
   },
   "geometry": {
    "type": "Polygon",
    "coordinates": [
     [
      [
       -122.41656363636363,
       37.77046363636364
      ],
      [
       -122.41587272727273,
       37.77046363636364
      ],
      [
       -122.41587272727273,
       37.77115454545455
      ],
      [
       -122.41656363636363,
       37.77115454545455
      ],
      [
       -122.41656363636363,
       37.77046363636364
      ]
     ]
    ]
   }
  },
  {
   "type": "Feature",
   "id": 207,
   "properties": {
    "building": "yes",
    "height": 83,
    "layer": "building"
   },
   "geometry": {
    "type": "Polygon",
    "coordinates": [
     [
      [
       -122.41656363636363,
       37.771372727272734
      ],
      [
       -122.41587272727273,
       37.771372727272734
      ],
      [
       -122.41587272727273,
       37.77206363636364
      ],
      [
       -122.41656363636363,
       37.77206363636364
      ],
      [
       -122.41656363636363,
       37.771372727272734
      ]
     ]
    ]
   }
  },
  {
   "type": "Feature",
   "id": 208,
   "properties": {
    "building": "yes",
    "height": 32,
    "layer": "building"
   },
   "geometry": {
    "type": "Polygon",
    "coordinates": [
     [
      [
       -122.41656363636363,
       37.774100000000004
      ],
      [
       -122.41587272727273,
       37.774100000000004
      ],
      [
       -122.41587272727273,
       37.77479090909091
      ],
      [
       -122.41656363636363,
       37.77479090909091
      ],
      [
       -122.41656363636363,
       37.774100000000004
      ]
     ]
    ]
   }
  },
  {
   "type": "Feature",
   "id": 209,
   "properties": {
    "building": "yes",
    "height": 11,
    "layer": "building"
   },
   "geometry": {
    "type": "Polygon",
    "coordinates": [
     [
      [
       -122.41656363636363,
       37.775918181818184
      ],
      [
       -122.41587272727273,
       37.775918181818184
      ],
      [
       -122.41587272727273,
       37.77660909090909
      ],
      [
       -122.41656363636363,
       37.77660909090909
      ],
      [
       -122.41656363636363,
       37.775918181818184
      ]
     ]
    ]
   }
  },
  {
   "type": "Feature",
   "id": 210,
   "properties": {
    "building": "yes",
    "height": 13,
    "layer": "building"
   },
   "geometry": {
    "type": "Polygon",
    "coordinates": [
     [
      [
       -122.41656363636363,
       37.776827272727274
      ],
      [
       -122.41587272727273,
       37.776827272727274
      ],
      [
       -122.41587272727273,
       37.77751818181818
      ],
      [
       -122.41656363636363,
       37.77751818181818
      ],
      [
       -122.41656363636363,
       37.776827272727274
      ]
     ]
    ]
   }
  },
  {
   "type": "Feature",
   "id": 211,
   "properties": {
    "building": "yes",
    "height": 10,
    "layer": "building"
   },
   "geometry": {
    "type": "Polygon",
    "coordinates": [
     [
      [
       -122.41656363636363,
       37.777736363636365
      ],
      [
       -122.41587272727273,
       37.777736363636365
      ],
      [
       -122.41587272727273,
       37.77842727272727
      ],
      [
       -122.41656363636363,
       37.77842727272727
      ],
      [
       -122.41656363636363,
       37.777736363636365
      ]
     ]
    ]
   }
  },
  {
   "type": "Feature",
   "id": 212,
   "properties": {
    "building": "yes",
    "height": 19,
    "layer": "building"
   },
   "geometry": {
    "type": "Polygon",
    "coordinates": [
     [
      [
       -122.41656363636363,
       37.778645454545455
      ],
      [
       -122.41587272727273,
       37.778645454545455
      ],
      [
       -122.41587272727273,
       37.77933636363637
      ],
      [
       -122.41656363636363,
       37.77933636363637
      ],
      [
       -122.41656363636363,
       37.778645454545455
      ]
     ]
    ]
   }
  },
  {
   "type": "Feature",
   "id": 213,
   "properties": {
    "building": "yes",
    "height": 83,
    "name": "Building 14-18",
    "layer": "building"
   },
   "geometry": {
    "type": "Polygon",
    "coordinates": [
     [
      [
       -122.41656363636363,
       37.78137272727273
      ],
      [
       -122.41587272727273,
       37.78137272727273
      ],
      [
       -122.41587272727273,
       37.78206363636364
      ],
      [
       -122.41656363636363,
       37.78206363636364
      ],
      [
       -122.41656363636363,
       37.78137272727273
      ]
     ]
    ]
   }
  },
  {
   "type": "Feature",
   "id": 214,
   "properties": {
    "building": "yes",
    "height": 31,
    "name": "Building 14-19",
    "layer": "building"
   },
   "geometry": {
    "type": "Polygon",
    "coordinates": [
     [
      [
       -122.41656363636363,
       37.78228181818182
      ],
      [
       -122.41587272727273,
       37.78228181818182
      ],
      [
       -122.41587272727273,
       37.78297272727273
      ],
      [
       -122.41656363636363,
       37.78297272727273
      ],
      [
       -122.41656363636363,
       37.78228181818182
      ]
     ]
    ]
   }
  },
  {
   "type": "Feature",
   "id": 215,
   "properties": {
    "building": "yes",
    "height": 18,
    "name": "Building 14-20",
    "layer": "building"
   },
   "geometry": {
    "type": "Polygon",
    "coordinates": [
     [
      [
       -122.41656363636363,
       37.78319090909091
      ],
      [
       -122.41587272727273,
       37.78319090909091
      ],
      [
       -122.41587272727273,
       37.78388181818182
      ],
      [
       -122.41656363636363,
       37.78388181818182
      ],
      [
       -122.41656363636363,
       37.78319090909091
      ]
     ]
    ]
   }
  },
  {
   "type": "Feature",
   "id": 216,
   "properties": {
    "building": "yes",
    "height": 19,
    "layer": "building"
   },
   "geometry": {
    "type": "Polygon",
    "coordinates": [
     [
      [
       -122.41656363636363,
       37.7841
      ],
      [
       -122.41587272727273,
       37.7841
      ],
      [
       -122.41587272727273,
       37.78479090909091
      ],
      [
       -122.41656363636363,
       37.78479090909091
      ],
      [
       -122.41656363636363,
       37.7841
      ]
     ]
    ]
   }
  },
  {
   "type": "Feature",
   "id": 217,
   "properties": {
    "building": "yes",
    "height": 29,
    "name": "Building 15-1",
    "layer": "building"
   },
   "geometry": {
    "type": "Polygon",
    "coordinates": [
     [
      [
       -122.41565454545454,
       37.765918181818186
      ],
      [
       -122.41496363636364,
       37.765918181818186
      ],
      [
       -122.41496363636364,
       37.76660909090909
      ],
      [
       -122.41565454545454,
       37.76660909090909
      ],
      [
       -122.41565454545454,
       37.765918181818186
      ]
     ]
    ]
   }
  },
  {
   "type": "Feature",
   "id": 218,
   "properties": {
    "building": "yes",
    "height": 57,
    "name": "Building 15-2",
    "layer": "building"
   },
   "geometry": {
    "type": "Polygon",
    "coordinates": [
     [
      [
       -122.41565454545454,
       37.76682727272728
      ],
      [
       -122.41496363636364,
       37.76682727272728
      ],
      [
       -122.41496363636364,
       37.76751818181818
      ],
      [
       -122.41565454545454,
       37.76751818181818
      ],
      [
       -122.41565454545454,
       37.76682727272728
      ]
     ]
    ]
   }
  },
  {
   "type": "Feature",
   "id": 219,
   "properties": {
    "building": "yes",
    "height": 72,
    "layer": "building"
   },
   "geometry": {
    "type": "Polygon",
    "coordinates": [
     [
      [
       -122.41565454545454,
       37.76955454545455
      ],
      [
       -122.41496363636364,
       37.76955454545455
      ],
      [
       -122.41496363636364,
       37.77024545454545
      ],
      [
       -122.41565454545454,
       37.77024545454545
      ],
      [
       -122.41565454545454,
       37.76955454545455
      ]
     ]
    ]
   }
  },
  {
   "type": "Feature",
   "id": 220,
   "properties": {
    "building": "yes",
    "height": 10,
    "name": "Building 15-6",
    "layer": "building"
   },
   "geometry": {
    "type": "Polygon",
    "coordinates": [
     [
      [
       -122.41565454545454,
       37.77046363636364
      ],
      [
       -122.41496363636364,
       37.77046363636364
      ],
      [
       -122.41496363636364,
       37.77115454545455
      ],
      [
       -122.41565454545454,
       37.77115454545455
      ],
      [
       -122.41565454545454,
       37.77046363636364
      ]
     ]
    ]
   }
  },
  {
   "type": "Feature",
   "id": 221,
   "properties": {
    "building": "yes",
    "height": 89,
    "name": "Building 15-7",
    "layer": "building"
   },
   "geometry": {
    "type": "Polygon",
    "coordinates": [
     [
      [
       -122.41565454545454,
       37.771372727272734
      ],
      [
       -122.41496363636364,
       37.771372727272734
      ],
      [
       -122.41496363636364,
       37.77206363636364
      ],
      [
       -122.41565454545454,
       37.77206363636364
      ],
      [
       -122.41565454545454,
       37.771372727272734
      ]
     ]
    ]
   }
  },
  {
   "type": "Feature",
   "id": 222,
   "properties": {
    "building": "yes",
    "height": 61,
    "layer": "building"
   },
   "geometry": {
    "type": "Polygon",
    "coordinates": [
     [
      [
       -122.41565454545454,
       37.772281818181824
      ],
      [
       -122.41496363636364,
       37.772281818181824
      ],
      [
       -122.41496363636364,
       37.77297272727273
      ],
      [
       -122.41565454545454,
       37.77297272727273
      ],
      [
       -122.41565454545454,
       37.772281818181824
      ]
     ]
    ]
   }
  },
  {
   "type": "Feature",
   "id": 223,
   "properties": {
    "building": "yes",
    "height": 17,
    "layer": "building"
   },
   "geometry": {
    "type": "Polygon",
    "coordinates": [
     [
      [
       -122.41565454545454,
       37.774100000000004
      ],
      [
       -122.41496363636364,
       37.774100000000004
      ],
      [
       -122.41496363636364,
       37.77479090909091
      ],
      [
       -122.41565454545454,
       37.77479090909091
      ],
      [
       -122.41565454545454,
       37.774100000000004
      ]
     ]
    ]
   }
  },
  {
   "type": "Feature",
   "id": 224,
   "properties": {
    "building": "yes",
    "height": 90,
    "name": "Building 15-11",
    "layer": "building"
   },
   "geometry": {
    "type": "Polygon",
    "coordinates": [
     [
      [
       -122.41565454545454,
       37.775009090909094
      ],
      [
       -122.41496363636364,
       37.775009090909094
      ],
      [
       -122.41496363636364,
       37.7757
      ],
      [
       -122.41565454545454,
       37.7757
      ],
      [
       -122.41565454545454,
       37.775009090909094
      ]
     ]
    ]
   }
  },
  {
   "type": "Feature",
   "id": 225,
   "properties": {
    "building": "yes",
    "height": 94,
    "layer": "building"
   },
   "geometry": {
    "type": "Polygon",
    "coordinates": [
     [
      [
       -122.41565454545454,
       37.775918181818184
      ],
      [
       -122.41496363636364,
       37.775918181818184
      ],
      [
       -122.41496363636364,
       37.77660909090909
      ],
      [
       -122.41565454545454,
       37.77660909090909
      ],
      [
       -122.41565454545454,
       37.775918181818184
      ]
     ]
    ]
   }
  },
  {
   "type": "Feature",
   "id": 226,
   "properties": {
    "building": "yes",
    "height": 39,
    "name": "Building 15-14",
    "layer": "building"
   },
   "geometry": {
    "type": "Polygon",
    "coordinates": [
     [
      [
       -122.41565454545454,
       37.777736363636365
      ],
      [
       -122.41496363636364,
       37.777736363636365
      ],
      [
       -122.41496363636364,
       37.77842727272727
      ],
      [
       -122.41565454545454,
       37.77842727272727
      ],
      [
       -122.41565454545454,
       37.777736363636365
      ]
     ]
    ]
   }
  },
  {
   "type": "Feature",
   "id": 227,
   "properties": {
    "building": "yes",
    "height": 40,
    "layer": "building"
   },
   "geometry": {
    "type": "Polygon",
    "coordinates": [
     [
      [
       -122.41565454545454,
       37.778645454545455
      ],
      [
       -122.41496363636364,
       37.778645454545455
      ],
      [
       -122.41496363636364,
       37.77933636363637
      ],
      [
       -122.41565454545454,
       37.77933636363637
      ],
      [
       -122.41565454545454,
       37.778645454545455
      ]
     ]
    ]
   }
  },
  {
   "type": "Feature",
   "id": 228,
   "properties": {
    "building": "yes",
    "height": 63,
    "name": "Building 15-17",
    "layer": "building"
   },
   "geometry": {
    "type": "Polygon",
    "coordinates": [
     [
      [
       -122.41565454545454,
       37.78046363636364
      ],
      [
       -122.41496363636364,
       37.78046363636364
      ],
      [
       -122.41496363636364,
       37.78115454545455
      ],
      [
       -122.41565454545454,
       37.78115454545455
      ],
      [
       -122.41565454545454,
       37.78046363636364
      ]
     ]
    ]
   }
  },
  {
   "type": "Feature",
   "id": 229,
   "properties": {
    "building": "yes",
    "height": 76,
    "name": "Building 15-18",
    "layer": "building"
   },
   "geometry": {
    "type": "Polygon",
    "coordinates": [
     [
      [
       -122.41565454545454,
       37.78137272727273
      ],
      [
       -122.41496363636364,
       37.78137272727273
      ],
      [
       -122.41496363636364,
       37.78206363636364
      ],
      [
       -122.41565454545454,
       37.78206363636364
      ],
      [
       -122.41565454545454,
       37.78137272727273
      ]
     ]
    ]
   }
  },
  {
   "type": "Feature",
   "id": 230,
   "properties": {
    "building": "yes",
    "height": 15,
    "layer": "building"
   },
   "geometry": {
    "type": "Polygon",
    "coordinates": [
     [
      [
       -122.41565454545454,
       37.78228181818182
      ],
      [
       -122.41496363636364,
       37.78228181818182
      ],
      [
       -122.41496363636364,
       37.78297272727273
      ],
      [
       -122.41565454545454,
       37.78297272727273
      ],
      [
       -122.41565454545454,
       37.78228181818182
      ]
     ]
    ]
   }
  },
  {
   "type": "Feature",
   "id": 231,
   "properties": {
    "building": "yes",
    "height": 56,
    "layer": "building"
   },
   "geometry": {
    "type": "Polygon",
    "coordinates": [
     [
      [
       -122.41565454545454,
       37.78319090909091
      ],
      [
       -122.41496363636364,
       37.78319090909091
      ],
      [
       -122.41496363636364,
       37.78388181818182
      ],
      [
       -122.41565454545454,
       37.78388181818182
      ],
      [
       -122.41565454545454,
       37.78319090909091
      ]
     ]
    ]
   }
  },
  {
   "type": "Feature",
   "id": 232,
   "properties": {
    "building": "yes",
    "height": 90,
    "layer": "building"
   },
   "geometry": {
    "type": "Polygon",
    "coordinates": [
     [
      [
       -122.41474545454545,
       37.765009090909096
      ],
      [
       -122.41405454545455,
       37.765009090909096
      ],
      [
       -122.41405454545455,
       37.7657
      ],
      [
       -122.41474545454545,
       37.7657
      ],
      [
       -122.41474545454545,
       37.765009090909096
      ]
     ]
    ]
   }
  },
  {
   "type": "Feature",
   "id": 233,
   "properties": {
    "building": "yes",
    "height": 14,
    "layer": "building"
   },
   "geometry": {
    "type": "Polygon",
    "coordinates": [
     [
      [
       -122.41474545454545,
       37.765918181818186
      ],
      [
       -122.41405454545455,
       37.765918181818186
      ],
      [
       -122.41405454545455,
       37.76660909090909
      ],
      [
       -122.41474545454545,
       37.76660909090909
      ],
      [
       -122.41474545454545,
       37.765918181818186
      ]
     ]
    ]
   }
  },
  {
   "type": "Feature",
   "id": 234,
   "properties": {
    "building": "yes",
    "height": 64,
    "layer": "building"
   },
   "geometry": {
    "type": "Polygon",
    "coordinates": [
     [
      [
       -122.41474545454545,
       37.76682727272728
      ],
      [
       -122.41405454545455,
       37.76682727272728
      ],
      [
       -122.41405454545455,
       37.76751818181818
      ],
      [
       -122.41474545454545,
       37.76751818181818
      ],
      [
       -122.41474545454545,
       37.76682727272728
      ]
     ]
    ]
   }
  },
  {
   "type": "Feature",
   "id": 235,
   "properties": {
    "building": "yes",
    "height": 8,
    "layer": "building"
   },
   "geometry": {
    "type": "Polygon",
    "coordinates": [
     [
      [
       -122.41474545454545,
       37.76773636363637
      ],
      [
       -122.41405454545455,
       37.76773636363637
      ],
      [
       -122.41405454545455,
       37.76842727272727
      ],
      [
       -122.41474545454545,
       37.76842727272727
      ],
      [
       -122.41474545454545,
       37.76773636363637
      ]
     ]
    ]
   }
  },
  {
   "type": "Feature",
   "id": 236,
   "properties": {
    "building": "yes",
    "height": 78,
    "layer": "building"
   },
   "geometry": {
    "type": "Polygon",
    "coordinates": [
     [
      [
       -122.41474545454545,
       37.76864545454546
      ],
      [
       -122.41405454545455,
       37.76864545454546
      ],
      [
       -122.41405454545455,
       37.76933636363636
      ],
      [
       -122.41474545454545,
       37.76933636363636
      ],
      [
       -122.41474545454545,
       37.76864545454546
      ]
     ]
    ]
   }
  },
  {
   "type": "Feature",
   "id": 237,
   "properties": {
    "building": "yes",
    "height": 74,
    "layer": "building"
   },
   "geometry": {
    "type": "Polygon",
    "coordinates": [
     [
      [
       -122.41474545454545,
       37.77046363636364
      ],
      [
       -122.41405454545455,
       37.77046363636364
      ],
      [
       -122.41405454545455,
       37.77115454545455
      ],
      [
       -122.41474545454545,
       37.77115454545455
      ],
      [
       -122.41474545454545,
       37.77046363636364
      ]
     ]
    ]
   }
  },
  {
   "type": "Feature",
   "id": 238,
   "properties": {
    "building": "yes",
    "height": 80,
    "layer": "building"
   },
   "geometry": {
    "type": "Polygon",
    "coordinates": [
     [
      [
       -122.41474545454545,
       37.771372727272734
      ],
      [
       -122.41405454545455,
       37.771372727272734
      ],
      [
       -122.41405454545455,
       37.77206363636364
      ],
      [
       -122.41474545454545,
       37.77206363636364
      ],
      [
       -122.41474545454545,
       37.771372727272734
      ]
     ]
    ]
   }
  },
  {
   "type": "Feature",
   "id": 239,
   "properties": {
    "building": "yes",
    "height": 40,
    "layer": "building"
   },
   "geometry": {
    "type": "Polygon",
    "coordinates": [
     [
      [
       -122.41474545454545,
       37.772281818181824
      ],
      [
       -122.41405454545455,
       37.772281818181824
      ],
      [
       -122.41405454545455,
       37.77297272727273
      ],
      [
       -122.41474545454545,
       37.77297272727273
      ],
      [
       -122.41474545454545,
       37.772281818181824
      ]
     ]
    ]
   }
  },
  {
   "type": "Feature",
   "id": 240,
   "properties": {
    "building": "yes",
    "height": 52,
    "name": "Building 16-9",
    "layer": "building"
   },
   "geometry": {
    "type": "Polygon",
    "coordinates": [
     [
      [
       -122.41474545454545,
       37.773190909090914
      ],
      [
       -122.41405454545455,
       37.773190909090914
      ],
      [
       -122.41405454545455,
       37.77388181818182
      ],
      [
       -122.41474545454545,
       37.77388181818182
      ],
      [
       -122.41474545454545,
       37.773190909090914
      ]
     ]
    ]
   }
  },
  {
   "type": "Feature",
   "id": 241,
   "properties": {
    "building": "yes",
    "height": 15,
    "layer": "building"
   },
   "geometry": {
    "type": "Polygon",
    "coordinates": [
     [
      [
       -122.41474545454545,
       37.774100000000004
      ],
      [
       -122.41405454545455,
       37.774100000000004
      ],
      [
       -122.41405454545455,
       37.77479090909091
      ],
      [
       -122.41474545454545,
       37.77479090909091
      ],
      [
       -122.41474545454545,
       37.774100000000004
      ]
     ]
    ]
   }
  },
  {
   "type": "Feature",
   "id": 242,
   "properties": {
    "building": "yes",
    "height": 70,
    "name": "Building 16-14",
    "layer": "building"
   },
   "geometry": {
    "type": "Polygon",
    "coordinates": [
     [
      [
       -122.41474545454545,
       37.777736363636365
      ],
      [
       -122.41405454545455,
       37.777736363636365
      ],
      [
       -122.41405454545455,
       37.77842727272727
      ],
      [
       -122.41474545454545,
       37.77842727272727
      ],
      [
       -122.41474545454545,
       37.777736363636365
      ]
     ]
    ]
   }
  },
  {
   "type": "Feature",
   "id": 243,
   "properties": {
    "building": "yes",
    "height": 76,
    "name": "Building 16-15",
    "layer": "building"
   },
   "geometry": {
    "type": "Polygon",
    "coordinates": [
     [
      [
       -122.41474545454545,
       37.778645454545455
      ],
      [
       -122.41405454545455,
       37.778645454545455
      ],
      [
       -122.41405454545455,
       37.77933636363637
      ],
      [
       -122.41474545454545,
       37.77933636363637
      ],
      [
       -122.41474545454545,
       37.778645454545455
      ]
     ]
    ]
   }
  },
  {
   "type": "Feature",
   "id": 244,
   "properties": {
    "building": "yes",
    "height": 86,
    "layer": "building"
   },
   "geometry": {
    "type": "Polygon",
    "coordinates": [
     [
      [
       -122.41474545454545,
       37.77955454545455
      ],
      [
       -122.41405454545455,
       37.77955454545455
      ],
      [
       -122.41405454545455,
       37.78024545454546
      ],
      [
       -122.41474545454545,
       37.78024545454546
      ],
      [
       -122.41474545454545,
       37.77955454545455
      ]
     ]
    ]
   }
  },
  {
   "type": "Feature",
   "id": 245,
   "properties": {
    "building": "yes",
    "height": 80,
    "name": "Building 16-20",
    "layer": "building"
   },
   "geometry": {
    "type": "Polygon",
    "coordinates": [
     [
      [
       -122.41474545454545,
       37.78319090909091
      ],
      [
       -122.41405454545455,
       37.78319090909091
      ],
      [
       -122.41405454545455,
       37.78388181818182
      ],
      [
       -122.41474545454545,
       37.78388181818182
      ],
      [
       -122.41474545454545,
       37.78319090909091
      ]
     ]
    ]
   }
  },
  {
   "type": "Feature",
   "id": 246,
   "properties": {
    "building": "yes",
    "height": 94,
    "name": "Building 16-21",
    "layer": "building"
   },
   "geometry": {
    "type": "Polygon",
    "coordinates": [
     [
      [
       -122.41474545454545,
       37.7841
      ],
      [
       -122.41405454545455,
       37.7841
      ],
      [
       -122.41405454545455,
       37.78479090909091
      ],
      [
       -122.41474545454545,
       37.78479090909091
      ],
      [
       -122.41474545454545,
       37.7841
      ]
     ]
    ]
   }
  },
  {
   "type": "Feature",
   "id": 247,
   "properties": {
    "building": "yes",
    "height": 59,
    "layer": "building"
   },
   "geometry": {
    "type": "Polygon",
    "coordinates": [
     [
      [
       -122.41383636363636,
       37.765918181818186
      ],
      [
       -122.41314545454546,
       37.765918181818186
      ],
      [
       -122.41314545454546,
       37.76660909090909
      ],
      [
       -122.41383636363636,
       37.76660909090909
      ],
      [
       -122.41383636363636,
       37.765918181818186
      ]
     ]
    ]
   }
  },
  {
   "type": "Feature",
   "id": 248,
   "properties": {
    "building": "yes",
    "height": 18,
    "name": "Building 17-5",
    "layer": "building"
   },
   "geometry": {
    "type": "Polygon",
    "coordinates": [
     [
      [
       -122.41383636363636,
       37.76955454545455
      ],
      [
       -122.41314545454546,
       37.76955454545455
      ],
      [
       -122.41314545454546,
       37.77024545454545
      ],
      [
       -122.41383636363636,
       37.77024545454545
      ],
      [
       -122.41383636363636,
       37.76955454545455
      ]
     ]
    ]
   }
  },
  {
   "type": "Feature",
   "id": 249,
   "properties": {
    "building": "yes",
    "height": 24,
    "layer": "building"
   },
   "geometry": {
    "type": "Polygon",
    "coordinates": [
     [
      [
       -122.41383636363636,
       37.77046363636364
      ],
      [
       -122.41314545454546,
       37.77046363636364
      ],
      [
       -122.41314545454546,
       37.77115454545455
      ],
      [
       -122.41383636363636,
       37.77115454545455
      ],
      [
       -122.41383636363636,
       37.77046363636364
      ]
     ]
    ]
   }
  },
  {
   "type": "Feature",
   "id": 250,
   "properties": {
    "building": "yes",
    "height": 85,
    "name": "Building 17-7",
    "layer": "building"
   },
   "geometry": {
    "type": "Polygon",
    "coordinates": [
     [
      [
       -122.41383636363636,
       37.771372727272734
      ],
      [
       -122.41314545454546,
       37.771372727272734
      ],
      [
       -122.41314545454546,
       37.77206363636364
      ],
      [
       -122.41383636363636,
       37.77206363636364
      ],
      [
       -122.41383636363636,
       37.771372727272734
      ]
     ]
    ]
   }
  },
  {
   "type": "Feature",
   "id": 251,
   "properties": {
    "building": "yes",
    "height": 25,
    "layer": "building"
   },
   "geometry": {
    "type": "Polygon",
    "coordinates": [
     [
      [
       -122.41383636363636,
       37.772281818181824
      ],
      [
       -122.41314545454546,
       37.772281818181824
      ],
      [
       -122.41314545454546,
       37.77297272727273
      ],
      [
       -122.41383636363636,
       37.77297272727273
      ],
      [
       -122.41383636363636,
       37.772281818181824
      ]
     ]
    ]
   }
  },
  {
   "type": "Feature",
   "id": 252,
   "properties": {
    "building": "yes",
    "height": 80,
    "layer": "building"
   },
   "geometry": {
    "type": "Polygon",
    "coordinates": [
     [
      [
       -122.41383636363636,
       37.773190909090914
      ],
      [
       -122.41314545454546,
       37.773190909090914
      ],
      [
       -122.41314545454546,
       37.77388181818182
      ],
      [
       -122.41383636363636,
       37.77388181818182
      ],
      [
       -122.41383636363636,
       37.773190909090914
      ]
     ]
    ]
   }
  },
  {
   "type": "Feature",
   "id": 253,
   "properties": {
    "building": "yes",
    "height": 27,
    "layer": "building"
   },
   "geometry": {
    "type": "Polygon",
    "coordinates": [
     [
      [
       -122.41383636363636,
       37.775009090909094
      ],
      [
       -122.41314545454546,
       37.775009090909094
      ],
      [
       -122.41314545454546,
       37.7757
      ],
      [
       -122.41383636363636,
       37.7757
      ],
      [
       -122.41383636363636,
       37.775009090909094
      ]
     ]
    ]
   }
  },
  {
   "type": "Feature",
   "id": 254,
   "properties": {
    "building": "yes",
    "height": 10,
    "layer": "building"
   },
   "geometry": {
    "type": "Polygon",
    "coordinates": [
     [
      [
       -122.41383636363636,
       37.775918181818184
      ],
      [
       -122.41314545454546,
       37.775918181818184
      ],
      [
       -122.41314545454546,
       37.77660909090909
      ],
      [
       -122.41383636363636,
       37.77660909090909
      ],
      [
       -122.41383636363636,
       37.775918181818184
      ]
     ]
    ]
   }
  },
  {
   "type": "Feature",
   "id": 255,
   "properties": {
    "building": "yes",
    "height": 75,
    "layer": "building"
   },
   "geometry": {
    "type": "Polygon",
    "coordinates": [
     [
      [
       -122.41383636363636,
       37.777736363636365
      ],
      [
       -122.41314545454546,
       37.777736363636365
      ],
      [
       -122.41314545454546,
       37.77842727272727
      ],
      [
       -122.41383636363636,
       37.77842727272727
      ],
      [
       -122.41383636363636,
       37.777736363636365
      ]
     ]
    ]
   }
  },
  {
   "type": "Feature",
   "id": 256,
   "properties": {
    "building": "yes",
    "height": 91,
    "name": "Building 17-15",
    "layer": "building"
   },
   "geometry": {
    "type": "Polygon",
    "coordinates": [
     [
      [
       -122.41383636363636,
       37.778645454545455
      ],
      [
       -122.41314545454546,
       37.778645454545455
      ],
      [
       -122.41314545454546,
       37.77933636363637
      ],
      [
       -122.41383636363636,
       37.77933636363637
      ],
      [
       -122.41383636363636,
       37.778645454545455
      ]
     ]
    ]
   }
  },
  {
   "type": "Feature",
   "id": 257,
   "properties": {
    "building": "yes",
    "height": 11,
    "layer": "building"
   },
   "geometry": {
    "type": "Polygon",
    "coordinates": [
     [
      [
       -122.41383636363636,
       37.78137272727273
      ],
      [
       -122.41314545454546,
       37.78137272727273
      ],
      [
       -122.41314545454546,
       37.78206363636364
      ],
      [
       -122.41383636363636,
       37.78206363636364
      ],
      [
       -122.41383636363636,
       37.78137272727273
      ]
     ]
    ]
   }
  },
  {
   "type": "Feature",
   "id": 258,
   "properties": {
    "building": "yes",
    "height": 79,
    "layer": "building"
   },
   "geometry": {
    "type": "Polygon",
    "coordinates": [
     [
      [
       -122.41292727272727,
       37.76773636363637
      ],
      [
       -122.41223636363637,
       37.76773636363637
      ],
      [
       -122.41223636363637,
       37.76842727272727
      ],
      [
       -122.41292727272727,
       37.76842727272727
      ],
      [
       -122.41292727272727,
       37.76773636363637
      ]
     ]
    ]
   }
  },
  {
   "type": "Feature",
   "id": 259,
   "properties": {
    "building": "yes",
    "height": 33,
    "layer": "building"
   },
   "geometry": {
    "type": "Polygon",
    "coordinates": [
     [
      [
       -122.41292727272727,
       37.77046363636364
      ],
      [
       -122.41223636363637,
       37.77046363636364
      ],
      [
       -122.41223636363637,
       37.77115454545455
      ],
      [
       -122.41292727272727,
       37.77115454545455
      ],
      [
       -122.41292727272727,
       37.77046363636364
      ]
     ]
    ]
   }
  },
  {
   "type": "Feature",
   "id": 260,
   "properties": {
    "building": "yes",
    "height": 46,
    "layer": "building"
   },
   "geometry": {
    "type": "Polygon",
    "coordinates": [
     [
      [
       -122.41292727272727,
       37.774100000000004
      ],
      [
       -122.41223636363637,
       37.774100000000004
      ],
      [
       -122.41223636363637,
       37.77479090909091
      ],
      [
       -122.41292727272727,
       37.77479090909091
      ],
      [
       -122.41292727272727,
       37.774100000000004
      ]
     ]
    ]
   }
  },
  {
   "type": "Feature",
   "id": 261,
   "properties": {
    "building": "yes",
    "height": 88,
    "name": "Building 18-11",
    "layer": "building"
   },
   "geometry": {
    "type": "Polygon",
    "coordinates": [
     [
      [
       -122.41292727272727,
       37.775009090909094
      ],
      [
       -122.41223636363637,
       37.775009090909094
      ],
      [
       -122.41223636363637,
       37.7757
      ],
      [
       -122.41292727272727,
       37.7757
      ],
      [
       -122.41292727272727,
       37.775009090909094
      ]
     ]
    ]
   }
  },
  {
   "type": "Feature",
   "id": 262,
   "properties": {
    "building": "yes",
    "height": 89,
    "name": "Building 18-16",
    "layer": "building"
   },
   "geometry": {
    "type": "Polygon",
    "coordinates": [
     [
      [
       -122.41292727272727,
       37.77955454545455
      ],
      [
       -122.41223636363637,
       37.77955454545455
      ],
      [
       -122.41223636363637,
       37.78024545454546
      ],
      [
       -122.41292727272727,
       37.78024545454546
      ],
      [
       -122.41292727272727,
       37.77955454545455
      ]
     ]
    ]
   }
  },
  {
   "type": "Feature",
   "id": 263,
   "properties": {
    "building": "yes",
    "height": 81,
    "layer": "building"
   },
   "geometry": {
    "type": "Polygon",
    "coordinates": [
     [
      [
       -122.41201818181818,
       37.76682727272728
      ],
      [
       -122.41132727272726,
       37.76682727272728
      ],
      [
       -122.41132727272726,
       37.76751818181818
      ],
      [
       -122.41201818181818,
       37.76751818181818
      ],
      [
       -122.41201818181818,
       37.76682727272728
      ]
     ]
    ]
   }
  },
  {
   "type": "Feature",
   "id": 264,
   "properties": {
    "building": "yes",
    "height": 39,
    "name": "Building 19-3",
    "layer": "building"
   },
   "geometry": {
    "type": "Polygon",
    "coordinates": [
     [
      [
       -122.41201818181818,
       37.76773636363637
      ],
      [
       -122.41132727272726,
       37.76773636363637
      ],
      [
       -122.41132727272726,
       37.76842727272727
      ],
      [
       -122.41201818181818,
       37.76842727272727
      ],
      [
       -122.41201818181818,
       37.76773636363637
      ]
     ]
    ]
   }
  },
  {
   "type": "Feature",
   "id": 265,
   "properties": {
    "building": "yes",
    "height": 29,
    "layer": "building"
   },
   "geometry": {
    "type": "Polygon",
    "coordinates": [
     [
      [
       -122.41201818181818,
       37.77046363636364
      ],
      [
       -122.41132727272726,
       37.77046363636364
      ],
      [
       -122.41132727272726,
       37.77115454545455
      ],
      [
       -122.41201818181818,
       37.77115454545455
      ],
      [
       -122.41201818181818,
       37.77046363636364
      ]
     ]
    ]
   }
  },
  {
   "type": "Feature",
   "id": 266,
   "properties": {
    "building": "yes",
    "height": 77,
    "layer": "building"
   },
   "geometry": {
    "type": "Polygon",
    "coordinates": [
     [
      [
       -122.41201818181818,
       37.773190909090914
      ],
      [
       -122.41132727272726,
       37.773190909090914
      ],
      [
       -122.41132727272726,
       37.77388181818182
      ],
      [
       -122.41201818181818,
       37.77388181818182
      ],
      [
       -122.41201818181818,
       37.773190909090914
      ]
     ]
    ]
   }
  },
  {
   "type": "Feature",
   "id": 267,
   "properties": {
    "building": "yes",
    "height": 35,
    "layer": "building"
   },
   "geometry": {
    "type": "Polygon",
    "coordinates": [
     [
      [
       -122.41201818181818,
       37.774100000000004
      ],
      [
       -122.41132727272726,
       37.774100000000004
      ],
      [
       -122.41132727272726,
       37.77479090909091
      ],
      [
       -122.41201818181818,
       37.77479090909091
      ],
      [
       -122.41201818181818,
       37.774100000000004
      ]
     ]
    ]
   }
  },
  {
   "type": "Feature",
   "id": 268,
   "properties": {
    "building": "yes",
    "height": 43,
    "layer": "building"
   },
   "geometry": {
    "type": "Polygon",
    "coordinates": [
     [
      [
       -122.41201818181818,
       37.775009090909094
      ],
      [
       -122.41132727272726,
       37.775009090909094
      ],
      [
       -122.41132727272726,
       37.7757
      ],
      [
       -122.41201818181818,
       37.7757
      ],
      [
       -122.41201818181818,
       37.775009090909094
      ]
     ]
    ]
   }
  },
  {
   "type": "Feature",
   "id": 269,
   "properties": {
    "building": "yes",
    "height": 33,
    "layer": "building"
   },
   "geometry": {
    "type": "Polygon",
    "coordinates": [
     [
      [
       -122.41201818181818,
       37.775918181818184
      ],
      [
       -122.41132727272726,
       37.775918181818184
      ],
      [
       -122.41132727272726,
       37.77660909090909
      ],
      [
       -122.41201818181818,
       37.77660909090909
      ],
      [
       -122.41201818181818,
       37.775918181818184
      ]
     ]
    ]
   }
  },
  {
   "type": "Feature",
   "id": 270,
   "properties": {
    "building": "yes",
    "height": 20,
    "layer": "building"
   },
   "geometry": {
    "type": "Polygon",
    "coordinates": [
     [
      [
       -122.41201818181818,
       37.777736363636365
      ],
      [
       -122.41132727272726,
       37.777736363636365
      ],
      [
       -122.41132727272726,
       37.77842727272727
      ],
      [
       -122.41201818181818,
       37.77842727272727
      ],
      [
       -122.41201818181818,
       37.777736363636365
      ]
     ]
    ]
   }
  },
  {
   "type": "Feature",
   "id": 271,
   "properties": {
    "building": "yes",
    "height": 55,
    "layer": "building"
   },
   "geometry": {
    "type": "Polygon",
    "coordinates": [
     [
      [
       -122.41201818181818,
       37.778645454545455
      ],
      [
       -122.41132727272726,
       37.778645454545455
      ],
      [
       -122.41132727272726,
       37.77933636363637
      ],
      [
       -122.41201818181818,
       37.77933636363637
      ],
      [
       -122.41201818181818,
       37.778645454545455
      ]
     ]
    ]
   }
  },
  {
   "type": "Feature",
   "id": 272,
   "properties": {
    "building": "yes",
    "height": 26,
    "layer": "building"
   },
   "geometry": {
    "type": "Polygon",
    "coordinates": [
     [
      [
       -122.41201818181818,
       37.77955454545455
      ],
      [
       -122.41132727272726,
       37.77955454545455
      ],
      [
       -122.41132727272726,
       37.78024545454546
      ],
      [
       -122.41201818181818,
       37.78024545454546
      ],
      [
       -122.41201818181818,
       37.77955454545455
      ]
     ]
    ]
   }
  },
  {
   "type": "Feature",
   "id": 273,
   "properties": {
    "building": "yes",
    "height": 41,
    "layer": "building"
   },
   "geometry": {
    "type": "Polygon",
    "coordinates": [
     [
      [
       -122.41201818181818,
       37.78137272727273
      ],
      [
       -122.41132727272726,
       37.78137272727273
      ],
      [
       -122.41132727272726,
       37.78206363636364
      ],
      [
       -122.41201818181818,
       37.78206363636364
      ],
      [
       -122.41201818181818,
       37.78137272727273
      ]
     ]
    ]
   }
  },
  {
   "type": "Feature",
   "id": 274,
   "properties": {
    "building": "yes",
    "height": 27,
    "layer": "building"
   },
   "geometry": {
    "type": "Polygon",
    "coordinates": [
     [
      [
       -122.41201818181818,
       37.78228181818182
      ],
      [
       -122.41132727272726,
       37.78228181818182
      ],
      [
       -122.41132727272726,
       37.78297272727273
      ],
      [
       -122.41201818181818,
       37.78297272727273
      ],
      [
       -122.41201818181818,
       37.78228181818182
      ]
     ]
    ]
   }
  },
  {
   "type": "Feature",
   "id": 275,
   "properties": {
    "building": "yes",
    "height": 49,
    "layer": "building"
   },
   "geometry": {
    "type": "Polygon",
    "coordinates": [
     [
      [
       -122.41201818181818,
       37.78319090909091
      ],
      [
       -122.41132727272726,
       37.78319090909091
      ],
      [
       -122.41132727272726,
       37.78388181818182
      ],
      [
       -122.41201818181818,
       37.78388181818182
      ],
      [
       -122.41201818181818,
       37.78319090909091
      ]
     ]
    ]
   }
  },
  {
   "type": "Feature",
   "id": 276,
   "properties": {
    "building": "yes",
    "height": 63,
    "layer": "building"
   },
   "geometry": {
    "type": "Polygon",
    "coordinates": [
     [
      [
       -122.41110909090908,
       37.765009090909096
      ],
      [
       -122.41041818181817,
       37.765009090909096
      ],
      [
       -122.41041818181817,
       37.7657
      ],
      [
       -122.41110909090908,
       37.7657
      ],
      [
       -122.41110909090908,
       37.765009090909096
      ]
     ]
    ]
   }
  },
  {
   "type": "Feature",
   "id": 277,
   "properties": {
    "building": "yes",
    "height": 30,
    "layer": "building"
   },
   "geometry": {
    "type": "Polygon",
    "coordinates": [
     [
      [
       -122.41110909090908,
       37.765918181818186
      ],
      [
       -122.41041818181817,
       37.765918181818186
      ],
      [
       -122.41041818181817,
       37.76660909090909
      ],
      [
       -122.41110909090908,
       37.76660909090909
      ],
      [
       -122.41110909090908,
       37.765918181818186
      ]
     ]
    ]
   }
  },
  {
   "type": "Feature",
   "id": 278,
   "properties": {
    "building": "yes",
    "height": 12,
    "layer": "building"
   },
   "geometry": {
    "type": "Polygon",
    "coordinates": [
     [
      [
       -122.41110909090908,
       37.76682727272728
      ],
      [
       -122.41041818181817,
       37.76682727272728
      ],
      [
       -122.41041818181817,
       37.76751818181818
      ],
      [
       -122.41110909090908,
       37.76751818181818
      ],
      [
       -122.41110909090908,
       37.76682727272728
      ]
     ]
    ]
   }
  },
  {
   "type": "Feature",
   "id": 279,
   "properties": {
    "building": "yes",
    "height": 37,
    "name": "Building 20-4",
    "layer": "building"
   },
   "geometry": {
    "type": "Polygon",
    "coordinates": [
     [
      [
       -122.41110909090908,
       37.76864545454546
      ],
      [
       -122.41041818181817,
       37.76864545454546
      ],
      [
       -122.41041818181817,
       37.76933636363636
      ],
      [
       -122.41110909090908,
       37.76933636363636
      ],
      [
       -122.41110909090908,
       37.76864545454546
      ]
     ]
    ]
   }
  },
  {
   "type": "Feature",
   "id": 280,
   "properties": {
    "building": "yes",
    "height": 45,
    "layer": "building"
   },
   "geometry": {
    "type": "Polygon",
    "coordinates": [
     [
      [
       -122.41110909090908,
       37.77046363636364
      ],
      [
       -122.41041818181817,
       37.77046363636364
      ],
      [
       -122.41041818181817,
       37.77115454545455
      ],
      [
       -122.41110909090908,
       37.77115454545455
      ],
      [
       -122.41110909090908,
       37.77046363636364
      ]
     ]
    ]
   }
  },
  {
   "type": "Feature",
   "id": 281,
   "properties": {
    "building": "yes",
    "height": 84,
    "name": "Building 20-8",
    "layer": "building"
   },
   "geometry": {
    "type": "Polygon",
    "coordinates": [
     [
      [
       -122.41110909090908,
       37.772281818181824
      ],
      [
       -122.41041818181817,
       37.772281818181824
      ],
      [
       -122.41041818181817,
       37.77297272727273
      ],
      [
       -122.41110909090908,
       37.77297272727273
      ],
      [
       -122.41110909090908,
       37.772281818181824
      ]
     ]
    ]
   }
  },
  {
   "type": "Feature",
   "id": 282,
   "properties": {
    "building": "yes",
    "height": 75,
    "layer": "building"
   },
   "geometry": {
    "type": "Polygon",
    "coordinates": [
     [
      [
       -122.41110909090908,
       37.773190909090914
      ],
      [
       -122.41041818181817,
       37.773190909090914
      ],
      [
       -122.41041818181817,
       37.77388181818182
      ],
      [
       -122.41110909090908,
       37.77388181818182
      ],
      [
       -122.41110909090908,
       37.773190909090914
      ]
     ]
    ]
   }
  },
  {
   "type": "Feature",
   "id": 283,
   "properties": {
    "building": "yes",
    "height": 56,
    "layer": "building"
   },
   "geometry": {
    "type": "Polygon",
    "coordinates": [
     [
      [
       -122.41110909090908,
       37.775918181818184
      ],
      [
       -122.41041818181817,
       37.775918181818184
      ],
      [
       -122.41041818181817,
       37.77660909090909
      ],
      [
       -122.41110909090908,
       37.77660909090909
      ],
      [
       -122.41110909090908,
       37.775918181818184
      ]
     ]
    ]
   }
  },
  {
   "type": "Feature",
   "id": 284,
   "properties": {
    "building": "yes",
    "height": 82,
    "layer": "building"
   },
   "geometry": {
    "type": "Polygon",
    "coordinates": [
     [
      [
       -122.41110909090908,
       37.776827272727274
      ],
      [
       -122.41041818181817,
       37.776827272727274
      ],
      [
       -122.41041818181817,
       37.77751818181818
      ],
      [
       -122.41110909090908,
       37.77751818181818
      ],
      [
       -122.41110909090908,
       37.776827272727274
      ]
     ]
    ]
   }
  },
  {
   "type": "Feature",
   "id": 285,
   "properties": {
    "building": "yes",
    "height": 77,
    "name": "Building 20-14",
    "layer": "building"
   },
   "geometry": {
    "type": "Polygon",
    "coordinates": [
     [
      [
       -122.41110909090908,
       37.777736363636365
      ],
      [
       -122.41041818181817,
       37.777736363636365
      ],
      [
       -122.41041818181817,
       37.77842727272727
      ],
      [
       -122.41110909090908,
       37.77842727272727
      ],
      [
       -122.41110909090908,
       37.777736363636365
      ]
     ]
    ]
   }
  },
  {
   "type": "Feature",
   "id": 286,
   "properties": {
    "building": "yes",
    "height": 23,
    "layer": "building"
   },
   "geometry": {
    "type": "Polygon",
    "coordinates": [
     [
      [
       -122.41110909090908,
       37.77955454545455
      ],
      [
       -122.41041818181817,
       37.77955454545455
      ],
      [
       -122.41041818181817,
       37.78024545454546
      ],
      [
       -122.41110909090908,
       37.78024545454546
      ],
      [
       -122.41110909090908,
       37.77955454545455
      ]
     ]
    ]
   }
  },
  {
   "type": "Feature",
   "id": 287,
   "properties": {
    "building": "yes",
    "height": 26,
    "layer": "building"
   },
   "geometry": {
    "type": "Polygon",
    "coordinates": [
     [
      [
       -122.41110909090908,
       37.78046363636364
      ],
      [
       -122.41041818181817,
       37.78046363636364
      ],
      [
       -122.41041818181817,
       37.78115454545455
      ],
      [
       -122.41110909090908,
       37.78115454545455
      ],
      [
       -122.41110909090908,
       37.78046363636364
      ]
     ]
    ]
   }
  },
  {
   "type": "Feature",
   "id": 288,
   "properties": {
    "building": "yes",
    "height": 25,
    "name": "Building 20-19",
    "layer": "building"
   },
   "geometry": {
    "type": "Polygon",
    "coordinates": [
     [
      [
       -122.41110909090908,
       37.78228181818182
      ],
      [
       -122.41041818181817,
       37.78228181818182
      ],
      [
       -122.41041818181817,
       37.78297272727273
      ],
      [
       -122.41110909090908,
       37.78297272727273
      ],
      [
       -122.41110909090908,
       37.78228181818182
      ]
     ]
    ]
   }
  },
  {
   "type": "Feature",
   "id": 289,
   "properties": {
    "building": "yes",
    "height": 95,
    "layer": "building"
   },
   "geometry": {
    "type": "Polygon",
    "coordinates": [
     [
      [
       -122.41110909090908,
       37.78319090909091
      ],
      [
       -122.41041818181817,
       37.78319090909091
      ],
      [
       -122.41041818181817,
       37.78388181818182
      ],
      [
       -122.41110909090908,
       37.78388181818182
      ],
      [
       -122.41110909090908,
       37.78319090909091
      ]
     ]
    ]
   }
  },
  {
   "type": "Feature",
   "id": 290,
   "properties": {
    "building": "yes",
    "height": 40,
    "name": "Building 21-2",
    "layer": "building"
   },
   "geometry": {
    "type": "Polygon",
    "coordinates": [
     [
      [
       -122.41019999999999,
       37.76682727272728
      ],
      [
       -122.40950909090908,
       37.76682727272728
      ],
      [
       -122.40950909090908,
       37.76751818181818
      ],
      [
       -122.41019999999999,
       37.76751818181818
      ],
      [
       -122.41019999999999,
       37.76682727272728
      ]
     ]
    ]
   }
  },
  {
   "type": "Feature",
   "id": 291,
   "properties": {
    "building": "yes",
    "height": 85,
    "name": "Building 21-3",
    "layer": "building"
   },
   "geometry": {
    "type": "Polygon",
    "coordinates": [
     [
      [
       -122.41019999999999,
       37.76773636363637
      ],
      [
       -122.40950909090908,
       37.76773636363637
      ],
      [
       -122.40950909090908,
       37.76842727272727
      ],
      [
       -122.41019999999999,
       37.76842727272727
      ],
      [
       -122.41019999999999,
       37.76773636363637
      ]
     ]
    ]
   }
  },
  {
   "type": "Feature",
   "id": 292,
   "properties": {
    "building": "yes",
    "height": 41,
    "name": "Building 21-4",
    "layer": "building"
   },
   "geometry": {
    "type": "Polygon",
    "coordinates": [
     [
      [
       -122.41019999999999,
       37.76864545454546
      ],
      [
       -122.40950909090908,
       37.76864545454546
      ],
      [
       -122.40950909090908,
       37.76933636363636
      ],
      [
       -122.41019999999999,
       37.76933636363636
      ],
      [
       -122.41019999999999,
       37.76864545454546
      ]
     ]
    ]
   }
  },
  {
   "type": "Feature",
   "id": 293,
   "properties": {
    "building": "yes",
    "height": 14,
    "name": "Building 21-5",
    "layer": "building"
   },
   "geometry": {
    "type": "Polygon",
    "coordinates": [
     [
      [
       -122.41019999999999,
       37.76955454545455
      ],
      [
       -122.40950909090908,
       37.76955454545455
      ],
      [
       -122.40950909090908,
       37.77024545454545
      ],
      [
       -122.41019999999999,
       37.77024545454545
      ],
      [
       -122.41019999999999,
       37.76955454545455
      ]
     ]
    ]
   }
  },
  {
   "type": "Feature",
   "id": 294,
   "properties": {
    "building": "yes",
    "height": 20,
    "layer": "building"
   },
   "geometry": {
    "type": "Polygon",
    "coordinates": [
     [
      [
       -122.41019999999999,
       37.771372727272734
      ],
      [
       -122.40950909090908,
       37.771372727272734
      ],
      [
       -122.40950909090908,
       37.77206363636364
      ],
      [
       -122.41019999999999,
       37.77206363636364
      ],
      [
       -122.41019999999999,
       37.771372727272734
      ]
     ]
    ]
   }
  },
  {
   "type": "Feature",
   "id": 295,
   "properties": {
    "building": "yes",
    "height": 14,
    "layer": "building"
   },
   "geometry": {
    "type": "Polygon",
    "coordinates": [
     [
      [
       -122.41019999999999,
       37.772281818181824
      ],
      [
       -122.40950909090908,
       37.772281818181824
      ],
      [
       -122.40950909090908,
       37.77297272727273
      ],
      [
       -122.41019999999999,
       37.77297272727273
      ],
      [
       -122.41019999999999,
       37.772281818181824
      ]
     ]
    ]
   }
  },
  {
   "type": "Feature",
   "id": 296,
   "properties": {
    "building": "yes",
    "height": 33,
    "layer": "building"
   },
   "geometry": {
    "type": "Polygon",
    "coordinates": [
     [
      [
       -122.41019999999999,
       37.773190909090914
      ],
      [
       -122.40950909090908,
       37.773190909090914
      ],
      [
       -122.40950909090908,
       37.77388181818182
      ],
      [
       -122.41019999999999,
       37.77388181818182
      ],
      [
       -122.41019999999999,
       37.773190909090914
      ]
     ]
    ]
   }
  },
  {
   "type": "Feature",
   "id": 297,
   "properties": {
    "building": "yes",
    "height": 61,
    "layer": "building"
   },
   "geometry": {
    "type": "Polygon",
    "coordinates": [
     [
      [
       -122.41019999999999,
       37.775009090909094
      ],
      [
       -122.40950909090908,
       37.775009090909094
      ],
      [
       -122.40950909090908,
       37.7757
      ],
      [
       -122.41019999999999,
       37.7757
      ],
      [
       -122.41019999999999,
       37.775009090909094
      ]
     ]
    ]
   }
  },
  {
   "type": "Feature",
   "id": 298,
   "properties": {
    "building": "yes",
    "height": 47,
    "layer": "building"
   },
   "geometry": {
    "type": "Polygon",
    "coordinates": [
     [
      [
       -122.41019999999999,
       37.776827272727274
      ],
      [
       -122.40950909090908,
       37.776827272727274
      ],
      [
       -122.40950909090908,
       37.77751818181818
      ],
      [
       -122.41019999999999,
       37.77751818181818
      ],
      [
       -122.41019999999999,
       37.776827272727274
      ]
     ]
    ]
   }
  },
  {
   "type": "Feature",
   "id": 299,
   "properties": {
    "building": "yes",
    "height": 32,
    "layer": "building"
   },
   "geometry": {
    "type": "Polygon",
    "coordinates": [
     [
      [
       -122.41019999999999,
       37.777736363636365
      ],
      [
       -122.40950909090908,
       37.777736363636365
      ],
      [
       -122.40950909090908,
       37.77842727272727
      ],
      [
       -122.41019999999999,
       37.77842727272727
      ],
      [
       -122.41019999999999,
       37.777736363636365
      ]
     ]
    ]
   }
  },
  {
   "type": "Feature",
   "id": 300,
   "properties": {
    "building": "yes",
    "height": 97,
    "layer": "building"
   },
   "geometry": {
    "type": "Polygon",
    "coordinates": [
     [
      [
       -122.41019999999999,
       37.778645454545455
      ],
      [
       -122.40950909090908,
       37.778645454545455
      ],
      [
       -122.40950909090908,
       37.77933636363637
      ],
      [
       -122.41019999999999,
       37.77933636363637
      ],
      [
       -122.41019999999999,
       37.778645454545455
      ]
     ]
    ]
   }
  },
  {
   "type": "Feature",
   "id": 301,
   "properties": {
    "building": "yes",
    "height": 60,
    "layer": "building"
   },
   "geometry": {
    "type": "Polygon",
    "coordinates": [
     [
      [
       -122.41019999999999,
       37.77955454545455
      ],
      [
       -122.40950909090908,
       37.77955454545455
      ],
      [
       -122.40950909090908,
       37.78024545454546
      ],
      [
       -122.41019999999999,
       37.78024545454546
      ],
      [
       -122.41019999999999,
       37.77955454545455
      ]
     ]
    ]
   }
  },
  {
   "type": "Feature",
   "id": 302,
   "properties": {
    "building": "yes",
    "height": 12,
    "name": "Building 21-17",
    "layer": "building"
   },
   "geometry": {
    "type": "Polygon",
    "coordinates": [
     [
      [
       -122.41019999999999,
       37.78046363636364
      ],
      [
       -122.40950909090908,
       37.78046363636364
      ],
      [
       -122.40950909090908,
       37.78115454545455
      ],
      [
       -122.41019999999999,
       37.78115454545455
      ],
      [
       -122.41019999999999,
       37.78046363636364
      ]
     ]
    ]
   }
  },
  {
   "type": "Feature",
   "id": 303,
   "properties": {
    "building": "yes",
    "height": 34,
    "layer": "building"
   },
   "geometry": {
    "type": "Polygon",
    "coordinates": [
     [
      [
       -122.41019999999999,
       37.78137272727273
      ],
      [
       -122.40950909090908,
       37.78137272727273
      ],
      [
       -122.40950909090908,
       37.78206363636364
      ],
      [
       -122.41019999999999,
       37.78206363636364
      ],
      [
       -122.41019999999999,
       37.78137272727273
      ]
     ]
    ]
   }
  },
  {
   "type": "Feature",
   "id": 304,
   "properties": {
    "building": "yes",
    "height": 93,
    "layer": "building"
   },
   "geometry": {
    "type": "Polygon",
    "coordinates": [
     [
      [
       -122.41019999999999,
       37.78228181818182
      ],
      [
       -122.40950909090908,
       37.78228181818182
      ],
      [
       -122.40950909090908,
       37.78297272727273
      ],
      [
       -122.41019999999999,
       37.78297272727273
      ],
      [
       -122.41019999999999,
       37.78228181818182
      ]
     ]
    ]
   }
  },
  {
   "type": "Feature",
   "id": 305,
   "properties": {
    "building": "yes",
    "height": 63,
    "name": "Building 21-20",
    "layer": "building"
   },
   "geometry": {
    "type": "Polygon",
    "coordinates": [
     [
      [
       -122.41019999999999,
       37.78319090909091
      ],
      [
       -122.40950909090908,
       37.78319090909091
      ],
      [
       -122.40950909090908,
       37.78388181818182
      ],
      [
       -122.41019999999999,
       37.78388181818182
      ],
      [
       -122.41019999999999,
       37.78319090909091
      ]
     ]
    ]
   }
  },
  {
   "type": "Feature",
   "id": 306,
   "properties": {
    "amenity": "bank",
    "name": "Bank 0",
    "opening_hours": "08:00-20:00"
   },
   "geometry": {
    "type": "Point",
    "coordinates": [
     -122.41211255492358,
     37.764934751892106
    ]
   }
  },
  {
   "type": "Feature",
   "id": 307,
   "properties": {
    "amenity": "cafe",
    "name": "Cafe 1",
    "opening_hours": "08:00-20:00"
   },
   "geometry": {
    "type": "Point",
    "coordinates": [
     -122.42758937659178,
     37.77788001468786
    ]
   }
  },
  {
   "type": "Feature",
   "id": 308,
   "properties": {
    "amenity": "cafe",
    "name": "Cafe 2",
    "opening_hours": "08:00-20:00"
   },
   "geometry": {
    "type": "Point",
    "coordinates": [
     -122.4221211803164,
     37.76762220850118
    ]
   }
  },
  {
   "type": "Feature",
   "id": 309,
   "properties": {
    "amenity": "bench",
    "name": "Bench 3",
    "opening_hours": "08:00-20:00"
   },
   "geometry": {
    "type": "Point",
    "coordinates": [
     -122.42786362113881,
     37.779528496772905
    ]
   }
  },
  {
   "type": "Feature",
   "id": 310,
   "properties": {
    "amenity": "pharmacy",
    "name": "Pharmacy 4",
    "opening_hours": "08:00-20:00"
   },
   "geometry": {
    "type": "Point",
    "coordinates": [
     -122.41742180528082,
     37.77892787924466
    ]
   }
  },
  {
   "type": "Feature",
   "id": 311,
   "properties": {
    "amenity": "bank",
    "name": "Bank 5",
    "opening_hours": "08:00-20:00"
   },
   "geometry": {
    "type": "Point",
    "coordinates": [
     -122.4168763512553,
     37.771258344557864
    ]
   }
  },
  {
   "type": "Feature",
   "id": 312,
   "properties": {
    "amenity": "bar",
    "name": "Bar 6",
    "opening_hours": "08:00-20:00"
   },
   "geometry": {
    "type": "Point",
    "coordinates": [
     -122.42716284456148,
     37.77558233311674
    ]
   }
  },
  {
   "type": "Feature",
   "id": 313,
   "properties": {
    "amenity": "cafe",
    "name": "Cafe 7",
    "opening_hours": "08:00-20:00"
   },
   "geometry": {
    "type": "Point",
    "coordinates": [
     -122.42188739659436,
     37.76879799356642
    ]
   }
  },
  {
   "type": "Feature",
   "id": 314,
   "properties": {
    "amenity": "restaurant",
    "name": "Restaurant 8",
    "opening_hours": "08:00-20:00"
   },
   "geometry": {
    "type": "Point",
    "coordinates": [
     -122.4177557975238,
     37.767271869088326
    ]
   }
  },
  {
   "type": "Feature",
   "id": 315,
   "properties": {
    "amenity": "bench",
    "name": "Bench 9",
    "opening_hours": "08:00-20:00"
   },
   "geometry": {
    "type": "Point",
    "coordinates": [
     -122.41111776532276,
     37.77451305857153
    ]
   }
  },
  {
   "type": "Feature",
   "id": 316,
   "properties": {
    "amenity": "bench",
    "name": "Bench 10",
    "opening_hours": "08:00-20:00"
   },
   "geometry": {
    "type": "Point",
    "coordinates": [
     -122.41969766082312,
     37.77376367798264
    ]
   }
  },
  {
   "type": "Feature",
   "id": 317,
   "properties": {
    "amenity": "bank",
    "name": "Bank 11",
    "opening_hours": "08:00-20:00"
   },
   "geometry": {
    "type": "Point",
    "coordinates": [
     -122.40977544249574,
     37.7771409439144
    ]
   }
  },
  {
   "type": "Feature",
   "id": 318,
   "properties": {
    "amenity": "bank",
    "name": "Bank 12",
    "opening_hours": "08:00-20:00"
   },
   "geometry": {
    "type": "Point",
    "coordinates": [
     -122.42483048858429,
     37.771980765369854
    ]
   }
  },
  {
   "type": "Feature",
   "id": 319,
   "properties": {
    "amenity": "bar",
    "name": "Bar 13",
    "opening_hours": "08:00-20:00"
   },
   "geometry": {
    "type": "Point",
    "coordinates": [
     -122.42794629754952,
     37.77994669965015
    ]
   }
  },
  {
   "type": "Feature",
   "id": 320,
   "properties": {
    "amenity": "cafe",
    "name": "Cafe 14",
    "opening_hours": "08:00-20:00"
   },
   "geometry": {
    "type": "Point",
    "coordinates": [
     -122.41659277798533,
     37.77760575762387
    ]
   }
  },
  {
   "type": "Feature",
   "id": 321,
   "properties": {
    "amenity": "pharmacy",
    "name": "Pharmacy 15",
    "opening_hours": "08:00-20:00"
   },
   "geometry": {
    "type": "Point",
    "coordinates": [
     -122.42214687528272,
     37.780572495372446
    ]
   }
  },
  {
   "type": "Feature",
   "id": 322,
   "properties": {
    "amenity": "cafe",
    "name": "Cafe 16",
    "opening_hours": "08:00-20:00"
   },
   "geometry": {
    "type": "Point",
    "coordinates": [
     -122.41372046591505,
     37.77407766571473
    ]
   }
  },
  {
   "type": "Feature",
   "id": 323,
   "properties": {
    "amenity": "restaurant",
    "name": "Restaurant 17",
    "opening_hours": "08:00-20:00"
   },
   "geometry": {
    "type": "Point",
    "coordinates": [
     -122.42315438689894,
     37.773074285892484
    ]
   }
  },
  {
   "type": "Feature",
   "id": 324,
   "properties": {
    "amenity": "bank",
    "name": "Bank 18",
    "opening_hours": "08:00-20:00"
   },
   "geometry": {
    "type": "Point",
    "coordinates": [
     -122.42075536193445,
     37.77329847565088
    ]
   }
  },
  {
   "type": "Feature",
   "id": 325,
   "properties": {
    "amenity": "pharmacy",
    "name": "Pharmacy 19",
    "opening_hours": "08:00-20:00"
   },
   "geometry": {
    "type": "Point",
    "coordinates": [
     -122.4137584060596,
     37.76618150940001
    ]
   }
  },
  {
   "type": "Feature",
   "id": 326,
   "properties": {
    "amenity": "bench",
    "name": "Bench 20",
    "opening_hours": "08:00-20:00"
   },
   "geometry": {
    "type": "Point",
    "coordinates": [
     -122.41757086457655,
     37.77376440039094
    ]
   }
  },
  {
   "type": "Feature",
   "id": 327,
   "properties": {
    "amenity": "restaurant",
    "name": "Restaurant 21",
    "opening_hours": "08:00-20:00"
   },
   "geometry": {
    "type": "Point",
    "coordinates": [
     -122.4115318644202,
     37.76775485744609
    ]
   }
  },
  {
   "type": "Feature",
   "id": 328,
   "properties": {
    "amenity": "pharmacy",
    "name": "Pharmacy 22",
    "opening_hours": "08:00-20:00"
   },
   "geometry": {
    "type": "Point",
    "coordinates": [
     -122.41282097996893,
     37.767822623158864
    ]
   }
  },
  {
   "type": "Feature",
   "id": 329,
   "properties": {
    "amenity": "bar",
    "name": "Bar 23",
    "opening_hours": "08:00-20:00"
   },
   "geometry": {
    "type": "Point",
    "coordinates": [
     -122.41692262114897,
     37.77823518982555
    ]
   }
  },
  {
   "type": "Feature",
   "id": 330,
   "properties": {
    "amenity": "cafe",
    "name": "Cafe 24",
    "opening_hours": "08:00-20:00"
   },
   "geometry": {
    "type": "Point",
    "coordinates": [
     -122.42538388619533,
     37.77193451156944
    ]
   }
  },
  {
   "type": "Feature",
   "id": 331,
   "properties": {
    "amenity": "bank",
    "name": "Bank 25",
    "opening_hours": "08:00-20:00"
   },
   "geometry": {
    "type": "Point",
    "coordinates": [
     -122.42739455642607,
     37.78069073012611
    ]
   }
  },
  {
   "type": "Feature",
   "id": 332,
   "properties": {
    "amenity": "bank",
    "name": "Bank 26",
    "opening_hours": "08:00-20:00"
   },
   "geometry": {
    "type": "Point",
    "coordinates": [
     -122.41924960793976,
     37.78088391295224
    ]
   }
  },
  {
   "type": "Feature",
   "id": 333,
   "properties": {
    "amenity": "bar",
    "name": "Bar 27",
    "opening_hours": "08:00-20:00"
   },
   "geometry": {
    "type": "Point",
    "coordinates": [
     -122.41556996049236,
     37.77341567984024
    ]
   }
  },
  {
   "type": "Feature",
   "id": 334,
   "properties": {
    "amenity": "cafe",
    "name": "Cafe 28",
    "opening_hours": "08:00-20:00"
   },
   "geometry": {
    "type": "Point",
    "coordinates": [
     -122.42360650660721,
     37.78266378155582
    ]
   }
  },
  {
   "type": "Feature",
   "id": 335,
   "properties": {
    "amenity": "restaurant",
    "name": "Restaurant 29",
    "opening_hours": "08:00-20:00"
   },
   "geometry": {
    "type": "Point",
    "coordinates": [
     -122.41320646228036,
     37.78068176022311
    ]
   }
  },
  {
   "type": "Feature",
   "id": 336,
   "properties": {
    "amenity": "pharmacy",
    "name": "Pharmacy 30",
    "opening_hours": "08:00-20:00"
   },
   "geometry": {
    "type": "Point",
    "coordinates": [
     -122.4280276864999,
     37.772463243511865
    ]
   }
  },
  {
   "type": "Feature",
   "id": 337,
   "properties": {
    "amenity": "pharmacy",
    "name": "Pharmacy 31",
    "opening_hours": "08:00-20:00"
   },
   "geometry": {
    "type": "Point",
    "coordinates": [
     -122.4266928309428,
     37.76892075112053
    ]
   }
  },
  {
   "type": "Feature",
   "id": 338,
   "properties": {
    "amenity": "bank",
    "name": "Bank 32",
    "opening_hours": "08:00-20:00"
   },
   "geometry": {
    "type": "Point",
    "coordinates": [
     -122.4289443201063,
     37.77421033663885
    ]
   }
  },
  {
   "type": "Feature",
   "id": 339,
   "properties": {
    "amenity": "pharmacy",
    "name": "Pharmacy 33",
    "opening_hours": "08:00-20:00"
   },
   "geometry": {
    "type": "Point",
    "coordinates": [
     -122.42530185642052,
     37.77895372203051
    ]
   }
  },
  {
   "type": "Feature",
   "id": 340,
   "properties": {
    "amenity": "cafe",
    "name": "Cafe 34",
    "opening_hours": "08:00-20:00"
   },
   "geometry": {
    "type": "Point",
    "coordinates": [
     -122.42456758620513,
     37.77519370427611
    ]
   }
  },
  {
   "type": "Feature",
   "id": 341,
   "properties": {
    "amenity": "pharmacy",
    "name": "Pharmacy 35",
    "opening_hours": "08:00-20:00"
   },
   "geometry": {
    "type": "Point",
    "coordinates": [
     -122.42885254802678,
     37.78296837611742
    ]
   }
  },
  {
   "type": "Feature",
   "id": 342,
   "properties": {
    "amenity": "bar",
    "name": "Bar 36",
    "opening_hours": "08:00-20:00"
   },
   "geometry": {
    "type": "Point",
    "coordinates": [
     -122.41500946940705,
     37.77045769443771
    ]
   }
  },
  {
   "type": "Feature",
   "id": 343,
   "properties": {
    "amenity": "bank",
    "name": "Bank 37",
    "opening_hours": "08:00-20:00"
   },
   "geometry": {
    "type": "Point",
    "coordinates": [
     -122.42387392940263,
     37.771194445994446
    ]
   }
  },
  {
   "type": "Feature",
   "id": 344,
   "properties": {
    "amenity": "pharmacy",
    "name": "Pharmacy 38",
    "opening_hours": "08:00-20:00"
   },
   "geometry": {
    "type": "Point",
    "coordinates": [
     -122.41332165660108,
     37.771675383952434
    ]
   }
  },
  {
   "type": "Feature",
   "id": 345,
   "properties": {
    "amenity": "bench",
    "name": "Bench 39",
    "opening_hours": "08:00-20:00"
   },
   "geometry": {
    "type": "Point",
    "coordinates": [
     -122.42482512416626,
     37.76905718615249
    ]
   }
  },
  {
   "type": "Feature",
   "id": 346,
   "properties": {
    "amenity": "bank",
    "name": "Bank 40",
    "opening_hours": "08:00-20:00"
   },
   "geometry": {
    "type": "Point",
    "coordinates": [
     -122.4279914421075,
     37.772016909626466
    ]
   }
  },
  {
   "type": "Feature",
   "id": 347,
   "properties": {
    "amenity": "restaurant",
    "name": "Restaurant 41",
    "opening_hours": "08:00-20:00"
   },
   "geometry": {
    "type": "Point",
    "coordinates": [
     -122.42169997872948,
     37.77978959074714
    ]
   }
  },
  {
   "type": "Feature",
   "id": 348,
   "properties": {
    "amenity": "bank",
    "name": "Bank 42",
    "opening_hours": "08:00-20:00"
   },
   "geometry": {
    "type": "Point",
    "coordinates": [
     -122.4280323857301,
     37.78030429890873
    ]
   }
  },
  {
   "type": "Feature",
   "id": 349,
   "properties": {
    "amenity": "bank",
    "name": "Bank 43",
    "opening_hours": "08:00-20:00"
   },
   "geometry": {
    "type": "Point",
    "coordinates": [
     -122.40980169238131,
     37.768246991540565
    ]
   }
  },
  {
   "type": "Feature",
   "id": 350,
   "properties": {
    "amenity": "bar",
    "name": "Bar 44",
    "opening_hours": "08:00-20:00"
   },
   "geometry": {
    "type": "Point",
    "coordinates": [
     -122.41425236882458,
     37.784828581723914
    ]
   }
  },
  {
   "type": "Feature",
   "id": 351,
   "properties": {
    "amenity": "pharmacy",
    "name": "Pharmacy 45",
    "opening_hours": "08:00-20:00"
   },
   "geometry": {
    "type": "Point",
    "coordinates": [
     -122.41211852492481,
     37.77757503738994
    ]
   }
  },
  {
   "type": "Feature",
   "id": 352,
   "properties": {
    "amenity": "restaurant",
    "name": "Restaurant 46",
    "opening_hours": "08:00-20:00"
   },
   "geometry": {
    "type": "Point",
    "coordinates": [
     -122.42804950120386,
     37.77409880748224
    ]
   }
  },
  {
   "type": "Feature",
   "id": 353,
   "properties": {
    "amenity": "bar",
    "name": "Bar 47",
    "opening_hours": "08:00-20:00"
   },
   "geometry": {
    "type": "Point",
    "coordinates": [
     -122.42884770932172,
     37.76777130765751
    ]
   }
  },
  {
   "type": "Feature",
   "id": 354,
   "properties": {
    "amenity": "pharmacy",
    "name": "Pharmacy 48",
    "opening_hours": "08:00-20:00"
   },
   "geometry": {
    "type": "Point",
    "coordinates": [
     -122.42258459033648,
     37.76600486507468
    ]
   }
  },
  {
   "type": "Feature",
   "id": 355,
   "properties": {
    "amenity": "pharmacy",
    "name": "Pharmacy 49",
    "opening_hours": "08:00-20:00"
   },
   "geometry": {
    "type": "Point",
    "coordinates": [
     -122.42326939763737,
     37.76994119158026
    ]
   }
  },
  {
   "type": "Feature",
   "id": 356,
   "properties": {
    "amenity": "bench",
    "name": "Bench 50",
    "opening_hours": "08:00-20:00"
   },
   "geometry": {
    "type": "Point",
    "coordinates": [
     -122.42477787198804,
     37.76805166771559
    ]
   }
  },
  {
   "type": "Feature",
   "id": 357,
   "properties": {
    "amenity": "bar",
    "name": "Bar 51",
    "opening_hours": "08:00-20:00"
   },
   "geometry": {
    "type": "Point",
    "coordinates": [
     -122.41544221700971,
     37.77390282860222
    ]
   }
  },
  {
   "type": "Feature",
   "id": 358,
   "properties": {
    "amenity": "restaurant",
    "name": "Restaurant 52",
    "opening_hours": "08:00-20:00"
   },
   "geometry": {
    "type": "Point",
    "coordinates": [
     -122.41054060401038,
     37.78124322167204
    ]
   }
  },
  {
   "type": "Feature",
   "id": 359,
   "properties": {
    "amenity": "bench",
    "name": "Bench 53",
    "opening_hours": "08:00-20:00"
   },
   "geometry": {
    "type": "Point",
    "coordinates": [
     -122.41214308203847,
     37.768291866685544
    ]
   }
  },
  {
   "type": "Feature",
   "id": 360,
   "properties": {
    "amenity": "bank",
    "name": "Bank 54",
    "opening_hours": "08:00-20:00"
   },
   "geometry": {
    "type": "Point",
    "coordinates": [
     -122.42850776376682,
     37.76988946011299
    ]
   }
  },
  {
   "type": "Feature",
   "id": 361,
   "properties": {
    "amenity": "bank",
    "name": "Bank 55",
    "opening_hours": "08:00-20:00"
   },
   "geometry": {
    "type": "Point",
    "coordinates": [
     -122.41171425761353,
     37.77842484226857
    ]
   }
  },
  {
   "type": "Feature",
   "id": 362,
   "properties": {
    "amenity": "cafe",
    "name": "Cafe 56",
    "opening_hours": "08:00-20:00"
   },
   "geometry": {
    "type": "Point",
    "coordinates": [
     -122.42048746945443,
     37.768885168935725
    ]
   }
  },
  {
   "type": "Feature",
   "id": 363,
   "properties": {
    "amenity": "pharmacy",
    "name": "Pharmacy 57",
    "opening_hours": "08:00-20:00"
   },
   "geometry": {
    "type": "Point",
    "coordinates": [
     -122.42555062713443,
     37.783759100946625
    ]
   }
  },
  {
   "type": "Feature",
   "id": 364,
   "properties": {
    "amenity": "pharmacy",
    "name": "Pharmacy 58",
    "opening_hours": "08:00-20:00"
   },
   "geometry": {
    "type": "Point",
    "coordinates": [
     -122.4121195000568,
     37.78455981245957
    ]
   }
  },
  {
   "type": "Feature",
   "id": 365,
   "properties": {
    "amenity": "pharmacy",
    "name": "Pharmacy 59",
    "opening_hours": "08:00-20:00"
   },
   "geometry": {
    "type": "Point",
    "coordinates": [
     -122.41245303572819,
     37.76660164108356
    ]
   }
  },
  {
   "type": "Feature",
   "id": 366,
   "properties": {
    "amenity": "bank",
    "name": "Bank 60",
    "opening_hours": "08:00-20:00"
   },
   "geometry": {
    "type": "Point",
    "coordinates": [
     -122.42268555345223,
     37.76865589132484
    ]
   }
  },
  {
   "type": "Feature",
   "id": 367,
   "properties": {
    "amenity": "bank",
    "name": "Bank 61",
    "opening_hours": "08:00-20:00"
   },
   "geometry": {
    "type": "Point",
    "coordinates": [
     -122.41054030360297,
     37.765399501228565
    ]
   }
  },
  {
   "type": "Feature",
   "id": 368,
   "properties": {
    "amenity": "cafe",
    "name": "Cafe 62",
    "opening_hours": "08:00-20:00"
   },
   "geometry": {
    "type": "Point",
    "coordinates": [
     -122.42116515087102,
     37.774774594216176
    ]
   }
  },
  {
   "type": "Feature",
   "id": 369,
   "properties": {
    "amenity": "pharmacy",
    "name": "Pharmacy 63",
    "opening_hours": "08:00-20:00"
   },
   "geometry": {
    "type": "Point",
    "coordinates": [
     -122.42145516576397,
     37.77927449694349
    ]
   }
  },
  {
   "type": "Feature",
   "id": 370,
   "properties": {
    "amenity": "bar",
    "name": "Bar 64",
    "opening_hours": "08:00-20:00"
   },
   "geometry": {
    "type": "Point",
    "coordinates": [
     -122.41355034054972,
     37.76820024957811
    ]
   }
  },
  {
   "type": "Feature",
   "id": 371,
   "properties": {
    "amenity": "cafe",
    "name": "Cafe 65",
    "opening_hours": "08:00-20:00"
   },
   "geometry": {
    "type": "Point",
    "coordinates": [
     -122.41347790070589,
     37.78016654721018
    ]
   }
  },
  {
   "type": "Feature",
   "id": 372,
   "properties": {
    "amenity": "bench",
    "name": "Bench 66",
    "opening_hours": "08:00-20:00"
   },
   "geometry": {
    "type": "Point",
    "coordinates": [
     -122.42388286533098,
     37.77803781262056
    ]
   }
  },
  {
   "type": "Feature",
   "id": 373,
   "properties": {
    "amenity": "restaurant",
    "name": "Restaurant 67",
    "opening_hours": "08:00-20:00"
   },
   "geometry": {
    "type": "Point",
    "coordinates": [
     -122.42813241901338,
     37.767248571420815
    ]
   }
  },
  {
   "type": "Feature",
   "id": 374,
   "properties": {
    "amenity": "restaurant",
    "name": "Restaurant 68",
    "opening_hours": "08:00-20:00"
   },
   "geometry": {
    "type": "Point",
    "coordinates": [
     -122.41947313847079,
     37.77228019466744
    ]
   }
  },
  {
   "type": "Feature",
   "id": 375,
   "properties": {
    "amenity": "cafe",
    "name": "Cafe 69",
    "opening_hours": "08:00-20:00"
   },
   "geometry": {
    "type": "Point",
    "coordinates": [
     -122.42351238133632,
     37.773979344276846
    ]
   }
  },
  {
   "type": "Feature",
   "id": 376,
   "properties": {
    "amenity": "bench",
    "name": "Bench 70",
    "opening_hours": "08:00-20:00"
   },
   "geometry": {
    "type": "Point",
    "coordinates": [
     -122.41189000310082,
     37.77404519548842
    ]
   }
  },
  {
   "type": "Feature",
   "id": 377,
   "properties": {
    "amenity": "bank",
    "name": "Bank 71",
    "opening_hours": "08:00-20:00"
   },
   "geometry": {
    "type": "Point",
    "coordinates": [
     -122.41760746182845,
     37.76837637415095
    ]
   }
  },
  {
   "type": "Feature",
   "id": 378,
   "properties": {
    "amenity": "pharmacy",
    "name": "Pharmacy 72",
    "opening_hours": "08:00-20:00"
   },
   "geometry": {
    "type": "Point",
    "coordinates": [
     -122.42644966544967,
     37.77751685431591
    ]
   }
  },
  {
   "type": "Feature",
   "id": 379,
   "properties": {
    "amenity": "bank",
    "name": "Bank 73",
    "opening_hours": "08:00-20:00"
   },
   "geometry": {
    "type": "Point",
    "coordinates": [
     -122.4256364506704,
     37.783492470296935
    ]
   }
  },
  {
   "type": "Feature",
   "id": 380,
   "properties": {
    "amenity": "restaurant",
    "name": "Restaurant 74",
    "opening_hours": "08:00-20:00"
   },
   "geometry": {
    "type": "Point",
    "coordinates": [
     -122.42457494678273,
     37.76561851313148
    ]
   }
  },
  {
   "type": "Feature",
   "id": 381,
   "properties": {
    "amenity": "bank",
    "name": "Bank 75",
    "opening_hours": "08:00-20:00"
   },
   "geometry": {
    "type": "Point",
    "coordinates": [
     -122.42904722633345,
     37.783787014919376
    ]
   }
  },
  {
   "type": "Feature",
   "id": 382,
   "properties": {
    "amenity": "restaurant",
    "name": "Restaurant 76",
    "opening_hours": "08:00-20:00"
   },
   "geometry": {
    "type": "Point",
    "coordinates": [
     -122.42441128196484,
     37.76714205970869
    ]
   }
  },
  {
   "type": "Feature",
   "id": 383,
   "properties": {
    "amenity": "bar",
    "name": "Bar 77",
    "opening_hours": "08:00-20:00"
   },
   "geometry": {
    "type": "Point",
    "coordinates": [
     -122.42672773065442,
     37.765114241147145
    ]
   }
  },
  {
   "type": "Feature",
   "id": 384,
   "properties": {
    "amenity": "pharmacy",
    "name": "Pharmacy 78",
    "opening_hours": "08:00-20:00"
   },
   "geometry": {
    "type": "Point",
    "coordinates": [
     -122.41557027997327,
     37.781376461895036
    ]
   }
  },
  {
   "type": "Feature",
   "id": 385,
   "properties": {
    "amenity": "bank",
    "name": "Bank 79",
    "opening_hours": "08:00-20:00"
   },
   "geometry": {
    "type": "Point",
    "coordinates": [
     -122.4162278098045,
     37.76890004625507
    ]
   }
  },
  {
   "type": "Feature",
   "id": 386,
   "properties": {
    "amenity": "cafe",
    "name": "Cafe 80",
    "opening_hours": "08:00-20:00"
   },
   "geometry": {
    "type": "Point",
    "coordinates": [
     -122.42746506991296,
     37.772960204390465
    ]
   }
  },
  {
   "type": "Feature",
   "id": 387,
   "properties": {
    "amenity": "bench",
    "name": "Bench 81",
    "opening_hours": "08:00-20:00"
   },
   "geometry": {
    "type": "Point",
    "coordinates": [
     -122.41667733611467,
     37.772822821048614
    ]
   }
  },
  {
   "type": "Feature",
   "id": 388,
   "properties": {
    "amenity": "restaurant",
    "name": "Restaurant 82",
    "opening_hours": "08:00-20:00"
   },
   "geometry": {
    "type": "Point",
    "coordinates": [
     -122.42090917052826,
     37.765283338928405
    ]
   }
  },
  {
   "type": "Feature",
   "id": 389,
   "properties": {
    "amenity": "pharmacy",
    "name": "Pharmacy 83",
    "opening_hours": "08:00-20:00"
   },
   "geometry": {
    "type": "Point",
    "coordinates": [
     -122.42856971206626,
     37.77709095290275
    ]
   }
  },
  {
   "type": "Feature",
   "id": 390,
   "properties": {
    "amenity": "pharmacy",
    "name": "Pharmacy 84",
    "opening_hours": "08:00-20:00"
   },
   "geometry": {
    "type": "Point",
    "coordinates": [
     -122.42484340371873,
     37.78424611142583
    ]
   }
  },
  {
   "type": "Feature",
   "id": 391,
   "properties": {
    "amenity": "bench",
    "name": "Bench 85",
    "opening_hours": "08:00-20:00"
   },
   "geometry": {
    "type": "Point",
    "coordinates": [
     -122.41264477671797,
     37.78139279118353
    ]
   }
  },
  {
   "type": "Feature",
   "id": 392,
   "properties": {
    "amenity": "bank",
    "name": "Bank 86",
    "opening_hours": "08:00-20:00"
   },
   "geometry": {
    "type": "Point",
    "coordinates": [
     -122.42543486537748,
     37.76728289415948
    ]
   }
  },
  {
   "type": "Feature",
   "id": 393,
   "properties": {
    "amenity": "pharmacy",
    "name": "Pharmacy 87",
    "opening_hours": "08:00-20:00"
   },
   "geometry": {
    "type": "Point",
    "coordinates": [
     -122.42397960128531,
     37.777745058447145
    ]
   }
  },
  {
   "type": "Feature",
   "id": 394,
   "properties": {
    "amenity": "pharmacy",
    "name": "Pharmacy 88",
    "opening_hours": "08:00-20:00"
   },
   "geometry": {
    "type": "Point",
    "coordinates": [
     -122.42228713454868,
     37.78239971390585
    ]
   }
  },
  {
   "type": "Feature",
   "id": 395,
   "properties": {
    "amenity": "bar",
    "name": "Bar 89",
    "opening_hours": "08:00-20:00"
   },
   "geometry": {
    "type": "Point",
    "coordinates": [
     -122.41341159285754,
     37.78165016403978
    ]
   }
  },
  {
   "type": "Feature",
   "id": 396,
   "properties": {
    "amenity": "restaurant",
    "name": "Restaurant 90",
    "opening_hours": "08:00-20:00"
   },
   "geometry": {
    "type": "Point",
    "coordinates": [
     -122.42736823501492,
     37.779145701438864
    ]
   }
  },
  {
   "type": "Feature",
   "id": 397,
   "properties": {
    "amenity": "restaurant",
    "name": "Restaurant 91",
    "opening_hours": "08:00-20:00"
   },
   "geometry": {
    "type": "Point",
    "coordinates": [
     -122.42268855752631,
     37.76709309568508
    ]
   }
  },
  {
   "type": "Feature",
   "id": 398,
   "properties": {
    "amenity": "cafe",
    "name": "Cafe 92",
    "opening_hours": "08:00-20:00"
   },
   "geometry": {
    "type": "Point",
    "coordinates": [
     -122.42503911795413,
     37.78192265919048
    ]
   }
  },
  {
   "type": "Feature",
   "id": 399,
   "properties": {
    "amenity": "bench",
    "name": "Bench 93",
    "opening_hours": "08:00-20:00"
   },
   "geometry": {
    "type": "Point",
    "coordinates": [
     -122.4229267114609,
     37.76973905315625
    ]
   }
  },
  {
   "type": "Feature",
   "id": 400,
   "properties": {
    "amenity": "bar",
    "name": "Bar 94",
    "opening_hours": "08:00-20:00"
   },
   "geometry": {
    "type": "Point",
    "coordinates": [
     -122.42704878988157,
     37.77358314087795
    ]
   }
  },
  {
   "type": "Feature",
   "id": 401,
   "properties": {
    "amenity": "bar",
    "name": "Bar 95",
    "opening_hours": "08:00-20:00"
   },
   "geometry": {
    "type": "Point",
    "coordinates": [
     -122.41608236731862,
     37.76926133384908
    ]
   }
  },
  {
   "type": "Feature",
   "id": 402,
   "properties": {
    "amenity": "bar",
    "name": "Bar 96",
    "opening_hours": "08:00-20:00"
   },
   "geometry": {
    "type": "Point",
    "coordinates": [
     -122.41644027413717,
     37.77887864103968
    ]
   }
  },
  {
   "type": "Feature",
   "id": 403,
   "properties": {
    "amenity": "restaurant",
    "name": "Restaurant 97",
    "opening_hours": "08:00-20:00"
   },
   "geometry": {
    "type": "Point",
    "coordinates": [
     -122.41696335436718,
     37.770981242564176
    ]
   }
  },
  {
   "type": "Feature",
   "id": 404,
   "properties": {
    "amenity": "bank",
    "name": "Bank 98",
    "opening_hours": "08:00-20:00"
   },
   "geometry": {
    "type": "Point",
    "coordinates": [
     -122.42604004802547,
     37.76953087618567
    ]
   }
  },
  {
   "type": "Feature",
   "id": 405,
   "properties": {
    "amenity": "restaurant",
    "name": "Restaurant 99",
    "opening_hours": "08:00-20:00"
   },
   "geometry": {
    "type": "Point",
    "coordinates": [
     -122.4159981304583,
     37.76876602878751
    ]
   }
  },
  {
   "type": "Feature",
   "id": 406,
   "properties": {
    "amenity": "cafe",
    "name": "Cafe 100",
    "opening_hours": "08:00-20:00"
   },
   "geometry": {
    "type": "Point",
    "coordinates": [
     -122.42597904267151,
     37.76761661698945
    ]
   }
  },
  {
   "type": "Feature",
   "id": 407,
   "properties": {
    "amenity": "cafe",
    "name": "Cafe 101",
    "opening_hours": "08:00-20:00"
   },
   "geometry": {
    "type": "Point",
    "coordinates": [
     -122.41303111197186,
     37.77923677674008
    ]
   }
  },
  {
   "type": "Feature",
   "id": 408,
   "properties": {
    "amenity": "bar",
    "name": "Bar 102",
    "opening_hours": "08:00-20:00"
   },
   "geometry": {
    "type": "Point",
    "coordinates": [
     -122.41365476073486,
     37.78206869355048
    ]
   }
  },
  {
   "type": "Feature",
   "id": 409,
   "properties": {
    "amenity": "cafe",
    "name": "Cafe 103",
    "opening_hours": "08:00-20:00"
   },
   "geometry": {
    "type": "Point",
    "coordinates": [
     -122.42581521394085,
     37.769384165908995
    ]
   }
  },
  {
   "type": "Feature",
   "id": 410,
   "properties": {
    "amenity": "bench",
    "name": "Bench 104",
    "opening_hours": "08:00-20:00"
   },
   "geometry": {
    "type": "Point",
    "coordinates": [
     -122.41366802872878,
     37.76849967947174
    ]
   }
  },
  {
   "type": "Feature",
   "id": 411,
   "properties": {
    "amenity": "pharmacy",
    "name": "Pharmacy 105",
    "opening_hours": "08:00-20:00"
   },
   "geometry": {
    "type": "Point",
    "coordinates": [
     -122.42043864192544,
     37.77146109333344
    ]
   }
  },
  {
   "type": "Feature",
   "id": 412,
   "properties": {
    "amenity": "bank",
    "name": "Bank 106",
    "opening_hours": "08:00-20:00"
   },
   "geometry": {
    "type": "Point",
    "coordinates": [
     -122.42301899852455,
     37.768141677285755
    ]
   }
  },
  {
   "type": "Feature",
   "id": 413,
   "properties": {
    "amenity": "cafe",
    "name": "Cafe 107",
    "opening_hours": "08:00-20:00"
   },
   "geometry": {
    "type": "Point",
    "coordinates": [
     -122.42096954407299,
     37.77831993213325
    ]
   }
  },
  {
   "type": "Feature",
   "id": 414,
   "properties": {
    "amenity": "bar",
    "name": "Bar 108",
    "opening_hours": "08:00-20:00"
   },
   "geometry": {
    "type": "Point",
    "coordinates": [
     -122.42526877345846,
     37.77191035082667
    ]
   }
  },
  {
   "type": "Feature",
   "id": 415,
   "properties": {
    "amenity": "restaurant",
    "name": "Restaurant 109",
    "opening_hours": "08:00-20:00"
   },
   "geometry": {
    "type": "Point",
    "coordinates": [
     -122.4107377737912,
     37.78235303393223
    ]
   }
  },
  {
   "type": "Feature",
   "id": 416,
   "properties": {
    "amenity": "bar",
    "name": "Bar 110",
    "opening_hours": "08:00-20:00"
   },
   "geometry": {
    "type": "Point",
    "coordinates": [
     -122.41206176938203,
     37.784243569287725
    ]
   }
  },
  {
   "type": "Feature",
   "id": 417,
   "properties": {
    "amenity": "pharmacy",
    "name": "Pharmacy 111",
    "opening_hours": "08:00-20:00"
   },
   "geometry": {
    "type": "Point",
    "coordinates": [
     -122.42483973684098,
     37.77974101594186
    ]
   }
  },
  {
   "type": "Feature",
   "id": 418,
   "properties": {
    "amenity": "bank",
    "name": "Bank 112",
    "opening_hours": "08:00-20:00"
   },
   "geometry": {
    "type": "Point",
    "coordinates": [
     -122.4164390796601,
     37.78254765740263
    ]
   }
  },
  {
   "type": "Feature",
   "id": 419,
   "properties": {
    "amenity": "pharmacy",
    "name": "Pharmacy 113",
    "opening_hours": "08:00-20:00"
   },
   "geometry": {
    "type": "Point",
    "coordinates": [
     -122.41410311164144,
     37.78177754631829
    ]
   }
  },
  {
   "type": "Feature",
   "id": 420,
   "properties": {
    "amenity": "pharmacy",
    "name": "Pharmacy 114",
    "opening_hours": "08:00-20:00"
   },
   "geometry": {
    "type": "Point",
    "coordinates": [
     -122.4158241504606,
     37.768481190110926
    ]
   }
  },
  {
   "type": "Feature",
   "id": 421,
   "properties": {
    "amenity": "cafe",
    "name": "Cafe 115",
    "opening_hours": "08:00-20:00"
   },
   "geometry": {
    "type": "Point",
    "coordinates": [
     -122.40974208416023,
     37.768907496835666
    ]
   }
  },
  {
   "type": "Feature",
   "id": 422,
   "properties": {
    "amenity": "pharmacy",
    "name": "Pharmacy 116",
    "opening_hours": "08:00-20:00"
   },
   "geometry": {
    "type": "Point",
    "coordinates": [
     -122.41138857068177,
     37.77255386820196
    ]
   }
  },
  {
   "type": "Feature",
   "id": 423,
   "properties": {
    "amenity": "cafe",
    "name": "Cafe 117",
    "opening_hours": "08:00-20:00"
   },
   "geometry": {
    "type": "Point",
    "coordinates": [
     -122.41953374037581,
     37.76624957552019
    ]
   }
  },
  {
   "type": "Feature",
   "id": 424,
   "properties": {
    "amenity": "cafe",
    "name": "Cafe 118",
    "opening_hours": "08:00-20:00"
   },
   "geometry": {
    "type": "Point",
    "coordinates": [
     -122.42042270014166,
     37.7729012393035
    ]
   }
  },
  {
   "type": "Feature",
   "id": 425,
   "properties": {
    "amenity": "restaurant",
    "name": "Restaurant 119",
    "opening_hours": "08:00-20:00"
   },
   "geometry": {
    "type": "Point",
    "coordinates": [
     -122.42767647447505,
     37.775934563188926
    ]
   }
  },
  {
   "type": "Feature",
   "id": 426,
   "properties": {
    "amenity": "bank",
    "name": "Bank 120",
    "opening_hours": "08:00-20:00"
   },
   "geometry": {
    "type": "Point",
    "coordinates": [
     -122.41108488024813,
     37.77568420162704
    ]
   }
  },
  {
   "type": "Feature",
   "id": 427,
   "properties": {
    "amenity": "bank",
    "name": "Bank 121",
    "opening_hours": "08:00-20:00"
   },
   "geometry": {
    "type": "Point",
    "coordinates": [
     -122.4165213388383,
     37.76540513744378
    ]
   }
  },
  {
   "type": "Feature",
   "id": 428,
   "properties": {
    "amenity": "bar",
    "name": "Bar 122",
    "opening_hours": "08:00-20:00"
   },
   "geometry": {
    "type": "Point",
    "coordinates": [
     -122.41962119998476,
     37.774492928890886
    ]
   }
  },
  {
   "type": "Feature",
   "id": 429,
   "properties": {
    "amenity": "pharmacy",
    "name": "Pharmacy 123",
    "opening_hours": "08:00-20:00"
   },
   "geometry": {
    "type": "Point",
    "coordinates": [
     -122.42884130420659,
     37.76996055407462
    ]
   }
  },
  {
   "type": "Feature",
   "id": 430,
   "properties": {
    "amenity": "bar",
    "name": "Bar 124",
    "opening_hours": "08:00-20:00"
   },
   "geometry": {
    "type": "Point",
    "coordinates": [
     -122.42245675983105,
     37.777457921415454
    ]
   }
  },
  {
   "type": "Feature",
   "id": 431,
   "properties": {
    "amenity": "cafe",
    "name": "Cafe 125",
    "opening_hours": "08:00-20:00"
   },
   "geometry": {
    "type": "Point",
    "coordinates": [
     -122.41815185429526,
     37.7822806977353
    ]
   }
  },
  {
   "type": "Feature",
   "id": 432,
   "properties": {
    "amenity": "pharmacy",
    "name": "Pharmacy 126",
    "opening_hours": "08:00-20:00"
   },
   "geometry": {
    "type": "Point",
    "coordinates": [
     -122.41268929661926,
     37.77162923326806
    ]
   }
  },
  {
   "type": "Feature",
   "id": 433,
   "properties": {
    "amenity": "bank",
    "name": "Bank 127",
    "opening_hours": "08:00-20:00"
   },
   "geometry": {
    "type": "Point",
    "coordinates": [
     -122.42317802610107,
     37.77315752497104
    ]
   }
  },
  {
   "type": "Feature",
   "id": 434,
   "properties": {
    "amenity": "bar",
    "name": "Bar 128",
    "opening_hours": "08:00-20:00"
   },
   "geometry": {
    "type": "Point",
    "coordinates": [
     -122.4150853270464,
     37.76902636995508
    ]
   }
  },
  {
   "type": "Feature",
   "id": 435,
   "properties": {
    "amenity": "bar",
    "name": "Bar 129",
    "opening_hours": "08:00-20:00"
   },
   "geometry": {
    "type": "Point",
    "coordinates": [
     -122.41651553573008,
     37.78378914109156
    ]
   }
  },
  {
   "type": "Feature",
   "id": 436,
   "properties": {
    "amenity": "bar",
    "name": "Bar 130",
    "opening_hours": "08:00-20:00"
   },
   "geometry": {
    "type": "Point",
    "coordinates": [
     -122.41574439467747,
     37.77098804703043
    ]
   }
  },
  {
   "type": "Feature",
   "id": 437,
   "properties": {
    "amenity": "bar",
    "name": "Bar 131",
    "opening_hours": "08:00-20:00"
   },
   "geometry": {
    "type": "Point",
    "coordinates": [
     -122.41519130172067,
     37.780435335548006
    ]
   }
  },
  {
   "type": "Feature",
   "id": 438,
   "properties": {
    "amenity": "restaurant",
    "name": "Restaurant 132",
    "opening_hours": "08:00-20:00"
   },
   "geometry": {
    "type": "Point",
    "coordinates": [
     -122.41832366408785,
     37.77699611893264
    ]
   }
  },
  {
   "type": "Feature",
   "id": 439,
   "properties": {
    "amenity": "cafe",
    "name": "Cafe 133",
    "opening_hours": "08:00-20:00"
   },
   "geometry": {
    "type": "Point",
    "coordinates": [
     -122.41211718918473,
     37.76712706556424
    ]
   }
  },
  {
   "type": "Feature",
   "id": 440,
   "properties": {
    "amenity": "cafe",
    "name": "Cafe 134",
    "opening_hours": "08:00-20:00"
   },
   "geometry": {
    "type": "Point",
    "coordinates": [
     -122.40974376508572,
     37.78200525990329
    ]
   }
  },
  {
   "type": "Feature",
   "id": 441,
   "properties": {
    "amenity": "restaurant",
    "name": "Restaurant 135",
    "opening_hours": "08:00-20:00"
   },
   "geometry": {
    "type": "Point",
    "coordinates": [
     -122.41765885235716,
     37.77653060427254
    ]
   }
  },
  {
   "type": "Feature",
   "id": 442,
   "properties": {
    "amenity": "bench",
    "name": "Bench 136",
    "opening_hours": "08:00-20:00"
   },
   "geometry": {
    "type": "Point",
    "coordinates": [
     -122.42438368024592,
     37.78473927012414
    ]
   }
  },
  {
   "type": "Feature",
   "id": 443,
   "properties": {
    "amenity": "cafe",
    "name": "Cafe 137",
    "opening_hours": "08:00-20:00"
   },
   "geometry": {
    "type": "Point",
    "coordinates": [
     -122.42876675012081,
     37.78014230838532
    ]
   }
  },
  {
   "type": "Feature",
   "id": 444,
   "properties": {
    "amenity": "restaurant",
    "name": "Restaurant 138",
    "opening_hours": "08:00-20:00"
   },
   "geometry": {
    "type": "Point",
    "coordinates": [
     -122.4260579383596,
     37.773081012872694
    ]
   }
  },
  {
   "type": "Feature",
   "id": 445,
   "properties": {
    "amenity": "cafe",
    "name": "Cafe 139",
    "opening_hours": "08:00-20:00"
   },
   "geometry": {
    "type": "Point",
    "coordinates": [
     -122.4156258107151,
     37.781222085865
    ]
   }
  },
  {
   "type": "Feature",
   "id": 446,
   "properties": {
    "amenity": "bank",
    "name": "Bank 140",
    "opening_hours": "08:00-20:00"
   },
   "geometry": {
    "type": "Point",
    "coordinates": [
     -122.42293289842304,
     37.78271091452474
    ]
   }
  },
  {
   "type": "Feature",
   "id": 447,
   "properties": {
    "amenity": "bank",
    "name": "Bank 141",
    "opening_hours": "08:00-20:00"
   },
   "geometry": {
    "type": "Point",
    "coordinates": [
     -122.42727483453652,
     37.770909605529724
    ]
   }
  },
  {
   "type": "Feature",
   "id": 448,
   "properties": {
    "amenity": "bank",
    "name": "Bank 142",
    "opening_hours": "08:00-20:00"
   },
   "geometry": {
    "type": "Point",
    "coordinates": [
     -122.41388609828226,
     37.77187975635854
    ]
   }
  },
  {
   "type": "Feature",
   "id": 449,
   "properties": {
    "amenity": "restaurant",
    "name": "Restaurant 143",
    "opening_hours": "08:00-20:00"
   },
   "geometry": {
    "type": "Point",
    "coordinates": [
     -122.41868828656175,
     37.778580088526425
    ]
   }
  },
  {
   "type": "Feature",
   "id": 450,
   "properties": {
    "amenity": "bank",
    "name": "Bank 144",
    "opening_hours": "08:00-20:00"
   },
   "geometry": {
    "type": "Point",
    "coordinates": [
     -122.42032064618641,
     37.76827404489674
    ]
   }
  },
  {
   "type": "Feature",
   "id": 451,
   "properties": {
    "amenity": "bench",
    "name": "Bench 145",
    "opening_hours": "08:00-20:00"
   },
   "geometry": {
    "type": "Point",
    "coordinates": [
     -122.42392275275928,
     37.77284291496647
    ]
   }
  },
  {
   "type": "Feature",
   "id": 452,
   "properties": {
    "amenity": "pharmacy",
    "name": "Pharmacy 146",
    "opening_hours": "08:00-20:00"
   },
   "geometry": {
    "type": "Point",
    "coordinates": [
     -122.41286669196312,
     37.765375416183694
    ]
   }
  },
  {
   "type": "Feature",
   "id": 453,
   "properties": {
    "amenity": "restaurant",
    "name": "Restaurant 147",
    "opening_hours": "08:00-20:00"
   },
   "geometry": {
    "type": "Point",
    "coordinates": [
     -122.42009788932367,
     37.78212607613412
    ]
   }
  },
  {
   "type": "Feature",
   "id": 454,
   "properties": {
    "amenity": "bench",
    "name": "Bench 148",
    "opening_hours": "08:00-20:00"
   },
   "geometry": {
    "type": "Point",
    "coordinates": [
     -122.41628906669006,
     37.78185805550412
    ]
   }
  },
  {
   "type": "Feature",
   "id": 455,
   "properties": {
    "amenity": "restaurant",
    "name": "Restaurant 149",
    "opening_hours": "08:00-20:00"
   },
   "geometry": {
    "type": "Point",
    "coordinates": [
     -122.42087654532989,
     37.76904944648936
    ]
   }
  },
  {
   "type": "Feature",
   "id": 456,
   "properties": {
    "amenity": "bench",
    "name": "Bench 150",
    "opening_hours": "08:00-20:00"
   },
   "geometry": {
    "type": "Point",
    "coordinates": [
     -122.42463571252601,
     37.78156218579591
    ]
   }
  },
  {
   "type": "Feature",
   "id": 457,
   "properties": {
    "amenity": "pharmacy",
    "name": "Pharmacy 151",
    "opening_hours": "08:00-20:00"
   },
   "geometry": {
    "type": "Point",
    "coordinates": [
     -122.41304095210266,
     37.784879596147306
    ]
   }
  },
  {
   "type": "Feature",
   "id": 458,
   "properties": {
    "amenity": "bar",
    "name": "Bar 152",
    "opening_hours": "08:00-20:00"
   },
   "geometry": {
    "type": "Point",
    "coordinates": [
     -122.4130215162201,
     37.777593810468865
    ]
   }
  },
  {
   "type": "Feature",
   "id": 459,
   "properties": {
    "amenity": "cafe",
    "name": "Cafe 153",
    "opening_hours": "08:00-20:00"
   },
   "geometry": {
    "type": "Point",
    "coordinates": [
     -122.41534346463025,
     37.77006997576001
    ]
   }
  },
  {
   "type": "Feature",
   "id": 460,
   "properties": {
    "amenity": "restaurant",
    "name": "Restaurant 154",
    "opening_hours": "08:00-20:00"
   },
   "geometry": {
    "type": "Point",
    "coordinates": [
     -122.41406803251982,
     37.76723294487108
    ]
   }
  },
  {
   "type": "Feature",
   "id": 461,
   "properties": {
    "amenity": "bar",
    "name": "Bar 155",
    "opening_hours": "08:00-20:00"
   },
   "geometry": {
    "type": "Point",
    "coordinates": [
     -122.42162814797993,
     37.76693554868793
    ]
   }
  },
  {
   "type": "Feature",
   "id": 462,
   "properties": {
    "amenity": "bar",
    "name": "Bar 156",
    "opening_hours": "08:00-20:00"
   },
   "geometry": {
    "type": "Point",
    "coordinates": [
     -122.42271436633752,
     37.77049209347032
    ]
   }
  },
  {
   "type": "Feature",
   "id": 463,
   "properties": {
    "amenity": "pharmacy",
    "name": "Pharmacy 157",
    "opening_hours": "08:00-20:00"
   },
   "geometry": {
    "type": "Point",
    "coordinates": [
     -122.41536457003893,
     37.769852311518115
    ]
   }
  },
  {
   "type": "Feature",
   "id": 464,
   "properties": {
    "amenity": "bank",
    "name": "Bank 158",
    "opening_hours": "08:00-20:00"
   },
   "geometry": {
    "type": "Point",
    "coordinates": [
     -122.42280534686735,
     37.76887599697299
    ]
   }
  },
  {
   "type": "Feature",
   "id": 465,
   "properties": {
    "amenity": "pharmacy",
    "name": "Pharmacy 159",
    "opening_hours": "08:00-20:00"
   },
   "geometry": {
    "type": "Point",
    "coordinates": [
     -122.42529664220619,
     37.783952003034884
    ]
   }
  },
  {
   "type": "Feature",
   "id": 466,
   "properties": {
    "railway": "subway_entrance",
    "name": "Station 0"
   },
   "geometry": {
    "type": "Point",
    "coordinates": [
     -122.42241325797708,
     37.77646964302602
    ]
   }
  },
  {
   "type": "Feature",
   "id": 467,
   "properties": {
    "railway": "subway_entrance",
    "name": "Station 1"
   },
   "geometry": {
    "type": "Point",
    "coordinates": [
     -122.4169269603671,
     37.78486670723891
    ]
   }
  },
  {
   "type": "Feature",
   "id": 468,
   "properties": {
    "railway": "subway_entrance",
    "name": "Station 2"
   },
   "geometry": {
    "type": "Point",
    "coordinates": [
     -122.42906883659347,
     37.77241782469802
    ]
   }
  },
  {
   "type": "Feature",
   "id": 469,
   "properties": {
    "railway": "subway_entrance",
    "name": "Station 3"
   },
   "geometry": {
    "type": "Point",
    "coordinates": [
     -122.40976591528931,
     37.77466866722562
    ]
   }
  },
  {
   "type": "Feature",
   "id": 470,
   "properties": {
    "railway": "subway_entrance",
    "name": "Station 4"
   },
   "geometry": {
    "type": "Point",
    "coordinates": [
     -122.42761808814919,
     37.77659432700225
    ]
   }
  },
  {
   "type": "Feature",
   "id": 471,
   "properties": {
    "railway": "subway_entrance",
    "name": "Station 5"
   },
   "geometry": {
    "type": "Point",
    "coordinates": [
     -122.42841239633513,
     37.78458138516866
    ]
   }
  },
  {
   "type": "Feature",
   "id": 472,
   "properties": {
    "railway": "subway_entrance",
    "name": "Station 6"
   },
   "geometry": {
    "type": "Point",
    "coordinates": [
     -122.42318316402145,
     37.77969099751208
    ]
   }
  },
  {
   "type": "Feature",
   "id": 473,
   "properties": {
    "railway": "subway_entrance",
    "name": "Station 7"
   },
   "geometry": {
    "type": "Point",
    "coordinates": [
     -122.41366797389252,
     37.781163127334544
    ]
   }
  },
  {
   "type": "Feature",
   "id": 474,
   "properties": {
    "highway": "construction",
    "layer": "road"
   },
   "geometry": {
    "type": "LineString",
    "coordinates": [
     [
      -122.42576363636363,
      37.770354545454545
     ],
     [
      -122.42212727272727,
      37.770354545454545
     ]
    ]
   }
  }
 ]
}